miso_zone,utility_name,utility_id,control_area,zone_pop,utility_total_pop,pct_of_utility_%,overlap_area_m2,utility_total_area_m2,pct_of_utility_area_%
MISO_LRZ1,CITY OF KASOTA - (MN),10037,MISO,63.3331,63.3331,100.0000,2945138.9174,2945138.9174,100.0000
MISO_LRZ1,CITY OF KASSON,10040,MISO,2131.7107,2131.7107,100.0000,7799290.0719,7799290.0719,100.0000
MISO_LRZ1,KEEWATIN PUBLIC UTILITIES,10089,MISO,96.3610,96.3610,100.0000,7412325.0066,7412325.0066,100.0000
MISO_LRZ1,KEM ELECTRIC COOP INC,10153,SWPP,6717.8276,6717.8276,100.0000,8517437297.5298,8517437297.5298,100.0000
MISO_LRZ1,KENYON MUNICIPAL UTILITIES,10179,MISO,54.5205,54.5205,100.0000,6011795.6580,6011795.6580,100.0000
MISO_LRZ1,"KINGSBURY ELECTRIC COOP, INC",10329,SWPP,5.0107,5.0107,100.0000,1778132.2084,1778132.2084,100.0000
MISO_LRZ1,LA FARGE MUNICIPAL ELECTRIC CO,10525,MISO,32.1751,32.1751,100.0000,2680149.6862,2680149.6862,100.0000
MISO_LRZ1,CITY OF LAKE CITY - (MN),10595,MISO,1552.1448,1552.1448,100.0000,9355786.7583,9355786.7583,100.0000
MISO_LRZ1,CITY OF LAKE PARK - (MN),10609,MISO,19.4205,19.4205,100.0000,2466860.6513,2466860.6513,100.0000
MISO_LRZ1,LAKE REGION ELECTRIC COOPERATIVE - (MN),10618,MISO,52571.1380,52571.1380,100.0000,7351792291.1443,7351792291.1443,100.0000
MISO_LRZ1,CITY OF LAKOTA - (ND),10629,SWPP,2.9852,2.9852,100.0000,2587098.2575,2587098.2575,100.0000
MISO_LRZ1,"LAKE REGION ELECTRIC ASSN, INC - (SD)",10632,WACM,9583.1051,9583.1051,100.0000,4904756803.9895,4904756803.9895,100.0000
MISO_LRZ1,LANESBORO PUBLIC UTILITY COMM,10685,MISO,42.2484,42.2484,100.0000,6033458.6185,6033458.6185,100.0000
MISO_LRZ1,LAKE COUNTRY POWER,10697,MISO,86230.8665,86230.8665,100.0000,24147185944.8017,24147185944.8017,100.0000
MISO_LRZ1,CITY OF LE SUEUR - (MN),10814,MISO,312.4167,312.4167,100.0000,4727891.1090,4727891.1090,100.0000
MISO_LRZ1,BAGLEY PUBLIC UTILITIES COMM,1101,MISO,98.5803,98.5803,100.0000,6764971.2673,6764971.2673,100.0000
MISO_LRZ1,LITCHFIELD PUBLIC UTILITIES,11064,MISO,3185.5948,3185.5948,100.0000,14121099.3106,14121099.3106,100.0000
MISO_LRZ1,"LOWER YELLOWSTONE R E A, INC",11272,"WAUW, SWPP",66044.9555,66044.9555,100.0000,18250299086.9064,18250299086.9064,100.0000
MISO_LRZ1,CITY OF MABEL - (MN),11424,MISO,10.1974,10.1974,100.0000,1442115.5280,1442115.5280,100.0000
MISO_LRZ1,CITY OF MADDOCK - (ND),11470,SWPP,1.7730,1.7730,100.0000,2284257.8951,2284257.8951,100.0000
MISO_LRZ1,CITY OF MADISON - (MN),11482,MISO,14.5747,14.5747,100.0000,2719035.6700,2719035.6700,100.0000
MISO_LRZ1,CITY OF MARSHALL - (MN),11731,MISO,8762.2937,8762.2937,100.0000,28676930.4374,28676930.4374,100.0000
MISO_LRZ1,CITY OF MARSHFIELD - (WI),11740,MISO,13543.3349,13543.3349,100.0000,30942893.3527,30942893.3527,100.0000
MISO_LRZ1,VILLAGE OF BANGOR - (WI),1181,MISO,70.5179,70.5179,100.0000,4338066.1140,4338066.1140,100.0000
MISO_LRZ1,MCLEOD COOPERATIVE POWER ASSN,11910,MISO,34790.2619,34790.2619,100.0000,2495122429.4597,2495122429.4597,100.0000
MISO_LRZ1,MCCONE ELECTRIC COOP INC,11989,WAUW,5063.8632,5063.8632,100.0000,8608717038.2696,8608717038.2696,100.0000
MISO_LRZ1,MCKENZIE ELECTRIC COOP INC,12087,SWPP,16885.4414,16885.4414,100.0000,10281757901.1333,10281757901.1333,100.0000
MISO_LRZ1,"MCLEAN ELECTRIC COOP, INC",12090,MISO,9790.7687,9790.7687,100.0000,6037303058.5600,6037303058.5600,100.0000
MISO_LRZ1,CITY OF MCGREGOR- (IA),12114,MISO,26.4417,26.4417,100.0000,3356236.2773,3356236.2773,100.0000
MISO_LRZ1,MONTANA-DAKOTA UTILITIES CO,12199,"SWPP, MISO, WACM",447444.5633,447444.5633,100.0000,139395138214.0248,139395138214.0248,100.0000
MISO_LRZ1,MEEKER COOP LIGHT & POWER ASSN,12227,MISO,25948.5045,25948.5045,100.0000,2063999802.3247,2063999802.3247,100.0000
MISO_LRZ1,CITY OF MEDFORD - (WI),12265,MISO,1487.9838,1487.9838,100.0000,6724103.2729,6724103.2729,100.0000
MISO_LRZ1,MELROSE PUBLIC UTILITIES,12286,MISO,750.3744,750.3744,100.0000,25427998.8858,25427998.8858,100.0000
MISO_LRZ1,NODAK ELECTRIC COOP INC,12301,MISO,120194.0227,120194.0227,100.0000,22688139569.6346,22688139569.6346,100.0000
MISO_LRZ1,CITY OF BARNESVILLE - (MN),1233,MISO,42.0145,42.0145,100.0000,5536568.1512,5536568.1512,100.0000
MISO_LRZ1,VILLAGE OF MERRILLAN - (WI),12336,MISO,42.8689,42.8689,100.0000,3474904.5483,3474904.5483,100.0000
MISO_LRZ1,"MID-YELLOWSTONE ELEC COOP, INC",12463,WAUW,348.7575,348.7575,100.0000,1261852673.8449,1261852673.8449,100.0000
MISO_LRZ1,BARRON ELECTRIC COOP,1251,MISO,72743.5281,72743.5281,100.0000,5083770948.4437,5083770948.4437,100.0000
MISO_LRZ1,MILLE LACS ENERGY COOPERATIVE,12546,MISO,17725.7992,17725.7992,100.0000,3666725523.9854,3666725523.9854,100.0000
MISO_LRZ1,"ALLETE, INC.",12647,MISO,202910.0220,202910.0220,100.0000,6226675980.2148,6226675980.2148,100.0000
MISO_LRZ1,CITY OF BARRON - (WI),1278,MISO,130.3806,130.3806,100.0000,5003479.0576,5003479.0576,100.0000
MISO_LRZ1,NORTHWESTERN ENERGY LLC - (MT),12825,NWMT,176.4722,176.4722,100.0000,301966001.7429,301966001.7429,100.0000
MISO_LRZ1,CITY OF MOORHEAD - (MN),12894,SWPP,37222.8448,37222.8448,100.0000,57730004.5381,57730004.5381,100.0000
MISO_LRZ1,MOOSE LAKE WATER & LIGHT COMM,12897,MISO,975.1106,975.1106,100.0000,14836738.7114,14836738.7114,100.0000
MISO_LRZ1,MOR-GRAN-SOU ELECTRIC COOP INC,12899,SWPP,40022.3134,40022.3134,100.0000,12287260860.4053,12287260860.4053,100.0000
MISO_LRZ1,CITY OF MORA - (MN),12900,MISO,1019.1501,1019.1501,100.0000,6847311.3777,6847311.3777,100.0000
MISO_LRZ1,MOREAU-GRAND ELECTRIC COOP INC,12915,SWPP,0.1878,0.1878,100.0000,320699.6270,320699.6270,100.0000
MISO_LRZ1,CITY OF MOUNTAIN IRON - (MN),13044,MISO,3051.2840,3051.2840,100.0000,183610791.7875,183610791.7875,100.0000
MISO_LRZ1,BASIN ELECTRIC POWER COOP,1307,SWPP,451016.9781,451016.9781,100.0000,144099590784.7763,144099590784.7763,100.0000
MISO_LRZ1,NORTHERN PLAINS ELECTRIC COOP,13196,MISO,44961.4663,44961.4663,100.0000,22186261396.6293,22186261396.6293,100.0000
MISO_LRZ1,CITY OF NASHWAUK - (MN),13219,MISO,504.5720,504.5720,100.0000,41152808.6874,41152808.6874,100.0000
MISO_LRZ1,CITY OF NIELSVILLE - (MN),13465,MISO,1.5528,1.5528,100.0000,749039.7640,749039.7640,100.0000
MISO_LRZ1,NEW PRAGUE UTILITIES COMM,13480,MISO,1421.8882,1421.8882,100.0000,6927522.0908,6927522.0908,100.0000
MISO_LRZ1,CITY OF NEW RICHMOND,13481,MISO,3847.3479,3847.3479,100.0000,29021452.1536,29021452.1536,100.0000
MISO_LRZ1,NEW ULM PUBLIC UTILITIES COMM,13488,MISO,11214.4341,11214.4341,100.0000,48945745.8400,48945745.8400,100.0000
MISO_LRZ1,CITY OF NEWFOLDEN - (MN),13495,MISO,4.9410,4.9410,100.0000,2631267.1031,2631267.1031,100.0000
MISO_LRZ1,CITY OF BAUDETTE - (MN),1353,MISO,16.3514,16.3514,100.0000,6882595.8400,6882595.8400,100.0000
MISO_LRZ1,NORTH BRANCH WATER & LIGHT COMM,13681,MISO,770.9590,770.9590,100.0000,7083206.7639,7083206.7639,100.0000
MISO_LRZ1,"NORTH CENTRAL ELEC COOP, INC",13694,MISO,16089.1924,16089.1924,100.0000,8797401832.6268,8797401832.6268,100.0000
MISO_LRZ1,NORTH CENTRAL POWER CO INC,13697,MISO,5841.5994,5841.5994,100.0000,1984302581.4596,1984302581.4596,100.0000
MISO_LRZ1,NORTH ITASCA ELECTRIC COOP INC,13700,MISO,6685.9850,6685.9850,100.0000,4750633076.0666,4750633076.0666,100.0000
MISO_LRZ1,CITY OF NORTH ST PAUL - (MN),13730,MISO,14440.6379,14440.6379,100.0000,10007254.6973,10007254.6973,100.0000
MISO_LRZ1,"NORTH STAR ELECTRIC COOP, INC",13731,MISO,9044.6177,9044.6177,100.0000,11207259465.0521,11207259465.0521,100.0000
MISO_LRZ1,"NORVAL ELECTRIC COOPERATIVE, INC",13749,SWPP,9539.2933,9539.2933,100.0000,11002928561.7786,11002928561.7786,100.0000
MISO_LRZ1,"NORTHERN ELECTRIC COOP, INC",13750,SWPP,44634.8875,44634.8875,100.0000,8363418718.0699,8363418718.0699,100.0000
MISO_LRZ1,NORTHWESTERN ENERGY - (SD),13809,SWPP,97036.8083,97036.8083,100.0000,20919594647.2718,20919594647.2718,100.0000
MISO_LRZ1,NORTHWESTERN WISCONSIN ELEC CO,13815,MISO,61576.5134,61576.5134,100.0000,4790615957.6399,4790615957.6399,100.0000
MISO_LRZ1,CITY OF NORTHWOOD - (ND),13816,MISO,7.2224,7.2224,100.0000,3130331.1841,3130331.1841,100.0000
MISO_LRZ1,CITY OF OLIVIA - (MN),14107,MISO,219.6763,219.6763,100.0000,7772252.9543,7772252.9543,100.0000
MISO_LRZ1,"P K M ELECTRIC COOP, INC",14178,MISO,15752.2647,15752.2647,100.0000,6287272335.8180,6287272335.8180,100.0000
MISO_LRZ1,CITY OF ORTONVILLE - (MN),14196,MISO,1314.4353,1314.4353,100.0000,22799680.5142,22799680.5142,100.0000
MISO_LRZ1,CITY OF OWATONNA - (MN),14246,MISO,19092.3075,19092.3075,100.0000,38674973.5144,38674973.5144,100.0000
MISO_LRZ1,CITY OF PARK RIVER - (ND),14474,MISO,428.8888,428.8888,100.0000,6708218.6078,6708218.6078,100.0000
MISO_LRZ1,CITY OF PETERSON - (MN),14841,MISO,18.4146,18.4146,100.0000,1287926.8662,1287926.8662,100.0000
MISO_LRZ1,PIERCE-PEPIN COOP SERVICES,15034,MISO,32250.2268,32250.2268,100.0000,1554023455.6270,1554023455.6270,100.0000
MISO_LRZ1,CITY OF PIERZ - (MN),15041,MISO,30.8847,30.8847,100.0000,3571398.3158,3571398.3158,100.0000
MISO_LRZ1,"BELTRAMI ELECTRIC COOP, INC",1529,MISO,37182.4698,37182.4698,100.0000,7282066639.2770,7282066639.2770,100.0000
MISO_LRZ1,PRAGUE PUBLIC WORKS AUTHORITY,15311,SWPP,2244.1585,2244.1585,100.0000,11379856.7607,11379856.7607,100.0000
MISO_LRZ1,POLK-BURNETT ELECTRIC COOP,15344,MISO,51145.1950,51145.1950,100.0000,3370729741.4913,3370729741.4913,100.0000
MISO_LRZ1,PRESTON PUBLIC UTILITIES COMM,15348,MISO,46.6213,46.6213,100.0000,6764857.1810,6764857.1810,100.0000
MISO_LRZ1,PRICE ELECTRIC COOP INC,15356,MISO,18777.3262,18777.3262,100.0000,4627924268.9071,4627924268.9071,100.0000
MISO_LRZ1,PRINCETON PUBLIC UTILS COMM,15387,MISO,2714.0858,2714.0858,100.0000,13935842.7859,13935842.7859,100.0000
MISO_LRZ1,PROCTOR PUBLIC UTILITIES COMM,15460,MISO,2834.9537,2834.9537,100.0000,7769068.3545,7769068.3545,100.0000
MISO_LRZ1,AGRALITE ELECTRIC COOP,155,MISO,19142.1525,19142.1525,100.0000,4308454138.8626,4308454138.8626,100.0000
MISO_LRZ1,CITY OF RANDALL - (MN),15665,MISO,32.7401,32.7401,100.0000,5176773.9253,5176773.9253,100.0000
MISO_LRZ1,CITY OF BENSON - (MN),1573,MISO,2093.6289,2093.6289,100.0000,9573585.4853,9573585.4853,100.0000
MISO_LRZ1,REDWOOD FALLS PUBLIC UTIL COMM,15793,MISO,2321.5913,2321.5913,100.0000,17011298.9938,17011298.9938,100.0000
MISO_LRZ1,REEDSBURG UTILITY COMM,15804,MISO,4190.2214,4190.2214,100.0000,12452006.9179,12452006.9179,100.0000
MISO_LRZ1,RENVILLE-SIBLEY COOP PWR ASSN,15845,MISO,10273.9611,10273.9611,100.0000,1671359186.1643,1671359186.1643,100.0000
MISO_LRZ1,RICE LAKE UTILITIES,15938,MISO,4975.2162,4975.2162,100.0000,20085558.6667,20085558.6667,100.0000
MISO_LRZ1,CITY OF RICHLAND CENTER - (WI),15978,MISO,815.1065,815.1065,100.0000,7295547.7774,7295547.7774,100.0000
MISO_LRZ1,RIVERLAND ENERGY COOPERATIVE,16060,MISO,90897.9642,90897.9642,100.0000,4408077489.6923,4408077489.6923,100.0000
MISO_LRZ1,CITY OF RIVER FALLS,16082,MISO,7872.0973,7872.0973,100.0000,18832560.0952,18832560.0952,100.0000
MISO_LRZ1,CITY OF RIVERDALE - (ND),16105,SWPP,8.9053,8.9053,100.0000,3593739.7365,3593739.7365,100.0000
MISO_LRZ1,ROCHESTER PUBLIC UTILITIES,16181,MISO,97196.5423,97196.5423,100.0000,153301221.4050,153301221.4050,100.0000
MISO_LRZ1,"ROSEAU ELECTRIC COOP, INC",16284,MISO,18050.9346,18050.9346,100.0000,7976969478.3064,7976969478.3064,100.0000
MISO_LRZ1,CITY OF ROSEAU - (MN),16285,MISO,142.6925,142.6925,100.0000,7027236.0080,7027236.0080,100.0000
MISO_LRZ1,RUNESTONE ELECTRIC ASSN,16368,MISO,34867.3541,34867.3541,100.0000,3736396753.8638,3736396753.8638,100.0000
MISO_LRZ1,CITY OF RUSHFORD - (MN),16427,MISO,61.7920,61.7920,100.0000,4321776.4338,4321776.4338,100.0000
MISO_LRZ1,CITY OF SAUK CENTRE - (MN),16679,MISO,239.1404,239.1404,100.0000,14462084.2023,14462084.2023,100.0000
MISO_LRZ1,BIG FLAT ELECTRIC COOP INC,1671,NWMT,156.6628,156.6628,100.0000,861829977.6362,861829977.6362,100.0000
MISO_LRZ1,"SHERIDAN ELECTRIC COOP, INC",16759,SWPP,53060.2220,53060.2220,100.0000,19320630842.7838,19320630842.7838,100.0000
MISO_LRZ1,SHAKOPEE PUBLIC UTILITIES COMM,16971,MISO,40786.9952,40786.9952,100.0000,84923214.5845,84923214.5845,100.0000
MISO_LRZ1,CITY OF BIG STONE CITY - (SD),1698,MISO,35.7388,35.7388,100.0000,3104597.4566,3104597.4566,100.0000
MISO_LRZ1,CITY OF SHARON- (ND),17045,MISO,3.7649,3.7649,100.0000,3879799.1841,3879799.1841,100.0000
MISO_LRZ1,CITY OF SHELLY - (MN),17074,MISO,2.3436,2.3436,100.0000,1072925.4231,1072925.4231,100.0000
MISO_LRZ1,SLOPE ELECTRIC COOP INC,17261,SWPP,8444.8812,8444.8812,100.0000,11762428539.2409,11762428539.2409,100.0000
MISO_LRZ1,SLEEPY EYE PUBLIC UTILITY COMM,17320,MISO,288.8591,288.8591,100.0000,3876493.3677,3876493.3677,100.0000
MISO_LRZ1,AITKIN PUBLIC UTILITIES COMM,174,MISO,1374.2609,1374.2609,100.0000,41921844.2491,41921844.2491,100.0000
MISO_LRZ1,CITY OF BIWABIK - (MN),1753,MISO,328.7538,328.7538,100.0000,25717078.1138,25717078.1138,100.0000
MISO_LRZ1,"SOUTHEAST ELECTRIC COOP, INC",17593,"WAUW, SWPP",2562.6569,2562.6569,100.0000,5239260462.2719,5239260462.2719,100.0000
MISO_LRZ1,CITY OF BLACK RIVER FALLS,1776,MISO,1313.5265,1313.5265,100.0000,14118613.9785,14118613.9785,100.0000
MISO_LRZ1,CITY OF SPOONER - (WI),17811,MISO,155.3942,155.3942,100.0000,4485046.3195,4485046.3195,100.0000
MISO_LRZ1,CITY OF SPRING GROVE,17823,MISO,19.8241,19.8241,100.0000,3647591.2933,3647591.2933,100.0000
MISO_LRZ1,SPRING VALLEY PUB UTILS COMM,17824,MISO,258.2146,258.2146,100.0000,13163739.8620,13163739.8620,100.0000
MISO_LRZ1,SPRINGFIELD PUBLIC UTILS COMM - (MN),17836,MISO,56.7443,56.7443,100.0000,4862387.2842,4862387.2842,100.0000
MISO_LRZ1,CITY OF ST CHARLES - (MN),17862,MISO,122.4816,122.4816,100.0000,4269401.7452,4269401.7452,100.0000
MISO_LRZ1,ST CROIX ELECTRIC COOP,17868,MISO,81328.1903,81328.1903,100.0000,1793834222.2063,1793834222.2063,100.0000
MISO_LRZ1,CITY OF ST PAUL - (NE),17899,SWPP,2746083.9086,2746083.9086,100.0000,2878192827.8749,2878192827.8749,100.0000
MISO_LRZ1,CITY OF SAINT PETER,17900,MISO,4709.8356,4709.8356,100.0000,12060319.8902,12060319.8902,100.0000
MISO_LRZ1,CITY OF STAPLES- (MN),17983,MISO,157.5751,157.5751,100.0000,7554949.0430,7554949.0430,100.0000
MISO_LRZ1,STEARNS COOPERATIVE ELEC ASSN,18019,MISO,77784.1922,77784.1922,100.0000,3950613238.2177,3950613238.2177,100.0000
MISO_LRZ1,CITY OF STEPHEN - (MN),18063,MISO,6.3195,6.3195,100.0000,3420122.8680,3420122.8680,100.0000
MISO_LRZ1,VILLAGE OF STRATFORD - (WI),18200,MISO,296.6824,296.6824,100.0000,13834298.7005,13834298.7005,100.0000
MISO_LRZ1,CITY OF STRAWBERRY POINT,18204,MISO,39.9274,39.9274,100.0000,5407911.8119,5407911.8119,100.0000
MISO_LRZ1,SUPERIOR WATER AND LIGHT CO,18336,MISO,27450.6180,27450.6180,100.0000,180565044.1927,180565044.1927,100.0000
MISO_LRZ1,TAYLOR ELECTRIC COOP - (WI),18383,MISO,20592.7240,20592.7240,100.0000,1650954349.7245,1650954349.7245,100.0000
MISO_LRZ1,BLOOMER ELECTRIC & WATER CO,1866,MISO,124.8335,124.8335,100.0000,5382680.9488,5382680.9488,100.0000
MISO_LRZ1,CITY OF BLOOMING PRAIRIE - (MN),1871,MISO,61.9426,61.9426,100.0000,3532768.1903,3532768.1903,100.0000
MISO_LRZ1,CITY OF THIEF RIVER FALLS,18820,MISO,5026.2153,5026.2153,100.0000,19756413.8560,19756413.8560,100.0000
MISO_LRZ1,TONGUE RIVER ELECTRIC COOP INC,19022,NWMT,11535.2835,11535.2835,100.0000,7779387927.6589,7779387927.6589,100.0000
MISO_LRZ1,"TRAVERSE ELECTRIC COOP, INC",19060,SWPP,37713.8273,37713.8273,100.0000,11621947140.1131,11621947140.1131,100.0000
MISO_LRZ1,VILLAGE OF TREMPEALEAU - (WI),19114,MISO,110.5688,110.5688,100.0000,5832275.7526,5832275.7526,100.0000
MISO_LRZ1,CITY OF TWO HARBORS- (MN),19321,MISO,1434.1770,1434.1770,100.0000,8475576.1223,8475576.1223,100.0000
MISO_LRZ1,CITY OF TYLER - (MN),19332,MISO,144.2068,144.2068,100.0000,22394303.5993,22394303.5993,100.0000
MISO_LRZ1,CITY OF VALLEY CITY,19687,SWPP,2987.4792,2987.4792,100.0000,10900936.1242,10900936.1242,100.0000
MISO_LRZ1,VERENDRYE ELECTRIC COOP INC,19790,MISO,74775.0329,74775.0329,100.0000,11051579401.6234,11051579401.6234,100.0000
MISO_LRZ1,VILLAGE OF VIOLA - (WI),19867,MISO,20.6478,20.6478,100.0000,2619626.3441,2619626.3441,100.0000
MISO_LRZ1,CITY OF VIRGINIA - (MN),19883,MISO,5381.9105,5381.9105,100.0000,16368848.9176,16368848.9176,100.0000
MISO_LRZ1,CITY OF WADENA - (MN),19947,MISO,592.4110,592.4110,100.0000,14114588.2665,14114588.2665,100.0000
MISO_LRZ1,CITY OF BOSCOBEL - (WI),1997,MISO,178.2611,178.2611,100.0000,4009361.3654,4009361.3654,100.0000
MISO_LRZ1,CITY OF WARREN - (MN),20110,MISO,25.1680,25.1680,100.0000,4483608.5179,4483608.5179,100.0000
MISO_LRZ1,CITY OF WARROAD,20134,MISO,53.7063,53.7063,100.0000,5952253.4785,5952253.4785,100.0000
MISO_LRZ1,CITY OF WASECA - (MN),20136,MISO,4484.2459,4484.2459,100.0000,12818715.8312,12818715.8312,100.0000
MISO_LRZ1,WATERTOWN MUNICIPAL UTILITIES,20187,SWPP,14184.9849,14184.9849,100.0000,33847447.3322,33847447.3322,100.0000
MISO_LRZ1,MOUNTRAIL-WILLIAMS ELEC COOP,20413,SWPP,134844.1788,134844.1788,100.0000,28221391630.3165,28221391630.3165,100.0000
MISO_LRZ1,WHETSTONE VALLEY ELEC COOP INC,20422,SWPP,13592.1342,13592.1342,100.0000,2872761537.5950,2872761537.5950,100.0000
MISO_LRZ1,CITY OF WESTBY,20434,MISO,177.1181,177.1181,100.0000,6999477.5958,6999477.5958,100.0000
MISO_LRZ1,CITY OF WHALAN - (MN),20466,MISO,5.5583,5.5583,100.0000,786050.8030,786050.8030,100.0000
MISO_LRZ1,"WILD RICE ELECTRIC COOP, INC",20639,MISO,32239.2121,32239.2121,100.0000,6283195986.6339,6283195986.6339,100.0000
MISO_LRZ1,WILLMAR MUNICIPAL UTILITIES,20737,MISO,18616.9042,18616.9042,100.0000,58374324.2254,58374324.2254,100.0000
MISO_LRZ1,CITY OF WINTHROP - (MN),20837,MISO,87.4173,87.4173,100.0000,11778751.2153,11778751.2153,100.0000
MISO_LRZ1,WRIGHT-HENNEPIN COOP ELEC ASSN,20996,MISO,145001.8701,145001.8701,100.0000,1766726230.2744,1766726230.2744,100.0000
MISO_LRZ1,BRAINERD PUBLIC UTILITIES,2138,MISO,10010.9445,10010.9445,100.0000,54838097.9297,54838097.9297,100.0000
MISO_LRZ1,CITY OF BRECKENRIDGE- (MN),2182,MISO,1627.3267,1627.3267,100.0000,6549147.1806,6549147.1806,100.0000
MISO_LRZ1,BURKE-DIVIDE ELECTRIC COOP INC,2394,SWPP,56094.5811,56094.5811,100.0000,17252998175.5608,17252998175.5608,100.0000
MISO_LRZ1,CITY OF BROWNTON - (MN),2412,MISO,7.3631,7.3631,100.0000,1039911.5112,1039911.5112,100.0000
MISO_LRZ1,CITY OF BRYANT - (SD),2448,SWPP,5.3331,5.3331,100.0000,1356421.5742,1356421.5742,100.0000
MISO_LRZ1,CITY OF BUFFALO - (MN),2485,MISO,9771.0367,9771.0367,100.0000,24464258.4283,24464258.4283,100.0000
MISO_LRZ1,CITY OF BUHL - (MN),2491,MISO,80.3451,80.3451,100.0000,9098843.2397,9098843.2397,100.0000
MISO_LRZ1,CASS COUNTY ELEC COOP INC,24949,MISO,202894.7886,202894.7886,100.0000,11896289432.1792,11896289432.1792,100.0000
MISO_LRZ1,DAKOTA ELECTRIC ASSOCIATION,25177,MISO,278914.0301,278914.0301,100.0000,1295957989.3083,1295957989.3083,100.0000
MISO_LRZ1,TOWN OF LANGFORD- (SD),26120,SWPP,1.5406,1.5406,100.0000,821200.2686,821200.2686,100.0000
MISO_LRZ1,"RED LAKE ELECTRIC COOP, INC",26934,MISO,18835.8570,18835.8570,100.0000,5182615179.4281,5182615179.4281,100.0000
MISO_LRZ1,RED RIVER VALLEY COOP PWR ASSN,26939,MISO,24185.1078,24185.1078,100.0000,4014293485.9704,4014293485.9704,100.0000
MISO_LRZ1,TODD-WADENA ELECTRIC COOP,27422,MISO,28937.5958,28937.5958,100.0000,3338638599.0358,3338638599.0358,100.0000
MISO_LRZ1,VILLAGE OF CADOTT - (WI),2759,MISO,199.1033,199.1033,100.0000,9006870.8910,9006870.8910,100.0000
MISO_LRZ1,CITY OF CALEDONIA - (MN),2810,MISO,676.4480,676.4480,100.0000,7696678.5935,7696678.5935,100.0000
MISO_LRZ1,CITY OF ALEXANDRIA - (MN),295,MISO,12075.2373,12075.2373,100.0000,87782603.3694,87782603.3694,100.0000
MISO_LRZ1,"CAPITAL ELECTRIC COOP, INC",2985,SWPP,97910.1491,97910.1491,100.0000,4507904166.0882,4507904166.0882,100.0000
MISO_LRZ1,"CAM WAL ELECTRIC COOP, INC",2986,SWPP,0.0028,0.0028,100.0000,3629.4450,3629.4450,100.0000
MISO_LRZ1,"CAVALIER RURAL ELEC COOP, INC",3138,MISO,15309.4489,15309.4489,100.0000,7280122416.9082,7280122416.9082,100.0000
MISO_LRZ1,VILLAGE OF CASHTON - (WI),3156,MISO,48.9354,48.9354,100.0000,3301781.8043,3301781.8043,100.0000
MISO_LRZ1,CITY OF CAVALIER - (ND),3186,MISO,7.1924,7.1924,100.0000,2231145.7685,2231145.7685,100.0000
MISO_LRZ1,CITY OF CHASKA - (MN),3400,MISO,24427.5522,24427.5522,100.0000,39803326.7466,39803326.7466,100.0000
MISO_LRZ1,CHIPPEWA VALLEY ELECTRIC COOP,3498,MISO,28100.7507,28100.7507,100.0000,2018593314.2437,2018593314.2437,100.0000
MISO_LRZ1,CLARK ELECTRIC COOP - (WI),3701,MISO,37546.8866,37546.8866,100.0000,3328008525.6068,3328008525.6068,100.0000
MISO_LRZ1,CLEARWATER-POLK ELEC COOP INC,3764,MISO,11007.0806,11007.0806,100.0000,3204147384.2941,3204147384.2941,100.0000
MISO_LRZ1,"CODINGTON-CLARK ELEC COOP, INC",3850,SWPP,33109.7307,33109.7307,100.0000,4917537032.5539,4917537032.5539,100.0000
MISO_LRZ1,MINNESOTA VALLEY COOP L&P ASSN,40304,MISO,21620.8992,21620.8992,100.0000,4910230825.8614,4910230825.8614,100.0000
MISO_LRZ1,CITY OF STANTON - (ND),40440,WACM,0.9168,0.9168,100.0000,924813.5874,924813.5874,100.0000
MISO_LRZ1,COOPERATIVE L&P ASSN LAKE COUNTY,4346,MISO,11549.7459,11549.7459,100.0000,4513231276.0297,4513231276.0297,100.0000
MISO_LRZ1,CITY OF CORNELL,4369,MISO,137.9535,137.9535,100.0000,11192820.4812,11192820.4812,100.0000
MISO_LRZ1,CROW WING COOPERATIVE POWER & LIGHT COMP,4577,MISO,65850.0433,65850.0433,100.0000,5698556408.3687,5698556408.3687,100.0000
MISO_LRZ1,CITY OF CUMBERLAND - (WI),4627,MISO,248.0821,248.0821,100.0000,12170120.8379,12170120.8379,100.0000
MISO_LRZ1,DAHLBERG LIGHT & POWER CO,4715,MISO,9897.1973,9897.1973,100.0000,1913890248.4921,1913890248.4921,100.0000
MISO_LRZ1,DAKOTA VALLEY ELEC COOP INC,4717,MISO,30422.5386,30422.5386,100.0000,14702094766.7690,14702094766.7690,100.0000
MISO_LRZ1,DAKOTA ENERGY COOP INC,4720,WACM,22.8836,22.8836,100.0000,22405747.2162,22405747.2162,100.0000
MISO_LRZ1,CITY OF ALVARADO - (MN),482,MISO,3.0362,3.0362,100.0000,540893.1517,540893.1517,100.0000
MISO_LRZ1,DELANO MUNICIPAL UTILITIES,5015,MISO,953.6383,953.6383,100.0000,7684439.1621,7684439.1621,100.0000
MISO_LRZ1,CITY OF DETROIT LAKES - (MN),5111,MISO,5384.8317,5384.8317,100.0000,27336367.0998,27336367.0998,100.0000
MISO_LRZ1,DUNN COUNTY ELECTRIC COOP,5417,MISO,36291.2788,36291.2788,100.0000,2262638621.0460,2262638621.0460,100.0000
MISO_LRZ1,EAST CENTRAL ENERGY,5574,MISO,215820.2250,215820.2250,100.0000,17222190246.3943,17222190246.3943,100.0000
MISO_LRZ1,CITY OF EAST GRAND FORKS - (MN),5575,MISO,59296.6436,59296.6436,100.0000,63498632.1478,63498632.1478,100.0000
MISO_LRZ1,ROUGHRIDER ELECTRIC COOPERATIV,55959,SWPP,46719.0152,46719.0152,100.0000,13736525360.3721,13736525360.3721,100.0000
MISO_LRZ1,EAU CLAIRE ELECTRIC COOP,5632,MISO,47893.9351,47893.9351,100.0000,1759012411.3478,1759012411.3478,100.0000
MISO_LRZ1,CITY OF EITZEN - (MN),5692,MISO,9.8076,9.8076,100.0000,1804661.8634,1804661.8634,100.0000
MISO_LRZ1,CITY OF ELBOW LAKE - (MN),5732,MISO,26.8981,26.8981,100.0000,4552218.0287,4552218.0287,100.0000
MISO_LRZ1,CITY OF ELK RIVER,5773,MISO,23435.2906,23435.2906,100.0000,95109382.8241,95109382.8241,100.0000
MISO_LRZ1,CITY OF ELY - (MN),5841,MISO,3020.4123,3020.4123,100.0000,12866206.6431,12866206.6431,100.0000
MISO_LRZ1,CITY OF ESTELLINE - (SD),5995,SWPP,12.7475,12.7475,100.0000,2448752.1739,2448752.1739,100.0000
MISO_LRZ1,CITY OF FAIRFAX - (MN),6138,MISO,29.4097,29.4097,100.0000,5979677.2780,5979677.2780,100.0000
MISO_LRZ1,"FEM ELECTRIC ASSN, INC",6272,SWPP,5.1127,5.1127,100.0000,2223006.2307,2223006.2307,100.0000
MISO_LRZ1,CITY OF FENNIMORE - (WI),6274,MISO,78.7361,78.7361,100.0000,4482123.1654,4482123.1654,100.0000
MISO_LRZ1,CITY OF FOSSTON - (MN),6627,MISO,27.1997,27.1997,100.0000,6527981.0018,6527981.0018,100.0000
MISO_LRZ1,CONNEXUS ENERGY,689,MISO,349456.6433,349456.6433,100.0000,2518895982.8526,2518895982.8526,100.0000
MISO_LRZ1,CITY OF ANOKA,691,MISO,25735.0744,25735.0744,100.0000,28506281.8916,28506281.8916,100.0000
MISO_LRZ1,CITY OF GILBERT,7194,MISO,1694.5255,1694.5255,100.0000,32163328.4802,32163328.4802,100.0000
MISO_LRZ1,GLENCOE LIGHT & POWER COMM,7292,MISO,1446.4723,1446.4723,100.0000,7099524.0242,7099524.0242,100.0000
MISO_LRZ1,"GOLDENWEST ELECTRIC COOP, INC",7318,SWPP,1679.2623,1679.2623,100.0000,2513320367.6360,2513320367.6360,100.0000
MISO_LRZ1,CITY OF GRAFTON - (ND),7444,MISO,847.1373,847.1373,100.0000,4761727.9472,4761727.9472,100.0000
MISO_LRZ1,GOODHUE COUNTY COOP ELEC ASSN,7460,MISO,21968.6585,21968.6585,100.0000,1511784986.7834,1511784986.7834,100.0000
MISO_LRZ1,"GRAND ELECTRIC COOP, INC",7484,SWPP,51.3038,51.3038,100.0000,312510742.2089,312510742.2089,100.0000
MISO_LRZ1,CITY OF GRAND MARAIS - (MN),7487,MISO,133.2615,133.2615,100.0000,15893550.4834,15893550.4834,100.0000
MISO_LRZ1,GRAND RAPIDS PUBLIC UTIL COMM,7489,MISO,8340.3743,8340.3743,100.0000,63361826.3268,63361826.3268,100.0000
MISO_LRZ1,CITY OF GRANITE FALLS - (MN),7494,MISO,41.0950,41.0950,100.0000,5270205.3745,5270205.3745,100.0000
MISO_LRZ1,CITY OF ARCADIA - (WI),765,MISO,136.5818,136.5818,100.0000,5461003.5153,5461003.5153,100.0000
MISO_LRZ1,CITY OF GROTON - (SD),7712,SWPP,12.4334,12.4334,100.0000,4535915.3989,4535915.3989,100.0000
MISO_LRZ1,CITY OF GROVE CITY,7732,MISO,11.3973,11.3973,100.0000,1710286.6164,1710286.6164,100.0000
MISO_LRZ1,CITY OF GUTTENBERG,7837,MISO,96.4363,96.4363,100.0000,5772691.5943,5772691.5943,100.0000
MISO_LRZ1,H-D ELECTRIC COOP INC,7870,SWPP,66433.5507,66433.5507,100.0000,13178540824.3968,13178540824.3968,100.0000
MISO_LRZ1,CITY OF HALSTAD - (MN),7969,MISO,2.0521,2.0521,100.0000,939446.9051,939446.9051,100.0000
MISO_LRZ1,CITY OF HARMONY - (MN),8131,MISO,25.4457,25.4457,100.0000,3583287.3297,3583287.3297,100.0000
MISO_LRZ1,CITY OF ARLINGTON - (MN),828,MISO,71.2714,71.2714,100.0000,4853811.2487,4853811.2487,100.0000
MISO_LRZ1,HAWLEY PUBLIC UTILITIES COMM,8307,MISO,42.7224,42.7224,100.0000,6384745.8800,6384745.8800,100.0000
MISO_LRZ1,CITY OF HECLA,8379,SWPP,1.2000,1.2000,100.0000,891893.1771,891893.1771,100.0000
MISO_LRZ1,CITY OF HENNING - (MN),8459,MISO,66.8490,66.8490,100.0000,8664981.2163,8664981.2163,100.0000
MISO_LRZ1,HIBBING PUBLIC UTILITIES COMM,8543,MISO,7003.6371,7003.6371,100.0000,13799722.8768,13799722.8768,100.0000
MISO_LRZ1,"JACKSON ELECTRIC COOP, INC - (WI)",8574,MISO,18009.6791,18009.6791,100.0000,1751581438.8559,1751581438.8559,100.0000
MISO_LRZ1,CITY OF HILLSBORO - (ND),8628,MISO,325.3479,325.3479,100.0000,2879646.2430,2879646.2430,100.0000
MISO_LRZ1,CITY OF ADA - (MN),87,MISO,20.7268,20.7268,100.0000,3473013.1265,3473013.1265,100.0000
MISO_LRZ1,"ARROWHEAD ELECTRIC COOP, INC",887,MISO,5522.2861,5522.2861,100.0000,5039384826.1938,5039384826.1938,100.0000
MISO_LRZ1,HUTCHINSON UTILITIES COMM,9130,MISO,8184.6836,8184.6836,100.0000,17757798.2163,17757798.2163,100.0000
MISO_LRZ1,ITASCA-MANTRAP CO-OP ELECTRICAL ASSN,9475,MISO,16478.9496,16478.9496,100.0000,2622734845.2642,2622734845.2642,100.0000
MISO_LRZ1,CITY OF JANESVILLE - (MN),9650,MISO,55.3397,55.3397,100.0000,3061313.7121,3061313.7121,100.0000
MISO_LRZ1,JUMP RIVER ELECTRIC COOP INC,9922,MISO,18821.3113,18821.3113,100.0000,2993137821.6072,2993137821.6072,100.0000
MISO_LRZ1,KANDIYOHI POWER COOP,9991,MISO,42400.9510,42400.9510,100.0000,2105033992.6643,2105033992.6643,100.0000
MISO_LRZ1,OTTER TAIL POWER CO,14232,MISO,726927.2532,726927.7540,99.9999,131176202309.4881,131176352007.8146,99.9999
MISO_LRZ1,REDWOOD ELECTRIC COOP,15750,MISO,12939.8650,12939.9359,99.9995,2116640926.9779,2116660637.5652,99.9991
MISO_LRZ1,RICHLAND ELECTRIC COOP,15983,MISO,9066.1723,9066.5790,99.9955,1127770351.2733,1127827022.6394,99.9950
MISO_LRZ1,"LYON ELECTRIC COOPERATIVE, INC.",11345,SWPP,15067.7469,15081.7861,99.9069,2711496244.7464,2716761165.3214,99.8062
MISO_LRZ1,MINNESOTA VALLEY ELECTRIC COOP,12651,MISO,132048.3703,132556.5851,99.6166,2482410922.9462,2494244207.0779,99.5256
MISO_LRZ1,VERNON ELECTRIC COOP,19813,MISO,52990.0499,53254.8048,99.5029,2788340140.3996,2800791434.3280,99.5554
MISO_LRZ1,VILLAGE OF SAUK CITY - (WI),16680,MISO,2604.1851,2636.8090,98.7628,6898585.6996,8865266.9197,77.8159
MISO_LRZ1,VILLAGE OF PRAIRIE DU SAC - (WI),15312,MISO,2610.9229,2643.9098,98.7523,6888674.4526,8865245.1449,77.7043
MISO_LRZ1,BROWN COUNTY RURAL ELEC ASSN,2316,MISO,16771.7432,17012.4942,98.5849,2050446682.1154,2082108624.0210,98.4793
MISO_LRZ1,NORTHERN STATES POWER CO - MINNESOTA,13781,MISO,3051528.4538,3098863.7276,98.4725,31484103927.6407,32236057002.4712,97.6674
MISO_LRZ1,PEOPLE'S COOPERATIVE SERVICES,14468,MISO,77309.4355,78644.6884,98.3022,2750907938.0794,2962003624.3406,92.8732
MISO_LRZ1,VILLAGE OF HAZEL GREEN - (WI),8336,MISO,81.3552,83.2492,97.7250,3174420.7631,3296753.1887,96.2893
MISO_LRZ1,STEELE-WASECA COOPERATIVE ELECTRIC,18047,MISO,35203.5477,36492.6967,96.4674,2399896865.3523,2592807089.2069,92.5598
MISO_LRZ1,CITY OF CUBA CITY,4607,MISO,55.8151,60.2039,92.7101,2534488.6912,3003909.6193,84.3730
MISO_LRZ1,NORTHERN STATES POWER CO,13780,MISO,840793.1441,1035717.2519,81.1798,57934888996.2638,71497952000.7099,81.0301
MISO_LRZ1,WAPA-- WESTERN AREA POWER ADMINISTRATION,27000,"WALC, WACM, SWPP",1072878.6916,1380398.7793,77.7224,225733784579.7586,251385453773.6240,89.7959
MISO_LRZ1,"BAYFIELD ELECTRIC COOP, INC",1367,MISO,101423.4002,132912.7440,76.3083,16542853854.8835,21084479149.6512,78.4599
MISO_LRZ1,"ALLAMAKEE-CLAYTON EL COOP, INC",329,MISO,30787.0006,40983.4020,75.1207,3726460035.4834,5023463027.0173,74.1811
MISO_LRZ1,VILLAGE OF MUSCODA - (WI),13145,MISO,28.4361,37.9594,74.9117,2779030.2588,4145919.6369,67.0305
MISO_LRZ1,WISCONSIN DELLS ELECTRIC UTIL,20844,MISO,680.2376,952.1487,71.4424,6108049.3388,21189541.2747,28.8258
MISO_LRZ1,MIENERGY COOPERATIVE,19157,MISO,90244.9269,142321.3366,63.4093,8225408916.4724,13954764175.5582,58.9434
MISO_LRZ1,SCENIC RIVERS ENERGY COOP,16740,MISO,116069.5006,193506.6164,59.9822,8257531085.5884,13405316650.5419,61.5989
MISO_LRZ1,SIOUX VALLEY SW ELEC COOP,17267,SWPP,10507.9976,22665.4829,46.3612,3049942941.7026,5289442152.4389,57.6610
MISO_LRZ1,BENCO ELECTRIC COOPERATIVE,1884,MISO,20788.6946,56772.5282,36.6175,967966540.2627,4235934657.2888,22.8513
MISO_LRZ1,OAKDALE ELECTRIC COOP,13936,MISO,13404.2339,53109.5849,25.2388,1225293988.7839,3814019065.5856,32.1261
MISO_LRZ1,CONSOLIDATED WATER POWER CO,4247,MISO,29140.7352,144583.6656,20.1549,1075843153.4455,4227037287.4849,25.4515
MISO_LRZ1,WPPI ENERGY,20858,NOT AVAILABLE,359138.1675,3103016.3070,11.5738,17903775261.2941,75722274763.0849,23.6440
MISO_LRZ1,WISCONSIN POWER & LIGHT CO,20856,MISO,91847.0024,1317551.2530,6.9710,4105672469.2473,27256050622.8386,15.0633
MISO_LRZ1,WISCONSIN PUBLIC SERVICE CORP,20860,MISO,48684.2281,859534.3638,5.6640,3847363250.3626,27330791236.7092,14.0770
MISO_LRZ1,ADAMS-COLUMBIA ELECTRIC COOP,108,MISO,2324.8262,73253.3999,3.1737,89066507.4545,4598453470.9648,1.9369
MISO_LRZ1,INTERSTATE POWER AND LIGHT CO,9417,MISO,51227.7533,1865778.6442,2.7457,5552619462.8483,97392358477.2306,5.7013
MISO_LRZ1,SOUTH CENTRAL ELECTRIC ASSN,17550,MISO,310.3022,23811.3819,1.3032,52201403.2439,3427694501.3981,1.5229
MISO_LRZ1,FREEBORN MOWER ELECTRIC COOPERATIVE,6782,MISO,407.6779,51692.7817,0.7887,39737535.0780,4248554903.6233,0.9353
MISO_LRZ1,NOBLES COOPERATIVE ELECTRIC,13684,MISO,79.0963,40676.5863,0.1945,19986995.2584,6167035888.2725,0.3241
MISO_LRZ1,CITY OF WAKEFIELD - (MI),19975,MISO,17.0870,14233.5362,0.1200,631683.9309,2963988870.0332,0.0213
MISO_LRZ1,MAQUOKETA VALLEY RRL ELEC COOP,12642,MISO,172.1079,157438.2389,0.1093,21717886.4244,6372326359.6666,0.3408
MISO_LRZ1,ONTONAGON COUNTY R E A,14156,MISO,17.0870,66486.8053,0.0257,631683.9309,12998818607.2376,0.0049
MISO_LRZ1,WISCONSIN ELECTRIC POWER CO,20847,MISO,271.9896,2512477.7767,0.0108,92496061.5679,27652575920.1370,0.3345
MISO_LRZ1,EAST-CENTRAL IOWA RURAL ELEC COOP,5588,MISO,0.9397,70884.7629,0.0013,130183.7381,5155192847.9428,0.0025
MISO_LRZ1,ROCK ENERGY COOPERATIVE,16196,MISO,1.2258,868747.0745,0.0001,32532.6947,8093329354.0054,0.0004
MISO_LRZ1,UPPER MICHIGAN ENERGY RESOURCES CORP.,60631,MISO,0.0886,200935.0061,0.0000,62793.1956,25408123596.2758,0.0002
MISO_LRZ2_7,CITY OF KAUKAUNA,10056,MISO,13634.5888,13634.5888,100.0000,21814602.9751,21814602.9751,100.0000
MISO_LRZ2_7,CITY OF KIEL - (WI),10243,MISO,1061.0157,1061.0157,100.0000,10032207.2690,10032207.2690,100.0000
MISO_LRZ2_7,VILLAGE OF L'ANSE - (MI),10508,MISO,7824.9987,7824.9987,100.0000,2377041757.9137,2377041757.9137,100.0000
MISO_LRZ2_7,LAKE MILLS LIGHT & WATER,10605,MISO,2389.3396,2389.3396,100.0000,10514520.9294,10514520.9294,100.0000
MISO_LRZ2_7,CITY OF LAKE MILLS,10606,MISO,2384.1028,2384.1028,100.0000,10485902.8365,10485902.8365,100.0000
MISO_LRZ2_7,CITY OF LANSING - (MI),10704,MISO,287688.6626,287688.6626,100.0000,418516866.8785,418516866.8785,100.0000
MISO_LRZ2_7,CITY OF LODI - (WI),11125,MISO,164.5813,164.5813,100.0000,3663681.3756,3663681.3756,100.0000
MISO_LRZ2_7,CITY OF LOWELL - (MI),11268,MISO,2263.4571,2263.4571,100.0000,12735828.5131,12735828.5131,100.0000
MISO_LRZ2_7,MADISON GAS & ELECTRIC CO,11479,MISO,337200.6513,337200.6513,100.0000,852628430.9266,852628430.9266,100.0000
MISO_LRZ2_7,MANITOWOC PUBLIC UTILITIES,11571,MISO,26618.1000,26618.1000,100.0000,66252395.9174,66252395.9174,100.0000
MISO_LRZ2_7,CITY OF MARQUETTE - (MI),11701,MISO,12575.9379,12575.9379,100.0000,41790221.4754,41790221.4754,100.0000
MISO_LRZ2_7,CITY OF MARSHALL - (MI),11713,MISO,2233.7752,2233.7752,100.0000,11897770.4857,11897770.4857,100.0000
MISO_LRZ2_7,VILLAGE OF MAZOMANIE - (WI),11895,MISO,179.5237,179.5237,100.0000,4764492.5805,4764492.5805,100.0000
MISO_LRZ2_7,VILLAGE OF BARAGA - (MI),1196,MISO,7824.9987,7824.9987,100.0000,2377041757.9137,2377041757.9137,100.0000
MISO_LRZ2_7,CITY OF MENASHA - (WI),12298,MISO,15707.1650,15707.1650,100.0000,20141136.3378,20141136.3378,100.0000
MISO_LRZ2_7,VILLAGE OF MT. HOREB - (WI),13036,MISO,1276.3319,1276.3319,100.0000,7332964.3292,7332964.3292,100.0000
MISO_LRZ2_7,CITY OF NEGAUNEE,13352,MISO,58487.2858,58487.2858,100.0000,4845559578.5023,4845559578.5023,100.0000
MISO_LRZ2_7,VILLAGE OF NEW GLARUS - (WI),13438,MISO,76.5155,76.5155,100.0000,4674676.0569,4674676.0569,100.0000
MISO_LRZ2_7,CITY OF NEW HOLSTEIN - (WI),13448,MISO,1069.0428,1069.0428,100.0000,10111076.4717,10111076.4717,100.0000
MISO_LRZ2_7,NEW LONDON ELECTRIC&WATER UTIL,13467,MISO,2488.6631,2488.6631,100.0000,15023968.3162,15023968.3162,100.0000
MISO_LRZ2_7,NEWBERRY WATER & LIGHT BOARD,13525,MISO,18.4157,18.4157,100.0000,3869778.5809,3869778.5809,100.0000
MISO_LRZ2_7,CITY OF BAY CITY - (MI),1366,MISO,51318.9868,51318.9868,100.0000,108565460.1857,108565460.1857,100.0000
MISO_LRZ2_7,CITY OF NORWAY,13826,MISO,25946.8422,25946.8422,100.0000,2011346392.1943,2011346392.1943,100.0000
MISO_LRZ2_7,OCONOMOWOC UTILITIES,13963,MISO,14441.8023,14441.8023,100.0000,32196827.1010,32196827.1010,100.0000
MISO_LRZ2_7,OCONTO ELECTRIC COOPERATIVE,13964,MISO,25394.5840,25394.5840,100.0000,1604197190.6769,1604197190.6769,100.0000
MISO_LRZ2_7,OCONTO FALLS WATER & LIGHT COMM,13965,MISO,188.7365,188.7365,100.0000,4069536.4317,4069536.4317,100.0000
MISO_LRZ2_7,VILLAGE OF PARDEEVILLE - (WI),14451,MISO,178.7949,178.7949,100.0000,5866413.6489,5866413.6489,100.0000
MISO_LRZ2_7,CITY OF PETOSKEY - (MI),14867,MISO,2621.7927,2621.7927,100.0000,15534660.0846,15534660.0846,100.0000
MISO_LRZ2_7,PIONEER POWER AND LIGHT CO,15086,MISO,2817.8102,2817.8102,100.0000,211453434.8311,211453434.8311,100.0000
MISO_LRZ2_7,CITY OF PLYMOUTH - (WI),15159,MISO,2521.3733,2521.3733,100.0000,12329328.5220,12329328.5220,100.0000
MISO_LRZ2_7,VILLAGE OF BELMONT - (WI),1522,MISO,20.6149,20.6149,100.0000,2206735.8470,2206735.8470,100.0000
MISO_LRZ2_7,CITY OF PORTLAND - (MI),15246,MISO,537.0681,537.0681,100.0000,9227670.5015,9227670.5015,100.0000
MISO_LRZ2_7,PRESQUE ISLE ELEC & GAS COOP,15340,MISO,151441.0888,151441.0888,100.0000,15531968714.7688,15531968714.7688,100.0000
MISO_LRZ2_7,CITY OF PRINCETON - (WI),15385,MISO,45.9441,45.9441,100.0000,4259112.9540,4259112.9540,100.0000
MISO_LRZ2_7,BADGER POWER MARKETING AUTHORITY,1572,NOT AVAILABLE,40881.0872,40881.0872,100.0000,2355328487.8365,2355328487.8365,100.0000
MISO_LRZ2_7,VILLAGE OF BENTON - (WI),1585,MISO,33.7977,33.7977,100.0000,2183025.6062,2183025.6062,100.0000
MISO_LRZ2_7,VILLAGE OF SEBEWAING - (MI),16873,MISO,28376.0277,28376.0277,100.0000,2199852756.5433,2199852756.5433,100.0000
MISO_LRZ2_7,SHAWANO MUNICIPAL UTILITIES,17011,MISO,5402.6877,5402.6877,100.0000,17018991.7770,17018991.7770,100.0000
MISO_LRZ2_7,CITY OF SHEBOYGAN FALLS - (WI),17028,MISO,55298.6028,55298.6028,100.0000,87544364.7677,87544364.7677,100.0000
MISO_LRZ2_7,CITY OF SHULLSBURG - (WI),17130,MISO,53.4796,53.4796,100.0000,3454294.2381,3454294.2381,100.0000
MISO_LRZ2_7,SLINGER UTILITIES,17324,MISO,1909.3832,1909.3832,100.0000,14267132.2113,14267132.2113,100.0000
MISO_LRZ2_7,CITY OF SOUTH HAVEN - (MI),17562,PJM,20.2261,20.2261,100.0000,692424.2268,692424.2268,100.0000
MISO_LRZ2_7,VILLAGE OF BLACK EARTH - (WI),1765,MISO,83.4976,83.4976,100.0000,2215994.9823,2215994.9823,100.0000
MISO_LRZ2_7,CITY OF ST LOUIS - (MI),17886,MISO,10627.8027,10627.8027,100.0000,19656656.8503,19656656.8503,100.0000
MISO_LRZ2_7,CITY OF STEPHENSON - (MI),18074,MISO,21686.9910,21686.9910,100.0000,2724780288.8399,2724780288.8399,100.0000
MISO_LRZ2_7,CITY OF STOUGHTON - (WI),18181,MISO,8631.0333,8631.0333,100.0000,16460151.0115,16460151.0115,100.0000
MISO_LRZ2_7,CITY OF STURGEON BAY - (WI),18249,MISO,2650.6972,2650.6972,100.0000,17047949.9752,17047949.9752,100.0000
MISO_LRZ2_7,SUN PRAIRIE UTILITIES,18312,MISO,25002.3823,25002.3823,100.0000,33662162.2596,33662162.2596,100.0000
MISO_LRZ2_7,THUMB ELECTRIC COOP OF MICH,18895,MISO,121159.0591,121159.0591,100.0000,6810455168.3149,6810455168.3149,100.0000
MISO_LRZ2_7,CITY OF TRAVERSE CITY - (MI),19125,MISO,30027.7691,30027.7691,100.0000,118133660.6051,118133660.6051,100.0000
MISO_LRZ2_7,TWO RIVERS WATER & LIGHT,19324,MISO,6262.4367,6262.4367,100.0000,16753490.4412,16753490.4412,100.0000
MISO_LRZ2_7,TRI-COUNTY ELECTRIC COOP (MI),19396,MISO,422725.8434,422725.8434,100.0000,9431822108.7237,9431822108.7237,100.0000
MISO_LRZ2_7,UPPER PENINSULA POWER COMPANY,19578,MISO,217308.2324,217308.2324,100.0000,31415211644.4471,31415211644.4471,100.0000
MISO_LRZ2_7,"WASHINGTON ISLAND EL COOP, INC",20153,MISO,233.3632,233.3632,100.0000,70703483.0042,70703483.0042,100.0000
MISO_LRZ2_7,WATERLOO LIGHT & WATER COMM,20182,MISO,99.8722,99.8722,100.0000,3598924.4243,3598924.4243,100.0000
MISO_LRZ2_7,VILLAGE OF WAUNAKEE - (WI),20211,MISO,5366.4750,5366.4750,100.0000,19005984.9054,19005984.9054,100.0000
MISO_LRZ2_7,WAUPUN UTILITIES,20213,MISO,3386.8066,3386.8066,100.0000,9668834.3317,9668834.3317,100.0000
MISO_LRZ2_7,CITY OF WEST BEND,20364,MISO,39756.1906,39756.1906,100.0000,101144944.0630,101144944.0630,100.0000
MISO_LRZ2_7,WHITEHALL ELECTRIC UTILITY,20583,MISO,3867.4948,3867.4948,100.0000,38048109.1481,38048109.1481,100.0000
MISO_LRZ2_7,WISCONSIN RAPIDS W W & L COMM,20862,MISO,11325.4527,11325.4527,100.0000,56861883.2731,56861883.2731,100.0000
MISO_LRZ2_7,WOLVERINE POWER SUPPLY COOP,20910,NOT AVAILABLE,1866886.1092,1866886.1092,100.0000,46499232750.1236,46499232750.1236,100.0000
MISO_LRZ2_7,WONEWOC ELECTRIC & WATER UTIL,20924,MISO,61.5941,61.5941,100.0000,2893595.2439,2893595.2439,100.0000
MISO_LRZ2_7,WYANDOTTE MUNICIPAL SERV COMM,21048,MISO,1786309.9780,1786309.9780,100.0000,1642484759.6616,1642484759.6616,100.0000
MISO_LRZ2_7,CITY OF ZEELAND - (MI),21158,MISO,287374.2835,287374.2835,100.0000,1494587352.5050,1494587352.5050,100.0000
MISO_LRZ2_7,BRODHEAD WATER & LIGHTING COMM,2273,MISO,289.2351,289.2351,100.0000,4598044.0114,4598044.0114,100.0000
MISO_LRZ2_7,CITY OF ESCANABA,24558,MISO,14320.8718,14320.8718,100.0000,47103369.1641,47103369.1641,100.0000
MISO_LRZ2_7,ALGER-DELTA COOP ELECTRIC ASSN,305,MISO,153421.9712,153421.9712,100.0000,18243411300.0027,18243411300.0027,100.0000
MISO_LRZ2_7,ALGOMA UTILITY COMM,307,MISO,1559.0381,1559.0381,100.0000,4862427.4389,4862427.4389,100.0000
MISO_LRZ2_7,CEDARBURG LIGHT & WATER COMM,3208,MISO,10221.9608,10221.9608,100.0000,12708445.3087,12708445.3087,100.0000
MISO_LRZ2_7,CENTRAL WISCONSIN ELEC COOP,3293,MISO,18336.2885,18336.2885,100.0000,1633599517.9073,1633599517.9073,100.0000
MISO_LRZ2_7,CITY OF CHARLEVOIX - (MI),3384,MISO,1944.0938,1944.0938,100.0000,11713669.2189,11713669.2189,100.0000
MISO_LRZ2_7,VILLAGE OF CHELSEA - (MI),3415,MISO,5481.2321,5481.2321,100.0000,11040114.0227,11040114.0227,100.0000
MISO_LRZ2_7,CHERRYLAND ELECTRIC COOP INC,3436,MISO,188020.1022,188020.1022,100.0000,7338777633.3105,7338777633.3105,100.0000
MISO_LRZ2_7,GREAT LAKES ENERGY COOP,38084,MISO,348693.4902,348693.4902,100.0000,16844749140.7992,16844749140.7992,100.0000
MISO_LRZ2_7,VILLAGE OF CLINTON - (MI),3813,MISO,471668.2496,471668.2496,100.0000,3842606575.0713,3842606575.0713,100.0000
MISO_LRZ2_7,CITY OF CLINTONVILLE - (WI),3814,MISO,996.5951,996.5951,100.0000,6357124.0291,6357124.0291,100.0000
MISO_LRZ2_7,CLOVERLAND ELECTRIC CO-OP,3828,MISO,48888.5849,48888.5849,100.0000,12238356096.8982,12238356096.8982,100.0000
MISO_LRZ2_7,COLDWATER BOARD OF PUBLIC UTIL,3915,MISO,9617.0365,9617.0365,100.0000,30052743.8985,30052743.8985,100.0000
MISO_LRZ2_7,ALPENA POWER CO,392,MISO,56937.7391,56937.7391,100.0000,6581701456.1287,6581701456.1287,100.0000
MISO_LRZ2_7,WESTFIELD ELECTRIC COMPANY,40036,MISO,15592.0286,15592.0286,100.0000,1202958525.6864,1202958525.6864,100.0000
MISO_LRZ2_7,CITY OF COLUMBUS - (WI),4073,MISO,917.8949,917.8949,100.0000,10035985.8394,10035985.8394,100.0000
MISO_LRZ2_7,CITY OF CROSWELL - (MI),4562,MISO,39858.9436,39858.9436,100.0000,2497095270.6745,2497095270.6745,100.0000
MISO_LRZ2_7,CITY OF CRYSTAL FALLS,4604,MISO,11632.9916,11632.9916,100.0000,3136970557.7816,3136970557.7816,100.0000
MISO_LRZ2_7,VILLAGE OF DAGGETT - (MI),4792,MISO,21686.9910,21686.9910,100.0000,2724780288.8399,2724780288.8399,100.0000
MISO_LRZ2_7,DTE ELECTRIC COMPANY,5109,MISO,6556341.0110,6556341.0110,100.0000,62653936974.5340,62653936974.5340,100.0000
MISO_LRZ2_7,CITY OF EAGLE RIVER - (WI),5551,MISO,241.7045,241.7045,100.0000,8848246.3503,8848246.3503,100.0000
MISO_LRZ2_7,CITY OF EATON RAPIDS - (MI),5630,MISO,3787.1887,3787.1887,100.0000,10644892.5071,10644892.5071,100.0000
MISO_LRZ2_7,CITY OF ELKHORN - (WI),5777,MISO,5660.1268,5660.1268,100.0000,26809074.9048,26809074.9048,100.0000
MISO_LRZ2_7,CITY OF ELROY - (WI),5834,MISO,107.0176,107.0176,100.0000,5200973.4211,5200973.4211,100.0000
MISO_LRZ2_7,CITY OF EVANSVILLE,6043,MISO,383.4254,383.4254,100.0000,7986869.2808,7986869.2808,100.0000
MISO_LRZ2_7,FLORENCE UTILITY COMM,6424,MISO,27.2779,27.2779,100.0000,7213532.5190,7213532.5190,100.0000
MISO_LRZ2_7,CITY OF GLADSTONE,7265,MISO,31665.9156,31665.9156,100.0000,3068875117.6884,3068875117.6884,100.0000
MISO_LRZ2_7,CITY OF GRAND HAVEN - (MI),7483,MISO,287374.2835,287374.2835,100.0000,1494587352.5050,1494587352.5050,100.0000
MISO_LRZ2_7,VILLAGE OF GRESHAM - (WI),7665,MISO,31.8476,31.8476,100.0000,3138808.8175,3138808.8175,100.0000
MISO_LRZ2_7,CITY OF ARGYLE - (WI),792,MISO,16.0756,16.0756,100.0000,1633441.6683,1633441.6683,100.0000
MISO_LRZ2_7,CITY OF HARBOR SPRINGS - (MI),8083,MISO,29029.0747,29029.0747,100.0000,1254699256.0648,1254699256.0648,100.0000
MISO_LRZ2_7,CITY OF HART HYDRO - (MI),8205,MISO,207.6146,207.6146,100.0000,5318416.7112,5318416.7112,100.0000
MISO_LRZ2_7,HARTFORD ELECTRIC,8212,MISO,7968.5541,7968.5541,100.0000,23398851.1010,23398851.1010,100.0000
MISO_LRZ2_7,HILLSDALE BOARD OF PUBLIC WKS,8631,MISO,5520.4252,5520.4252,100.0000,20155122.3567,20155122.3567,100.0000
MISO_LRZ2_7,CITY OF HOLLAND,8723,MISO,90457.6082,90457.6082,100.0000,162053291.0979,162053291.0979,100.0000
MISO_LRZ2_7,HUSTISFORD UTILITIES,9124,MISO,80.2136,80.2136,100.0000,3449354.0225,3449354.0225,100.0000
MISO_LRZ2_7,JEFFERSON UTILITIES,9690,MISO,4278.7865,4278.7865,100.0000,15641622.2445,15641622.2445,100.0000
MISO_LRZ2_7,JUNEAU UTILITY COMM,9936,MISO,96.6396,96.6396,100.0000,2756921.9134,2756921.9134,100.0000
MISO_LRZ2_7,UPPER MICHIGAN ENERGY RESOURCES CORP.,60631,MISO,200934.9175,200935.0061,100.0000,25408060803.0802,25408123596.2758,99.9998
MISO_LRZ2_7,ROCK ENERGY COOPERATIVE,16196,MISO,868745.8487,868747.0745,99.9999,8093296821.3107,8093329354.0054,99.9996
MISO_LRZ2_7,CONSUMERS ENERGY CO,4254,MISO,4127185.8064,4127195.4385,99.9998,74684706044.9213,74685135803.6483,99.9994
MISO_LRZ2_7,WISCONSIN ELECTRIC POWER CO,20847,MISO,2512205.7870,2512477.7767,99.9892,27560079858.5691,27652575920.1370,99.6655
MISO_LRZ2_7,VILLAGE OF UNION CITY - (MI),19432,MISO,40701.5128,40707.8919,99.9843,1154227715.2004,1154540374.8517,99.9729
MISO_LRZ2_7,ONTONAGON COUNTY R E A,14156,MISO,66469.7182,66486.8053,99.9743,12998186923.3067,12998818607.2376,99.9951
MISO_LRZ2_7,CITY OF WAKEFIELD - (MI),19975,MISO,14216.4491,14233.5362,99.8800,2963357186.1023,2963988870.0332,99.9787
MISO_LRZ2_7,THE TOLEDO EDISON CO,18997,PJM,155.0180,157.0561,98.7023,8815244.9939,8958625.2811,98.3995
MISO_LRZ2_7,ADAMS-COLUMBIA ELECTRIC COOP,108,MISO,70928.5737,73253.3999,96.8263,4509386963.5103,4598453470.9648,98.0631
MISO_LRZ2_7,WISCONSIN PUBLIC SERVICE CORP,20860,MISO,810850.1358,859534.3638,94.3360,23483427986.3466,27330791236.7092,85.9230
MISO_LRZ2_7,WISCONSIN POWER & LIGHT CO,20856,MISO,1225704.2506,1317551.2530,93.0290,23150378153.5914,27256050622.8386,84.9367
MISO_LRZ2_7,"NORTH WESTERN ELEC COOP, INC",13704,PJM,0.3507,0.3836,91.4096,26141.3789,27336.1480,95.6293
MISO_LRZ2_7,WPPI ENERGY,20858,NOT AVAILABLE,2657385.2033,3103016.3070,85.6388,52813525456.0696,75722274763.0849,69.7464
MISO_LRZ2_7,CONSOLIDATED WATER POWER CO,4247,MISO,115442.9305,144583.6656,79.8451,3151194134.0395,4227037287.4849,74.5485
MISO_LRZ2_7,OAKDALE ELECTRIC COOP,13936,MISO,39705.3510,53109.5849,74.7612,2588725076.8016,3814019065.5856,67.8739
MISO_LRZ2_7,MIDWEST ENERGY COOPERATIVE,12377,PJM,273659.6744,412863.5551,66.2833,3718857907.7856,5647986660.6605,65.8440
MISO_LRZ2_7,SCENIC RIVERS ENERGY COOP,16740,MISO,77419.0509,193506.6164,40.0085,5147084220.0523,13405316650.5419,38.3958
MISO_LRZ2_7,WISCONSIN DELLS ELECTRIC UTIL,20844,MISO,271.9111,952.1487,28.5576,15081491.9360,21189541.2747,71.1742
MISO_LRZ2_7,VILLAGE OF MUSCODA - (WI),13145,MISO,9.5234,37.9594,25.0883,1366889.3782,4145919.6369,32.9695
MISO_LRZ2_7,"BAYFIELD ELECTRIC COOP, INC",1367,MISO,31489.3438,132912.7440,23.6917,4541625294.7678,21084479149.6512,21.5401
MISO_LRZ2_7,NORTHERN STATES POWER CO,13780,MISO,194924.1078,1035717.2519,18.8202,13563063004.4462,71497952000.7099,18.9699
MISO_LRZ2_7,CITY OF CUBA CITY,4607,MISO,4.3888,60.2039,7.2899,469420.9282,3003909.6193,15.6270
MISO_LRZ2_7,VILLAGE OF HAZEL GREEN - (WI),8336,MISO,1.8940,83.2492,2.2750,122332.4255,3296753.1887,3.7107
MISO_LRZ2_7,VILLAGE OF PRAIRIE DU SAC - (WI),15312,MISO,32.9869,2643.9098,1.2477,1976570.6922,8865245.1449,22.2957
MISO_LRZ2_7,VILLAGE OF SAUK CITY - (WI),16680,MISO,32.6239,2636.8090,1.2372,1966681.2201,8865266.9197,22.1841
MISO_LRZ2_7,VERNON ELECTRIC COOP,19813,MISO,264.7549,53254.8048,0.4971,12451293.9284,2800791434.3280,0.4446
MISO_LRZ2_7,COMMONWEALTH EDISON CO,4110,PJM,73.5042,68313.1067,0.1076,1450457.4285,2482750174.3936,0.0584
MISO_LRZ2_7,STEUBEN COUNTY RURAL E M C,18100,MISO,37.4473,37190.0357,0.1007,1558246.1302,966156668.6525,0.1613
MISO_LRZ2_7,RICHLAND ELECTRIC COOP,15983,MISO,0.4066,9066.5790,0.0045,56671.3660,1127827022.6394,0.0050
MISO_LRZ2_7,NOBLE COUNTY R E M C,13647,PJM,7.2410,269395.4163,0.0027,167302.1947,4744477526.7699,0.0035
MISO_LRZ2_7,NORTHERN INDIANA PUB SERV CO,13756,MISO,7.2041,1190318.1106,0.0006,166380.1659,16381144790.6465,0.0010
MISO_LRZ3_5,CITY OF AURELIA - (IA),1002,MISO,12.3915,12.3915,100.0000,2627301.9897,2627301.9897,100.0000
MISO_LRZ3_5,CITY OF AUSTIN - (MN),1009,MISO,24063.5542,24063.5542,100.0000,62977892.1623,62977892.1623,100.0000
MISO_LRZ3_5,CITY OF KENNETT - (MO),10152,SWPP,3527.6475,3527.6475,100.0000,15278869.5262,15278869.5262,100.0000
MISO_LRZ3_5,CITY OF MARATHON - (IA),10172,MISO,8.3632,8.3632,100.0000,1940810.1323,1940810.1323,100.0000
MISO_LRZ3_5,KEOSAUQUA MUNICIPAL LIGHT & PWR,10181,SWPP,26.7821,26.7821,100.0000,4099661.6479,4099661.6479,100.0000
MISO_LRZ3_5,CITY OF KIMBALLTON - (IA),10265,SWPP,4.5751,4.5751,100.0000,1972603.9885,1972603.9885,100.0000
MISO_LRZ3_5,CITY OF LA PLATA - (MO),10538,SWPP,28.8755,28.8755,100.0000,4129961.8591,4129961.8591,100.0000
MISO_LRZ3_5,CITY OF LAKE CRYSTAL - (MN),10596,MISO,235.5972,235.5972,100.0000,8661548.4980,8661548.4980,100.0000
MISO_LRZ3_5,"LACLEDE ELECTRIC COOP, INC",10603,AECI,11026.4255,11026.4255,100.0000,382672479.2130,382672479.2130,100.0000
MISO_LRZ3_5,CITY OF LAKE PARK - (IA),10608,MISO,20.6295,20.6295,100.0000,4270942.2790,4270942.2790,100.0000
MISO_LRZ3_5,CITY OF LAKE VIEW - (IA),10617,MISO,38.5904,38.5904,100.0000,6129253.3258,6129253.3258,100.0000
MISO_LRZ3_5,CITY OF LAKEFIELD - (MN),10622,MISO,25.3705,25.3705,100.0000,3270352.7352,3270352.7352,100.0000
MISO_LRZ3_5,CITY OF LAMONI - (IA),10650,MISO,64.9053,64.9053,100.0000,10489289.9334,10489289.9334,100.0000
MISO_LRZ3_5,CITY OF LARCHWOOD - (IA),10706,MISO,20.8318,20.8318,100.0000,2685184.6628,2685184.6628,100.0000
MISO_LRZ3_5,CITY OF LAURENS - (IA),10769,SWPP,11.2985,11.2985,100.0000,1960328.8902,1960328.8902,100.0000
MISO_LRZ3_5,CITY OF LAWLER - (IA),10784,MISO,18.4030,18.4030,100.0000,2504104.2755,2504104.2755,100.0000
MISO_LRZ3_5,CITY OF LEHIGH - (IA),10881,MISO,39.0027,39.0027,100.0000,5625347.0722,5625347.0722,100.0000
MISO_LRZ3_5,CITY OF LENOX - (IA),10908,MISO,30.3962,30.3962,100.0000,5132783.9516,5132783.9516,100.0000
MISO_LRZ3_5,LINN COUNTY REC,11053,MISO,374673.5726,374673.5726,100.0000,2987038391.8618,2987038391.8618,100.0000
MISO_LRZ3_5,CITY OF LIVERMORE- (IA),11093,MISO,6.2591,6.2591,100.0000,1775296.6711,1775296.6711,100.0000
MISO_LRZ3_5,CITY OF LONG GROVE - (IA),11141,MISO,72.6643,72.6643,100.0000,2981858.9104,2981858.9104,100.0000
MISO_LRZ3_5,LYON RURAL ELECTRIC COOP,11298,SWPP,12008.2176,12008.2176,100.0000,1529713075.8564,1529713075.8564,100.0000
MISO_LRZ3_5,CITY OF LUVERNE - (MN),11332,SWPP,2893.2474,2893.2474,100.0000,15123959.0031,15123959.0031,100.0000
MISO_LRZ3_5,CITY OF MACON - (MO),11460,AECI,605.7052,605.7052,100.0000,7768333.8112,7768333.8112,100.0000
MISO_LRZ3_5,MACON ELECTRIC COOP,11463,AECI,93531.5745,93531.5745,100.0000,10528369723.4479,10528369723.4479,100.0000
MISO_LRZ3_5,TOWN OF MANILLA - (IA),11568,MISO,11.9277,11.9277,100.0000,2754072.9562,2754072.9562,100.0000
MISO_LRZ3_5,CITY OF MANNING,11581,SWPP,76.2337,76.2337,100.0000,6431692.4846,6431692.4846,100.0000
MISO_LRZ3_5,CITY OF MAPLETON- (IA),11609,MISO,22.3843,22.3843,100.0000,4070767.8994,4070767.8994,100.0000
MISO_LRZ3_5,CITY OF MAQUOKETA - (IA),11611,MISO,1954.2317,1954.2317,100.0000,7301341.6139,7301341.6139,100.0000
MISO_LRZ3_5,CITY OF MARCELINE - (MO),11626,MISO,230.4982,230.4982,100.0000,8343133.0951,8343133.0951,100.0000
MISO_LRZ3_5,BANCROFT MUNICIPAL UTILITIES,1172,MISO,9.0440,9.0440,100.0000,1464219.3655,1464219.3655,100.0000
MISO_LRZ3_5,CONSUMERS ENERGY,11788,MISO,145860.6374,145860.6374,100.0000,3843661075.2141,3843661075.2141,100.0000
MISO_LRZ3_5,CITY OF BARDWELL - (KY),1205,LGEE,0.7702,0.7702,100.0000,106920.3570,106920.3570,100.0000
MISO_LRZ3_5,CITY OF MEMPHIS - (MO),12294,AECI,395.2993,395.2993,100.0000,4051331.7108,4051331.7108,100.0000
MISO_LRZ3_5,MIDAMERICAN ENERGY CO,12341,MISO,2313941.0633,2313941.0633,100.0000,70269438263.5836,70269438263.5836,100.0000
MISO_LRZ3_5,MIDLAND POWER COOP,12450,MISO,158213.5135,158213.5135,100.0000,9000644398.8870,9000644398.8870,100.0000
MISO_LRZ3_5,CITY OF MILFORD - (IA),12541,SWPP,194.2415,194.2415,100.0000,5664425.6518,5664425.6518,100.0000
MISO_LRZ3_5,EVERGY MISSOURI WEST,12698,SWPP,108119.6734,108119.6734,100.0000,2503018453.9356,2503018453.9356,100.0000
MISO_LRZ3_5,CITY OF MONROE CITY - (MO),12802,AECI,33.9621,33.9621,100.0000,5767832.9799,5767832.9799,100.0000
MISO_LRZ3_5,CITY OF MONTEZUMA - (IA),12839,MISO,41.8036,41.8036,100.0000,6435482.0873,6435482.0873,100.0000
MISO_LRZ3_5,CITY OF MT PLEASANT - (IA),13038,MISO,2975.8076,2975.8076,100.0000,14903937.1414,14903937.1414,100.0000
MISO_LRZ3_5,CITY OF MOUNTAIN LAKE - (MN),13048,MISO,99.8591,99.8591,100.0000,10740134.3730,10740134.3730,100.0000
MISO_LRZ3_5,BOARD OF WATER ELECTRIC & COMMUNICATIONS,13143,MISO,43234.5292,43234.5292,100.0000,1163228241.7036,1163228241.7036,100.0000
MISO_LRZ3_5,NEBRASKA PUBLIC POWER DISTRICT,13337,SWPP,20.8104,20.8104,100.0000,444987.8584,444987.8584,100.0000
MISO_LRZ3_5,CITY OF NEOLA - (IA),13382,MISO,22.0630,22.0630,100.0000,2079139.7507,2079139.7507,100.0000
MISO_LRZ3_5,CITY OF NEW HAMPTON - (IA),13444,MISO,424.9653,424.9653,100.0000,3919383.9808,3919383.9808,100.0000
MISO_LRZ3_5,NEW LONDON MUNICIPAL UTILITIES,13468,MISO,37.1686,37.1686,100.0000,2696229.9184,2696229.9184,100.0000
MISO_LRZ3_5,CITY OF NEW MADRID - (MO),13470,AECI,372.1336,372.1336,100.0000,4836484.1218,4836484.1218,100.0000
MISO_LRZ3_5,NISHNABOTNA VALLEY R E C,13675,SWPP,31428.7354,31428.7354,100.0000,3717127192.8579,3717127192.8579,100.0000
MISO_LRZ3_5,NORTH CENTRAL MO ELEC COOP INC,13690,AECI,6111.1083,6111.1083,100.0000,1370073460.2340,1370073460.2340,100.0000
MISO_LRZ3_5,NORTHEAST POWER,13739,SWPP,0.0426,0.0426,100.0000,1508.1382,1508.1382,100.0000
MISO_LRZ3_5,CITY OF OGDEN - (IA),13990,MISO,37.3983,37.3983,100.0000,3542177.2990,3542177.2990,100.0000
MISO_LRZ3_5,OMAHA PUBLIC POWER DISTRICT,14127,SWPP,131.7123,131.7123,100.0000,5096823.5513,5096823.5513,100.0000
MISO_LRZ3_5,CITY OF ONAWA - (IA),14132,MISO,661.5991,661.5991,100.0000,3915243.5610,3915243.5610,100.0000
MISO_LRZ3_5,CITY OF ORANGE CITY - (IA),14159,MISO,2708.0093,2708.0093,100.0000,9353885.9984,9353885.9984,100.0000
MISO_LRZ3_5,CITY OF ORIENT - (IA),14166,MISO,2.7235,2.7235,100.0000,1127893.0985,1127893.0985,100.0000
MISO_LRZ3_5,CITY OF OSAGE - (IA),14201,MISO,1183.1659,1183.1659,100.0000,4949658.0099,4949658.0099,100.0000
MISO_LRZ3_5,"OSCEOLA ELECTRIC COOP, INC",14202,SWPP,6455.8295,6455.8295,100.0000,1088911754.4305,1088911754.4305,100.0000
MISO_LRZ3_5,CITY OF PANORA - (IA),14433,MISO,46.1318,46.1318,100.0000,4690585.8145,4690585.8145,100.0000
MISO_LRZ3_5,CITY OF PARIS - (MO),14456,AECI,15.4602,15.4602,100.0000,3293001.2437,3293001.2437,100.0000
MISO_LRZ3_5,CITY OF PATON - (IA),14473,MISO,6.9516,6.9516,100.0000,1455405.1381,1455405.1381,100.0000
MISO_LRZ3_5,CITY OF PAULLINA - (IA),14577,MISO,16.5132,16.5132,100.0000,2419129.1730,2419129.1730,100.0000
MISO_LRZ3_5,CITY OF PELLA - (IA),14645,MISO,6399.6834,6399.6834,100.0000,34881519.5549,34881519.5549,100.0000
MISO_LRZ3_5,CITY OF PERRY - (MO),14806,MISO,16.0097,16.0097,100.0000,3696213.1754,3696213.1754,100.0000
MISO_LRZ3_5,CITY OF AFTON- (IA),149,MISO,16.3434,16.3434,100.0000,2604619.5591,2604619.5591,100.0000
MISO_LRZ3_5,ADRIAN PUBLIC UTILITIES COMM,150,MISO,15.8453,15.8453,100.0000,2984336.9989,2984336.9989,100.0000
MISO_LRZ3_5,"PLATTE-CLAY ELECTRIC COOP, INC",15138,AECI,114061.3386,114061.3386,100.0000,2049088934.8149,2049088934.8149,100.0000
MISO_LRZ3_5,CITY OF BELLEVUE - (IA),1515,MISO,50.3555,50.3555,100.0000,4191091.1248,4191091.1248,100.0000
MISO_LRZ3_5,CITY OF POCAHONTAS - (IA),15180,MISO,36.6917,36.6917,100.0000,5117789.7553,5117789.7553,100.0000
MISO_LRZ3_5,PRAIRIE ENERGY COOP,15291,SWPP,36709.7513,36709.7513,100.0000,3665536820.4178,3665536820.4178,100.0000
MISO_LRZ3_5,CITY OF PRIMGHAR - (IA),15377,MISO,24.4943,24.4943,100.0000,3478973.0943,3478973.0943,100.0000
MISO_LRZ3_5,CITY OF READLYN - (IA),15751,MISO,7.1986,7.1986,100.0000,851141.8694,851141.8694,100.0000
MISO_LRZ3_5,CITY OF REMSEN - (IA),15846,MISO,29.5362,29.5362,100.0000,3791873.2182,3791873.2182,100.0000
MISO_LRZ3_5,CITY OF RENWICK - (IA),15862,MISO,9.1548,9.1548,100.0000,2596178.4835,2596178.4835,100.0000
MISO_LRZ3_5,CITY OF ROCK FALLS - (IL),16198,MISO,5667.1359,5667.1359,100.0000,10676970.8045,10676970.8045,100.0000
MISO_LRZ3_5,ROCK RAPIDS MUNICIPAL UTILITY,16206,SWPP,150.1905,150.1905,100.0000,11027260.4847,11027260.4847,100.0000
MISO_LRZ3_5,CITY OF ROCKFORD- (IA),16211,MISO,7.7466,7.7466,100.0000,1612600.4683,1612600.4683,100.0000
MISO_LRZ3_5,CITY OF RUSHMORE - (MN),16451,MISO,2.3803,2.3803,100.0000,656901.2715,656901.2715,100.0000
MISO_LRZ3_5,CITY OF SABULA - (IA),16528,MISO,32.7749,32.7749,100.0000,3768873.7250,3768873.7250,100.0000
MISO_LRZ3_5,CITY OF SALEM - (MO),16559,AECI,66.2257,66.2257,100.0000,16734156.8725,16734156.8725,100.0000
MISO_LRZ3_5,CITY OF SANBORN - (IA),16628,SWPP,34.2418,34.2418,100.0000,4863358.0285,4863358.0285,100.0000
MISO_LRZ3_5,THREE RIVERS ELECTRIC COOP,16751,AECI,115925.9447,115925.9447,100.0000,5084594295.0078,5084594295.0078,100.0000
MISO_LRZ3_5,CITY OF SERGEANT BLUFF - (IA),16932,MISO,4779.3614,4779.3614,100.0000,7698186.2782,7698186.2782,100.0000
MISO_LRZ3_5,CITY OF STANTON - (IA),16992,MISO,17.9056,17.9056,100.0000,2455072.4205,2455072.4205,100.0000
MISO_LRZ3_5,CITY OF SHELBINA - (MO),17035,AECI,50.0830,50.0830,100.0000,6051920.5008,6051920.5008,100.0000
MISO_LRZ3_5,CITY OF SHELBY - (IA),17046,SWPP,45.2923,45.2923,100.0000,5353410.5217,5353410.5217,100.0000
MISO_LRZ3_5,CITY OF SIBLEY - (IA),17141,MISO,32.2248,32.2248,100.0000,2766523.5183,2766523.5183,100.0000
MISO_LRZ3_5,CITY OF SIKESTON - (MO),17177,SPA,6052.9232,6052.9232,100.0000,21398228.6697,21398228.6697,100.0000
MISO_LRZ3_5,NORTH WEST RURAL ELECTRIC COOP,17260,SWPP,84608.0474,84608.0474,100.0000,6985960042.5974,6985960042.5974,100.0000
MISO_LRZ3_5,CITY OF SIOUX CENTER,17264,MISO,4659.0832,4659.0832,100.0000,9559006.3560,9559006.3560,100.0000
MISO_LRZ3_5,CITY OF SOUTH SIOUX CITY,17577,SWPP,73532.1404,73532.1404,100.0000,99509711.8262,99509711.8262,100.0000
MISO_LRZ3_5,"SOUTHERN IOWA ELEC COOP, INC",17643,AECI,22645.6482,22645.6482,100.0000,2062330548.6327,2062330548.6327,100.0000
MISO_LRZ3_5,BLACK RIVER ELECTRIC COOP - (MO),1775,AECI,6922.4178,6922.4178,100.0000,1004062369.7990,1004062369.7990,100.0000
MISO_LRZ3_5,CITY OF SPENCER - (IA),17783,MISO,5465.4760,5465.4760,100.0000,16331623.2828,16331623.2828,100.0000
MISO_LRZ3_5,CITY OF ST JAMES - (MN),17876,MISO,1970.6233,1970.6233,100.0000,8041622.6698,8041622.6698,100.0000
MISO_LRZ3_5,CITY OF STATE CENTER - (IA),18014,MISO,18.8504,18.8504,100.0000,2583723.0150,2583723.0150,100.0000
MISO_LRZ3_5,CITY OF STORY CITY - (IA),18177,MISO,133.7756,133.7756,100.0000,3790838.8961,3790838.8961,100.0000
MISO_LRZ3_5,CITY OF AKRON - (IA),182,MISO,20.6250,20.6250,100.0000,3179838.0059,3179838.0059,100.0000
MISO_LRZ3_5,CITY OF STRATFORD - (IA),18201,MISO,28.8284,28.8284,100.0000,4700990.1751,4700990.1751,100.0000
MISO_LRZ3_5,CITY OF STUART - (IA),18231,MISO,50.7419,50.7419,100.0000,7207985.4224,7207985.4224,100.0000
MISO_LRZ3_5,CITY OF BIGELOW - (MN),1824,MISO,28481.9232,28481.9232,100.0000,2905819074.7930,2905819074.7930,100.0000
MISO_LRZ3_5,CITY OF SULLIVAN - (MO),18273,AECI,724.9360,724.9360,100.0000,9929954.8290,9929954.8290,100.0000
MISO_LRZ3_5,CITY OF SUMNER - (IA),18301,MISO,732.7369,732.7369,100.0000,6399955.4365,6399955.4365,100.0000
MISO_LRZ3_5,T I P RURAL ELECTRIC COOP,18446,MISO,43104.2740,43104.2740,100.0000,4751520244.6862,4751520244.6862,100.0000
MISO_LRZ3_5,CITY OF BLOOMFIELD - (IA),1869,AECI,42.4191,42.4191,100.0000,5960729.0508,5960729.0508,100.0000
MISO_LRZ3_5,BLUE EARTH LIGHT & WATER,1883,MISO,2630.2453,2630.2453,100.0000,37284586.4190,37284586.4190,100.0000
MISO_LRZ3_5,TIPTON MUNICIPAL ELECTRIC UTIL,18942,MISO,195.9688,195.9688,100.0000,3712040.0383,3712040.0383,100.0000
MISO_LRZ3_5,CITY OF TIPTON - (IA),18947,MISO,192.8655,192.8655,100.0000,3653257.4368,3653257.4368,100.0000
MISO_LRZ3_5,CITY OF TRAER - (IA),19062,MISO,25.1783,25.1783,100.0000,3339488.4718,3339488.4718,100.0000
MISO_LRZ3_5,TRI-COUNTY ELECTRIC COOP ASSN (MO),19158,AECI,33903.4782,33903.4782,100.0000,3426881742.0997,3426881742.0997,100.0000
MISO_LRZ3_5,TRUMAN PUBLIC UTILITIES COMM,19237,MISO,36.1215,36.1215,100.0000,5967245.4044,5967245.4044,100.0000
MISO_LRZ3_5,SOUTHEASTERN ELECTRIC COOP INC - (SD),19293,SWPP,28.8495,28.8495,100.0000,2380009.3681,2380009.3681,100.0000
MISO_LRZ3_5,WESTERN IOWA POWER COOP,19437,SWPP,27389.4922,27389.4922,100.0000,3920154603.9117,3920154603.9117,100.0000
MISO_LRZ3_5,UNION COUNTY ELECTRIC COOP INC,19493,SWPP,125.5116,125.5116,100.0000,2957319.3745,2957319.3745,100.0000
MISO_LRZ3_5,BOONE VALLEY ELECTRIC COOP,1968,MISO,1931.4167,1931.4167,100.0000,420237424.9567,420237424.9567,100.0000
MISO_LRZ3_5,CITY OF VANDALIA - (MO),19722,AECI,368.2867,368.2867,100.0000,3173252.3295,3173252.3295,100.0000
MISO_LRZ3_5,CITY OF VILLISCA - (IA),19843,MISO,33.7146,33.7146,100.0000,4622684.9035,4622684.9035,100.0000
MISO_LRZ3_5,CITY OF VINTON - (IA),19865,MISO,1042.0386,1042.0386,100.0000,6264112.2526,6264112.2526,100.0000
MISO_LRZ3_5,BOONE ELECTRIC COOP,2001,AECI,184319.5959,184319.5959,100.0000,1966084535.7295,1966084535.7295,100.0000
MISO_LRZ3_5,CITY OF WALL LAKE - (IA),20025,MISO,18.3079,18.3079,100.0000,2966786.7023,2966786.7023,100.0000
MISO_LRZ3_5,WAVERLY MUNICIPAL ELEC UTILITY,20214,MISO,4809.8808,4809.8808,100.0000,30459884.7875,30459884.7875,100.0000
MISO_LRZ3_5,CITY OF WEBSTER CITY - (IA),20259,MISO,1605.7707,1605.7707,100.0000,10915454.3152,10915454.3152,100.0000
MISO_LRZ3_5,TOWN OF WESTFIELD - (IA),20379,SWPP,2.9628,2.9628,100.0000,342712.3423,342712.3423,100.0000
MISO_LRZ3_5,CITY OF WEST LIBERTY - (IA),20380,MISO,75.4024,75.4024,100.0000,3206221.9094,3206221.9094,100.0000
MISO_LRZ3_5,WEST POINT UTILITY SYSTEM,20396,MISO,12.3174,12.3174,100.0000,1646574.5983,1646574.5983,100.0000
MISO_LRZ3_5,CITY OF WESTBROOK,20430,MISO,49.0197,49.0197,100.0000,11176403.5501,11176403.5501,100.0000
MISO_LRZ3_5,CITY OF WHITTEMORE - (IA),20604,MISO,4.0167,4.0167,100.0000,1051957.3531,1051957.3531,100.0000
MISO_LRZ3_5,CITY OF WILTON,20789,MISO,76.2812,76.2812,100.0000,4248581.6974,4248581.6974,100.0000
MISO_LRZ3_5,CITY OF WINDOM,20806,MISO,180.7236,180.7236,100.0000,15407543.8676,15407543.8676,100.0000
MISO_LRZ3_5,CITY OF WINTERSET - (IA),20835,MISO,1631.0304,1631.0304,100.0000,4858618.4899,4858618.4899,100.0000
MISO_LRZ3_5,CITY OF WOOLSTOCK - (IA),20846,MISO,9.9804,9.9804,100.0000,2711198.8364,2711198.8364,100.0000
MISO_LRZ3_5,CITY OF WOODBINE - (IA),20949,SWPP,37.1475,37.1475,100.0000,4420490.9201,4420490.9201,100.0000
MISO_LRZ3_5,WOODBURY COUNTY RURAL E C A,20951,SWPP,105754.1282,105754.1282,100.0000,2273565044.8151,2273565044.8151,100.0000
MISO_LRZ3_5,CITY OF WORTHINGTON - (MN),21013,MISO,7304.3530,7304.3530,100.0000,28979055.7476,28979055.7476,100.0000
MISO_LRZ3_5,CITY OF BREDA - (IA),2183,MISO,11.9545,11.9545,100.0000,1915085.9910,1915085.9910,100.0000
MISO_LRZ3_5,CITY OF BREWSTER - (MN),2206,MISO,12.9182,12.9182,100.0000,3586262.7697,3586262.7697,100.0000
MISO_LRZ3_5,"UNITED ELECTRIC COOP, INC - (MO)",22646,AECI,19847.3643,19847.3643,100.0000,2571425815.6024,2571425815.6024,100.0000
MISO_LRZ3_5,CITY OF BROOKLYN - (IA),2287,MISO,29.1029,29.1029,100.0000,3404923.8089,3404923.8089,100.0000
MISO_LRZ3_5,CITY OF ALBANY - (IL),229,MISO,38.0172,38.0172,100.0000,2774138.2521,2774138.2521,100.0000
MISO_LRZ3_5,BURT COUNTY PUBLIC POWER DIST,2599,SWPP,6.6499,6.6499,100.0000,1321494.9042,1321494.9042,100.0000
MISO_LRZ3_5,CITY OF BURT,2600,MISO,6.8028,6.8028,100.0000,1101377.6158,1101377.6158,100.0000
MISO_LRZ3_5,BUTLER COUNTY RURAL ELEC COOP - (IA),2652,SWPP,50783.5221,50783.5221,100.0000,3994997553.5987,3994997553.5987,100.0000
MISO_LRZ3_5,CITY OF ALPHA - (MN),266,MISO,26.4875,26.4875,100.0000,10848939.0427,10848939.0427,100.0000
MISO_LRZ3_5,PELLA COOPERATIVE ELEC ASSN,26765,MISO,51137.9352,51137.9352,100.0000,2647483447.9551,2647483447.9551,100.0000
MISO_LRZ3_5,CITY OF ROUND LAKE - (MN),27026,MISO,9.2312,9.2312,100.0000,1890460.2309,1890460.2309,100.0000
MISO_LRZ3_5,"SOUTHWEST ELECTRIC COOP, INC",27238,AECI,4605.0530,4605.0530,100.0000,252056451.1855,252056451.1855,100.0000
MISO_LRZ3_5,CITY OF STANHOPE - (IA),27269,MISO,14.5068,14.5068,100.0000,2538964.1234,2538964.1234,100.0000
MISO_LRZ3_5,CITY OF CALLENDER - (IA),2809,MISO,7.7880,7.7880,100.0000,1361083.7679,1361083.7679,100.0000
MISO_LRZ3_5,CITY OF CALIFORNIA - (MO),2851,MISO,1608.9785,1608.9785,100.0000,5892854.3599,5892854.3599,100.0000
MISO_LRZ3_5,CITY OF CAMERON,2900,AECI,1810.9019,1810.9019,100.0000,10334062.5614,10334062.5614,100.0000
MISO_LRZ3_5,CITY OF WELLS - (MN),29295,MISO,161.9405,161.9405,100.0000,5154792.4165,5154792.4165,100.0000
MISO_LRZ3_5,CITY OF MADELIA - (MN),29305,MISO,41.5870,41.5870,100.0000,4482695.6845,4482695.6845,100.0000
MISO_LRZ3_5,CITY OF CARLISLE- (IA),3029,MISO,401.5299,401.5299,100.0000,3924352.8218,3924352.8218,100.0000
MISO_LRZ3_5,CITY OF ALGONA - (IA),309,SWPP,1131.5637,1131.5637,100.0000,6903391.6225,6903391.6225,100.0000
MISO_LRZ3_5,CASS ELECTRIC COOP,3111,MISO,27982.1711,27982.1711,100.0000,3003651449.7122,3003651449.7122,100.0000
MISO_LRZ3_5,CASCADE MUNICIPAL UTILITIES,3137,MISO,44.9067,44.9067,100.0000,4976887.9100,4976887.9100,100.0000
MISO_LRZ3_5,CEDAR FALLS UTILITIES,3203,MISO,33823.6358,33823.6358,100.0000,78437962.6625,78437962.6625,100.0000
MISO_LRZ3_5,CENTRAL MISSOURI ELEC COOP INC,3268,AECI,28456.6706,28456.6706,100.0000,422631211.0170,422631211.0170,100.0000
MISO_LRZ3_5,CITY OF CENTRALIA - (MO),3296,MISO,325.6199,325.6199,100.0000,4735982.6607,4735982.6607,100.0000
MISO_LRZ3_5,"CHARITON VALLEY ELEC COOP, INC",3314,AECI,30310.3710,30310.3710,100.0000,3730119390.8029,3730119390.8029,100.0000
MISO_LRZ3_5,CITY OF CEYLON - (MN),3356,MISO,8.2338,8.2338,100.0000,2222010.9291,2222010.9291,100.0000
MISO_LRZ3_5,CLARKE ELECTRIC COOP INC - (IA),3722,MISO,73114.3959,73114.3959,100.0000,4813783171.3256,4813783171.3256,100.0000
MISO_LRZ3_5,CITY OF COGGON - (IA),3900,MISO,17.6981,17.6981,100.0000,1738083.4708,1738083.4708,100.0000
MISO_LRZ3_5,CITY OF ROCKPORT - (MO),40382,AECI,0.7486,0.7486,100.0000,205245.9608,205245.9608,100.0000
MISO_LRZ3_5,CITY OF BUFFALO - (IA),40390,MISO,985.8750,985.8750,100.0000,17634255.0607,17634255.0607,100.0000
MISO_LRZ3_5,CALHOUN COUNTY ELEC COOP ASSN,4040,MISO,11554.2960,11554.2960,100.0000,1695410249.1444,1695410249.1444,100.0000
MISO_LRZ3_5,CITY OF COLUMBIA - (MO),4045,MISO,110991.6806,110991.6806,100.0000,174702242.4415,174702242.4415,100.0000
MISO_LRZ3_5,CITY OF ALTA - (IA),405,MISO,31.6600,31.6600,100.0000,2792727.7122,2792727.7122,100.0000
MISO_LRZ3_5,CO-MO ELECTRIC COOP INC,4063,AECI,67367.2530,67367.2530,100.0000,4188156116.7893,4188156116.7893,100.0000
MISO_LRZ3_5,CALLAWAY ELECTRIC COOPERATIVE,4160,AECI,46416.6109,46416.6109,100.0000,2546922467.6659,2546922467.6659,100.0000
MISO_LRZ3_5,CONSOLIDATED ELECTRIC COOP,4237,AECI,39901.7426,39901.7426,100.0000,3649567177.5030,3649567177.5030,100.0000
MISO_LRZ3_5,CITY OF CORWITH - (IA),4304,MISO,13.5704,13.5704,100.0000,3751175.1301,3751175.1301,100.0000
MISO_LRZ3_5,CITY OF COON RAPIDS,4305,SWPP,46.6688,46.6688,100.0000,4617726.0683,4617726.0683,100.0000
MISO_LRZ3_5,CITY OF ALTA VISTA- (IA),432,MISO,8.6987,8.6987,100.0000,1946691.6368,1946691.6368,100.0000
MISO_LRZ3_5,CITY OF CORNING - (IA),4375,MISO,39.3272,39.3272,100.0000,4047684.5644,4047684.5644,100.0000
MISO_LRZ3_5,"CRAWFORD ELECTRIC COOP, INC",4524,AECI,104822.7267,104822.7267,100.0000,3164534008.0622,3164534008.0622,100.0000
MISO_LRZ3_5,AMANA SOCIETY SERVICE CO,471,MISO,16661.9568,16661.9568,100.0000,1521594822.9299,1521594822.9299,100.0000
MISO_LRZ3_5,CITY OF DANVILLE - (IA),4791,MISO,22.7055,22.7055,100.0000,1940495.1061,1940495.1061,100.0000
MISO_LRZ3_5,CITY OF DAYTON - (IA),4919,MISO,15.3017,15.3017,100.0000,2206962.9133,2206962.9133,100.0000
MISO_LRZ3_5,SOUTHWEST IOWA RURAL ELEC COOP,49986,MISO,25068.7063,25068.7063,100.0000,4878405131.2116,4878405131.2116,100.0000
MISO_LRZ3_5,CITY OF DENISON - (IA),5056,SWPP,1735.4776,1735.4776,100.0000,11207266.1227,11207266.1227,100.0000
MISO_LRZ3_5,CITY OF DENVER - (IA),5076,MISO,203.3048,203.3048,100.0000,4440142.0169,4440142.0169,100.0000
MISO_LRZ3_5,CITY OF DIKE,5155,MISO,46.4767,46.4767,100.0000,3598340.0712,3598340.0712,100.0000
MISO_LRZ3_5,CITY OF DUNNELL - (MN),5397,MISO,20024.9082,20024.9082,100.0000,1889586946.9037,1889586946.9037,100.0000
MISO_LRZ3_5,CITY OF DYSART - (IA),5518,MISO,18.7461,18.7461,100.0000,3239209.1157,3239209.1157,100.0000
MISO_LRZ3_5,CITY OF DURANT - (IA),5529,MISO,46.8052,46.8052,100.0000,3195645.9105,3195645.9105,100.0000
MISO_LRZ3_5,CITY OF AMES - (IA),554,MISO,58786.8925,58786.8925,100.0000,66379729.3753,66379729.3753,100.0000
MISO_LRZ3_5,CITY OF EARLVILLE - (IA),5563,MISO,13.7031,13.7031,100.0000,1423951.5178,1423951.5178,100.0000
MISO_LRZ3_5,CITY OF EASTON - (MO),5583,AECI,9.8731,9.8731,100.0000,998198.4217,998198.4217,100.0000
MISO_LRZ3_5,ELDRIDGE CITY UTILITIES,5742,MISO,4241.3794,4241.3794,100.0000,25274051.7288,25274051.7288,100.0000
MISO_LRZ3_5,CITY OF ELLSWORTH - (IA),5827,MISO,13.1883,13.1883,100.0000,2287999.0423,2287999.0423,100.0000
MISO_LRZ3_5,CITY OF ESTHERVILLE - (IA),5998,SWPP,1773.5458,1773.5458,100.0000,7461163.1788,7461163.1788,100.0000
MISO_LRZ3_5,PLEASANT HILL COMMUNITY LINE,60080,MISO,335.4647,335.4647,100.0000,73151161.5545,73151161.5545,100.0000
MISO_LRZ3_5,"FARMERS ELECTRIC COOP, INC - (IA)",6112,MISO,28758.2658,28758.2658,100.0000,3828223018.2986,3828223018.2986,100.0000
MISO_LRZ3_5,CITY OF FAIRBANK - (IA),6127,MISO,24.1687,24.1687,100.0000,1954539.4835,1954539.4835,100.0000
MISO_LRZ3_5,FAIRMONT PUBLIC UTILITIES COMM,6151,MISO,8551.9321,8551.9321,100.0000,119379214.7952,119379214.7952,100.0000
MISO_LRZ3_5,FARMERS ELECTRIC COOP - (IA),6168,MISO,6813.6530,6813.6530,100.0000,303722490.5962,303722490.5962,100.0000
MISO_LRZ3_5,"FARMERS ELECTRIC COOP, INC - (MO)",6181,AECI,16175.8594,16175.8594,100.0000,1445797246.6605,1445797246.6605,100.0000
MISO_LRZ3_5,CITY OF FARMINGTON - (MO),6205,MISO,22356.2812,22356.2812,100.0000,59116762.4212,59116762.4212,100.0000
MISO_LRZ3_5,CITY OF FARNHAMVILLE - (IA),6210,MISO,7.2457,7.2457,100.0000,1723162.5583,1723162.5583,100.0000
MISO_LRZ3_5,CITY OF FAYETTE - (MO),6231,SWPP,84.7235,84.7235,100.0000,4072136.9118,4072136.9118,100.0000
MISO_LRZ3_5,FEDERATED RURAL ELECTRIC ASSN,6258,MISO,65311.7325,65311.7325,100.0000,8685127921.0144,8685127921.0144,100.0000
MISO_LRZ3_5,CITY OF FONDA - (IA),6496,MISO,7.3902,7.3902,100.0000,2599082.5499,2599082.5499,100.0000
MISO_LRZ3_5,CITY OF FONTANELLE - (IA),6501,MISO,68.4282,68.4282,100.0000,2218389.3988,2218389.3988,100.0000
MISO_LRZ3_5,CITY OF FOREST CITY- (IA),6579,MISO,1301.9034,1301.9034,100.0000,6834267.5610,6834267.5610,100.0000
MISO_LRZ3_5,FRANKLIN RURAL ELECTRIC COOP - (IA),6722,MISO,12551.5563,12551.5563,100.0000,1907588402.7411,1907588402.7411,100.0000
MISO_LRZ3_5,CITY OF FREDERICKSBURG - (IA),6759,MISO,17.1241,17.1241,100.0000,2330082.3717,2330082.3717,100.0000
MISO_LRZ3_5,CITY OF ANITA - (IA),682,MISO,19.4598,19.4598,100.0000,4597249.8360,4597249.8360,100.0000
MISO_LRZ3_5,CITY OF FULTON - (MO),6839,AECI,3788.3123,3788.3123,100.0000,17174771.9532,17174771.9532,100.0000
MISO_LRZ3_5,CITY OF ANTHON - (IA),700,SWPP,8.9359,8.9359,100.0000,1827192.0690,1827192.0690,100.0000
MISO_LRZ3_5,GASCOSAGE ELECTRIC COOP,7024,AECI,269.1457,269.1457,100.0000,50071756.7737,50071756.7737,100.0000
MISO_LRZ3_5,CITY OF GENESEO - (IL),7095,MISO,1244.0443,1244.0443,100.0000,7936177.2781,7936177.2781,100.0000
MISO_LRZ3_5,GIBSON ELECTRIC MEMBERS CORP,7174,TVA,12.5377,12.5377,100.0000,2013034.3947,2013034.3947,100.0000
MISO_LRZ3_5,CITY OF APLINGTON,723,MISO,35.9755,35.9755,100.0000,1902625.1677,1902625.1677,100.0000
MISO_LRZ3_5,CITY OF GLIDDEN - (IA),7295,MISO,15.7173,15.7173,100.0000,2867102.7954,2867102.7954,100.0000
MISO_LRZ3_5,RACCOON VALLEY ELECTRIC COOPERATIVE,7303,MISO,26941.5860,26941.5860,100.0000,2604776694.7401,2604776694.7401,100.0000
MISO_LRZ3_5,GOWRIE MUNICIPAL UTILITIES,7424,MISO,21.3245,21.3245,100.0000,3726784.0100,3726784.0100,100.0000
MISO_LRZ3_5,GRAFTON ELECTRIC - (IA),7442,MISO,6.4930,6.4930,100.0000,830612.5771,830612.5771,100.0000
MISO_LRZ3_5,CITY OF GRAETTINGER - (IA),7443,MISO,9.9651,9.9651,100.0000,1953502.0017,1953502.0017,100.0000
MISO_LRZ3_5,CITY OF GRAND JUNCTION - (IA),7486,MISO,11.9910,11.9910,100.0000,2510462.8795,2510462.8795,100.0000
MISO_LRZ3_5,CITY OF GREENFIELD - (IA),7626,MISO,143.8636,143.8636,100.0000,4663947.4469,4663947.4469,100.0000
MISO_LRZ3_5,"GRUNDY ELECTRIC COOP, INC",7720,AECI,1746.6031,1746.6031,100.0000,425648319.8358,425648319.8358,100.0000
MISO_LRZ3_5,GRUNDY CENTER MUN LIGHT & POWER,7743,MISO,190.9624,190.9624,100.0000,6655514.1336,6655514.1336,100.0000
MISO_LRZ3_5,GUTHRIE COUNTY RURAL E C A,7750,MISO,32287.2385,32287.2385,100.0000,3135054477.8416,3135054477.8416,100.0000
MISO_LRZ3_5,GRUNDY COUNTY RURAL ELEC COOP,7864,MISO,20182.9070,20182.9070,100.0000,2273947211.3157,2273947211.3157,100.0000
MISO_LRZ3_5,CITY OF HANNIBAL - (MO),8055,MISO,28.3030,28.3030,100.0000,2011925.9377,2011925.9377,100.0000
MISO_LRZ3_5,HARLAN MUNICIPAL UTILITIES - (IA),8122,MISO,178.8558,178.8558,100.0000,5439293.8134,5439293.8134,100.0000
MISO_LRZ3_5,CITY OF HARTLEY - (IA),8214,SWPP,16.7157,16.7157,100.0000,3444966.2966,3444966.2966,100.0000
MISO_LRZ3_5,HARRISON COUNTY RRL ELEC COOP,8283,SWPP,14880.3152,14880.3152,100.0000,1878489667.9485,1878489667.9485,100.0000
MISO_LRZ3_5,CITY OF HAWARDEN - (IA),8288,MISO,61.5542,61.5542,100.0000,7498225.6582,7498225.6582,100.0000
MISO_LRZ3_5,HEARTLAND POWER COOP,8319,MISO,36464.6227,36464.6227,100.0000,3436294877.4106,3436294877.4106,100.0000
MISO_LRZ3_5,CITY OF HERMANN,8493,AECI,471.5821,471.5821,100.0000,7011905.6420,7011905.6420,100.0000
MISO_LRZ3_5,CITY OF HOPKINTON - (IA),8847,MISO,12.2881,12.2881,100.0000,1662962.8105,1662962.8105,100.0000
MISO_LRZ3_5,HOWARD ELECTRIC COOP,8911,AECI,12171.9353,12171.9353,100.0000,1378876157.9846,1378876157.9846,100.0000
MISO_LRZ3_5,CITY OF HUNNEWELL - (MO),9025,AECI,13.2112,13.2112,100.0000,1596415.1880,1596415.1880,100.0000
MISO_LRZ3_5,CITY OF INDEPENDENCE - (IA),9230,MISO,1493.3642,1493.3642,100.0000,6757550.7924,6757550.7924,100.0000
MISO_LRZ3_5,INDIANOLA MUNICIPAL UTILITIES,9275,MISO,13573.2042,13573.2042,100.0000,21567652.6162,21567652.6162,100.0000
MISO_LRZ3_5,INTERCOUNTY ELECTRIC COOP ASSN,9331,AECI,730.1890,730.1890,100.0000,88699715.2222,88699715.2222,100.0000
MISO_LRZ3_5,ATCHISON-HOLT ELECTRIC COOP,942,AECI,5.1078,5.1078,100.0000,1549638.9647,1549638.9647,100.0000
MISO_LRZ3_5,IOWA LAKES ELECTRIC COOP,9425,SWPP,94098.6178,94098.6178,100.0000,10292401038.1703,10292401038.1703,100.0000
MISO_LRZ3_5,CITY OF JACKSON - (MN),9599,MISO,1539.2004,1539.2004,100.0000,13410508.4126,13410508.4126,100.0000
MISO_LRZ3_5,CITY OF JACKSON - (MO),9603,MISO,7343.1163,7343.1163,100.0000,27867976.3124,27867976.3124,100.0000
MISO_LRZ3_5,ATLANTIC MUNICIPAL UTILITIES,965,MISO,1297.8014,1297.8014,100.0000,7361092.5550,7361092.5550,100.0000
MISO_LRZ3_5,"JO-CARROLL ENERGY, INC",9750,MISO,21782.1189,21782.1189,100.0000,895461249.7340,895461249.7340,100.0000
MISO_LRZ3_5,CITY OF AUBURN - (IA),995,MISO,8.1026,8.1026,100.0000,1286923.4343,1286923.4343,100.0000
MISO_LRZ3_5,CITY OF KAHOKA,9973,MISO,96.7367,96.7367,100.0000,4185690.9577,4185690.9577,100.0000
MISO_LRZ3_5,CITY OF KANSAS CITY - (KS),9996,SWPP,21728.4730,21728.4730,100.0000,41028261.7261,41028261.7261,100.0000
MISO_LRZ3_5,EAST-CENTRAL IOWA RURAL ELEC COOP,5588,MISO,70883.8232,70884.7629,99.9987,5155062664.2048,5155192847.9428,99.9975
MISO_LRZ3_5,CUIVRE RIVER ELECTRIC COOP INC,4675,AECI,434777.2132,434788.3963,99.9974,4632344121.4294,4633067317.5936,99.9844
MISO_LRZ3_5,EASTERN IOWA LIGHT & POWER COOP,5605,MISO,349091.7983,349112.6279,99.9940,8781855845.1686,8781973629.5194,99.9987
MISO_LRZ3_5,UNION ELECTRIC CO - (MO),19436,MISO,2780061.9727,2780396.5285,99.9880,54175488453.1771,54181406941.1110,99.9891
MISO_LRZ3_5,RALLS COUNTY ELECTRIC COOP,15672,AECI,21853.5883,21856.5860,99.9863,2157339146.2694,2157769532.6020,99.9801
MISO_LRZ3_5,LEWIS COUNTY RURAL E C A,10962,AECI,20538.4143,20542.2460,99.9813,3975517197.7842,3975926638.7424,99.9897
MISO_LRZ3_5,SEMO ELECTRIC COOPERATIVE,16805,AECI,68064.1459,68078.2585,99.9793,3986331143.0035,3987154972.4870,99.9793
MISO_LRZ3_5,ACCESS ENERGY COOP,16611,AECI,77188.0618,77216.0402,99.9638,4863984002.2791,4864239291.8082,99.9948
MISO_LRZ3_5,PEMISCOT-DUNKLIN ELEC COOP INC,14712,AECI,39397.1681,39413.0568,99.9597,2843981917.4700,2845412926.9386,99.9497
MISO_LRZ3_5,OZARK BORDER ELECTRIC COOP,14285,AECI,10478.2029,10486.8166,99.9179,442093645.1200,443057926.4082,99.7824
MISO_LRZ3_5,MAQUOKETA VALLEY RRL ELEC COOP,12642,MISO,157266.1310,157438.2389,99.8907,6350608473.2422,6372326359.6666,99.6592
MISO_LRZ3_5,NOBLES COOPERATIVE ELECTRIC,13684,MISO,40597.4900,40676.5863,99.8055,6147048893.0141,6167035888.2725,99.6759
MISO_LRZ3_5,COMMONWEALTH EDISON CO,4110,PJM,68069.2113,68313.1067,99.6430,2480914072.4416,2482750174.3936,99.9260
MISO_LRZ3_5,CITIZENS ELECTRIC CORPORATION - (MO),3600,MISO,17650.9965,17734.2665,99.5305,194877021.2885,196287256.1981,99.2815
MISO_LRZ3_5,FREEBORN MOWER ELECTRIC COOPERATIVE,6782,MISO,51285.1038,51692.7817,99.2113,4208817368.5454,4248554903.6233,99.0647
MISO_LRZ3_5,SOUTH CENTRAL ELECTRIC ASSN,17550,MISO,23501.0797,23811.3819,98.6968,3375493098.1542,3427694501.3981,98.4771
MISO_LRZ3_5,MISSOURI RURAL ELECTRIC COOP,12700,AECI,1843.5661,1873.8641,98.3831,370654015.5379,371379237.3916,99.8047
MISO_LRZ3_5,INTERSTATE POWER AND LIGHT CO,9417,MISO,1814368.3160,1865778.6442,97.2446,91837313846.6092,97392358477.2306,94.2962
MISO_LRZ3_5,CITY OF KIRKWOOD - (MO),10370,MISO,238.1302,253.0323,94.1106,136297.9171,314708.6356,43.3092
MISO_LRZ3_5,"FORKED DEER ELECTRIC COOP, INC",40236,TVA,56.8082,71.3628,79.6047,11218974.2036,12214350.5341,91.8508
MISO_LRZ3_5,BENCO ELECTRIC COOPERATIVE,1884,MISO,35983.8335,56772.5282,63.3825,3267968117.0262,4235934657.2888,77.1487
MISO_LRZ3_5,SIOUX VALLEY SW ELEC COOP,17267,SWPP,12157.4853,22665.4829,53.6388,2239499210.7363,5289442152.4389,42.3390
MISO_LRZ3_5,MIENERGY COOPERATIVE,19157,MISO,52076.4098,142321.3366,36.5907,5729355259.0859,13954764175.5582,41.0566
MISO_LRZ3_5,"ALLAMAKEE-CLAYTON EL COOP, INC",329,MISO,10196.4013,40983.4020,24.8793,1297002991.5338,5023463027.0173,25.8189
MISO_LRZ3_5,WAPA-- WESTERN AREA POWER ADMINISTRATION,27000,"WALC, WACM, SWPP",307520.0876,1380398.7793,22.2776,25651669193.8654,251385453773.6240,10.2041
MISO_LRZ3_5,CORN BELT ENERGY CORPORATION,4362,MISO,20819.4048,309961.2040,6.7168,864245472.1506,9192554607.3516,9.4016
MISO_LRZ3_5,STEELE-WASECA COOPERATIVE ELECTRIC,18047,MISO,1289.1490,36492.6967,3.5326,192910223.8546,2592807089.2069,7.4402
MISO_LRZ3_5,WPPI ENERGY,20858,NOT AVAILABLE,86492.9362,3103016.3070,2.7874,5004974045.7213,75722274763.0849,6.6096
MISO_LRZ3_5,AMEREN ILLINOIS COMPANY,56697,MISO,56203.6742,3118589.6707,1.8022,3239723916.8079,110378151478.7082,2.9351
MISO_LRZ3_5,PEOPLE'S COOPERATIVE SERVICES,14468,MISO,1335.2530,78644.6884,1.6978,211095686.2612,2962003624.3406,7.1268
MISO_LRZ3_5,NORTHERN STATES POWER CO - MINNESOTA,13781,MISO,47335.2739,3098863.7276,1.5275,751953074.8306,32236057002.4712,2.3326
MISO_LRZ3_5,BROWN COUNTY RURAL ELEC ASSN,2316,MISO,240.7511,17012.4942,1.4151,31661941.9056,2082108624.0210,1.5207
MISO_LRZ3_5,KENTUCKY UTILITIES CO,10171,LGEE,0.0857,19.6336,0.4364,7951.1033,945431.9517,0.8410
MISO_LRZ3_5,MINNESOTA VALLEY ELECTRIC COOP,12651,MISO,508.2148,132556.5851,0.3834,11833284.1317,2494244207.0779,0.4744
MISO_LRZ3_5,WESTERN ILLINOIS ELEC COOP,29296,MISO,38.0530,18936.3517,0.2010,649092.0682,2343845118.0661,0.0277
MISO_LRZ3_5,JACKSON PURCHASE ENERGY CORPORATION,9605,MISO,0.0575,38.3134,0.1501,6505.2703,2188381.7301,0.2973
MISO_LRZ3_5,"LYON ELECTRIC COOPERATIVE, INC.",11345,SWPP,14.0392,15081.7861,0.0931,5264920.5750,2716761165.3214,0.1938
MISO_LRZ3_5,"MONROE COUNTY ELEC COOP, INC",12803,MISO,52.7968,64368.2315,0.0820,1323949.4151,1614576004.5810,0.0820
MISO_LRZ3_5,CLAY COUNTY ELECTRIC COOP CORP,3712,MISO,22.6015,61183.0911,0.0369,2787481.7101,5297810421.7418,0.0526
MISO_LRZ3_5,MISSISSIPPI COUNTY ELECTRIC CO,12681,MISO,13.6424,40470.6682,0.0337,796700.5148,2374711027.0145,0.0335
MISO_LRZ3_5,ILLINOIS RURAL ELECTRIC COOP,9209,MISO,11.4359,72399.9739,0.0158,1349005.7066,6364132954.4080,0.0212
MISO_LRZ3_5,SCENIC RIVERS ENERGY COOP,16740,MISO,18.0649,193506.6164,0.0093,701344.9012,13405316650.5419,0.0052
MISO_LRZ3_5,ADAMS ELECTRIC COOP,97,MISO,3.8505,78189.0762,0.0049,182370.0584,3981607915.1731,0.0046
MISO_LRZ3_5,SOUTHERN ILLINOIS ELEC COOP,17631,MISO,7.5821,179015.3491,0.0042,381676.1306,7482227829.8071,0.0051
MISO_LRZ3_5,CITY OF ALTON,198,MISO,2.2118,61613.7214,0.0036,351723.7687,143968005.6659,0.2443
MISO_LRZ3_5,M J M ELECTRIC COOPERATIVE INC,8824,MISO,2.2556,73747.0667,0.0031,131426.6858,3384401141.0379,0.0039
MISO_LRZ3_5,SOUTHWESTERN ELECTRIC COOP INC - (IL),17697,MISO,15.4196,797709.0748,0.0019,279468.2307,18813512411.0076,0.0015
MISO_LRZ3_5,ENTERGY ARKANSAS LLC,814,MISO,34.6613,2038231.1405,0.0017,3483862.9742,104704278605.9768,0.0033
MISO_LRZ3_5,CRAIGHEAD ELECTRIC COOP CORP,4509,MISO,1.4008,180134.1912,0.0008,77674.4964,5817161029.2926,0.0013
MISO_LRZ3_5,REDWOOD ELECTRIC COOP,15750,MISO,0.0709,12939.9359,0.0005,19710.5874,2116660637.5652,0.0009
MISO_LRZ3_5,CITY WATER AND LIGHT PLANT,9879,MISO,0.2322,111230.9680,0.0002,23046.5897,1845859723.8991,0.0012
MISO_LRZ3_5,OTTER TAIL POWER CO,14232,MISO,0.5009,726927.7540,0.0001,149698.3265,131176352007.8146,0.0001
MISO_LRZ4,CITY OF MARSHALL - (IL),11736,MISO,948.7158,948.7158,100.0000,6284313.1709,6284313.1709,100.0000
MISO_LRZ4,CITY OF MASCOUTAH - (IL),11790,MISO,2306.1138,2306.1138,100.0000,7570495.1533,7570495.1533,100.0000
MISO_LRZ4,MCDONOUGH POWER COOP,12070,MISO,42244.7514,42244.7514,100.0000,2787524091.6722,2787524091.6722,100.0000
MISO_LRZ4,CITY OF MCLEANSBORO - (IL),12167,MISO,442.9729,442.9729,100.0000,3898538.0840,3898538.0840,100.0000
MISO_LRZ4,CITY OF METROPOLIS - (IL),12388,MISO,4384.3304,4384.3304,100.0000,8722540.5270,8722540.5270,100.0000
MISO_LRZ4,MENARD ELECTRIC COOP,12395,MISO,222981.9698,222981.9698,100.0000,6280980461.3844,6280980461.3844,100.0000
MISO_LRZ4,CITY OF NEWTON - (IL),13560,MISO,2627.8164,2627.8164,100.0000,5875231.4583,5875231.4583,100.0000
MISO_LRZ4,CITY OF OGLESBY - (IL),13993,MISO,2097.5092,2097.5092,100.0000,12264437.8328,12264437.8328,100.0000
MISO_LRZ4,CITY OF PERU - (IL),14840,MISO,15178.0067,15178.0067,100.0000,58506033.0004,58506033.0004,100.0000
MISO_LRZ4,CITY OF PRINCETON - (IL),15388,MISO,2307.1360,2307.1360,100.0000,14158014.3943,14158014.3943,100.0000
MISO_LRZ4,VILLAGE OF RANTOUL - (IL),15686,MISO,5782.6399,5782.6399,100.0000,18515609.8025,18515609.8025,100.0000
MISO_LRZ4,CITY OF RED BUD - (IL),15772,MISO,316.3668,316.3668,100.0000,5927616.0656,5927616.0656,100.0000
MISO_LRZ4,VILLAGE OF RIVERTON - (IL),16092,MISO,664.2235,664.2235,100.0000,8143689.9089,8143689.9089,100.0000
MISO_LRZ4,CITY OF ROODHOUSE - (IL),16269,MISO,399.6145,399.6145,100.0000,2918871.9932,2918871.9932,100.0000
MISO_LRZ4,RURAL ELECTRIC CONVEN COOP,16420,MISO,60470.6665,60470.6665,100.0000,2694564803.2103,2694564803.2103,100.0000
MISO_LRZ4,VILLAGE OF BETHANY - (IL),1648,MISO,35.1695,35.1695,100.0000,2535883.7206,2535883.7206,100.0000
MISO_LRZ4,"SHELBY ELECTRIC COOP, INC",17040,MISO,153097.3479,153097.3479,100.0000,4955401780.3752,4955401780.3752,100.0000
MISO_LRZ4,CITY OF SPRINGFIELD - (IL),17828,MISO,121382.7946,121382.7946,100.0000,245489111.0022,245489111.0022,100.0000
MISO_LRZ4,"SPOON RIVER ELECTRIC COOP, INC",17838,MISO,69874.9174,69874.9174,100.0000,3483289642.2898,3483289642.2898,100.0000
MISO_LRZ4,CITY OF SULLIVAN - (IL),18277,MISO,3268.9222,3268.9222,100.0000,7189899.7227,7189899.7227,100.0000
MISO_LRZ4,"TRI-COUNTY ELECTRIC COOP, INC (IL)",18955,MISO,83396.9510,83396.9510,100.0000,3966094008.0700,3966094008.0700,100.0000
MISO_LRZ4,CITY OF WATERLOO - (IL),20180,MISO,1001.8257,1001.8257,100.0000,15534215.3288,15534215.3288,100.0000
MISO_LRZ4,CITY OF BREESE - (IL),2188,MISO,489.5984,489.5984,100.0000,11870128.6542,11870128.6542,100.0000
MISO_LRZ4,CITY OF BUSHNELL - (IL),2634,MISO,140.7780,140.7780,100.0000,3827350.6969,3827350.6969,100.0000
MISO_LRZ4,CAIRO PUBLIC UTILITY COMPANY,2776,MISO,194.7862,194.7862,100.0000,5022198.8531,5022198.8531,100.0000
MISO_LRZ4,CITY OF CARLYLE - (IL),3037,MISO,340.0208,340.0208,100.0000,6576271.7824,6576271.7824,100.0000
MISO_LRZ4,CITY OF CARMI - (IL),3040,MISO,1619.8011,1619.8011,100.0000,6439498.0800,6439498.0800,100.0000
MISO_LRZ4,CITY OF CASEY - (IL),3153,MISO,146.4595,146.4595,100.0000,4437146.5643,4437146.5643,100.0000
MISO_LRZ4,VILLAGE OF CHATHAM - (IL),3405,MISO,3110.8737,3110.8737,100.0000,19082842.9973,19082842.9973,100.0000
MISO_LRZ4,CITY OF ALLENDALE- (IL),366,MISO,5.4910,5.4910,100.0000,794999.4573,794999.4573,100.0000
MISO_LRZ4,CLAY ELECTRIC COOP INC,3726,MISO,13881.7660,13881.7660,100.0000,1292573620.7181,1292573620.7181,100.0000
MISO_LRZ4,"CLINTON COUNTY ELEC COOP, INC",3806,MISO,63525.6031,63525.6031,100.0000,1781987064.7171,1781987064.7171,100.0000
MISO_LRZ4,COLES-MOULTRIE ELECTRIC COOP,3931,MISO,66955.5949,66955.5949,100.0000,2573481646.8642,2573481646.8642,100.0000
MISO_LRZ4,VILLAGE OF LADD - (IL),40367,MISO,269.8785,269.8785,100.0000,3128847.4784,3128847.4784,100.0000
MISO_LRZ4,CITY OF ALTAMONT - (IL),406,MISO,82.5393,82.5393,100.0000,3995393.5425,3995393.5425,100.0000
MISO_LRZ4,EGYPTIAN ELECTRIC COOP ASSN,5535,MISO,109277.8178,109277.8178,100.0000,3895310909.6681,3895310909.6681,100.0000
MISO_LRZ4,CITY OF FAIRFIELD- (IL),6141,MISO,1161.2133,1161.2133,100.0000,7467596.3687,7467596.3687,100.0000
MISO_LRZ4,CITY OF FARMER CITY - (IL),6192,MISO,104.6077,104.6077,100.0000,6326319.3384,6326319.3384,100.0000
MISO_LRZ4,CITY OF FLORA - (IL),6417,MISO,825.8983,825.8983,100.0000,5888564.2765,5888564.2765,100.0000
MISO_LRZ4,FLORA UTILITIES,6425,PJM,823.6502,823.6502,100.0000,5871710.8155,5871710.8155,100.0000
MISO_LRZ4,VILLAGE OF FREEBURG - (IL),6764,MISO,2318.8245,2318.8245,100.0000,18404327.1109,18404327.1109,100.0000
MISO_LRZ4,VILLAGE OF GREENUP - (IL),7633,MISO,44.6362,44.6362,100.0000,4534538.0820,4534538.0820,100.0000
MISO_LRZ4,CITY OF HIGHLAND,8573,MISO,9797.9611,9797.9611,100.0000,27620155.1675,27620155.1675,100.0000
MISO_LRZ4,EASTERN ILLINOIS ELEC COOP,5585,MISO,293391.3464,293394.3334,99.9990,9779398210.4535,9779786172.5193,99.9960
MISO_LRZ4,SOUTHWESTERN ELECTRIC COOP INC - (IL),17697,MISO,797693.6552,797709.0748,99.9981,18813232942.7769,18813512411.0076,99.9985
MISO_LRZ4,M J M ELECTRIC COOPERATIVE INC,8824,MISO,73744.8111,73747.0667,99.9969,3384269714.3521,3384401141.0379,99.9961
MISO_LRZ4,CITY OF ALTON,198,MISO,61611.5096,61613.7214,99.9964,143616281.8972,143968005.6659,99.7557
MISO_LRZ4,SOUTHERN ILLINOIS ELEC COOP,17631,MISO,179007.7670,179015.3491,99.9958,7481846153.6765,7482227829.8071,99.9949
MISO_LRZ4,ADAMS ELECTRIC COOP,97,MISO,78185.2257,78189.0762,99.9951,3981425545.1147,3981607915.1731,99.9954
MISO_LRZ4,"SOUTHEASTERN IL ELEC COOP, INC",17585,MISO,131756.1567,131765.0270,99.9933,6364678208.6022,6366112150.6904,99.9775
MISO_LRZ4,ILLINOIS RURAL ELECTRIC COOP,9209,MISO,72388.5380,72399.9739,99.9842,6362783948.7014,6364132954.4080,99.9788
MISO_LRZ4,ENERSTAR POWER CORP,5531,MISO,30097.7331,30109.2963,99.9616,2994672652.6904,2995821921.8415,99.9616
MISO_LRZ4,WAYNE-WHITE COUNTIES ELEC COOP,20222,MISO,45545.2657,45581.0847,99.9214,4804539409.4766,4806658220.5113,99.9559
MISO_LRZ4,"MONROE COUNTY ELEC COOP, INC",12803,MISO,64315.4347,64368.2315,99.9180,1613252055.1659,1614576004.5810,99.9180
MISO_LRZ4,NORRIS ELECTRIC COOP,13292,MISO,110207.6115,110305.4623,99.9113,6703516458.3005,6706812797.6187,99.9509
MISO_LRZ4,JACKSON PURCHASE ENERGY CORPORATION,9605,MISO,38.2559,38.3134,99.8499,2181876.4598,2188381.7301,99.7027
MISO_LRZ4,WESTERN ILLINOIS ELEC COOP,29296,MISO,18898.2988,18936.3517,99.7990,2343196025.9979,2343845118.0661,99.9723
MISO_LRZ4,MT CARMEL PUBLIC UTILITY CO,13032,MISO,8893.2127,8984.3865,98.9852,254310507.2893,255674020.2135,99.4667
MISO_LRZ4,AMEREN ILLINOIS COMPANY,56697,MISO,3062224.3149,3118589.6707,98.1926,107130285954.9453,110378151478.7082,97.0575
MISO_LRZ4,CORN BELT ENERGY CORPORATION,4362,MISO,289141.7992,309961.2040,93.2832,8328309135.2011,9192554607.3516,90.5984
MISO_LRZ4,KENTUCKY UTILITIES CO,10171,LGEE,4.8535,19.6336,24.7203,488298.0560,945431.9517,51.6481
MISO_LRZ4,CITY OF KIRKWOOD - (MO),10370,MISO,14.9021,253.0323,5.8894,178410.7185,314708.6356,56.6908
MISO_LRZ4,KENERGY CORP,9964,MISO,6.7014,183.2022,3.6579,1007929.2121,3444280.3552,29.2639
MISO_LRZ4,MISSOURI RURAL ELECTRIC COOP,12700,AECI,30.2979,1873.8641,1.6169,725221.8537,371379237.3916,0.1953
MISO_LRZ4,CITIZENS ELECTRIC CORPORATION - (MO),3600,MISO,83.2700,17734.2665,0.4695,1410234.9096,196287256.1981,0.7185
MISO_LRZ4,WESTERN INDIANA ENERGY REMC,25295,MISO,69.8784,108443.1891,0.0644,5104586.8796,4910133675.6938,0.1040
MISO_LRZ4,WARREN COUNTY RURAL E M C,20111,MISO,8.6047,15899.5071,0.0541,1459815.6870,1725786476.2636,0.0846
MISO_LRZ4,ACCESS ENERGY COOP,16611,AECI,27.9783,77216.0402,0.0362,255289.5291,4864239291.8082,0.0052
MISO_LRZ4,NEWTON COUNTY RURAL E M C,13566,MISO,2.5951,10784.4581,0.0241,377760.7918,1133990000.3740,0.0333
MISO_LRZ4,SEMO ELECTRIC COOPERATIVE,16805,AECI,14.1126,68078.2585,0.0207,823829.4835,3987154972.4870,0.0207
MISO_LRZ4,LEWIS COUNTY RURAL E C A,10962,AECI,3.8317,20542.2460,0.0187,409440.9582,3975926638.7424,0.0103
MISO_LRZ4,RALLS COUNTY ELECTRIC COOP,15672,AECI,2.9977,21856.5860,0.0137,430386.3326,2157769532.6020,0.0199
MISO_LRZ4,UNION ELECTRIC CO - (MO),19436,MISO,325.6614,2780396.5285,0.0117,5165200.3684,54181406941.1110,0.0095
MISO_LRZ4,INTERSTATE POWER AND LIGHT CO,9417,MISO,182.5748,1865778.6442,0.0098,2425167.7731,97392358477.2306,0.0025
MISO_LRZ4,SOUTHERN INDIANA GAS & ELEC CO,17633,MISO,23.9286,320999.2218,0.0075,2937270.9788,4049765683.0860,0.0725
MISO_LRZ4,EASTERN IOWA LIGHT & POWER COOP,5605,MISO,20.8295,349112.6279,0.0060,117784.3509,8781973629.5194,0.0013
MISO_LRZ4,CUIVRE RIVER ELECTRIC COOP INC,4675,AECI,11.1832,434788.3963,0.0026,723196.1642,4633067317.5936,0.0156
MISO_LRZ4,"DUKE ENERGY INDIANA, LLC",15470,MISO,72.6642,3063027.4204,0.0024,5145586.1371,59004439875.5825,0.0087
MISO_LRZ4,NORTHERN INDIANA PUB SERV CO,13756,MISO,0.4096,1190318.1106,0.0000,62770.4945,16381144790.6465,0.0004
MISO_LRZ6,TOWN OF KINGSFORD HEIGHTS,10330,MISO,53.9611,53.9611,100.0000,2300699.4789,2300699.4789,100.0000
MISO_LRZ6,TOWN OF KNIGHTSTOWN - (IN),10407,PJM,183.6541,183.6541,100.0000,4048003.0967,4048003.0967,100.0000
MISO_LRZ6,KOSCIUSKO COUNTY RURAL E M C,10448,MISO,73328.8748,73328.8748,100.0000,1365417065.5762,1365417065.5762,100.0000
MISO_LRZ6,LA PORTE CITY UTILITIES,10542,MISO,46664.9839,46664.9839,100.0000,101971806.7688,101971806.7688,100.0000
MISO_LRZ6,LAGRANGE COUNTY RURAL E M C,10562,MISO,44588.1014,44588.1014,100.0000,1017961912.5314,1017961912.5314,100.0000
MISO_LRZ6,TOWN OF LADOGA - (IN),10568,MISO,24.8030,24.8030,100.0000,1390746.1996,1390746.1996,100.0000
MISO_LRZ6,LAWRENCEBURG MUNICIPAL UTILS,10798,MISO,3328.9989,3328.9989,100.0000,14216363.6501,14216363.6501,100.0000
MISO_LRZ6,CITY OF LEWISVILLE - (IN),10961,MISO,13.3922,13.3922,100.0000,667739.7751,667739.7751,100.0000
MISO_LRZ6,CITY OF LINTON - (IN),11055,MISO,4993.7237,4993.7237,100.0000,12636254.8617,12636254.8617,100.0000
MISO_LRZ6,CITY OF LOGANSPORT - (IN),11142,MISO,17982.1154,17982.1154,100.0000,32824400.7167,32824400.7167,100.0000
MISO_LRZ6,TOWN OF BAINBRIDGE - (IN),1119,MISO,21.6552,21.6552,100.0000,1037451.0592,1037451.0592,100.0000
MISO_LRZ6,LOUISVILLE GAS & ELECTRIC CO,11249,LGEE,111.8049,111.8049,100.0000,567252.4606,567252.4606,100.0000
MISO_LRZ6,MARSHALL COUNTY RURAL E M C,11767,MISO,44382.2403,44382.2403,100.0000,1099178163.9757,1099178163.9757,100.0000
MISO_LRZ6,TOWN OF BARGERSVILLE - (IN),1208,MISO,8955.8235,8955.8235,100.0000,48499199.0382,48499199.0382,100.0000
MISO_LRZ6,MEADE COUNTY RURAL E C C,12243,MISO,33.6390,33.6390,100.0000,2240582.5240,2240582.5240,100.0000
MISO_LRZ6,MIAMI-CASS COUNTY RURAL E M C,12406,MISO,55269.7388,55269.7388,100.0000,1378143805.0726,1378143805.0726,100.0000
MISO_LRZ6,TOWN OF MIDDLETOWN - (IN),12476,MISO,207.6127,207.6127,100.0000,3614212.6627,3614212.6627,100.0000
MISO_LRZ6,"MIDWEST ELECTRIC, INC",12515,PJM,0.0443,0.0443,100.0000,1820.8706,1820.8706,100.0000
MISO_LRZ6,BARTHOLOMEW COUNTY RURAL E M C,1283,MISO,84121.1793,84121.1793,100.0000,1027872502.8019,1027872502.8019,100.0000
MISO_LRZ6,TOWN OF MONTEZUMA - (IN),12840,MISO,25.8178,25.8178,100.0000,1570368.6820,1570368.6820,100.0000
MISO_LRZ6,SOUTH CENTRAL INDIANA REMC,12929,MISO,119209.0591,119209.0591,100.0000,2670794307.1049,2670794307.1049,100.0000
MISO_LRZ6,CITY OF NILES - (MI),13604,PJM,0.0902,0.0902,100.0000,1068.8118,1068.8118,100.0000
MISO_LRZ6,CITY OF NEW ROSS - (IN),13782,MISO,13.7901,13.7901,100.0000,773235.0152,773235.0152,100.0000
MISO_LRZ6,ORANGE COUNTY RURAL E M C,14160,MISO,21148.2445,21148.2445,100.0000,1145187608.4153,1145187608.4153,100.0000
MISO_LRZ6,OWEN ELECTRIC COOP INC,14251,PJM,8.8370,8.8370,100.0000,289818.5023,289818.5023,100.0000
MISO_LRZ6,CITY OF OWENSBORO - (KY),14268,LGEE,9.6479,9.6479,100.0000,33928.5751,33928.5751,100.0000
MISO_LRZ6,TOWN OF PAOLI,14435,MISO,1076.8648,1076.8648,100.0000,5913678.3212,5913678.3212,100.0000
MISO_LRZ6,PARKE COUNTY RURAL E M C,14471,MISO,47526.3744,47526.3744,100.0000,2208468063.1002,2208468063.1002,100.0000
MISO_LRZ6,"PAULDING-PUTMAN ELEC COOP, INC",14599,PJM,74.4795,74.4795,100.0000,1570223.7297,1570223.7297,100.0000
MISO_LRZ6,TOWN OF PENDLETON - (IN),14659,MISO,5840.1849,5840.1849,100.0000,34790101.3856,34790101.3856,100.0000
MISO_LRZ6,CITY OF PERU - (IN),14839,MISO,10684.1837,10684.1837,100.0000,23763028.7188,23763028.7188,100.0000
MISO_LRZ6,TOWN OF PITTSBORO - (IN),15116,MISO,896.5119,896.5119,100.0000,10611483.1268,10611483.1268,100.0000
MISO_LRZ6,TOWN OF ADVANCE - (IN),157,MISO,31.7457,31.7457,100.0000,1525826.9409,1525826.9409,100.0000
MISO_LRZ6,CITY OF RENSSELAER - (IN),15860,MISO,151.4692,151.4692,100.0000,7447235.1203,7447235.1203,100.0000
MISO_LRZ6,CITY OF RICHMOND - (IN),15989,PJM,29188.3590,29188.3590,100.0000,59348865.8708,59348865.8708,100.0000
MISO_LRZ6,CITY OF RISING SUN - (IN),16068,MISO,562.0111,562.0111,100.0000,4194981.7970,4194981.7970,100.0000
MISO_LRZ6,TOWN OF ROCKVILLE - (IN),16219,MISO,16155.2362,16155.2362,100.0000,1165432054.7927,1165432054.7927,100.0000
MISO_LRZ6,CITY OF SCOTTSBURG - (IN),16830,MISO,5700.3182,5700.3182,100.0000,18819888.3191,18819888.3191,100.0000
MISO_LRZ6,RUSHSHELBY ENERGY,17038,MISO,79878.0499,79878.0499,100.0000,2518142719.9533,2518142719.9533,100.0000
MISO_LRZ6,"SHELBY ENERGY CO-OP, INC",17044,PJM,11.5098,11.5098,100.0000,214649.6353,214649.6353,100.0000
MISO_LRZ6,TOWN OF SOUTH WHITLEY - (IN),17589,PJM,44.3133,44.3133,100.0000,1942343.1517,1942343.1517,100.0000
MISO_LRZ6,SOUTHEASTERN INDIANA R E M C,17599,MISO,100619.5601,100619.5601,100.0000,3658951540.0418,3658951540.0418,100.0000
MISO_LRZ6,TOWN OF SPICELAND - (IN),17790,PJM,75.7329,75.7329,100.0000,3776055.6766,3776055.6766,100.0000
MISO_LRZ6,TOWN OF STRAUGHN - (IN),18250,MISO,7.3281,7.3281,100.0000,365381.1458,365381.1458,100.0000
MISO_LRZ6,CITY OF TELL CITY - (IN),18538,MISO,19138.7201,19138.7201,100.0000,999951579.8595,999951579.8595,100.0000
MISO_LRZ6,CITY OF THORNTOWN - (IN),18887,MISO,28.0025,28.0025,100.0000,1587903.0163,1587903.0163,100.0000
MISO_LRZ6,TIPMONT RURAL ELEC MEMBER CORP,18940,MISO,220051.1744,220051.1744,100.0000,3139879724.1680,3139879724.1680,100.0000
MISO_LRZ6,CITY OF TROY - (IN),19227,MISO,38942.2857,38942.2857,100.0000,2038840224.0023,2038840224.0023,100.0000
MISO_LRZ6,"SOUTHERN INDIANA R E C, INC",19445,MISO,38957.0501,38957.0501,100.0000,2043676569.8274,2043676569.8274,100.0000
MISO_LRZ6,DUKE ENERGY KENTUCKY,19446,PJM,0.1670,0.1670,100.0000,2694.2583,2694.2583,100.0000
MISO_LRZ6,UTILITIES DIST-WESTERN IN REMC,19667,MISO,57567.1065,57567.1065,100.0000,2901558197.2483,2901558197.2483,100.0000
MISO_LRZ6,TOWN OF VEEDERSBURG - (IN),19771,MISO,146.3991,146.3991,100.0000,7778611.5824,7778611.5824,100.0000
MISO_LRZ6,TOWN OF WALKERTON - (IN),20021,MISO,292.8001,292.8001,100.0000,7123234.9483,7123234.9483,100.0000
MISO_LRZ6,CITY OF WASHINGTON - (IN),20139,PJM,8500.2739,8500.2739,100.0000,17127927.7014,17127927.7014,100.0000
MISO_LRZ6,WHITEWATER VALLEY RURAL EMC,20216,MISO,109419.3052,109419.3052,100.0000,2529312303.5400,2529312303.5400,100.0000
MISO_LRZ6,CITY OF WAYNETOWN - (IN),20226,PJM,57.1437,57.1437,100.0000,1152454.6691,1152454.6691,100.0000
MISO_LRZ6,NORTHEASTERN RURAL E M C,20603,PJM,4228.6376,4228.6376,100.0000,189029158.8696,189029158.8696,100.0000
MISO_LRZ6,CITY OF WILLIAMSPORT - (IN),20730,MISO,532.9883,532.9883,100.0000,3378897.8007,3378897.8007,100.0000
MISO_LRZ6,TOWN OF WINAMAC - (IN),20792,MISO,329.6769,329.6769,100.0000,3656450.9516,3656450.9516,100.0000
MISO_LRZ6,BREMEN ELECTRIC LIGHT & POWER CO,2192,MISO,1394.4084,1394.4084,100.0000,6196517.3311,6196517.3311,100.0000
MISO_LRZ6,CLARK COUNTY RURAL E M C - (IN),22822,MISO,115395.3551,115395.3551,100.0000,1126789191.3786,1126789191.3786,100.0000
MISO_LRZ6,TOWN OF BROOKLYN,2289,MISO,159.8590,159.8590,100.0000,2595874.9051,2595874.9051,100.0000
MISO_LRZ6,TOWN OF BROOKSTON - (IN),2304,MISO,32.1265,32.1265,100.0000,1709562.3463,1709562.3463,100.0000
MISO_LRZ6,BOONE COUNTY RURAL EMC,24753,MISO,77468.4341,77468.4341,100.0000,1423856389.6527,1423856389.6527,100.0000
MISO_LRZ6,AGC DIVISION OF APGI INC,261,MISO,63825.2300,63825.2300,100.0000,1012333535.3005,1012333535.3005,100.0000
MISO_LRZ6,BUTLER RURAL ELECTRIC COOP INC - (OH),2651,PJM,77.3947,77.3947,100.0000,4280977.4308,4280977.4308,100.0000
MISO_LRZ6,CARROLL-WHITE REMC,27599,MISO,61717.1148,61717.1148,100.0000,3236218153.9558,3236218153.9558,100.0000
MISO_LRZ6,CANNELTON UTILITIES,2964,MISO,345.9509,345.9509,100.0000,4045527.8076,4045527.8076,100.0000
MISO_LRZ6,TOWN OF CENTERVILLE - (IN),3230,MISO,1176.1181,1176.1181,100.0000,9173872.7966,9173872.7966,100.0000
MISO_LRZ6,TOWN OF CHALMERS - (IN),3323,MISO,12.8998,12.8998,100.0000,782025.6552,782025.6552,100.0000
MISO_LRZ6,DUKE ENERGY OHIO INC,3542,PJM,33.3716,33.3716,100.0000,204424.7798,204424.7798,100.0000
MISO_LRZ6,TOWN OF COATESVILLE - (IN),3815,MISO,45.3890,45.3890,100.0000,1724487.8664,1724487.8664,100.0000
MISO_LRZ6,CITY OF COVINGTON - (IN),4429,MISO,90.5435,90.5435,100.0000,2873683.0713,2873683.0713,100.0000
MISO_LRZ6,"CRAWFORDSVILLE ELEC, LGT & PWR",4508,MISO,12049.8323,12049.8323,100.0000,31104416.2281,31104416.2281,100.0000
MISO_LRZ6,"DARKE RURAL ELECTRIC COOP, INC",4796,PJM,0.9810,0.9810,100.0000,37363.2438,37363.2438,100.0000
MISO_LRZ6,DARLINGTON LIGHT & POWER CO,4799,MISO,8.8747,8.8747,100.0000,866981.6165,866981.6165,100.0000
MISO_LRZ6,DAVIESS MARTIN COUNTY R E M C,4848,MISO,46066.6849,46066.6849,100.0000,2171302040.8130,2171302040.8130,100.0000
MISO_LRZ6,DAYTON POWER & LIGHT CO,4922,PJM,0.4837,0.4837,100.0000,14152.0027,14152.0027,100.0000
MISO_LRZ6,DECATUR COUNTY RURAL E M C,4960,MISO,37544.4650,37544.4650,100.0000,1306614635.7465,1306614635.7465,100.0000
MISO_LRZ6,TOWN OF DUNREITH - (IN),5071,MISO,6.4650,6.4650,100.0000,322345.1954,322345.1954,100.0000
MISO_LRZ6,DUBLIN MUNICIPAL ELECTRIC UTIL,5392,MISO,120.4545,120.4545,100.0000,1373473.1167,1373473.1167,100.0000
MISO_LRZ6,DUBOIS RURAL ELECTRIC COOP INC,5394,MISO,47076.5648,47076.5648,100.0000,1445725160.2822,1445725160.2822,100.0000
MISO_LRZ6,"EAST KENTUCKY POWER COOP, INC",5580,NOT AVAILABLE,20.3468,20.3468,100.0000,504468.1376,504468.1376,100.0000
MISO_LRZ6,EDINBURGH MUNICIPAL UTILITIES,5655,MISO,3915.0662,3915.0662,100.0000,8043810.1722,8043810.1722,100.0000
MISO_LRZ6,TOWN OF ETNA GREEN,5928,MISO,40.0780,40.0780,100.0000,1298948.4188,1298948.4188,100.0000
MISO_LRZ6,HEARTLAND REMC,59505,PJM,64259.8582,64259.8582,100.0000,1868426863.7524,1868426863.7524,100.0000
MISO_LRZ6,TOWN OF FERDINAND - (IN),6276,MISO,218.2117,218.2117,100.0000,6043752.0741,6043752.0741,100.0000
MISO_LRZ6,CITY OF ANDERSON - (IN),636,PJM,65152.0453,65152.0453,100.0000,155836395.3059,155836395.3059,100.0000
MISO_LRZ6,CITY OF FRANKFORT - (IN),6707,MISO,15494.2277,15494.2277,100.0000,20056755.7949,20056755.7949,100.0000
MISO_LRZ6,TOWN OF FRANKTON - (IN),6735,PJM,830.3333,830.3333,100.0000,2741109.0175,2741109.0175,100.0000
MISO_LRZ6,FULTON COUNTY RURAL E M C,6848,MISO,27223.3877,27223.3877,100.0000,1388790390.3348,1388790390.3348,100.0000
MISO_LRZ6,CITY OF GREENDALE,6907,MISO,5147.4458,5147.4458,100.0000,22794433.5555,22794433.5555,100.0000
MISO_LRZ6,CITY OF GREENFIELD - (IN),7627,MISO,17719.6248,17719.6248,100.0000,36348704.1387,36348704.1387,100.0000
MISO_LRZ6,TOWN OF ARGOS,789,MISO,63.5793,63.5793,100.0000,3355612.4195,3355612.4195,100.0000
MISO_LRZ6,CITY OF HAGERSTOWN - (IN),7907,MISO,153.1939,153.1939,100.0000,3421721.0367,3421721.0367,100.0000
MISO_LRZ6,NINESTAR CONNECT,8000,MISO,83202.7236,83202.7236,100.0000,779870299.7472,779870299.7472,100.0000
MISO_LRZ6,HARRISON COUNTY RURAL E M C,8179,MISO,279391.2418,279391.2418,100.0000,4754522748.4301,4754522748.4301,100.0000
MISO_LRZ6,HENDRICKS COUNTY RURAL E M C,8447,MISO,193289.1680,193289.1680,100.0000,1931949528.1120,1931949528.1120,100.0000
MISO_LRZ6,HENDERSON CITY UTILITY COMM,8449,MISO,89.0973,89.0973,100.0000,148402.3425,148402.3425,100.0000
MISO_LRZ6,HENRY COUNTY RURAL E M C,8466,MISO,58060.7295,58060.7295,100.0000,1165038726.9513,1165038726.9513,100.0000
MISO_LRZ6,CITY OF HUNTINGBURG - (IN),9088,MISO,2063.3504,2063.3504,100.0000,6872326.3822,6872326.3822,100.0000
MISO_LRZ6,INDIANAPOLIS POWER & LIGHT CO,9273,MISO,1075543.9629,1075543.9629,100.0000,1491294311.6978,1491294311.6978,100.0000
MISO_LRZ6,JACKSON COUNTY RURAL E M C - (IN),9576,MISO,110890.8632,110890.8632,100.0000,3782606151.1913,3782606151.1913,100.0000
MISO_LRZ6,CITY OF LEBANON - (IN),9613,MISO,10005.7027,10005.7027,100.0000,16881407.3271,16881407.3271,100.0000
MISO_LRZ6,TOWN OF JAMESTOWN - (IN),9646,MISO,47.9095,47.9095,100.0000,2318943.2666,2318943.2666,100.0000
MISO_LRZ6,JASPER COUNTY RURAL E M C,9665,MISO,32673.5386,32673.5386,100.0000,1384828154.8425,1384828154.8425,100.0000
MISO_LRZ6,CITY OF JASPER - (IN),9667,MISO,7546.8988,7546.8988,100.0000,28899908.2016,28899908.2016,100.0000
MISO_LRZ6,JOHNSON COUNTY RURAL E M C,9778,MISO,294076.8204,294076.8204,100.0000,3782933415.4993,3782933415.4993,100.0000
MISO_LRZ6,CITY OF AUBURN - (IN),994,PJM,151.5345,151.5345,100.0000,3843142.5651,3843142.5651,100.0000
MISO_LRZ6,KANKAKEE VALLEY RURAL E M C,9999,MISO,104714.0366,104714.0366,100.0000,2579945176.5305,2579945176.5305,100.0000
MISO_LRZ6,NORTHERN INDIANA PUB SERV CO,13756,MISO,1190310.4968,1190318.1106,99.9994,16380915639.9861,16381144790.6465,99.9986
MISO_LRZ6,"DUKE ENERGY INDIANA, LLC",15470,MISO,3062954.7562,3063027.4204,99.9976,58999294289.4454,59004439875.5825,99.9913
MISO_LRZ6,NOBLE COUNTY R E M C,13647,PJM,269388.1753,269395.4163,99.9973,4744310224.5752,4744477526.7699,99.9965
MISO_LRZ6,SOUTHERN INDIANA GAS & ELEC CO,17633,MISO,320975.2933,320999.2218,99.9925,4046828412.1072,4049765683.0860,99.9275
MISO_LRZ6,NEWTON COUNTY RURAL E M C,13566,MISO,10781.8630,10784.4581,99.9759,1133612239.5822,1133990000.3740,99.9667
MISO_LRZ6,WARREN COUNTY RURAL E M C,20111,MISO,15890.9024,15899.5071,99.9459,1724326660.5767,1725786476.2636,99.9154
MISO_LRZ6,WESTERN INDIANA ENERGY REMC,25295,MISO,108373.3107,108443.1891,99.9356,4905029088.8143,4910133675.6938,99.8960
MISO_LRZ6,STEUBEN COUNTY RURAL E M C,18100,MISO,37152.5884,37190.0357,99.8993,964598422.5223,966156668.6525,99.8387
MISO_LRZ6,KENERGY CORP,9964,MISO,176.5008,183.2022,96.3421,2436351.1431,3444280.3552,70.7361
MISO_LRZ6,KENTUCKY UTILITIES CO,10171,LGEE,14.6944,19.6336,74.8433,449182.7924,945431.9517,47.5109
MISO_LRZ6,MIDWEST ENERGY COOPERATIVE,12377,PJM,139203.8808,412863.5551,33.7167,1929128752.8749,5647986660.6605,34.1560
MISO_LRZ6,"NORTH WESTERN ELEC COOP, INC",13704,PJM,0.0330,0.3836,8.5904,1194.7691,27336.1480,4.3707
MISO_LRZ6,THE TOLEDO EDISON CO,18997,PJM,2.0381,157.0561,1.2977,143380.2872,8958625.2811,1.6005
MISO_LRZ6,MT CARMEL PUBLIC UTILITY CO,13032,MISO,91.1737,8984.3865,1.0148,1363512.9241,255674020.2135,0.5333
MISO_LRZ6,COMMONWEALTH EDISON CO,4110,PJM,170.3911,68313.1067,0.2494,385644.5235,2482750174.3936,0.0155
MISO_LRZ6,NORRIS ELECTRIC COOP,13292,MISO,97.8508,110305.4623,0.0887,3296339.3182,6706812797.6187,0.0491
MISO_LRZ6,WAYNE-WHITE COUNTIES ELEC COOP,20222,MISO,35.8190,45581.0847,0.0786,2118811.0348,4806658220.5113,0.0441
MISO_LRZ6,ENERSTAR POWER CORP,5531,MISO,11.5633,30109.2963,0.0384,1149269.1512,2995821921.8415,0.0384
MISO_LRZ6,VILLAGE OF UNION CITY - (MI),19432,MISO,6.3791,40707.8919,0.0157,312659.6513,1154540374.8517,0.0271
MISO_LRZ6,"SOUTHEASTERN IL ELEC COOP, INC",17585,MISO,8.8704,131765.0270,0.0067,1433942.0881,6366112150.6904,0.0225
MISO_LRZ6,AMEREN ILLINOIS COMPANY,56697,MISO,161.6816,3118589.6707,0.0052,8141606.9550,110378151478.7082,0.0074
MISO_LRZ6,EASTERN ILLINOIS ELEC COOP,5585,MISO,2.9869,293394.3334,0.0010,387962.0658,9779786172.5193,0.0040
MISO_LRZ6,CONSUMERS ENERGY CO,4254,MISO,9.6321,4127195.4385,0.0002,429758.7270,74685135803.6483,0.0006
MISO_LRZ8_9_10,CITY OF AUGUSTA - (AR),1000,MISO,20.9939,20.9939,100.0000,5412080.3310,5412080.3310,100.0000
MISO_LRZ8_9_10,CITY OF KAPLAN - (LA),10025,MISO,998.1881,998.1881,100.0000,5602202.1909,5602202.1909,100.0000
MISO_LRZ8_9_10,KIRBYVILLE LIGHT & POWER CO,10359,MISO,801.0431,801.0431,100.0000,6282151.3939,6282151.3939,100.0000
MISO_LRZ8_9_10,CITY OF KOSCIUSKO - (MS),10447,MISO,21.3265,21.3265,100.0000,64768.2020,64768.2020,100.0000
MISO_LRZ8_9_10,CITY OF LELAND - (MS),10892,MISO,743.0346,743.0346,100.0000,4995419.7052,4995419.7052,100.0000
MISO_LRZ8_9_10,CITY OF LIBERTY - (TX),10982,MISO,237.6932,237.6932,100.0000,9048686.0649,9048686.0649,100.0000
MISO_LRZ8_9_10,CITY OF LIVINGSTON - (TX),11097,MISO,311.0564,311.0564,100.0000,14157217.7060,14157217.7060,100.0000
MISO_LRZ8_9_10,ENTERGY LOUISIANA LLC,11241,MISO,3589368.1330,3589368.1330,100.0000,96642124617.5009,96642124617.5009,100.0000
MISO_LRZ8_9_10,MAGNOLIA ELECTRIC POWER ASSN,11519,MISO,109314.2943,109314.2943,100.0000,5595232498.8527,5595232498.8527,100.0000
MISO_LRZ8_9_10,CITY OF MEMPHIS - (TN),12293,TVA,254.2902,254.2902,100.0000,5587515.0903,5587515.0903,100.0000
MISO_LRZ8_9_10,MID-SOUTH ELECTRIC COOP ASSN,12452,ERCO,324168.3295,324168.3295,100.0000,4837340624.3507,4837340624.3507,100.0000
MISO_LRZ8_9_10,CITY OF MINDEN - (LA),12625,MISO,7636.4138,7636.4138,100.0000,25608371.4116,25608371.4116,100.0000
MISO_LRZ8_9_10,ENTERGY MISSISSIPPI LLC,12685,MISO,1239489.2565,1239489.2565,100.0000,54361600681.3482,54361600681.3482,100.0000
MISO_LRZ8_9_10,MISSISSIPPI POWER CO,12686,SOCO,822615.3236,822615.3236,100.0000,27166921234.7072,27166921234.7072,100.0000
MISO_LRZ8_9_10,"BARTLETT ELECTRIC COOP, INC",1273,ERCO,17638.9603,17638.9603,100.0000,1752792813.3223,1752792813.3223,100.0000
MISO_LRZ8_9_10,MORGAN CITY - (LA),12927,MISO,16003.6828,16003.6828,100.0000,62458135.6861,62458135.6861,100.0000
MISO_LRZ8_9_10,NATCHEZ TRACE ELEC POWER ASSN,13227,TVA,1401.6459,1401.6459,100.0000,141354524.7483,141354524.7483,100.0000
MISO_LRZ8_9_10,CITY OF NATCHITOCHES,13228,MISO,10927.0979,10927.0979,100.0000,31729625.6004,31729625.6004,100.0000
MISO_LRZ8_9_10,"NAVARRO COUNTY ELEC COOP, INC",13332,ERCO,0.0392,0.0392,100.0000,9500.5568,9500.5568,100.0000
MISO_LRZ8_9_10,CITY OF NEW ALBANY - (MS),13412,TVA,4.9691,4.9691,100.0000,220443.1885,220443.1885,100.0000
MISO_LRZ8_9_10,"ENTERGY NEW ORLEANS, LLC",13478,MISO,383974.8194,383974.8194,100.0000,901949122.5166,901949122.5166,100.0000
MISO_LRZ8_9_10,CITY OF NEW ROADS - (LA),13483,MISO,20773.8210,20773.8210,100.0000,1529934902.9640,1529934902.9640,100.0000
MISO_LRZ8_9_10,CITY OF NEWTON - (TX),13603,MISO,115.9790,115.9790,100.0000,14128121.1216,14128121.1216,100.0000
MISO_LRZ8_9_10,"NORTH ARKANSAS ELEC COOP, INC",13676,MISO,91362.2989,91362.2989,100.0000,6425910640.0997,6425910640.0997,100.0000
MISO_LRZ8_9_10,CITY OF NORTH LITTLE ROCK - (AR),13718,MISO,109243.1859,109243.1859,100.0000,381589927.6295,381589927.6295,100.0000
MISO_LRZ8_9_10,NORTHCENTRAL MISSISSIPPI E P A,13735,TVA,58691.9655,58691.9655,100.0000,301165636.1530,301165636.1530,100.0000
MISO_LRZ8_9_10,NORTHEAST LOUISIANA POWER COOP INC.,13783,MISO,105462.9033,105462.9033,100.0000,11704127145.4265,11704127145.4265,100.0000
MISO_LRZ8_9_10,OKLAHOMA GAS & ELECTRIC CO,14063,SWPP,175.4922,175.4922,100.0000,8782764.7712,8782764.7712,100.0000
MISO_LRZ8_9_10,CITY OF OSCEOLA - (AR),14216,MISO,1027.4341,1027.4341,100.0000,10441825.9098,10441825.9098,100.0000
MISO_LRZ8_9_10,OUACHITA ELECTRIC COOP CORP,14238,MISO,21490.6291,21490.6291,100.0000,3170234509.8085,3170234509.8085,100.0000
MISO_LRZ8_9_10,"PANOLA-HARRISON ELEC COOP, INC",14424,SWPP,235209.0586,235209.0586,100.0000,2307674592.5007,2307674592.5007,100.0000
MISO_LRZ8_9_10,PARAGOULD LIGHT & WATER COMM,14446,SPA,18319.4229,18319.4229,100.0000,51512427.8214,51512427.8214,100.0000
MISO_LRZ8_9_10,PEARL RIVER VALLEY EL PWR ASSN,14563,MISO,166090.2044,166090.2044,100.0000,4925309620.4291,4925309620.4291,100.0000
MISO_LRZ8_9_10,"BEAUREGARD ELECTRIC COOP, INC",1458,MISO,194892.6582,194892.6582,100.0000,11113245157.0717,11113245157.0717,100.0000
MISO_LRZ8_9_10,PETIT JEAN ELECTRIC COOP CORP,14864,MISO,27408.2914,27408.2914,100.0000,3574243807.5505,3574243807.5505,100.0000
MISO_LRZ8_9_10,CITY OF PIGGOTT - (AR),15043,SPA,509.2915,509.2915,100.0000,5194366.0862,5194366.0862,100.0000
MISO_LRZ8_9_10,CITY OF PLAQUEMINE - (LA),15137,MISO,2675.6977,2675.6977,100.0000,7784667.5989,7784667.5989,100.0000
MISO_LRZ8_9_10,POINTE COUPEE ELEC MEMBER CORP,15175,MISO,131406.1087,131406.1087,100.0000,6602313605.9629,6602313605.9629,100.0000
MISO_LRZ8_9_10,CITY OF PRESCOTT - (AR),15337,MISO,61.6928,61.6928,100.0000,4845058.0351,4845058.0351,100.0000
MISO_LRZ8_9_10,CITY OF RAYNE - (LA),15728,MISO,4454.4285,4454.4285,100.0000,13157631.9264,13157631.9264,100.0000
MISO_LRZ8_9_10,CITY OF BENTON - (AR),1581,MISO,26399.6838,26399.6838,100.0000,60654406.2683,60654406.2683,100.0000
MISO_LRZ8_9_10,"RICH MOUNTAIN ELEC COOP, INC",15811,MISO,2398.9335,2398.9335,100.0000,711019583.1035,711019583.1035,100.0000
MISO_LRZ8_9_10,"NAVASOTA VALLEY ELEC COOP, INC",16146,ERCO,264022.7885,264022.7885,100.0000,4994943768.9245,4994943768.9245,100.0000
MISO_LRZ8_9_10,"RUSK COUNTY ELECTRIC COOP, INC",16461,SWPP,98728.1713,98728.1713,100.0000,6719716004.4209,6719716004.4209,100.0000
MISO_LRZ8_9_10,CITY OF RUSTON - (LA),16463,MISO,15654.7744,15654.7744,100.0000,61520652.5784,61520652.5784,100.0000
MISO_LRZ8_9_10,CITY OF SAN AUGUSTINE - (TX),16605,MISO,831.7385,831.7385,100.0000,12443798.8168,12443798.8168,100.0000
MISO_LRZ8_9_10,SAM HOUSTON ELECTRIC COOP INC,16613,MISO,368633.2887,368633.2887,100.0000,18737654029.7602,18737654029.7602,100.0000
MISO_LRZ8_9_10,"SAN BERNARD ELECTRIC COOP, INC",16638,ERCO,580.1939,580.1939,100.0000,8229887.4308,8229887.4308,100.0000
MISO_LRZ8_9_10,SAM RAYBURN MUNICIPAL PWR AGNY,16821,NOT AVAILABLE,174598.2423,174598.2423,100.0000,8429750730.8328,8429750730.8328,100.0000
MISO_LRZ8_9_10,SINGING RIVER ELEC COOPERATIVE,17252,"SOCO, MISO",420279.4914,420279.4914,100.0000,11496650342.8251,11496650342.8251,100.0000
MISO_LRZ8_9_10,"SOUTH CENTRAL ARK EL COOP, INC",17540,MISO,32994.0662,32994.0662,100.0000,3624094535.3145,3624094535.3145,100.0000
MISO_LRZ8_9_10,SOUTH LOUISIANA ELEC COOP ASSN,17565,MISO,221958.0307,221958.0307,100.0000,7996033793.7786,7996033793.7786,100.0000
MISO_LRZ8_9_10,SOUTHERN PINE ELECTRIC COOPERATIVE,17647,MISO,167796.6458,167796.6458,100.0000,10837521179.2237,10837521179.2237,100.0000
MISO_LRZ8_9_10,SOUTHWEST ARKANSAS E C C,17671,MISO,5.9838,5.9838,100.0000,528236.0789,528236.0789,100.0000
MISO_LRZ8_9_10,SOUTHWEST MISSISSIPPI E P A,17683,MISO,80496.8777,80496.8777,100.0000,9477064543.0718,9477064543.0718,100.0000
MISO_LRZ8_9_10,SOUTHWEST LOUISIANA E M C,17684,MISO,1008419.3085,1008419.3085,100.0000,35122841722.1779,35122841722.1779,100.0000
MISO_LRZ8_9_10,SOUTHWEST TENNESSEE E M C,17694,TVA,11.7237,11.7237,100.0000,2181701.1225,2181701.1225,100.0000
MISO_LRZ8_9_10,SOUTHWESTERN ELECTRIC POWER CO,17698,SWPP,504665.3798,504665.3798,100.0000,23596423584.9290,23596423584.9290,100.0000
MISO_LRZ8_9_10,BLACK WARRIOR ELEC MEMBER CORP,1780,SOCO,0.0016,0.0016,100.0000,283.9970,283.9970,100.0000
MISO_LRZ8_9_10,CITY OF ST MARTINVILLE - (LA),17889,MISO,1207.7475,1207.7475,100.0000,12869461.8155,12869461.8155,100.0000
MISO_LRZ8_9_10,TALLAHATCHIE VALLEY E P A,18447,TVA,34620.8716,34620.8716,100.0000,1534383343.2004,1534383343.2004,100.0000
MISO_LRZ8_9_10,CITY OF THAYER - (MO),18806,MISO,24.7615,24.7615,100.0000,1987290.4240,1987290.4240,100.0000
MISO_LRZ8_9_10,"BLUEBONNET ELECTRIC COOP, INC",1892,ERCO,17642.1763,17642.1763,100.0000,1753147315.1803,1753147315.1803,100.0000
MISO_LRZ8_9_10,CITY OF TIMPSON - (TX),18933,ERCO,56.5425,56.5425,100.0000,6516364.3865,6516364.3865,100.0000
MISO_LRZ8_9_10,TWIN COUNTY ELECTRIC PWR ASSN,18961,MISO,37679.6679,37679.6679,100.0000,4793299910.7920,4793299910.7920,100.0000
MISO_LRZ8_9_10,ALABAMA POWER CO,195,SOCO,0.0328,0.0328,100.0000,2720.3397,2720.3397,100.0000
MISO_LRZ8_9_10,UPSHUR RURAL ELEC COOP CORP,19579,SWPP,52215.0674,52215.0674,100.0000,2430607076.2705,2430607076.2705,100.0000
MISO_LRZ8_9_10,TOWN OF VIDALIA - (LA),19828,MISO,1247.3172,1247.3172,100.0000,6718898.1422,6718898.1422,100.0000
MISO_LRZ8_9_10,TOWN OF VINTON - (LA),19866,MISO,1080.1614,1080.1614,100.0000,4834995.9726,4834995.9726,100.0000
MISO_LRZ8_9_10,VINTON PUBLIC POWER AUTHORITY,19869,MISO,216784.4049,216784.4049,100.0000,2833858552.3941,2833858552.3941,100.0000
MISO_LRZ8_9_10,TOWN OF WELSH - (LA),20343,MISO,121.8356,121.8356,100.0000,5183695.3162,5183695.3162,100.0000
MISO_LRZ8_9_10,CITY OF WEST MEMPHIS - (AR),20382,AECI,144761.3535,144761.3535,100.0000,306973689.3207,306973689.3207,100.0000
MISO_LRZ8_9_10,"BOWIE-CASS ELECTRIC COOP, INC",2049,SWPP,0.0856,0.0856,100.0000,9204.3197,9204.3197,100.0000
MISO_LRZ8_9_10,WHITE RIVER VALLEY EL COOP INC,20574,AECI,1.8128,1.8128,100.0000,134786.5532,134786.5532,100.0000
MISO_LRZ8_9_10,TOWN OF BOYCE,2064,MISO,32.6170,32.6170,100.0000,1597797.2717,1597797.2717,100.0000
MISO_LRZ8_9_10,"WOOD COUNTY ELECTRIC COOP, INC",20927,SWPP,0.1957,0.1957,100.0000,7641.1960,7641.1960,100.0000
MISO_LRZ8_9_10,WOODRUFF ELECTRIC COOP CORP,20963,MISO,55661.4569,55661.4569,100.0000,6323779494.0587,6323779494.0587,100.0000
MISO_LRZ8_9_10,PUBLIC SERV COMM OF YAZOO CITY,21095,MISO,8898.2469,8898.2469,100.0000,26441014.2178,26441014.2178,100.0000
MISO_LRZ8_9_10,YAZOO VALLEY ELEC POWER ASSN,21114,MISO,136981.5777,136981.5777,100.0000,6409454184.0345,6409454184.0345,100.0000
MISO_LRZ8_9_10,"WASHINGTON-ST TAMMANY E C, INC",21567,MISO,582543.7879,582543.7879,100.0000,8270040187.5020,8270040187.5020,100.0000
MISO_LRZ8_9_10,DELTA ELECTRIC POWER ASSN,22815,MISO,128471.4630,128471.4630,100.0000,9277464076.6091,9277464076.6091,100.0000
MISO_LRZ8_9_10,C & L ELECTRIC COOP CORP,2678,MISO,87834.9729,87834.9729,100.0000,6711836384.6173,6711836384.6173,100.0000
MISO_LRZ8_9_10,CITY OF CALDWELL,2800,MISO,1219.2865,1219.2865,100.0000,7931375.2935,7931375.2935,100.0000
MISO_LRZ8_9_10,CENTRAL ELECTRIC POWER ASSN - (MS),2849,TVA,2322.2655,2322.2655,100.0000,182753875.9207,182753875.9207,100.0000
MISO_LRZ8_9_10,CANTON MUNICIPAL UTILITIES,2974,MISO,9747.1018,9747.1018,100.0000,55872683.7805,55872683.7805,100.0000
MISO_LRZ8_9_10,CITY OF ALEXANDRIA - (LA),298,MISO,54284.8676,54284.8676,100.0000,170587878.1765,170587878.1765,100.0000
MISO_LRZ8_9_10,CITY OF WINNFIELD - (LA),30856,MISO,1971.1875,1971.1875,100.0000,11051358.7031,11051358.7031,100.0000
MISO_LRZ8_9_10,CARROLL ELECTRIC COOP CORP - (AR),3093,SWPP,582.7706,582.7706,100.0000,169698692.5625,169698692.5625,100.0000
MISO_LRZ8_9_10,CLECO POWER LLC,3265,MISO,711094.6815,711094.6815,100.0000,20920176586.9189,20920176586.9189,100.0000
MISO_LRZ8_9_10,CHEROKEE COUNTY ELEC COOP ASSN,3470,ERCO,52216.8688,52216.8688,100.0000,2431457931.1949,2431457931.1949,100.0000
MISO_LRZ8_9_10,"CLAIBORNE ELECTRIC COOP, INC",3641,MISO,309554.7741,309554.7741,100.0000,12552683380.0418,12552683380.0418,100.0000
MISO_LRZ8_9_10,CLARKSDALE PUBLIC UTILITIES,3702,MISO,11239.4828,11239.4828,100.0000,22010889.9429,22010889.9429,100.0000
MISO_LRZ8_9_10,COAHOMA ELECTRIC POWER ASSN,3839,MISO,118603.0756,118603.0756,100.0000,5174892937.1091,5174892937.1091,100.0000
MISO_LRZ8_9_10,COAST ELECTRIC POWER ASSN,3841,SOCO,297702.1456,297702.1456,100.0000,4894143169.4687,4894143169.4687,100.0000
MISO_LRZ8_9_10,CITY OF COLLEGE STATION - (TX),3940,ERCO,179728.3738,179728.3738,100.0000,185266410.6979,185266410.6979,100.0000
MISO_LRZ8_9_10,CITY OF COLLINS - (MS),3957,SOCO,1653.7048,1653.7048,100.0000,20694701.3327,20694701.3327,100.0000
MISO_LRZ8_9_10,TEXAS-NEW MEXICO POWER CO,40051,NOT AVAILABLE,16742.1402,16742.1402,100.0000,2240956940.5050,2240956940.5050,100.0000
MISO_LRZ8_9_10,CLARKE-WASHINGTON E M C,40127,SOCO,1.1034,1.1034,100.0000,132097.1459,132097.1459,100.0000
MISO_LRZ8_9_10,"CONCORDIA ELECTRIC COOP, INC",4153,MISO,105992.4794,105992.4794,100.0000,7675650641.1953,7675650641.1953,100.0000
MISO_LRZ8_9_10,CONWAY CORPORATION,4280,MISO,53160.3743,53160.3743,100.0000,121083168.6743,121083168.6743,100.0000
MISO_LRZ8_9_10,ONCOR ELECTRIC DELIVERY COMPANY LLC,44372,NOT AVAILABLE,39419.7231,39419.7231,100.0000,3441680692.1796,3441680692.1796,100.0000
MISO_LRZ8_9_10,DEEP EAST TEXAS ELEC COOP INC,4975,MISO,161729.5752,161729.5752,100.0000,14691516094.8567,14691516094.8567,100.0000
MISO_LRZ8_9_10,DIXIE ELECTRIC POWER ASSN,5175,MISO,79839.3568,79839.3568,100.0000,3916580785.6947,3916580785.6947,100.0000
MISO_LRZ8_9_10,DIXIE ELECTRIC MEMBERSHIP CORP,5202,MISO,761869.8381,761869.8381,100.0000,7045896712.2583,7045896712.2583,100.0000
MISO_LRZ8_9_10,CITY OF DURANT - (MS),5479,MISO,16998.5567,16998.5567,100.0000,1980222129.6008,1980222129.6008,100.0000
MISO_LRZ8_9_10,EAST MISSISSIPPI ELEC PWR ASSN,5578,TVA,70.1109,70.1109,100.0000,11945951.1974,11945951.1974,100.0000
MISO_LRZ8_9_10,ENTERGY TEXAS INC.,55937,MISO,1050042.2576,1050042.2576,100.0000,33091577054.6737,33091577054.6737,100.0000
MISO_LRZ8_9_10,HEART OF TEXAS ELECTRIC COOP,55982,ERCO,1.4127,1.4127,100.0000,326166.9546,326166.9546,100.0000
MISO_LRZ8_9_10,CITY OF ABBEVILLE - (LA),59,MISO,9811.2568,9811.2568,100.0000,29522644.4910,29522644.4910,100.0000
MISO_LRZ8_9_10,CITY OF ERATH - (LA),5945,MISO,600.4788,600.4788,100.0000,4549978.4740,4549978.4740,100.0000
MISO_LRZ8_9_10,"FAYETTE ELECTRIC COOP, INC",6183,ERCO,6.1105,6.1105,100.0000,791743.1978,791743.1978,100.0000
MISO_LRZ8_9_10,FARMERS ELECTRIC COOP CORP - (AR),6206,MISO,8726.2467,8726.2467,100.0000,1291907818.1846,1291907818.1846,100.0000
MISO_LRZ8_9_10,FIRST ELECTRIC COOP CORP,6342,MISO,239057.1239,239057.1239,100.0000,8643144725.3737,8643144725.3737,100.0000
MISO_LRZ8_9_10,4-COUNTY ELECTRIC POWER ASSN,6641,TVA,184.1266,184.1266,100.0000,26333531.6820,26333531.6820,100.0000
MISO_LRZ8_9_10,GREENWOOD UTILITIES COMM,7651,MISO,13684.3011,13684.3011,100.0000,37026735.2502,37026735.2502,100.0000
MISO_LRZ8_9_10,TOWN OF GUEYDAN,7760,MISO,21.9687,21.9687,100.0000,2357966.5113,2357966.5113,100.0000
MISO_LRZ8_9_10,ARKANSAS VALLEY ELEC COOP CORP,817,SWPP,11780.9231,11780.9231,100.0000,812208028.5912,812208028.5912,100.0000
MISO_LRZ8_9_10,CITY OF HEARNE - (TX),8359,ERCO,236.6789,236.6789,100.0000,6632130.4607,6632130.4607,100.0000
MISO_LRZ8_9_10,CITY OF HEMPHILL - (TX),8432,MISO,45.0713,45.0713,100.0000,6599482.0484,6599482.0484,100.0000
MISO_LRZ8_9_10,CITY OF HOPE,8840,MISO,8.4817,8.4817,100.0000,743798.2259,743798.2259,100.0000
MISO_LRZ8_9_10,TERREBONNE PARISH CONSOL GOV'T,8884,MISO,105558.1158,105558.1158,100.0000,3828371166.8458,3828371166.8458,100.0000
MISO_LRZ8_9_10,HOUSTON COUNTY ELEC COOP INC,8898,ERCO,103479.0149,103479.0149,100.0000,5149917912.9332,5149917912.9332,100.0000
MISO_LRZ8_9_10,CENTERPOINT ENERGY,8901,NOT AVAILABLE,138379.8325,138379.8325,100.0000,4690214933.9175,4690214933.9175,100.0000
MISO_LRZ8_9_10,"HOWELL-OREGON ELEC COOP, INC",8934,AECI,24.6675,24.6675,100.0000,3113244.1910,3113244.1910,100.0000
MISO_LRZ8_9_10,CITY OF LAFAYETTE - (LA),9096,MISO,226944.2074,226944.2074,100.0000,464128117.4104,464128117.4104,100.0000
MISO_LRZ8_9_10,"ASHLEY CHICOT ELEC COOP, INC",925,MISO,26186.4528,26186.4528,100.0000,4415487653.1943,4415487653.1943,100.0000
MISO_LRZ8_9_10,CITY OF ITTA BENA - (MS),9472,MISO,28328.8061,28328.8061,100.0000,1563849474.2717,1563849474.2717,100.0000
MISO_LRZ8_9_10,CITY OF JASPER - (TX),9664,MISO,3861.9900,3861.9900,100.0000,23017282.4573,23017282.4573,100.0000
MISO_LRZ8_9_10,"JASPER-NEWTON ELEC COOP, INC",9668,MISO,139912.0455,139912.0455,100.0000,7422705562.8807,7422705562.8807,100.0000
MISO_LRZ8_9_10,"JEFFERSON DAVIS ELEC COOP, INC",9682,MISO,248574.1544,248574.1544,100.0000,8496456540.3995,8496456540.3995,100.0000
MISO_LRZ8_9_10,CITY OF JONESVILLE - (LA),9880,MISO,435.6209,435.6209,100.0000,4973363.7091,4973363.7091,100.0000
MISO_LRZ8_9_10,CITY WATER AND LIGHT PLANT,9879,MISO,111230.7358,111230.9680,99.9998,1845836677.3095,1845859723.8991,99.9988
MISO_LRZ8_9_10,CRAIGHEAD ELECTRIC COOP CORP,4509,MISO,180132.7904,180134.1912,99.9992,5817083354.7962,5817161029.2926,99.9987
MISO_LRZ8_9_10,ENTERGY ARKANSAS LLC,814,MISO,2038196.4791,2038231.1405,99.9983,104700794743.0025,104704278605.9768,99.9967
MISO_LRZ8_9_10,MISSISSIPPI COUNTY ELECTRIC CO,12681,MISO,40457.0257,40470.6682,99.9663,2373914326.4997,2374711027.0145,99.9665
MISO_LRZ8_9_10,CLAY COUNTY ELECTRIC COOP CORP,3712,MISO,61160.4896,61183.0911,99.9631,5295022940.0317,5297810421.7418,99.9474
MISO_LRZ8_9_10,"FORKED DEER ELECTRIC COOP, INC",40236,TVA,14.5546,71.3628,20.3953,995376.3305,12214350.5341,8.1492
MISO_LRZ8_9_10,OZARK BORDER ELECTRIC COOP,14285,AECI,8.6137,10486.8166,0.0821,964281.2882,443057926.4082,0.2176
MISO_LRZ8_9_10,PEMISCOT-DUNKLIN ELEC COOP INC,14712,AECI,15.8887,39413.0568,0.0403,1431009.4686,2845412926.9386,0.0503
MISO_LRZ8_9_10,UNION ELECTRIC CO - (MO),19436,MISO,8.8945,2780396.5285,0.0003,753287.5654,54181406941.1110,0.0014
