county_fips,iso,zone,frac,n_cities,city_list,county_area_km2,overlap_area_km2
01069,,,,,,1506.268,
01023,,,,,,2385.518,
01113,,,,,,1676.436,
10005,PJM,PJM_DPL,0.9719,,,2534.072,2462.803
01071,,,,,,2919.041,
01089,city,Huntsville,0.7987,1.0,Huntsville,2105.021,
04015,,,,,,34863.578,
05017,MISO,MISO_LRZ8_9_10,1.0,,,1790.488,1790.488
05121,MISO,MISO_LRZ8_9_10,1.0,,,1698.828,1698.828
05073,,,,,,1414.42,
05057,,,,,,1919.275,
06079,CAISO,CAISO_PGE,0.9987,,,8605.067,8594.297
06081,CAISO,CAISO_PGE,0.9854,,,1185.483,1168.2
06091,,,,,,2491.717,
08067,,,,,,4402.366,
12007,,,,,,778.268,
10003,PJM,PJM_DPL,0.9999,,,1126.181,1126.105
09190,,,,,,1442.687,
12009,,,,,,3353.649,
12131,,,,,,2973.272,
12053,,,,,,1285.85,
12047,,,,,,1343.987,
12065,,,,,,1587.234,
12031,,,,,,2194.985,
13105,,,,,,969.268,
13213,,,,,,897.836,
16073,,,,,,19936.696,
16049,,,,,,22020.778,
17105,PJM,PJM_ComEd,0.844,,,2709.199,2286.484
17161,MISO,MISO_LRZ3_5,1.0,,,1168.548,1168.548
27087,MISO,MISO_LRZ1,1.0,,,1509.692,1509.692
18089,MISO,MISO_LRZ6,0.999,,,1306.181,1304.897
04013,city,Chandler|Goodyear|Mesa|Phoenix,1.0,4.0,Chandler|Goodyear|Mesa|Phoenix,23893.139,
06067,,,,,,2575.379,
19159,MISO,MISO_LRZ3_5,1.0,,,1396.028,1396.028
06107,CAISO,CAISO_SCE,0.8414,,,12531.905,10544.343
06069,CAISO,CAISO_PGE,1.0,,,3601.281,3601.281
19163,MISO,MISO_LRZ3_5,1.0,,,1212.64,1212.64
27053,MISO,MISO_LRZ1,1.0,,,1571.52,1571.52
17125,MISO,MISO_LRZ4,1.0,,,1459.597,1459.597
36005,,,,,,123.117,
20099,,,,,,1691.766,
36119,,,,,,1235.019,
36053,,,,,,1712.853,
21235,PJM,PJM_EKPC,0.7686,,,1152.684,885.912
44007,,,,,,1120.532,
36029,,,,,,2730.148,
48287,ERCOT,ERCOT_South,1.0,,,1642.45,1642.45
36091,,,,,,2185.413,
01121,,,,,,1969.219,
21133,PJM,PJM_AEP,0.7697,,,878.047,675.805
38017,MISO,MISO_LRZ1,1.0,,,4578.467,4578.467
39035,PJM,PJM_ATSI,0.9997,,,1188.312,1187.938
39061,PJM,PJM_DEOK,0.9999,,,1068.746,1068.688
22075,MISO,MISO_LRZ8_9_10,0.9935,,,3085.228,3065.289
22031,MISO,MISO_LRZ8_9_10,1.0,,,2316.676,2316.676
22111,MISO,MISO_LRZ8_9_10,1.0,,,2344.227,2344.227
22115,MISO,MISO_LRZ8_9_10,1.0,,,3471.186,3471.186
01087,,,,,,1587.957,
01041,,,,,,1582.202,
24005,PJM,PJM_BGE,0.9988,,,1607.529,1605.61
24019,PJM,PJM_DPL,0.9819,,,1550.204,1522.132
24017,PJM,PJM_DOM,0.9891,,,1254.474,1240.854
24015,PJM,PJM_DPL,0.9992,,,975.329,974.524
25001,,,,,,1138.98,
25017,,,,,,2194.083,
26103,MISO,MISO_LRZ2_7,1.0,,,4844.37,4844.339
26053,MISO,MISO_LRZ2_7,1.0,,,2962.465,2962.452
26115,MISO,MISO_LRZ2_7,0.9999,,,1448.872,1448.793
26141,MISO,MISO_LRZ2_7,1.0,,,1772.461,1772.399
27075,MISO,MISO_LRZ1,1.0,,,5925.464,5925.413
27163,MISO,MISO_LRZ1,1.0,,,1096.84,1096.84
28001,MISO,MISO_LRZ8_9_10,1.0,,,1262.586,1262.586
28087,,,,,,1337.369,
28143,MISO,MISO_LRZ8_9_10,1.0,,,1233.12,1233.115
28139,,,,,,1191.053,
29099,MISO,MISO_LRZ3_5,0.9996,,,1720.198,1719.477
30001,,,,,,14433.107,
30105,MISO,MISO_LRZ1,0.5921,,,13109.195,7762.525
30005,,,,,,10978.254,
30029,,,,,,13613.204,
33017,,,,,,990.593,
34001,PJM,PJM_AECO,0.9786,,,1578.195,1544.416
34009,PJM,PJM_AECO,0.9792,,,736.005,720.667
34041,PJM,PJM_JCPL,0.9989,,,939.121,938.122
34019,PJM,PJM_JCPL,0.9996,,,1132.834,1132.378
34025,PJM,PJM_JCPL,0.9761,,,1257.94,1227.86
34023,PJM,PJM_PSEG,0.6576,,,821.864,540.496
35045,,,,,,14344.054,
36031,,,,,,4963.276,
37047,,,,,,2473.483,
37039,,,,,,1208.828,
37149,,,,,,617.632,
37009,,,,,,1112.232,
37055,PJM,PJM_DOM,0.9642,,,1056.961,1019.145
37091,PJM,PJM_DOM,0.996,,,929.011,925.282
38097,MISO,MISO_LRZ1,1.0,,,2233.646,2233.646
38053,MISO,MISO_LRZ1,1.0,,,7408.922,7408.922
39167,PJM,PJM_AEP,0.9997,,,1657.352,1656.818
40095,,,,,,1105.859,
41015,,,,,,4237.451,
41007,,,,,,2209.15,
41035,,,,,,15896.004,
41033,,,,,,4250.115,
41065,,,,,,6201.998,
48037,,,,,,2390.764,
42071,PJM,PJM_PPL,0.9763,,,2547.999,2487.531
42095,PJM,PJM_METED,0.7001,,,976.965,683.991
44009,,,,,,911.083,
45013,,,,,,1829.782,
45051,,,,,,2963.922,
45091,,,,,,1801.437,
46023,,,,,,2979.343,
04007,,,,,,12418.666,
47157,,,,,,2022.828,
47165,,,,,,1408.988,
47019,,,,,,900.237,
47123,,,,,,1690.419,
47013,,,,,,1290.481,
48273,ERCOT,ERCOT_South,1.0,,,2351.807,2351.758
48229,,,,,,11841.257,
48419,MISO,MISO_LRZ8_9_10,1.0,,,2161.879,2161.865
48301,ERCOT,ERCOT_West,1.0,,,1752.54,1752.54
49037,,,,,,20549.011,
49019,,,,,,9543.709,
49049,,,,,,5554.393,
49023,,,,,,8816.887,
51133,PJM,PJM_DOM,0.9959,,,548.428,546.186
51193,PJM,PJM_DOM,0.9845,,,631.259,621.486
51073,PJM,PJM_DOM,0.9248,,,642.952,594.576
51107,PJM,PJM_DOM,0.9996,,,1349.952,1349.405
51143,PJM,PJM_MECK,0.5157,,,2534.082,1306.847
51083,PJM,PJM_MECK,0.6663,,,2149.035,1431.893
53053,,,,,,4395.339,
53067,,,,,,1967.485,
53005,,,,,,4559.161,
54047,PJM,PJM_AEP,1.0,,,1385.804,1385.804
54099,PJM,PJM_AEP,1.0,,,1326.35,1326.35
54037,PJM,PJM_APS,0.9992,,,547.998,547.585
54003,PJM,PJM_APS,1.0,,,833.081,833.081
55003,MISO,MISO_LRZ1,0.9259,,,2729.776,2527.605
55051,MISO,MISO_LRZ1,1.0,,,2078.652,2078.634
56039,,,,,,10924.319,
05045,MISO,MISO_LRZ8_9_10,1.0,,,1719.863,1719.863
05011,MISO,MISO_LRZ8_9_10,1.0,,,1690.894,1690.894
05085,MISO,MISO_LRZ8_9_10,1.0,,,2080.615,2080.615
05099,MISO,MISO_LRZ8_9_10,0.9999,,,1607.321,1607.226
05037,MISO,MISO_LRZ8_9_10,1.0,,,1611.121,1611.121
06007,CAISO,CAISO_PGE,0.9988,,,4343.77,4338.357
06047,CAISO,CAISO_PGE,0.8268,,,5125.096,4237.557
08059,,,,,,2004.733,
08065,,,,,,993.258,
08055,,,,,,4126.415,
12117,,,,,,894.382,
12041,,,,,,919.852,
12013,,,,,,1487.908,
13229,,,,,,889.2,
13261,,,,,,1275.181,
13021,,,,,,660.174,
13151,,,,,,845.653,
13195,,,,,,739.665,
13265,,,,,,506.052,
13267,,,,,,1264.487,
13237,,,,,,933.899,
13219,,,,,,482.633,
13205,,,,,,1331.209,
13201,,,,,,734.251,
16085,,,,,,9672.625,
16005,,,,,,2973.546,
16039,,,,,,8030.974,
17047,MISO,MISO_LRZ4,1.0,,,576.83,576.83
17027,MISO,MISO_LRZ4,1.0,,,1303.153,1303.153
18041,MISO,MISO_LRZ6,1.0,,,557.143,557.143
18069,MISO,MISO_LRZ6,0.6612,,,1004.216,664.006
19175,MISO,MISO_LRZ3_5,1.0,,,1102.666,1102.666
20059,,,,,,1494.659,
20171,,,,,,1858.846,
21123,PJM,PJM_EKPC,1.0,,,682.875,682.875
21115,PJM,PJM_EKPC,0.9999,,,684.177,684.096
21109,PJM,PJM_EKPC,1.0,,,897.528,897.528
21175,PJM,PJM_EKPC,1.0,,,994.076,994.076
21011,PJM,PJM_EKPC,1.0,,,735.477,735.477
21231,PJM,PJM_EKPC,0.9999,,,1253.795,1253.725
21061,,,,,,797.201,
21165,PJM,PJM_EKPC,1.0,,,533.393,533.393
22001,MISO,MISO_LRZ8_9_10,1.0,,,1703.132,1703.132
22071,MISO,MISO_LRZ8_9_10,1.0,,,901.492,901.485
22103,MISO,MISO_LRZ8_9_10,1.0,,,2811.881,2811.879
22067,MISO,MISO_LRZ8_9_10,1.0,,,2087.672,2087.672
22081,MISO,MISO_LRZ8_9_10,1.0,,,1041.627,1041.627
22039,MISO,MISO_LRZ8_9_10,1.0,,,1760.229,1760.229
22043,MISO,MISO_LRZ8_9_10,1.0,,,1721.855,1721.855
22083,MISO,MISO_LRZ8_9_10,1.0,,,1461.791,1461.791
26135,MISO,MISO_LRZ2_7,1.0,,,1480.062,1480.062
27015,MISO,MISO_LRZ1,1.0,,,1601.343,1601.341
28163,MISO,MISO_LRZ8_9_10,1.0,,,2419.242,2419.242
28089,MISO,MISO_LRZ8_9_10,1.0,,,1921.682,1921.64
28101,,,,,,1501.086,
29033,,,,,,1816.688,
29039,,,,,,1291.38,
29197,MISO,MISO_LRZ3_5,1.0,,,798.068,798.068
30063,,,,,,6780.573,
30097,,,,,,4823.28,
30047,,,,,,4283.937,
30069,,,,,,4336.361,
30023,,,,,,1920.473,
31115,,,,,,1478.975,
31005,,,,,,1859.947,
32011,,,,,,10827.284,
35011,,,,,,6044.948,
36113,,,,,,2412.932,
36017,,,,,,2327.548,
36051,,,,,,1658.134,
37193,,,,,,1958.717,
37159,,,,,,1357.074,
37089,,,,,,971.013,
37163,,,,,,2454.93,
37121,,,,,,574.8,
38069,MISO,MISO_LRZ1,1.0,,,2803.282,2803.282
39067,PJM,PJM_AEP,1.0,,,1063.692,1063.692
40145,,,,,,1530.135,
40133,,,,,,1658.876,
41017,,,,,,7909.378,
41031,,,,,,4639.884,
41055,,,,,,2152.62,
42051,PJM,PJM_APS,0.9998,,,2068.73,2068.414
42129,PJM,PJM_APS,0.9928,,,2682.964,2663.606
42023,PJM,PJM_APS,0.9999,,,1031.707,1031.595
45055,,,,,,1917.271,
45027,,,,,,1801.755,
45017,,,,,,1016.41,
46079,,,,,,1489.813,
47001,,,,,,893.042,
47189,,,,,,1508.958,
47135,,,,,,1095.204,
47045,,,,,,1362.731,
47029,,,,,,1147.569,
47049,,,,,,1292.246,
47085,,,,,,1441.919,
47185,,,,,,982.668,
47127,,,,,,337.885,
48339,ERCOT,ERCOT_Houston,1.0,,,2789.285,2789.154
48029,ERCOT,ERCOT_South,1.0,,,3253.329,3253.329
48245,MISO,MISO_LRZ8_9_10,0.9997,,,2552.905,2552.174
48457,MISO,MISO_LRZ8_9_10,1.0,,,2423.535,2423.522
48157,ERCOT,ERCOT_Houston,1.0,,,2292.648,2292.648
48139,ERCOT,ERCOT_North,1.0,,,2465.363,2465.363
48499,ERCOT,ERCOT_North,1.0,,,1801.858,1801.793
48041,ERCOT,ERCOT_North,1.0,,,1531.209,1531.197
48459,,,,,,1534.865,
48343,,,,,,670.144,
48393,ERCOT,ERCOT_West,1.0,,,2391.833,2391.819
48289,ERCOT,ERCOT_North,1.0,,,2798.965,2798.965
48349,ERCOT,ERCOT_North,1.0,,,2813.055,2813.055
48185,ERCOT,ERCOT_North,0.9999,,,2076.284,2076.128
48467,ERCOT,ERCOT_North,1.0,,,2226.34,2226.34
48125,ERCOT,ERCOT_West,1.0,,,2345.959,2345.959
48105,ERCOT,ERCOT_West,1.0,,,7274.431,7274.431
48415,ERCOT,ERCOT_West,1.0,,,2350.41,2350.41
48379,ERCOT,ERCOT_North,1.0,,,670.433,670.433
48261,ERCOT,ERCOT_South,1.0,,,3998.189,3998.116
49011,,,,,,1645.288,
49015,,,,,,11580.073,
49051,,,,,,3127.869,
49007,,,,,,3845.082,
49013,,,,,,8418.394,
49055,,,,,,6386.469,
51109,PJM,PJM_DOM,1.0,,,1319.959,1319.959
51023,PJM,PJM_DOM,0.9795,,,1414.087,1385.062
51061,PJM,PJM_DOM,1.0,,,1687.93,1687.93
51009,PJM,PJM_AEP,0.915,,,1240.471,1135.059
51161,PJM,PJM_AEP,0.831,,,650.689,540.701
51175,PJM,PJM_DOM,1.0,,,1560.696,1560.696
51113,PJM,PJM_DOM,0.9999,,,833.7,833.601
53017,,,,,,4788.25,
54039,PJM,PJM_AEP,1.0,,,2359.524,2359.524
54109,PJM,PJM_AEP,1.0,,,1299.632,1299.632
54025,PJM,PJM_APS,0.5508,,,2653.005,1461.224
54041,PJM,PJM_APS,1.0,,,1009.083,1009.083
55057,MISO,MISO_LRZ2_7,0.9735,,,2085.305,2030.105
55035,MISO,MISO_LRZ1,1.0,,,1670.752,1670.752
56013,,,,,,23999.839,
08033,,,,,,2764.808,
01073,,,,,,2911.608,
09170,,,,,,977.91,
09180,,,,,,1621.681,
06109,CAISO,CAISO_PGE,0.8865,,,5890.771,5221.883
12103,,,,,,843.955,
12057,,,,,,2802.352,
12075,,,,,,2995.341,
12086,city,Miami,1.0,1.0,Miami,5228.296,
12071,,,,,,2294.788,
12113,,,,,,2974.431,
01043,,,,,,1955.252,
12037,,,,,,1468.167,
12073,,,,,,1817.677,
13051,,,,,,1277.564,
13185,,,,,,1322.138,
13027,,,,,,1288.907,
13049,,,,,,2030.342,
17197,PJM,PJM_ComEd,1.0,,,2199.513,2199.461
13245,,,,,,851.201,
13241,,,,,,977.225,
13153,,,,,,984.058,
16041,,,,,,1729.214,
01033,,,,,,1614.684,
04001,,,,,,29058.011,
05007,,,,,,2290.142,
05139,MISO,MISO_LRZ8_9_10,1.0,,,2734.051,2734.051
05003,MISO,MISO_LRZ8_9_10,1.0,,,2435.838,2435.838
05133,,,,,,1505.244,
05131,,,,,,1410.46,
05015,,,,,,1653.254,
05021,MISO,MISO_LRZ8_9_10,1.0,,,1661.286,1661.281
05041,MISO,MISO_LRZ8_9_10,1.0,,,2103.947,2103.947
05063,MISO,MISO_LRZ8_9_10,1.0,,,1998.354,1998.354
06059,CAISO,CAISO_SCE,0.7705,,,2067.644,1593.181
05019,MISO,MISO_LRZ8_9_10,1.0,,,2287.221,2287.221
06037,CAISO,CAISO_SCE,0.8475,,,10598.772,8982.037
06087,CAISO,CAISO_PGE,0.9988,,,1156.662,1155.299
06097,CAISO,CAISO_PGE,0.9962,,,4114.743,4099.287
06041,CAISO,CAISO_PGE,0.965,,,1406.644,1357.346
06001,CAISO,CAISO_PGE,0.9701,,,1943.288,1885.169
06003,,,,,,1924.493,
06061,CAISO,CAISO_PGE,0.8,,,3890.471,3112.542
06057,CAISO,CAISO_PGE,0.8283,,,2521.692,2088.653
08077,,,,,,8653.401,
08123,,,,,,10404.369,
08083,,,,,,5285.321,
21147,PJM,PJM_EKPC,0.9997,,,1116.532,1116.193
37167,,,,,,1048.373,
37007,,,,,,1390.817,
37155,,,,,,2459.512,
01099,,,,,,2679.787,
21135,PJM,PJM_EKPC,0.8426,,,1282.484,1080.625
22057,MISO,MISO_LRZ8_9_10,0.9988,,,3213.227,3209.318
22117,MISO,MISO_LRZ8_9_10,1.0,,,1750.899,1750.899
22029,MISO,MISO_LRZ8_9_10,1.0,,,1935.465,1935.465
22035,MISO,MISO_LRZ8_9_10,1.0,,,1146.508,1146.508
22011,MISO,MISO_LRZ8_9_10,1.0,,,3020.023,3020.023
23031,,,,,,2652.238,
23029,,,,,,7350.671,
23003,,,,,,17682.512,
24041,PJM,PJM_DPL,0.9681,,,796.219,770.839
24037,,,,,,1041.252,
24039,PJM,PJM_DPL,0.9694,,,903.232,875.606
01131,,,,,,2350.001,
24011,PJM,PJM_DPL,0.9854,,,844.511,832.193
24033,PJM,PJM_PEPCO,0.5501,,,1291.903,710.626
24001,PJM,PJM_APS,1.0,,,1108.029,1108.029
01065,,,,,,1699.689,
36063,,,,,,1378.015,
37129,,,,,,567.91,
37141,,,,,,2284.863,
37133,,,,,,2075.342,
37043,,,,,,571.553,
37113,,,,,,1345.468,
37175,,,,,,985.478,
37049,PJM,PJM_DOM,0.9897,,,1891.807,1872.306
37137,PJM,PJM_DOM,0.9598,,,945.066,907.059
37177,PJM,PJM_DOM,0.966,,,1060.821,1024.766
37053,PJM,PJM_DOM,0.9626,,,745.979,718.074
37131,PJM,PJM_DOM,0.9996,,,1426.216,1425.602
37075,,,,,,780.84,
38077,MISO,MISO_LRZ1,1.0,,,3744.393,3744.393
38105,MISO,MISO_LRZ1,1.0,,,5562.995,5562.995
38099,MISO,MISO_LRZ1,1.0,,,3351.349,3351.349
38067,MISO,MISO_LRZ1,1.0,,,2904.094,2904.082
38085,MISO,MISO_LRZ1,1.0,,,2921.916,2921.916
39043,PJM,PJM_ATSI,0.9999,,,665.855,665.764
40065,,,,,,2082.818,
40141,,,,,,2277.166,
40067,,,,,,2004.944,
40023,,,,,,2071.049,
40135,,,,,,1849.579,
40089,,,,,,4926.695,
41051,,,,,,1205.201,
41021,,,,,,3166.239,
42133,PJM,PJM_METED,0.8569,,,2358.503,2020.931
42017,PJM,PJM_PECO,0.7353,,,1610.888,1184.536
42049,PJM,PJM_PENELEC,0.993,,,2095.566,2080.967
42127,PJM,PJM_PPL,0.7356,,,1944.117,1430.158
42029,PJM,PJM_PECO,0.91,,,1967.089,1790.025
42089,PJM,PJM_PPL,0.7367,,,1598.154,1177.434
45045,,,,,,2060.651,
45025,,,,,,2087.179,
25025,,,,,,162.696,
25021,,,,,,1065.923,
25013,,,,,,1642.77,
26041,MISO,MISO_LRZ2_7,1.0,,,3066.685,3066.666
26003,MISO,MISO_LRZ2_7,1.0,,,2427.6,2427.579
27167,MISO,MISO_LRZ1,1.0,,,1945.515,1945.515
27137,MISO,MISO_LRZ1,1.0,,,17462.199,17462.146
27119,MISO,MISO_LRZ1,1.0,,,5174.067,5174.067
27073,MISO,MISO_LRZ1,1.0,,,2015.077,2015.077
28113,MISO,MISO_LRZ8_9_10,1.0,,,1063.9,1063.9
28151,MISO,MISO_LRZ8_9_10,1.0,,,1969.455,1969.455
28055,MISO,MISO_LRZ8_9_10,1.0,,,1143.317,1143.317
28033,MISO,MISO_LRZ8_9_10,1.0,,,1283.924,1283.903
28021,MISO,MISO_LRZ8_9_10,1.0,,,1297.727,1297.727
29201,MISO,MISO_LRZ3_5,0.9998,,,1103.124,1102.849
29183,MISO,MISO_LRZ3_5,0.9999,,,1534.348,1534.139
29013,,,,,,2205.343,
29087,,,,,,1218.204,
29171,,,,,,1345.882,
30053,,,,,,9518.61,
30051,,,,,,3747.061,
30085,MISO,MISO_LRZ1,1.0,,,6137.141,6137.141
30075,,,,,,8544.228,
30035,,,,,,7867.218,
30009,,,,,,5340.043,
32033,,,,,,23038.515,
32017,,,,,,27547.237,
35029,,,,,,7681.072,
36045,,,,,,3475.01,
16043,,,,,,4910.672,
16083,,,,,,4993.918,
16003,,,,,,3546.24,
16069,,,,,,2217.638,
17153,MISO,MISO_LRZ4,0.9997,,,525.953,525.805
17045,MISO,MISO_LRZ4,1.0,,,1615.686,1615.661
18147,MISO,MISO_LRZ6,0.9986,,,1039.813,1038.405
18129,MISO,MISO_LRZ6,0.9976,,,1086.876,1084.302
19111,MISO,MISO_LRZ3_5,1.0,,,1395.446,1395.437
27145,MISO,MISO_LRZ1,1.0,,,3600.111,3600.111
29037,,,,,,1819.598,
29019,MISO,MISO_LRZ3_5,1.0,,,1789.97,1789.97
29159,,,,,,1777.665,
34031,,,,,,514.048,
26163,MISO,MISO_LRZ2_7,0.9999,,,1636.307,1636.215
18161,MISO,MISO_LRZ6,1.0,,,427.848,427.845
06113,CAISO,CAISO_PGE,0.9997,,,2645.995,2645.124
18035,PJM,PJM_AEP,0.9375,,,1025.311,961.192
19063,MISO,MISO_LRZ3_5,1.0,,,1042.197,1042.197
26109,MISO,MISO_LRZ2_7,1.0,,,2724.18,2724.179
19189,MISO,MISO_LRZ3_5,1.0,,,1040.159,1040.159
36047,,,,,,205.44,
20013,,,,,,1481.718,
01091,,,,,,2544.769,
01101,,,,,,2071.572,
01095,,,,,,1614.062,
36075,,,,,,2637.848,
21027,,,,,,1516.962,
40087,,,,,,1502.868,
40125,,,,,,2055.179,
36071,,,,,,2171.676,
21159,PJM,PJM_AEP,0.9094,,,597.418,543.293
48213,ERCOT,ERCOT_North,1.0,,,2456.542,2456.542
55078,MISO,MISO_LRZ2_7,1.0,,,945.339,945.339
18139,MISO,MISO_LRZ6,1.0,,,1057.898,1057.898
18065,MISO,MISO_LRZ6,0.9999,,,1022.581,1022.505
18027,MISO,MISO_LRZ6,1.0,,,1131.634,1131.634
18071,MISO,MISO_LRZ6,1.0,,,1330.937,1330.937
18175,MISO,MISO_LRZ6,1.0,,,1337.909,1337.909
19055,MISO,MISO_LRZ3_5,1.0,,,1499.396,1499.395
19165,MISO,MISO_LRZ3_5,1.0,,,1531.72,1531.72
20069,,,,,,2251.372,
20093,,,,,,2255.425,
20165,,,,,,1858.918,
21179,PJM,PJM_EKPC,1.0,,,1098.379,1098.379
21183,,,,,,1544.19,
21107,,,,,,1435.942,
21209,PJM,PJM_EKPC,1.0,,,739.356,739.356
21079,PJM,PJM_EKPC,1.0,,,605.874,605.874
21025,PJM,PJM_AEP,0.6679,,,1282.656,856.737
21167,PJM,PJM_EKPC,1.0,,,656.034,656.034
21013,,,,,,935.326,
21187,PJM,PJM_EKPC,1.0,,,917.482,917.482
04025,,,,,,21049.86,
46103,,,,,,7212.406,
46089,,,,,,2983.331,
47167,,,,,,1212.891,
47055,,,,,,1582.607,
47065,,,,,,1490.947,
47155,,,,,,1548.486,
47059,,,,,,1616.565,
47147,,,,,,1234.363,
47009,,,,,,1467.525,
48355,ERCOT,ERCOT_South,1.0,,,2256.001,2255.966
48427,ERCOT,ERCOT_South,1.0,,,3181.116,3181.064
48409,ERCOT,ERCOT_South,1.0,,,1827.832,1827.815
48039,ERCOT,ERCOT_Houston,1.0,,,3774.771,3774.753
48443,ERCOT,ERCOT_West,1.0,,,6106.857,6106.85
48211,,,,,,2363.639,
48067,,,,,,2487.304,
49043,,,,,,4873.021,
50027,,,,,,2528.131,
51185,PJM,PJM_AEP,1.0,,,1346.113,1346.113
51191,PJM,PJM_AEP,0.8403,,,1466.643,1232.457
51051,PJM,PJM_AEP,0.9999,,,864.045,863.989
51131,,,,,,890.78,
51179,PJM,PJM_DOM,1.0,,,722.215,722.213
51103,PJM,PJM_DOM,0.9878,,,371.136,366.613
51159,PJM,PJM_DOM,0.9975,,,505.524,504.275
51015,PJM,PJM_DOM,0.7579,,,2514.473,1905.738
51181,PJM,PJM_DOM,1.0,,,733.694,733.693
51059,PJM,PJM_DOM,0.9994,,,1041.211,1040.638
51069,PJM,PJM_APS,0.7713,,,1075.662,829.67
53057,,,,,,4552.554,
53055,,,,,,497.589,
53027,,,,,,5014.61,
53045,,,,,,2585.543,
53033,city,Seattle|Tukwila,1.0,2.0,Seattle|Tukwila,5676.372,
53049,,,,,,2443.206,
53029,,,,,,549.389,
54063,PJM,PJM_APS,0.7457,,,1226.733,914.775
54103,PJM,PJM_AEP,0.9992,,,935.905,935.182
54095,PJM,PJM_APS,0.9998,,,675.309,675.141
54107,PJM,PJM_APS,0.9978,,,976.124,974.007
54057,PJM,PJM_APS,1.0,,,852.406,852.406
54031,PJM,PJM_APS,1.0,,,1513.78,1513.761
54027,PJM,PJM_APS,1.0,,,1669.621,1669.621
55023,MISO,MISO_LRZ1,1.0,,,1551.979,1551.979
55011,MISO,MISO_LRZ1,1.0,,,1838.013,1838.013
55121,MISO,MISO_LRZ1,1.0,,,1921.549,1921.549
56007,,,,,,20628.945,
56033,,,,,,6544.499,
56029,,,,,,18039.941,
05097,MISO,MISO_LRZ8_9_10,0.9996,,,2074.443,2073.632
05025,MISO,MISO_LRZ8_9_10,1.0,,,1550.963,1550.963
06019,CAISO,CAISO_PGE,0.8634,,,15569.325,13442.786
06105,,,,,,8307.48,
06089,CAISO,CAISO_PGE,0.8099,,,9964.968,8071.003
06115,CAISO,CAISO_PGE,1.0,,,1667.944,1667.944
06011,CAISO,CAISO_PGE,1.0,,,2995.177,2995.177
08035,,,,,,2184.778,
08043,,,,,,3974.481,
08027,,,,,,1915.964,
08117,,,,,,1603.939,
08049,,,,,,4841.851,
08029,,,,,,2974.819,
08091,,,,,,1404.28,
08093,,,,,,5726.08,
12069,,,,,,2995.412,
12083,,,,,,4306.236,
12023,,,,,,2075.535,
12119,,,,,,1502.087,
12097,,,,,,3900.416,
12121,,,,,,1792.908,
12125,,,,,,647.053,
13121,city,Atlanta,0.9345,1.0,Atlanta,1385.1,
13013,,,,,,421.938,
13163,,,,,,1372.054,
13009,,,,,,694.918,
13279,,,,,,960.968,
13001,,,,,,1326.409,
13023,,,,,,567.545,
13133,,,,,,1052.193,
13311,,,,,,627.442,
13301,,,,,,742.404,
13315,,,,,,989.638,
13305,,,,,,1679.856,
13289,,,,,,939.215,
13249,,,,,,435.086,
16013,,,,,,6876.238,
16061,,,,,,1242.656,
16025,,,,,,2794.028,
16015,,,,,,4938.512,
17039,MISO,MISO_LRZ4,1.0,,,1049.069,1049.069
31075,,,,,,2028.536,
31091,,,,,,1868.636,
32015,,,,,,14298.43,
34035,PJM,PJM_PSEG,0.5319,,,789.693,420.059
35021,,,,,,5504.777,
35051,,,,,,10974.58,
37085,,,,,,1557.527,
37125,,,,,,1827.825,
37117,PJM,PJM_DOM,1.0,,,1182.874,1182.87
37051,,,,,,1705.62,
37059,,,,,,690.488,
37083,PJM,PJM_DOM,0.5545,,,1891.256,1048.743
37027,,,,,,1229.162,
37127,,,,,,1405.756,
37015,PJM,PJM_DOM,0.9734,,,1836.414,1787.538
37093,,,,,,1014.287,
38103,MISO,MISO_LRZ1,1.0,,,3342.201,3342.201
47003,,,,,,1229.687,
47053,,,,,,1563.492,
47033,,,,,,688.245,
47173,,,,,,640.019,
47031,,,,,,1125.429,
47119,,,,,,1594.208,
47121,,,,,,561.207,
47107,,,,,,1119.391,
47105,,,,,,640.654,
47141,,,,,,1042.616,
47081,,,,,,1586.655,
47079,,,,,,1536.567,
47057,,,,,,783.498,
47159,,,,,,842.585,
48387,ERCOT,ERCOT_North,0.9998,,,2738.079,2737.442
48219,,,,,,2353.343,
48127,ERCOT,ERCOT_South,1.0,,,3456.271,3456.271
48471,MISO,MISO_LRZ8_9_10,1.0,,,2075.963,2075.933
48089,ERCOT,ERCOT_South,0.9986,,,2522.052,2518.636
48131,ERCOT,ERCOT_South,1.0,,,4650.508,4650.508
48475,ERCOT,ERCOT_West,1.0,,,2165.364,2165.364
48225,ERCOT,ERCOT_North,1.0,,,3202.502,3202.476
48347,ERCOT,ERCOT_North,1.0,,,2540.809,2540.741
48153,ERCOT,ERCOT_West,1.0,,,2570.536,2570.536
48469,ERCOT,ERCOT_South,1.0,,,2302.033,2302.033
48223,ERCOT,ERCOT_North,1.0,,,2053.193,2053.193
48025,ERCOT,ERCOT_South,1.0,,,2280.184,2280.184
48119,ERCOT,ERCOT_North,1.0,,,720.0,720.0
48455,MISO,MISO_LRZ8_9_10,1.0,,,1849.53,1849.516
48015,ERCOT,ERCOT_South,0.6485,,,1700.098,1102.5
48151,ERCOT,ERCOT_West,1.0,,,2335.307,2335.307
48407,MISO,MISO_LRZ8_9_10,0.9994,,,1625.95,1625.001
48405,MISO,MISO_LRZ8_9_10,1.0,,,1534.014,1533.963
48477,ERCOT,ERCOT_South,0.9988,,,1610.33,1608.437
48435,ERCOT,ERCOT_West,1.0,,,3764.843,3764.843
38071,MISO,MISO_LRZ1,1.0,,,3369.667,3369.667
39077,PJM,PJM_ATSI,0.9201,,,1283.519,1180.99
39065,PJM,PJM_AEP,0.9581,,,1218.493,1167.485
40101,,,,,,2175.737,
40035,,,,,,1975.036,
40075,,,,,,2669.662,
42091,PJM,PJM_PECO,0.8587,,,1261.85,1083.597
42043,PJM,PJM_PPL,0.8595,,,1445.548,1242.433
42027,PJM,PJM_APS,0.7132,,,2879.159,2053.333
42033,PJM,PJM_PENELEC,0.9999,,,2989.81,2989.544
42063,PJM,PJM_PENELEC,0.9999,,,2161.122,2160.8
42031,PJM,PJM_PENELEC,0.5148,,,1579.526,813.088
42035,PJM,PJM_PPL,0.6203,,,2327.632,1443.82
42061,PJM,PJM_PENELEC,0.9996,,,2302.765,2301.927
42113,PJM,PJM_PENELEC,0.9998,,,1171.937,1171.673
45079,,,,,,1999.39,
45047,,,,,,1201.379,
45087,,,,,,1334.918,
45071,,,,,,1676.526,
45049,,,,,,1456.642,
45005,,,,,,1068.414,
46093,,,,,,9020.134,
46073,,,,,,1379.524,
46117,,,,,,3929.043,
47143,,,,,,871.506,
47093,,,,,,1362.006,
21119,PJM,PJM_AEP,0.8348,,,913.798,762.872
21003,,,,,,911.841,
21139,,,,,,885.848,
21055,,,,,,961.161,
21239,PJM,PJM_EKPC,1.0,,,497.362,497.362
21193,PJM,PJM_AEP,0.9999,,,887.231,887.103
21181,PJM,PJM_EKPC,1.0,,,509.823,509.823
21189,PJM,PJM_EKPC,0.9881,,,513.579,507.459
21097,PJM,PJM_EKPC,1.0,,,802.493,802.493
21063,PJM,PJM_EKPC,0.9998,,,609.579,609.473
22015,,,,,,2245.56,
22077,MISO,MISO_LRZ8_9_10,1.0,,,1529.001,1529.001
22125,MISO,MISO_LRZ8_9_10,1.0,,,1103.599,1103.599
22091,MISO,MISO_LRZ8_9_10,1.0,,,1060.892,1060.892
22025,MISO,MISO_LRZ8_9_10,1.0,,,1915.5,1915.5
24027,PJM,PJM_BGE,0.8736,,,656.207,573.282
26051,MISO,MISO_LRZ2_7,1.0,,,1336.276,1336.276
27061,MISO,MISO_LRZ1,1.0,,,7582.888,7582.888
27171,MISO,MISO_LRZ1,1.0,,,1850.065,1850.065
27127,MISO,MISO_LRZ1,1.0,,,2283.548,2283.548
27097,MISO,MISO_LRZ1,1.0,,,2987.611,2987.611
27139,MISO,MISO_LRZ1,1.0,,,954.109,954.109
27129,MISO,MISO_LRZ1,1.0,,,2556.569,2556.569
27107,MISO,MISO_LRZ1,1.0,,,2270.749,2270.749
27065,MISO,MISO_LRZ1,1.0,,,1381.939,1381.939
28083,MISO,MISO_LRZ8_9_10,0.9957,,,1570.624,1563.947
28131,MISO,MISO_LRZ8_9_10,1.0,,,1160.713,1160.713
28051,MISO,MISO_LRZ8_9_10,1.0,,,1980.635,1980.632
28157,MISO,MISO_LRZ8_9_10,1.0,,,1781.004,1781.004
28013,,,,,,1522.579,
29027,MISO,MISO_LRZ3_5,1.0,,,2194.597,2194.597
29113,MISO,MISO_LRZ3_5,0.9999,,,1658.938,1658.808
29123,,,,,,1288.878,
29207,,,,,,2146.8,
30045,,,,,,4844.697,
30013,,,,,,7022.708,
30007,,,,,,3206.655,
30049,,,,,,9058.513,
30027,,,,,,11266.339,
30037,,,,,,3044.137,
30039,,,,,,4487.962,
31185,,,,,,1491.372,
37019,,,,,,2303.396,
37119,city,Charlotte,1.0,1.0,Charlotte,1414.789,
37145,PJM,PJM_MECK,0.999,,,1047.006,1045.91
39171,PJM,PJM_ATSI,0.9995,,,1096.05,1095.501
40079,,,,,,4165.415,
41045,,,,,,25719.635,
41039,,,,,,11964.959,
41001,,,,,,7998.833,
42125,PJM,PJM_APS,0.9999,,,2229.401,2229.23
44005,,,,,,283.787,
45007,,,,,,1957.326,
45083,,,,,,2122.924,
46127,,,,,,1209.949,
04009,,,,,,12017.976,
47183,,,,,,1506.459,
48071,ERCOT,ERCOT_Houston,1.0,,,1637.495,1637.45
48377,ERCOT,ERCOT_West,1.0,,,9987.879,9987.868
48087,ERCOT,ERCOT_West,1.0,,,2381.721,2381.721
49025,,,,,,10639.156,
49005,,,,,,3037.823,
49003,,,,,,17424.983,
50009,,,,,,1744.766,
51141,PJM,PJM_AEP,0.9996,,,1258.621,1258.111
51027,PJM,PJM_AEP,1.0,,,1305.031,1305.031
51093,PJM,PJM_DOM,1.0,,,835.321,835.321
51095,PJM,PJM_DOM,0.9603,,,404.288,388.229
54065,PJM,PJM_APS,1.0,,,594.662,594.662
54023,PJM,PJM_APS,1.0,,,1243.85,1243.85
55075,MISO,MISO_LRZ2_7,1.0,,,3700.713,3700.69
56005,,,,,,12451.197,
05039,MISO,MISO_LRZ8_9_10,1.0,,,1729.619,1729.619
05117,MISO,MISO_LRZ8_9_10,1.0,,,1749.609,1749.609
05067,MISO,MISO_LRZ8_9_10,1.0,,,1661.333,1661.333
05075,MISO,MISO_LRZ8_9_10,1.0,,,1533.965,1533.965
48269,ERCOT,ERCOT_West,1.0,,,2365.053,2365.053
48345,ERCOT,ERCOT_West,1.0,,,2563.329,2563.329
51111,PJM,PJM_DOM,1.0,,,1119.802,1119.802
51177,PJM,PJM_DOM,1.0,,,1073.855,1073.855
51087,PJM,PJM_DOM,1.0,,,634.216,634.216
51101,PJM,PJM_DOM,0.9993,,,740.51,740.027
51155,PJM,PJM_AEP,1.0,,,853.205,853.205
51187,PJM,PJM_DOM,0.8858,,,564.455,500.007
51137,PJM,PJM_DOM,1.0,,,888.989,888.989
51067,PJM,PJM_AEP,0.9696,,,1843.001,1786.946
51139,PJM,PJM_APS,0.9938,,,811.318,806.266
51127,PJM,PJM_DOM,0.9824,,,579.607,569.385
51125,PJM,PJM_AEP,0.6507,,,1228.036,799.026
51145,PJM,PJM_DOM,1.0,,,679.338,679.338
51075,PJM,PJM_DOM,1.0,,,753.145,753.145
51037,PJM,PJM_DOM,0.9757,,,1236.741,1206.672
51063,PJM,PJM_AEP,1.0,,,988.684,988.684
51097,PJM,PJM_DOM,0.9841,,,845.095,831.661
53007,,,,,,7755.622,
53037,,,,,,6040.278,
53041,,,,,,6310.463,
53025,city,Quincy,1.0,1.0,Quincy,7229.854,
54021,PJM,PJM_APS,1.0,,,880.913,880.913
54033,PJM,PJM_APS,1.0,,,1078.779,1078.779
54017,PJM,PJM_APS,1.0,,,830.28,830.28
54085,PJM,PJM_APS,1.0,,,1174.932,1174.932
54005,PJM,PJM_AEP,1.0,,,1305.29,1305.29
54093,PJM,PJM_APS,1.0,,,1090.618,1090.618
54087,PJM,PJM_APS,0.6165,,,1252.799,772.408
54001,PJM,PJM_APS,1.0,,,888.029,888.029
54013,PJM,PJM_APS,1.0,,,727.197,727.197
55111,MISO,MISO_LRZ1,1.0,,,2199.348,2199.322
55113,MISO,MISO_LRZ1,1.0,,,3498.891,3498.891
55001,MISO,MISO_LRZ2_7,1.0,,,1780.462,1780.462
01003,,,,,,4350.73,
01005,,,,,,2342.588,
01129,,,,,,2819.876,
01107,,,,,,2304.075,
01049,,,,,,2016.73,
21089,PJM,PJM_EKPC,0.6794,,,917.814,623.573
04027,,,,,,14297.644,
05091,,,,,,1653.419,
05081,,,,,,1459.078,
06065,CAISO,CAISO_SCE,0.6509,,,18915.293,12312.117
06013,CAISO,CAISO_PGE,0.9981,,,1969.24,1965.51
06023,CAISO,CAISO_PGE,0.991,,,9351.933,9268.23
08023,,,,,,3187.458,
08069,,,,,,6821.26,
08107,,,,,,6133.892,
09110,,,,,,2709.087,
12123,,,,,,2728.543,
12101,,,,,,1985.575,
12033,,,,,,1932.13,
12089,,,,,,1735.062,
13039,,,,,,1775.789,
13181,,,,,,666.117,
13313,,,,,,753.824,
13033,,,,,,2162.993,
16029,,,,,,4657.932,
16007,,,,,,2719.041,
17003,MISO,MISO_LRZ4,1.0,,,654.427,654.416
18123,MISO,MISO_LRZ6,0.9997,,,1000.634,1000.381
20075,,,,,,2584.193,
32003,CAISO,CAISO_SCE,0.9997,1.0,Las Vegas,20879.568,20872.632
22051,MISO,MISO_LRZ8_9_10,0.9705,,,1321.469,1282.459
04021,,,,,,13920.383,
26099,MISO,MISO_LRZ2_7,0.9999,,,1253.796,1253.733
26147,MISO,MISO_LRZ2_7,0.9999,,,1934.095,1933.839
12105,,,,,,5207.059,
19149,MISO,MISO_LRZ3_5,0.9994,,,2237.185,2235.853
36061,,,,,,82.151,
20131,,,,,,1862.841,
01001,,,,,,1565.324,
01025,,,,,,3244.431,
40113,,,,,,5966.873,
36059,,,,,,814.752,
21095,,,,,,1212.597,
36111,,,,,,3006.017,
48061,ERCOT,ERCOT_South,0.9995,,,2605.856,2604.566
21127,PJM,PJM_AEP,0.7511,,,1087.926,817.121
22087,MISO,MISO_LRZ8_9_10,0.9121,,,1597.637,1457.148
01047,,,,,,2574.151,
22085,MISO,MISO_LRZ8_9_10,1.0,,,2619.496,2619.496
22119,MISO,MISO_LRZ8_9_10,0.9997,,,1592.275,1591.786
23015,,,,,,1336.357,
01035,,,,,,2208.916,
24009,,,,,,615.577,
24043,PJM,PJM_APS,1.0,,,1210.613,1210.56
26055,MISO,MISO_LRZ2_7,1.0,,,1270.365,1270.36
26013,MISO,MISO_LRZ2_7,1.0,,,2376.974,2376.926
26071,MISO,MISO_LRZ2_7,1.0,,,3137.164,3137.164
27069,MISO,MISO_LRZ1,1.0,,,2858.298,2858.28
27089,MISO,MISO_LRZ1,1.0,,,4695.513,4695.513
28103,,,,,,1813.439,
29143,MISO,MISO_LRZ3_5,0.9249,,,1804.998,1669.481
29095,,,,,,1596.513,
29157,,,,,,1254.096,
30061,,,,,,3168.093,
30083,MISO,MISO_LRZ1,1.0,,,5447.673,5447.673
30057,,,,,,9333.483,
32009,,,,,,9294.32,
34033,PJM,PJM_AECO,0.9995,,,903.208,902.781
34007,PJM,PJM_AECO,0.5764,,,588.901,339.428
34015,PJM,PJM_AECO,0.8656,,,872.264,755.005
37087,,,,,,1436.104,
37021,,,,,,1709.32,
37065,PJM,PJM_DOM,0.7955,,,1312.816,1044.352
38059,MISO,MISO_LRZ1,1.0,,,5037.765,5037.765
38055,MISO,MISO_LRZ1,1.0,,,6029.25,6029.25
38007,MISO,MISO_LRZ1,1.0,,,2986.17,2986.17
40111,,,,,,1819.211,
41005,,,,,,4876.21,
41003,,,,,,1756.939,
41023,,,,,,11725.961,
42003,PJM,PJM_DUQ,0.6713,,,1927.738,1294.13
42041,PJM,PJM_PPL,0.5261,,,1425.443,749.92
42067,PJM,PJM_PPL,0.6754,,,1019.153,688.33
45075,,,,,,2921.486,
45067,,,,,,1279.928,
45009,,,,,,1024.215,
46137,,,,,,5104.182,
12045,,,,,,1470.984,
12029,,,,,,1861.663,
12129,,,,,,1633.04,
17097,PJM,PJM_ComEd,0.999,,,1218.665,1217.395
16087,,,,,,3816.047,
05009,MISO,MISO_LRZ8_9_10,0.9992,,,1559.35,1558.063
06073,CAISO,CAISO_SDGE,0.9277,,,11026.948,10229.656
06053,CAISO,CAISO_PGE,0.9998,,,8580.806,8578.925
06045,CAISO,CAISO_PGE,0.9978,,,9102.474,9082.225
06017,CAISO,CAISO_PGE,0.8831,,,4626.723,4086.012
06093,,,,,,16441.225,
08113,,,,,,3337.81,
08071,,,,,,12365.58,
08057,,,,,,4198.998,
22107,MISO,MISO_LRZ8_9_10,1.0,,,1662.012,1662.012
22017,MISO,MISO_LRZ8_9_10,0.9971,,,2426.023,2418.955
23027,,,,,,1977.894,
23017,,,,,,5636.741,
24025,PJM,PJM_BGE,0.8137,,,1168.799,951.102
24047,PJM,PJM_DPL,0.8294,,,1513.737,1255.5
24003,PJM,PJM_BGE,0.995,,,1163.995,1158.179
24023,PJM,PJM_APS,0.9994,,,1703.752,1702.721
37029,PJM,PJM_DOM,0.9913,,,630.563,625.097
37161,,,,,,1469.082,
38035,MISO,MISO_LRZ1,1.0,,,3727.993,3727.993
39161,PJM,PJM_AEP,0.9712,,,1063.107,1032.531
41019,,,,,,13130.472,
42111,PJM,PJM_PENELEC,0.9418,,,2801.516,2638.555
42045,PJM,PJM_PECO,0.9984,,,494.33,493.534
42103,PJM,PJM_PPL,0.5789,,,1468.234,849.9
45019,,,,,,2651.842,
45003,,,,,,2797.439,
45021,,,,,,1029.14,
45057,,,,,,1438.281,
28109,MISO,MISO_LRZ8_9_10,1.0,,,2120.576,2120.576
29023,,,,,,1810.723,
47063,,,,,,455.251,
47187,,,,,,1512.775,
47117,,,,,,974.311,
48473,ERCOT,ERCOT_Houston,0.6318,,,1341.276,847.476
48161,ERCOT,ERCOT_North,1.0,,,2309.92,2309.92
48453,ERCOT,ERCOT_South,1.0,,,2654.807,2654.807
48495,ERCOT,ERCOT_West,1.0,,,2177.523,2177.521
48491,ERCOT,ERCOT_South,0.9826,,,2931.463,2880.548
48423,ERCOT,ERCOT_North,1.0,,,2459.775,2459.772
48461,ERCOT,ERCOT_West,1.0,,,3213.828,3213.828
48373,MISO,MISO_LRZ8_9_10,1.0,,,2873.879,2873.834
48241,MISO,MISO_LRZ8_9_10,1.0,,,2511.183,2511.183
48449,ERCOT,ERCOT_North,0.9999,,,1102.408,1102.271
48389,ERCOT,ERCOT_West,1.0,,,6842.06,6842.06
48437,ERCOT,ERCOT_West,1.0,,,2333.372,2333.372
48173,ERCOT,ERCOT_West,1.0,,,2333.949,2333.949
49057,,,,,,1709.204,
49047,,,,,,11665.607,
49029,,,,,,1582.209,
49017,,,,,,13495.23,
51003,PJM,PJM_DOM,0.7581,,,1880.296,1425.398
51840,PJM,PJM_APS,0.9985,,,23.804,23.77
51163,PJM,PJM_DOM,0.9998,,,1553.974,1553.732
54081,PJM,PJM_AEP,1.0,,,1577.289,1577.289
54083,PJM,PJM_APS,1.0,,,2693.461,2693.461
54007,PJM,PJM_APS,1.0,,,1336.986,1336.986
55099,MISO,MISO_LRZ1,1.0,,,3309.702,3309.702
56035,,,,,,12780.512,
06039,CAISO,CAISO_PGE,0.9999,,,5574.984,5574.68
06033,CAISO,CAISO_PGE,1.0,,,3439.577,3439.577
08037,,,,,,4382.846,
08109,,,,,,8211.088,
09140,,,,,,1091.766,
12001,,,,,,2509.364,
13303,,,,,,1772.264,
13157,,,,,,888.582,
13309,,,,,,777.626,
13171,,,,,,481.468,
13221,,,,,,1144.724,
13317,,,,,,1228.001,
13079,,,,,,845.703,
13141,,,,,,1237.687,
13025,,,,,,1158.287,
16035,,,,,,6446.714,
17175,MISO,MISO_LRZ4,0.9999,,,746.856,746.79
18125,MISO,MISO_LRZ6,1.0,,,883.447,883.447
19107,MISO,MISO_LRZ3_5,1.0,,,1502.029,1502.029
19017,MISO,MISO_LRZ3_5,1.0,,,1138.118,1138.118
19081,MISO,MISO_LRZ3_5,1.0,,,1484.231,1484.231
20149,,,,,,2231.647,
21067,PJM,PJM_EKPC,1.0,,,739.585,739.585
21049,PJM,PJM_EKPC,1.0,,,660.787,660.787
21051,PJM,PJM_EKPC,0.9573,,,1220.27,1168.225
21043,PJM,PJM_EKPC,0.7041,,,1067.428,751.547
21229,PJM,PJM_EKPC,1.0,,,780.054,780.054
21033,,,,,,901.686,
22099,MISO,MISO_LRZ8_9_10,1.0,,,2115.674,2115.674
22063,MISO,MISO_LRZ8_9_10,1.0,,,1790.886,1790.886
22033,MISO,MISO_LRZ8_9_10,1.0,,,1218.247,1218.247
22059,MISO,MISO_LRZ8_9_10,1.0,,,1716.115,1716.115
22021,MISO,MISO_LRZ8_9_10,1.0,,,1400.718,1400.718
25015,,,,,,1412.264,
26079,MISO,MISO_LRZ2_7,1.0,,,1477.685,1477.685
27023,MISO,MISO_LRZ1,1.0,,,1522.717,1522.717
27125,MISO,MISO_LRZ1,1.0,,,1120.35,1120.35
28049,MISO,MISO_LRZ8_9_10,1.0,,,2272.596,2272.557
28053,MISO,MISO_LRZ8_9_10,1.0,,,1116.552,1116.552
29195,,,,,,1986.184,
29169,,,,,,1428.378,
30015,,,,,,10351.527,
30073,,,,,,4253.512,
31093,,,,,,1490.724,
31113,,,,,,1479.517,
31103,,,,,,2005.064,
35043,,,,,,9620.263,
36077,,,,,,2630.696,
36067,,,,,,2086.511,
28007,MISO,MISO_LRZ8_9_10,0.5228,,,1908.118,997.546
28029,MISO,MISO_LRZ8_9_10,1.0,,,2018.352,2018.352
29015,,,,,,1948.883,
29041,,,,,,1985.746,
30087,,,,,,13013.857,
30055,MISO,MISO_LRZ1,0.5987,,,6946.574,4158.833
31077,,,,,,1477.867,
51041,PJM,PJM_DOM,1.0,,,1131.717,1131.717
51005,PJM,PJM_DOM,0.9977,,,1165.184,1162.456
51017,PJM,PJM_APS,0.984,,,1384.477,1362.311
53065,,,,,,6579.282,
13307,,,,,,545.704,
56003,,,,,,8179.768,
01097,,,,,,3282.748,
04005,,,,,,48333.946,
06111,CAISO,CAISO_SCE,0.9862,,,4806.597,4740.246
13127,,,,,,1205.843,
01115,,,,,,1692.16,
18061,MISO,MISO_LRZ6,0.9987,,,1258.834,1257.176
22105,MISO,MISO_LRZ8_9_10,1.0,,,2185.574,2185.574
06101,CAISO,CAISO_PGE,1.0,,,1575.865,1575.846
36013,,,,,,2809.459,
46095,,,,,,3395.254,
23013,,,,,,1058.093,
24013,PJM,PJM_BGE,0.703,,,1172.791,824.449
21093,PJM,PJM_EKPC,0.8652,,,1632.226,1412.179
27031,MISO,MISO_LRZ1,1.0,,,4160.222,4160.155
34011,PJM,PJM_AECO,0.9992,,,1298.055,1297.012
34021,PJM,PJM_PSEG,0.859,,,592.72,509.118
39123,PJM,PJM_ATSI,0.9987,,,683.921,683.062
45069,,,,,,1256.867,
30089,,,,,,7225.586,
32031,city,Reno|Sparks,1.0,2.0,Reno|Sparks,16939.262,
33009,,,,,,4531.277,
35039,,,,,,15271.257,
35055,,,,,,5709.629,
36009,,,,,,3425.51,
36105,,,,,,2581.499,
17043,PJM,PJM_ComEd,1.0,,,871.231,871.231
27051,MISO,MISO_LRZ1,1.0,,,1490.193,1490.193
18083,MISO,MISO_LRZ6,0.999,,,1357.165,1355.824
19195,MISO,MISO_LRZ3_5,1.0,,,1040.942,1040.942
12095,,,,,,2599.104,
26089,MISO,MISO_LRZ2_7,1.0,,,974.038,974.022
19125,MISO,MISO_LRZ3_5,1.0,,,1477.558,1477.558
01055,,,,,,1421.157,
36065,,,,,,3257.641,
21101,,,,,,1205.449,
21195,PJM,PJM_AEP,0.9995,,,2042.58,2041.589
48361,MISO,MISO_LRZ8_9_10,1.0,,,982.901,982.901
01109,,,,,,1743.107,
19147,MISO,MISO_LRZ3_5,1.0,,,1475.056,1475.056
19161,MISO,MISO_LRZ3_5,1.0,,,1497.845,1497.845
21029,PJM,PJM_EKPC,0.8107,,,777.747,630.487
21155,PJM,PJM_EKPC,1.0,,,898.403,898.403
21121,PJM,PJM_EKPC,0.8611,,,1004.327,864.78
21005,PJM,PJM_EKPC,1.0,,,529.103,529.103
21099,PJM,PJM_EKPC,0.9866,,,1082.09,1067.569
47163,,,,,,1112.73,
47091,,,,,,784.18,
48167,ERCOT,ERCOT_Houston,1.0,,,1065.674,1065.631
48007,ERCOT,ERCOT_South,0.9999,,,751.066,751.024
48465,ERCOT,ERCOT_West,0.8001,,,8373.051,6699.275
48403,MISO,MISO_LRZ8_9_10,1.0,,,1493.83,1493.83
48315,,,,,,1088.819,
49033,,,,,,2813.806,
51153,PJM,PJM_DOM,1.0,,,886.911,886.911
51171,PJM,PJM_APS,0.5464,,,1325.617,724.269
53031,,,,,,4729.705,
53011,,,,,,1698.413,
53071,,,,,,3365.377,
53035,,,,,,1062.967,
53019,,,,,,5848.449,
54011,PJM,PJM_AEP,1.0,,,746.002,746.002
54073,PJM,PJM_APS,0.9969,,,348.509,347.429
05103,MISO,MISO_LRZ8_9_10,1.0,,,1916.274,1916.274
05061,,,,,,1542.952,
05013,MISO,MISO_LRZ8_9_10,1.0,,,1637.893,1637.893
05095,MISO,MISO_LRZ8_9_10,1.0,,,1609.092,1609.092
06021,CAISO,CAISO_PGE,1.0,,,3434.42,3434.42
06043,CAISO,CAISO_PGE,0.9977,,,3789.118,3780.406
08031,,,,,,400.722,
08015,,,,,,2629.529,
13067,,,,,,891.869,
13029,,,,,,1172.072,
13113,,,,,,516.927,
13217,,,,,,723.124,
13319,,,,,,1170.493,
13107,,,,,,1787.449,
17017,MISO,MISO_LRZ4,1.0,,,993.722,993.722
17129,MISO,MISO_LRZ4,1.0,,,817.042,817.042
35033,,,,,,4997.232,
37101,,,,,,2060.654,
37079,,,,,,692.072,
37057,,,,,,1469.791,
37123,,,,,,1299.02,
37199,,,,,,811.096,
38031,MISO,MISO_LRZ1,1.0,,,1675.243,1675.243
47021,,,,,,795.477,
48257,ERCOT,ERCOT_North,1.0,,,2091.483,2091.483
48277,ERCOT,ERCOT_North,1.0,,,2416.751,2416.749
48005,ERCOT,ERCOT_North,0.9999,,,2239.754,2239.515
48507,ERCOT,ERCOT_South,1.0,,,3371.187,3371.187
48401,ERCOT,ERCOT_North,1.0,,,2430.966,2430.962
48003,ERCOT,ERCOT_West,1.0,,,3888.254,3888.248
48395,MISO,MISO_LRZ8_9_10,0.9995,,,2242.382,2241.181
48371,ERCOT,ERCOT_West,1.0,,,12339.533,12339.533
48051,MISO,MISO_LRZ8_9_10,0.9998,,,1753.155,1752.836
48239,ERCOT,ERCOT_South,1.0,,,2219.222,2219.222
40117,,,,,,1540.963,
40027,,,,,,1444.896,
40077,,,,,,1888.711,
42099,PJM,PJM_PPL,0.8527,,,1438.859,1226.98
45077,,,,,,1327.877,
45059,,,,,,1872.388,
45085,,,,,,1766.97,
45061,,,,,,1064.867,
46041,,,,,,6333.253,
46069,,,,,,2243.845,
47149,,,,,,1616.288,
22123,MISO,MISO_LRZ8_9_10,1.0,,,933.652,933.652
23023,,,,,,771.926,
28137,MISO,MISO_LRZ8_9_10,0.9998,,,1064.522,1064.361
28161,,,,,,1281.857,
48351,MISO,MISO_LRZ8_9_10,1.0,,,2433.705,2433.705
51001,,,,,,1456.259,
53009,,,,,,4578.027,
53047,,,,,,13762.703,
55007,MISO,MISO_LRZ1,0.9963,,,3914.193,3899.567
08019,,,,,,1025.724,
12093,,,,,,2308.845,
13031,,,,,,1783.493,
13183,,,,,,1046.114,
17155,MISO,MISO_LRZ4,1.0,,,445.705,445.691
47145,,,,,,1022.959,
47097,,,,,,1302.688,
48103,ERCOT,ERCOT_West,1.0,,,2036.775,2036.775
48237,ERCOT,ERCOT_North,0.9233,,,2383.612,2200.9
48327,ERCOT,ERCOT_West,0.6602,,,2336.592,1542.663
45041,,,,,,2083.123,
21131,PJM,PJM_AEP,0.7517,,,1047.439,787.39
22047,MISO,MISO_LRZ8_9_10,1.0,,,1690.973,1690.973
27103,MISO,MISO_LRZ1,0.9997,,,1209.108,1208.693
39003,PJM,PJM_AEP,1.0,,,1054.102,1054.102
41047,,,,,,3085.354,
45015,city,Moncks Corner,1.0,1.0,Moncks Corner,3197.282,
48053,ERCOT,ERCOT_South,1.0,,,2646.474,2646.474
48463,ERCOT,ERCOT_South,1.0,,,4038.038,4038.038
48311,ERCOT,ERCOT_South,1.0,,,2995.626,2995.626
51085,PJM,PJM_DOM,1.0,,,1223.703,1223.703
51047,PJM,PJM_DOM,1.0,,,991.204,991.204
10001,PJM,PJM_DPL,0.9999,,,1546.865,1546.698
13179,,,,,,1401.389,
04012,,,,,,11682.975,
06071,CAISO,CAISO_SCE,0.9525,,,52073.474,49597.888
39021,PJM,PJM_DAYTON,0.9114,,,1113.067,1014.483
24045,PJM,PJM_DPL,0.9911,,,995.685,986.849
37165,,,,,,830.287,
45043,,,,,,2254.459,
26007,MISO,MISO_LRZ2_7,1.0,,,1536.98,1536.94
30081,,,,,,6216.788,
36025,,,,,,3800.85,
16027,,,,,,1563.249,
27013,MISO,MISO_LRZ3_5,0.9998,,,1982.872,1982.443
06099,,,,,,3921.227,
19101,MISO,MISO_LRZ3_5,1.0,,,1131.507,1131.507
01009,,,,,,1685.164,
21059,,,,,,1234.355,
48187,ERCOT,ERCOT_South,1.0,,,1851.176,1851.176
22041,MISO,MISO_LRZ8_9_10,1.0,,,1644.775,1644.775
22127,MISO,MISO_LRZ8_9_10,1.0,,,2478.225,2478.225
28119,MISO,MISO_LRZ8_9_10,0.9997,,,1052.778,1052.499
30099,,,,,,5933.922,
30059,,,,,,6202.12,
51029,PJM,PJM_DOM,0.861,,,1511.6,1301.52
51147,PJM,PJM_DOM,1.0,,,916.481,916.481
51031,PJM,PJM_DOM,0.6228,,,1312.531,817.495
54019,PJM,PJM_AEP,0.9998,,,1731.965,1731.634
54043,PJM,PJM_AEP,1.0,,,1136.214,1136.214
06025,,,,,,11606.335,
01119,,,,,,2364.71,
05107,MISO,MISO_LRZ8_9_10,1.0,,,1884.628,1884.628
06085,CAISO,CAISO_PGSB,0.9662,,,3367.763,3253.971
06009,CAISO,CAISO_PGE,0.9997,,,2685.688,2684.799
13191,,,,,,1228.393,
13215,,,,,,572.467,
16059,,,,,,11834.207,
22005,MISO,MISO_LRZ8_9_10,1.0,,,783.872,783.872
01051,,,,,,1701.763,
46123,,,,,,4188.395,
22065,MISO,MISO_LRZ8_9_10,1.0,,,1684.269,1684.269
24031,PJM,PJM_PEPCO,0.61,,,1312.968,800.92
28149,MISO,MISO_LRZ8_9_10,1.0,,,1602.463,1602.463
37013,PJM,PJM_DOM,0.9948,,,2229.671,2218.059
38087,MISO,MISO_LRZ1,1.0,,,3159.086,3159.086
48203,,,,,,2371.877,
48391,ERCOT,ERCOT_South,1.0,,,2034.063,2034.054
49045,,,,,,18874.812,
51057,PJM,PJM_DOM,0.9999,,,687.204,687.139
54071,PJM,PJM_APS,1.0,,,1807.926,1807.926
06103,CAISO,CAISO_PGE,1.0,,,7674.768,7674.588
13089,,,,,,702.057,
13123,,,,,,1115.913,
13075,,,,,,604.057,
19069,MISO,MISO_LRZ3_5,1.0,,,1508.781,1508.781
21017,PJM,PJM_EKPC,1.0,,,755.289,755.289
21069,PJM,PJM_EKPC,1.0,,,909.937,909.937
48057,ERCOT,ERCOT_South,1.0,,,1928.901,1928.864
51195,,,,,,1050.353,
53061,,,,,,5466.281,
05001,MISO,MISO_LRZ8_9_10,1.0,,,2689.991,2689.991
05147,MISO,MISO_LRZ8_9_10,1.0,,,1538.839,1538.839
08013,,,,,,1918.027,
12107,,,,,,2141.778,
13189,,,,,,689.799,
13269,,,,,,983.364,
16033,,,,,,4569.57,
19083,MISO,MISO_LRZ3_5,1.0,,,1476.176,1476.176
21007,,,,,,709.47,
22055,MISO,MISO_LRZ8_9_10,1.0,,,697.284,697.284
26119,MISO,MISO_LRZ2_7,1.0,,,1457.345,1457.345
29029,MISO,MISO_LRZ3_5,0.52,,,1835.338,954.297
30077,,,,,,6040.064,
37147,,,,,,1697.805,
37099,,,,,,1281.579,
38037,MISO,MISO_LRZ1,1.0,,,4315.211,4315.211
41043,,,,,,5980.266,
42005,PJM,PJM_APS,0.9683,,,1719.701,1665.261
47005,,,,,,1130.127,
48133,ERCOT,ERCOT_North,0.5862,,,2413.91,1414.915
48155,ERCOT,ERCOT_West,1.0,,,1833.287,1833.287
51149,PJM,PJM_DOM,0.9598,,,729.959,700.615
54045,PJM,PJM_AEP,1.0,,,1177.733,1177.733
08005,,,,,,2086.227,
13103,,,,,,1250.983,
04003,,,,,,16106.323,
06083,CAISO,CAISO_PGE,0.716,,,7121.479,5098.937
06051,CAISO,CAISO_SCE,0.931,,,8109.843,7550.342
22101,MISO,MISO_LRZ8_9_10,1.0,,,1784.483,1784.429
22037,MISO,MISO_LRZ8_9_10,1.0,,,1180.223,1180.223
24035,PJM,PJM_DPL,0.9836,,,1021.456,1004.7
37095,PJM,PJM_DOM,0.9764,,,1823.44,1780.432
37173,,,,,,1398.841,
42101,PJM,PJM_PECO,0.9973,,,369.515,368.532
26029,MISO,MISO_LRZ2_7,1.0,,,1173.1,1173.074
29031,MISO,MISO_LRZ3_5,0.6031,,,1518.625,915.866
30031,,,,,,6820.928,
33007,,,,,,4740.715,
16031,,,,,,6683.829,
17185,MISO,MISO_LRZ4,0.9965,,,589.356,587.29
26063,MISO,MISO_LRZ2_7,1.0,,,2166.256,2166.197
27077,MISO,MISO_LRZ1,1.0,,,4608.859,4608.789
36103,,,,,,2978.455,
46085,,,,,,4420.522,
18145,MISO,MISO_LRZ6,1.0,,,1069.117,1069.117
20097,,,,,,1871.787,
21125,PJM,PJM_EKPC,1.0,,,1149.13,1149.13
49035,,,,,,2086.685,
51790,PJM,PJM_DOM,1.0,,,51.67,51.67
11001,PJM,PJM_PEPCO,0.998,,,176.93,176.568
12039,,,,,,1368.924,
17031,PJM,PJM_ComEd,0.9997,,,2479.972,2479.134
06015,,,,,,2629.279,
23025,,,,,,10604.275,
37031,,,,,,1463.667,
39095,PJM,PJM_ATSI,0.9964,,,899.097,895.825
25011,,,,,,1876.276,
01063,,,,,,1709.147,
30071,,,,,,13499.176,
35007,,,,,,9758.986,
19089,MISO,MISO_LRZ3_5,0.9998,,,1226.543,1226.256
19045,MISO,MISO_LRZ3_5,1.0,,,1839.448,1839.448
01117,,,,,,2096.509,
47037,,,,,,1360.188,
18107,MISO,MISO_LRZ6,1.0,,,1309.249,1309.249
20161,,,,,,1611.136,
21205,PJM,PJM_EKPC,1.0,,,741.38,741.38
51119,PJM,PJM_DOM,0.9781,,,361.385,353.488
51199,PJM,PJM_DOM,0.889,,,323.067,287.216
53075,,,,,,5640.98,
55029,MISO,MISO_LRZ2_7,0.9999,,,1273.804,1273.623
55037,MISO,MISO_LRZ2_7,1.0,,,1288.33,1288.33
06055,CAISO,CAISO_PGE,1.0,,,2051.884,2051.884
13139,,,,,,1110.146,
16077,,,,,,3735.387,
17035,MISO,MISO_LRZ4,1.0,,,898.59,898.59
37153,,,,,,1242.981,
37103,,,,,,1226.947,
48073,ERCOT,ERCOT_North,1.0,,,2750.878,2750.878
48063,,,,,,526.328,
19021,MISO,MISO_LRZ3_5,1.0,,,1502.786,1502.786
21151,PJM,PJM_EKPC,1.0,,,1148.016,1148.016
45029,,,,,,2784.666,
47151,,,,,,1380.762,
48141,,,,,,2629.051,
51091,PJM,PJM_APS,1.0,,,1077.471,1077.471
51165,PJM,PJM_DOM,0.655,,,2211.842,1448.769
53015,,,,,,3021.187,
08111,,,,,,1005.563,
13135,,,,,,1132.294,
13077,,,,,,1154.838,
13271,,,,,,1150.086,
13283,,,,,,524.284,
16023,,,,,,5797.702,
31171,,,,,,1849.051,
34013,PJM,PJM_PSEG,0.9102,,,332.252,302.401
36043,,,,,,3773.412,
37017,,,,,,2299.047,
38005,MISO,MISO_LRZ1,1.0,,,3728.065,3728.065
48001,ERCOT,ERCOT_North,1.0,,,2791.967,2791.967
48199,MISO,MISO_LRZ8_9_10,1.0,,,2324.395,2324.395
48243,ERCOT,ERCOT_West,1.0,,,5864.649,5864.649
45035,,,,,,1478.889,
46055,,,,,,4730.617,
21065,PJM,PJM_EKPC,1.0,,,662.208,662.208
22079,MISO,MISO_LRZ8_9_10,1.0,,,3526.113,3526.113
23007,,,,,,4514.356,
27149,MISO,MISO_LRZ1,1.0,,,1490.049,1490.049
28121,MISO,MISO_LRZ8_9_10,0.67,,,2087.858,1398.885
30043,,,,,,4297.732,
40013,,,,,,2443.692,
51105,,,,,,1132.59,
05069,MISO,MISO_LRZ8_9_10,1.0,,,2372.958,2372.958
51053,PJM,PJM_DOM,1.0,,,1313.873,1313.873
51830,PJM,PJM_DOM,1.0,,,23.557,23.557
54075,PJM,PJM_APS,0.9992,,,2439.155,2437.309
05093,MISO,MISO_LRZ8_9_10,0.9861,,,2407.778,2374.39
45063,,,,,,1961.164,
27027,MISO,MISO_LRZ1,1.0,,,2726.629,2726.629
33015,,,,,,1882.023,
41013,,,,,,7735.84,
45031,,,,,,1466.496,
13251,,,,,,1698.047,
05145,MISO,MISO_LRZ8_9_10,1.0,,,2698.802,2698.802
29069,MISO,MISO_LRZ3_5,0.7991,,,1417.392,1132.616
48329,ERCOT,ERCOT_West,1.0,,,2335.997,2335.997
51167,PJM,PJM_AEP,0.9998,,,1234.045,1233.843
12055,,,,,,2865.223,
18183,PJM,PJM_AEP,0.8583,,,875.283,751.288
21197,PJM,PJM_EKPC,1.0,,,466.501,466.501
22053,MISO,MISO_LRZ8_9_10,1.0,,,1705.813,1705.813
51117,PJM,PJM_MECK,0.9783,,,1759.459,1721.324
19143,MISO,MISO_LRZ3_5,1.0,,,1034.488,1034.488
21071,PJM,PJM_AEP,0.5992,,,1024.971,614.205
48323,ERCOT,ERCOT_South,1.0,,,3345.842,3345.788
12133,,,,,,1595.231,
37111,,,,,,1153.487,
48503,ERCOT,ERCOT_North,0.6578,,,2410.494,1585.65
46075,,,,,,2514.82,
06095,CAISO,CAISO_PGE,0.9942,,,2305.145,2291.666
12017,,,,,,1710.337,
13137,,,,,,722.753,
01085,,,,,,1877.806,
22113,MISO,MISO_LRZ8_9_10,1.0,,,3352.759,3352.705
25023,,,,,,1818.965,
27043,MISO,MISO_LRZ3_5,1.0,,,1869.857,1869.854
29189,MISO,MISO_LRZ3_5,0.9998,,,1355.566,1355.322
35017,,,,,,10272.492,
37139,PJM,PJM_DOM,0.9963,,,599.353,597.145
42055,PJM,PJM_APS,0.6738,,,2001.881,1348.869
48043,ERCOT,ERCOT_West,1.0,,,16039.055,16038.986
53073,,,,,,5612.999,
55043,MISO,MISO_LRZ1,1.0,,,3065.032,3064.885
05023,MISO,MISO_LRZ8_9_10,1.0,,,1533.742,1533.742
13019,,,,,,1185.35,
18051,MISO,MISO_LRZ6,0.9992,,,1292.818,1291.769
21177,,,,,,1241.726,
22097,MISO,MISO_LRZ8_9_10,1.0,,,2432.18,2432.18
23021,,,,,,11337.568,
27021,MISO,MISO_LRZ1,1.0,,,6251.766,6251.766
35037,,,,,,7461.779,
37023,,,,,,1331.795,
41061,,,,,,5281.024,
42097,PJM,PJM_PPL,1.0,,,1235.729,1235.729
47035,,,,,,1773.68,
48333,ERCOT,ERCOT_North,0.7004,,,1941.9,1360.109
01061,,,,,,1499.384,
01039,,,,,,2703.452,
01111,,,,,,1512.325,
01059,,,,,,1675.045,
01093,,,,,,1925.491,
05127,,,,,,2326.835,
05077,MISO,MISO_LRZ8_9_10,1.0,,,1612.017,1612.017
05005,MISO,MISO_LRZ8_9_10,1.0,,,1519.822,1519.822
05105,MISO,MISO_LRZ8_9_10,1.0,,,1452.732,1452.732
06049,,,,,,10886.057,
08063,,,,,,5598.136,
08125,,,,,,6135.096,
08099,,,,,,4258.848,
12087,,,,,,3539.815,
12021,,,,,,5448.239,
45089,,,,,,2426.828,
21203,PJM,PJM_EKPC,1.0,,,824.21,824.21
22013,MISO,MISO_LRZ8_9_10,1.0,,,2128.715,2128.711
26137,MISO,MISO_LRZ2_7,1.0,,,1362.095,1362.095
30093,,,,,,1861.07,
36115,,,,,,2190.866,
42059,PJM,PJM_APS,0.9999,,,1496.6,1496.43
47025,,,,,,1143.459,
48215,ERCOT,ERCOT_South,1.0,,,4102.406,4102.344
05029,MISO,MISO_LRZ8_9_10,1.0,,,1466.954,1466.954
51019,PJM,PJM_AEP,0.9993,,,2010.499,2009.01
51685,PJM,PJM_DOM,1.0,,,7.863,7.863
54067,PJM,PJM_APS,0.6787,,,1694.751,1150.147
16079,,,,,,6843.465,
06077,CAISO,CAISO_PGE,0.8377,,,3694.68,3094.905
24029,PJM,PJM_DPL,0.9746,,,775.682,756.014
34003,PJM,PJM_PSEG,0.5954,,,638.225,379.977
39073,PJM,PJM_AEP,1.0,,,1097.249,1097.249
06027,CAISO,CAISO_SCE,0.8155,,,26491.005,21602.157
37115,,,,,,1169.382,
27173,MISO,MISO_LRZ1,1.0,,,1977.088,1977.088
48481,ERCOT,ERCOT_South,0.5196,,,2834.175,1472.589
48169,ERCOT,ERCOT_West,1.0,,,2321.275,2321.275
13209,,,,,,634.068,
17189,MISO,MISO_LRZ4,1.0,,,1460.569,1460.569
21031,,,,,,1117.924,
51530,PJM,PJM_DOM,1.0,,,16.938,16.938
30003,,,,,,12990.532,
36095,,,,,,1622.212,
21217,PJM,PJM_EKPC,1.0,,,717.367,717.367
12027,,,,,,1654.99,
47041,,,,,,852.078,
45065,,,,,,1019.778,
08053,,,,,,2910.633,
21085,,,,,,1323.811,
34027,PJM,PJM_JCPL,0.9999,,,1247.111,1247.048
51007,PJM,PJM_DOM,1.0,,,928.828,928.828
09130,,,,,,1153.247,
20203,,,,,,1861.024,
17071,MISO,MISO_LRZ4,1.0,,,1024.014,1024.012
16071,,,,,,3109.308,
16055,,,,,,3391.12,
17127,MISO,MISO_LRZ4,0.9991,,,627.351,626.769
17157,MISO,MISO_LRZ4,0.9997,,,1546.008,1545.611
12015,,,,,,1923.38,
12059,,,,,,1266.747,
12079,,,,,,1854.156,
12003,,,,,,1524.716,
13285,,,,,,1155.094,
13233,,,,,,808.419,
17163,MISO,MISO_LRZ4,1.0,,,1745.408,1745.408
13047,,,,,,420.764,
13295,,,,,,1157.653,
13131,,,,,,1191.875,
13253,,,,,,664.41,
13061,,,,,,562.551,
17117,MISO,MISO_LRZ4,1.0,,,2247.171,2247.171
13045,,,,,,1304.638,
17093,PJM,PJM_ComEd,1.0,,,834.565,834.565
18029,MISO,MISO_LRZ6,0.9992,,,796.177,795.513
18001,PJM,PJM_AEP,1.0,,,880.322,880.287
18151,MISO,MISO_LRZ6,0.9993,,,835.293,834.726
18007,MISO,MISO_LRZ6,1.0,,,1052.617,1052.602
26017,MISO,MISO_LRZ2_7,1.0,,,1161.32,1161.281
26049,MISO,MISO_LRZ2_7,1.0,,,1682.458,1682.458
26021,PJM,PJM_AEP,0.9994,,,1503.462,1502.596
17149,MISO,MISO_LRZ4,1.0,,,2198.678,2198.67
17013,MISO,MISO_LRZ4,0.9999,,,734.389,734.298
17201,PJM,PJM_ComEd,1.0,,,1344.583,1344.54
18043,MISO,MISO_LRZ6,0.9986,,,387.342,386.806
19139,MISO,MISO_LRZ3_5,1.0,,,1163.28,1163.28
27035,MISO,MISO_LRZ1,1.0,,,2995.945,2995.945
17057,MISO,MISO_LRZ4,1.0,,,2285.923,2285.923
17025,MISO,MISO_LRZ4,1.0,,,1216.123,1216.123
18167,MISO,MISO_LRZ6,0.9994,,,1062.903,1062.25
20209,,,,,,404.305,
17099,PJM,PJM_ComEd,0.9337,,,2973.759,2776.461
20005,,,,,,1123.489,
36003,,,,,,2678.921,
21111,PJM,PJM_EKPC,0.9957,,,1029.826,1025.407
40049,,,,,,2107.568,
45053,,,,,,1737.769,
26145,MISO,MISO_LRZ2_7,1.0,,,2113.477,2113.477
19145,MISO,MISO_LRZ3_5,1.0,,,1386.822,1386.81
18057,MISO,MISO_LRZ6,1.0,,,1042.41,1042.41
19085,MISO,MISO_LRZ3_5,1.0,,,1816.618,1816.615
26117,MISO,MISO_LRZ2_7,1.0,,,1866.847,1866.847
19177,MISO,MISO_LRZ3_5,1.0,,,1270.763,1270.763
26121,MISO,MISO_LRZ2_7,1.0,,,1365.739,1365.739
19119,MISO,MISO_LRZ3_5,1.0,,,1521.753,1521.707
26105,MISO,MISO_LRZ2_7,1.0,,,1321.316,1321.316
27047,MISO,MISO_LRZ3_5,1.0,,,1871.053,1871.038
20011,,,,,,1654.978,
20043,,,,,,1031.309,
20137,,,,,,2282.44,
20117,,,,,,2343.583,
20129,,,,,,1889.824,
20175,,,,,,1658.609,
26043,MISO,MISO_LRZ2_7,1.0,,,2010.909,2010.909
26157,MISO,MISO_LRZ2_7,0.9999,,,2107.906,2107.651
26011,MISO,MISO_LRZ2_7,1.0,,,951.968,951.95
26127,MISO,MISO_LRZ2_7,1.0,,,1414.165,1414.165
26061,MISO,MISO_LRZ2_7,1.0,,,2696.802,2696.788
27133,MISO,MISO_LRZ3_5,1.0,,,1250.338,1250.321
46083,,,,,,1497.024,
46099,,,,,,2107.736,
46091,MISO,MISO_LRZ1,1.0,,,2293.662,2293.662
01103,,,,,,1551.579,
21161,PJM,PJM_EKPC,0.9973,,,638.336,636.584
21141,,,,,,1442.829,
25005,,,,,,1527.74,
21185,PJM,PJM_EKPC,0.9996,,,508.82,508.624
36011,,,,,,1904.615,
26033,MISO,MISO_LRZ2_7,1.0,,,4234.18,4234.083
01105,,,,,,1875.269,
40143,,,,,,1519.83,
01013,,,,,,2014.425,
26027,,,,,,1316.929,
32019,,,,,,5247.382,
33013,,,,,,2473.153,
46065,,,,,,2074.638,
46049,,,,,,2605.117,
46125,,,,,,1599.605,
46111,,,,,,1477.699,
09160,,,,,,2093.036,
12081,,,,,,2060.49,
35049,,,,,,4950.786,
36069,,,,,,1715.894,
46071,,,,,,4846.983,
46063,,,,,,6936.502,
12115,,,,,,1568.284,
12111,,,,,,1584.23,
13073,,,,,,796.836,
13291,,,,,,852.406,
12099,,,,,,5766.122,
36039,,,,,,1704.389,
36037,,,,,,1283.018,
36049,,,,,,3344.769,
49041,,,,,,4970.259,
50015,,,,,,1207.296,
51033,PJM,PJM_DOM,1.0,,,1391.02,1390.965
51065,PJM,PJM_DOM,1.0,,,753.874,753.874
12005,,,,,,2285.864,
13087,,,,,,1613.766,
21225,,,,,,941.146,
39059,PJM,PJM_AEP,1.0,,,1368.252,1368.252
39147,PJM,PJM_AEP,0.697,,,1431.662,997.903
37183,,,,,,2219.775,
37081,,,,,,1703.386,
51680,PJM,PJM_AEP,1.0,,,128.163,128.163
51183,PJM,PJM_DOM,1.0,,,1276.317,1276.317
51730,PJM,PJM_DOM,1.0,,,59.341,59.341
13281,,,,,,445.048,
13119,,,,,,689.611,
13149,,,,,,780.099,
39049,PJM,PJM_AEP,0.9724,,,1407.985,1369.154
39153,PJM,PJM_ATSI,1.0,,,1088.147,1088.147
37191,,,,,,1444.49,
37151,,,,,,2045.876,
37169,,,,,,1181.265,
51690,PJM,PJM_AEP,1.0,,,28.539,28.539
51660,PJM,PJM_DOM,1.0,,,45.046,45.046
51620,PJM,PJM_DOM,1.0,,,21.636,21.636
54015,PJM,PJM_AEP,0.5623,,,890.425,500.669
01075,,,,,,1569.051,
01019,,,,,,1553.727,
39173,PJM,PJM_ATSI,0.7687,,,1607.26,1235.489
39013,PJM,PJM_AEP,1.0,,,1402.138,1402.138
37197,,,,,,874.675,
38003,MISO,MISO_LRZ1,1.0,,,3919.783,3919.783
38101,MISO,MISO_LRZ1,1.0,,,5325.03,5325.03
54097,PJM,PJM_APS,1.0,,,918.766,918.766
55055,MISO,MISO_LRZ2_7,1.0,,,1509.412,1509.412
55141,MISO,MISO_LRZ1,0.5134,,,2096.372,1076.216
01077,,,,,,1864.293,
01083,,,,,,1572.671,
47061,,,,,,935.266,
47077,,,,,,1361.717,
38061,MISO,MISO_LRZ1,1.0,,,5028.152,5028.152
38049,MISO,MISO_LRZ1,1.0,,,4950.973,4950.973
55133,MISO,MISO_LRZ2_7,1.0,,,1503.68,1503.68
55119,MISO,MISO_LRZ1,1.0,,,2550.419,2550.419
56031,,,,,,5467.09,
56043,,,,,,5808.473,
01015,,,,,,1585.752,
04019,,,,,,23802.345,
47087,,,,,,827.689,
48135,ERCOT,ERCOT_West,1.0,,,2335.259,2335.259
48055,ERCOT,ERCOT_South,1.0,,,1415.236,1415.236
48445,,,,,,2307.388,
39089,PJM,PJM_AEP,1.0,,,1780.076,1780.076
39165,PJM,PJM_DEOK,0.7548,,,1055.335,796.589
39119,PJM,PJM_AEP,1.0,,,1742.413,1742.413
56019,,,,,,10810.596,
04017,,,,,,25795.037,
05113,,,,,,2231.585,
05031,MISO,MISO_LRZ8_9_10,1.0,,,1845.594,1845.594
48497,ERCOT,ERCOT_North,1.0,,,2389.683,2389.683
48069,ERCOT,ERCOT_West,1.0,,,2328.592,2328.584
48309,ERCOT,ERCOT_North,0.879,,,2746.218,2413.878
39139,PJM,PJM_ATSI,0.6097,,,1295.273,789.682
39163,PJM,PJM_AEP,1.0,,,1075.154,1075.154
39027,PJM,PJM_DAYTON,0.9257,,,1068.005,988.684
39115,PJM,PJM_AEP,1.0,,,1092.229,1092.229
05027,MISO,MISO_LRZ8_9_10,0.9999,,,1986.42,1986.162
08007,,,,,,3509.135,
08081,,,,,,12303.046,
08009,,,,,,6624.202,
48331,ERCOT,ERCOT_South,0.7177,,,2644.115,1897.671
48091,ERCOT,ERCOT_South,1.0,,,1489.249,1489.249
48183,,,,,,714.242,
39131,PJM,PJM_AEP,1.0,,,1149.452,1149.452
40063,,,,,,2110.215,
40019,,,,,,2159.611,
40137,,,,,,2308.592,
08115,,,,,,1422.496,
01021,,,,,,1814.749,
21163,,,,,,839.693,
48195,,,,,,2383.226,
48353,ERCOT,ERCOT_West,1.0,,,2366.113,2366.113
48031,ERCOT,ERCOT_South,1.0,,,1847.923,1847.923
48297,ERCOT,ERCOT_South,1.0,,,2794.288,2794.288
48179,ERCOT,ERCOT_West,1.0,,,2406.974,2406.974
48123,ERCOT,ERCOT_South,1.0,,,2357.898,2357.898
40099,,,,,,1101.01,
40057,,,,,,1395.578,
40029,,,,,,1350.723,
48285,ERCOT,ERCOT_South,1.0,,,2513.32,2513.32
48247,ERCOT,ERCOT_South,1.0,,,2943.155,2943.155
48045,ERCOT,ERCOT_West,1.0,,,2335.362,2335.362
48383,ERCOT,ERCOT_West,1.0,,,3046.017,3046.017
48283,ERCOT,ERCOT_South,1.0,,,3866.343,3866.343
48205,,,,,,3789.268,
48033,ERCOT,ERCOT_West,1.0,,,2346.708,2346.708
41067,city,Hillsboro,1.0,1.0,Hillsboro,1882.215,
41071,,,,,,1860.368,
29017,,,,,,1608.944,
29139,MISO,MISO_LRZ3_5,1.0,,,1399.752,1399.752
29179,,,,,,2109.668,
30019,MISO,MISO_LRZ1,1.0,,,3694.101,3694.101
41069,,,,,,4447.487,
42019,PJM,PJM_APS,0.8422,,,2060.915,1735.636
31037,,,,,,1078.69,
31155,,,,,,1967.874,
42025,PJM,PJM_PPL,1.0,,,1003.661,1003.648
42079,PJM,PJM_PPL,0.568,,,2346.558,1332.939
31047,,,,,,2640.271,
31059,,,,,,1493.228,
31123,,,,,,3704.182,
31181,,,,,,1489.392,
42087,PJM,PJM_PENELEC,0.9995,,,1074.149,1073.614
42053,PJM,PJM_PENELEC,1.0,,,1114.155,1114.155
38065,MISO,MISO_LRZ1,1.0,,,1893.604,1893.604
08103,,,,,,8347.859,
08075,,,,,,4778.439,
31179,,,,,,1148.23,
31073,,,,,,1198.3,
31069,,,,,,4482.626,
45037,,,,,,1312.947,
45039,,,,,,1838.513,
19019,MISO,MISO_LRZ3_5,1.0,,,1484.364,1484.364
19073,MISO,MISO_LRZ3_5,1.0,,,1479.431,1479.431
19077,MISO,MISO_LRZ3_5,1.0,,,1536.014,1536.014
19029,MISO,MISO_LRZ3_5,1.0,,,1463.198,1463.198
19047,MISO,MISO_LRZ3_5,1.0,,,1851.878,1851.878
19117,MISO,MISO_LRZ3_5,1.0,,,1125.231,1125.231
29067,,,,,,2109.845,
29151,MISO,MISO_LRZ3_5,1.0,,,1588.764,1588.764
29121,MISO,MISO_LRZ3_5,1.0,,,2104.582,2104.581
39099,PJM,PJM_ATSI,1.0,,,1101.088,1101.073
40001,,,,,,1495.289,
05125,MISO,MISO_LRZ8_9_10,1.0,,,1891.907,1891.907
05137,MISO,MISO_LRZ8_9_10,1.0,,,1578.974,1578.974
19091,MISO,MISO_LRZ3_5,1.0,,,1128.414,1128.414
19099,MISO,MISO_LRZ3_5,1.0,,,1898.312,1898.312
19009,MISO,MISO_LRZ3_5,1.0,,,1148.228,1148.228
19003,MISO,MISO_LRZ3_5,1.0,,,1102.199,1102.199
19093,MISO,MISO_LRZ3_5,1.0,,,1119.22,1119.22
29061,,,,,,1473.673,
29049,MISO,MISO_LRZ3_5,0.9889,,,1096.754,1084.538
29063,MISO,MISO_LRZ3_5,0.8888,,,1102.896,980.292
40041,,,,,,2051.405,
40115,,,,,,1255.206,
41025,,,,,,26490.618,
05051,MISO,MISO_LRZ8_9_10,1.0,,,1901.893,1901.893
05101,,,,,,2132.497,
05109,MISO,MISO_LRZ8_9_10,0.9998,,,1589.898,1589.563
06063,CAISO,CAISO_PGE,0.656,,,6768.498,4439.948
08001,,,,,,3065.73,
08047,,,,,,389.579,
20087,,,,,,1441.733,
20205,,,,,,1489.931,
20111,,,,,,2215.643,
20167,,,,,,2329.437,
20057,,,,,,2846.412,
29071,MISO,MISO_LRZ3_5,0.9992,,,2410.642,2408.63
29167,,,,,,1663.866,
29055,,,,,,1926.48,
41041,,,,,,2572.407,
41057,,,,,,2912.513,
08095,,,,,,1781.901,
08121,,,,,,6535.966,
12019,,,,,,1666.672,
20197,,,,,,2071.464,
20061,,,,,,1048.06,
20105,,,,,,1865.877,
27011,MISO,MISO_LRZ1,1.0,,,1367.542,1367.542
27017,MISO,MISO_LRZ1,1.0,,,2266.326,2266.326
41027,,,,,,1381.935,
42117,PJM,PJM_PENELEC,0.9999,,,2944.669,2944.24
42123,PJM,PJM_PENELEC,0.9999,,,2327.989,2327.742
45073,,,,,,1744.587,
12067,,,,,,1418.804,
13057,,,,,,1124.711,
20017,,,,,,2014.28,
20083,,,,,,2228.257,
21157,,,,,,881.02,
21211,PJM,PJM_EKPC,1.0,,,998.66,998.66
28059,MISO,MISO_LRZ8_9_10,0.9907,,,1932.288,1914.258
28057,,,,,,1399.643,
46101,,,,,,1348.985,
47131,,,,,,1438.451,
13129,,,,,,929.016,
13231,,,,,,568.189,
21073,PJM,PJM_EKPC,1.0,,,549.136,549.136
21199,PJM,PJM_EKPC,1.0,,,1753.358,1753.358
21215,PJM,PJM_EKPC,1.0,,,496.448,496.448
28093,,,,,,1838.512,
29145,,,,,,1622.913,
47067,,,,,,578.399,
47103,,,,,,1478.187,
48321,,,,,,3581.011,
13011,,,,,,607.145,
13167,,,,,,794.157,
21077,PJM,PJM_EKPC,0.9989,,,271.272,270.978
21201,PJM,PJM_EKPC,1.0,,,259.265,259.265
29133,MISO,MISO_LRZ3_5,1.0,,,1111.057,1111.043
29163,MISO,MISO_LRZ3_5,1.0,,,1773.468,1773.468
48337,ERCOT,ERCOT_North,0.8727,,,2430.61,2121.201
48077,ERCOT,ERCOT_West,0.9255,,,2891.553,2676.001
48295,,,,,,2414.501,
13299,,,,,,2347.935,
13085,,,,,,555.465,
13227,,,,,,602.513,
21087,PJM,PJM_EKPC,1.0,,,747.612,747.612
21045,PJM,PJM_EKPC,1.0,,,1154.423,1154.423
29081,,,,,,1881.306,
29217,,,,,,2167.354,
30041,,,,,,7553.962,
48079,,,,,,2008.043,
48487,ERCOT,ERCOT_West,1.0,,,2532.912,2532.908
48117,ERCOT,ERCOT_West,1.0,,,3881.286,3881.278
49053,,,,,,6295.808,
13125,,,,,,374.077,
13273,,,,,,873.868,
21039,,,,,,515.261,
22089,MISO,MISO_LRZ8_9_10,1.0,,,1028.15,1028.15
31135,,,,,,2290.251,
31083,,,,,,1486.874,
31055,,,,,,879.684,
49021,,,,,,8550.871,
50005,,,,,,1703.188,
50001,,,,,,2091.443,
13173,,,,,,517.084,
13169,,,,,,1024.035,
22049,MISO,MISO_LRZ8_9_10,1.0,,,1503.789,1503.789
23001,,,,,,1287.333,
26067,MISO,MISO_LRZ2_7,1.0,,,1502.217,1502.217
31065,,,,,,1866.798,
31051,,,,,,1250.299,
32007,,,,,,44552.622,
51650,PJM,PJM_DOM,0.9982,,,151.645,151.377
51169,PJM,PJM_AEP,0.8544,,,1395.722,1192.556
13199,,,,,,1308.291,
26025,MISO,MISO_LRZ2_7,0.9376,,,1860.614,1744.516
26015,MISO,MISO_LRZ2_7,1.0,,,1494.57,1494.57
26075,MISO,MISO_LRZ2_7,1.0,,,1873.791,1873.791
27147,MISO,MISO_LRZ1,1.0,,,1119.45,1119.45
32013,,,,,,25012.655,
33005,,,,,,1888.016,
34005,,,,,,2124.219,
35003,,,,,,17950.935,
51740,PJM,PJM_DOM,0.9993,,,92.201,92.14
51735,PJM,PJM_DOM,0.9488,,,50.843,48.239
13177,,,,,,937.229,
27003,MISO,MISO_LRZ1,1.0,,,1155.506,1155.506
27143,MISO,MISO_LRZ1,1.0,,,1555.591,1555.591
27041,MISO,MISO_LRZ1,1.0,,,1865.368,1865.368
35025,,,,,,11381.98,
35035,,,,,,17164.776,
36015,,,,,,1063.951,
53063,,,,,,4612.408,
54061,PJM,PJM_APS,1.0,,,948.111,948.111
16065,,,,,,1225.781,
17109,MISO,MISO_LRZ4,1.0,,,1528.544,1528.544
27059,MISO,MISO_LRZ1,1.0,,,1169.809,1169.809
27093,MISO,MISO_LRZ1,1.0,,,1669.309,1669.309
27083,MISO,MISO_LRZ1,0.9999,,,1868.798,1868.602
28081,,,,,,1173.83,
28133,MISO,MISO_LRZ8_9_10,1.0,,,1831.275,1831.275
36007,,,,,,1852.283,
36055,,,,,,1726.622,
54029,PJM,PJM_APS,0.9951,,,227.905,226.799
55093,MISO,MISO_LRZ1,1.0,,,1534.69,1534.69
17021,MISO,MISO_LRZ4,1.0,,,1853.729,1853.729
17135,MISO,MISO_LRZ4,1.0,,,1838.146,1838.146
17191,MISO,MISO_LRZ4,1.0,,,1853.086,1853.086
28015,MISO,MISO_LRZ8_9_10,1.0,,,1643.631,1643.631
28125,MISO,MISO_LRZ8_9_10,1.0,,,1127.115,1127.115
28069,,,,,,1986.591,
37171,,,,,,1389.378,
37045,,,,,,1213.047,
55061,MISO,MISO_LRZ2_7,1.0,,,890.929,890.918
55045,MISO,MISO_LRZ2_7,1.0,,,1514.188,1514.188
55091,MISO,MISO_LRZ1,1.0,,,644.157,644.157
18053,PJM,PJM_AEP,0.8398,,,1074.68,902.517
18085,MISO,MISO_LRZ6,1.0,,,1436.167,1436.165
18045,MISO,MISO_LRZ6,1.0,,,1030.635,1030.635
18103,MISO,MISO_LRZ6,1.0,,,977.188,977.188
28077,MISO,MISO_LRZ8_9_10,1.0,,,1128.249,1128.249
28129,MISO,MISO_LRZ8_9_10,1.0,,,1650.578,1650.578
29083,,,,,,1896.77,
29187,MISO,MISO_LRZ3_5,0.9821,,,1177.677,1156.552
38081,MISO,MISO_LRZ1,1.0,,,2246.786,2246.786
38023,MISO,MISO_LRZ1,1.0,,,3352.532,3352.528
38009,MISO,MISO_LRZ1,1.0,,,4396.517,4396.501
56037,,,,,,27173.316,
56015,,,,,,5780.863,
05115,MISO,MISO_LRZ8_9_10,0.9996,,,2151.3,2150.428
18131,MISO,MISO_LRZ6,1.0,,,1125.303,1125.303
18095,MISO,MISO_LRZ6,0.6141,,,1172.874,720.232
18055,MISO,MISO_LRZ6,1.0,,,1413.767,1413.767
18073,MISO,MISO_LRZ6,1.0,,,1454.221,1454.221
29089,MISO,MISO_LRZ3_5,0.9888,,,1221.194,1207.475
29077,,,,,,1755.826,
29223,,,,,,2004.732,
39001,PJM,PJM_AEP,1.0,,,1518.466,1518.433
39081,PJM,PJM_AEP,0.9995,,,1064.149,1063.631
05149,MISO,MISO_LRZ8_9_10,0.9997,,,2456.827,2456.128
05059,MISO,MISO_LRZ8_9_10,1.0,,,1611.688,1611.688
18121,MISO,MISO_LRZ6,1.0,,,1165.495,1165.495
18117,MISO,MISO_LRZ6,1.0,,,1057.148,1057.148
19031,MISO,MISO_LRZ3_5,1.0,,,1507.065,1507.065
19049,MISO,MISO_LRZ3_5,1.0,,,1532.214,1532.214
18105,MISO,MISO_LRZ6,1.0,,,1065.437,1065.437
19001,MISO,MISO_LRZ3_5,1.0,,,1476.924,1476.924
19037,MISO,MISO_LRZ3_5,1.0,,,1309.759,1309.759
20179,,,,,,2321.49,
20051,,,,,,2331.941,
50017,,,,,,1791.903,
50007,,,,,,1607.411,
54059,PJM,PJM_AEP,1.0,,,1097.557,1097.557
13071,,,,,,1441.414,
13235,,,,,,650.59,
13243,,,,,,1115.727,
17063,PJM,PJM_ComEd,1.0,,,1114.911,1114.911
17139,MISO,MISO_LRZ4,1.0,,,892.244,892.244
18113,PJM,PJM_AEP,0.8199,,,1081.183,886.434
18015,MISO,MISO_LRZ6,1.0,,,971.086,971.086
20139,,,,,,1864.26,
20065,,,,,,2327.757,
20123,,,,,,1862.74,
20145,,,,,,1954.692,
20055,,,,,,3374.26,
20187,,,,,,1761.846,
50021,,,,,,2449.319,
13091,,,,,,1303.138,
13165,,,,,,912.928,
18011,MISO,MISO_LRZ6,1.0,,,1096.075,1096.075
18149,MISO,MISO_LRZ6,1.0,,,808.691,808.691
47179,,,,,,854.452,
20031,,,,,,1693.931,
20041,,,,,,2206.482,
20193,,,,,,2783.907,
20067,,,,,,1490.259,
20049,,,,,,1684.836,
51035,PJM,PJM_AEP,1.0,,,1237.386,1237.343
51810,PJM,PJM_DOM,0.985,,,794.33,782.443
31071,,,,,,1480.046,
31009,,,,,,1849.22,
31007,,,,,,1931.91,
31149,,,,,,2620.294,
32001,,,,,,13014.518,
47017,,,,,,1553.975,
47113,,,,,,1446.812,
47071,,,,,,1543.946,
20159,,,,,,1885.925,
20025,,,,,,2531.647,
20141,,,,,,2316.119,
21227,,,,,,1418.205,
51590,PJM,PJM_AEP,0.999,,,113.426,113.308
51115,PJM,PJM_DOM,0.9898,,,253.814,251.231
32510,,,,,,406.897,
32029,,,,,,685.253,
35061,,,,,,2765.787,
47043,,,,,,1272.74,
21149,,,,,,663.597,
21001,PJM,PJM_EKPC,0.9653,,,1067.917,1030.849
51800,PJM,PJM_DOM,1.0,,,1078.597,1078.596
51025,PJM,PJM_DOM,0.7668,,,1475.039,1131.119
35057,,,,,,8666.399,
35047,,,,,,12277.972,
35005,,,,,,15735.439,
47007,,,,,,1053.86,
47153,,,,,,689.183,
21137,PJM,PJM_EKPC,1.0,,,871.234,871.234
21021,PJM,PJM_EKPC,1.0,,,473.524,473.524
51043,PJM,PJM_DOM,0.9689,,,461.387,447.035
53013,,,,,,2262.327,
35028,,,,,,282.863,
36001,,,,,,1381.224,
54009,PJM,PJM_AEP,0.9979,,,239.978,239.478
54089,PJM,PJM_AEP,0.6806,,,952.539,648.284
21129,PJM,PJM_EKPC,1.0,,,546.998,546.998
21233,,,,,,869.49,
54055,PJM,PJM_AEP,1.0,,,1089.648,1089.648
54077,PJM,PJM_APS,1.0,,,1687.048,1687.048
37001,,,,,,1124.475,
37063,,,,,,771.227,
54035,PJM,PJM_AEP,0.6002,,,1221.596,733.232
55127,MISO,MISO_LRZ2_7,1.0,,,1493.235,1493.235
21171,,,,,,860.187,
21091,,,,,,515.015,
54069,PJM,PJM_AEP,1.0,,,282.02,282.01
05053,MISO,MISO_LRZ8_9_10,1.0,,,1639.479,1639.479
37035,,,,,,1077.456,
37109,,,,,,789.758,
55089,MISO,MISO_LRZ2_7,1.0,,,608.58,608.58
55009,MISO,MISO_LRZ2_7,0.9999,,,1385.393,1385.304
46135,,,,,,1378.542,
46053,,,,,,2728.26,
05083,,,,,,1890.301,
05129,MISO,MISO_LRZ8_9_10,0.9999,,,1731.714,1731.573
06005,CAISO,CAISO_PGE,0.999,,,1569.491,1567.987
08089,,,,,,3290.154,
38015,MISO,MISO_LRZ1,1.0,,,4321.523,4321.523
55083,MISO,MISO_LRZ2_7,1.0,,,2630.705,2630.702
55071,MISO,MISO_LRZ2_7,1.0,,,1541.918,1541.91
46121,,,,,,3602.598,
46039,MISO,MISO_LRZ1,1.0,,,1648.263,1648.261
46011,,,,,,2084.789,
08101,,,,,,6214.12,
08003,,,,,,1872.865,
08011,,,,,,3991.999,
38057,MISO,MISO_LRZ1,1.0,,,2881.326,2881.326
38091,MISO,MISO_LRZ1,1.0,,,1852.783,1852.783
38083,MISO,MISO_LRZ1,1.0,,,2603.984,2603.984
55065,MISO,MISO_LRZ2_7,1.0,,,1643.831,1643.83
55125,MISO,MISO_LRZ2_7,0.5984,,,2636.126,1577.482
55109,MISO,MISO_LRZ1,1.0,,,1903.991,1903.991
46081,,,,,,2072.219,
46031,,,,,,6551.791,
08014,,,,,,86.955,
12049,,,,,,1652.995,
12077,,,,,,2183.085,
13161,,,,,,869.051,
13197,,,,,,950.953,
56045,,,,,,6212.983,
05047,,,,,,1606.225,
05123,MISO,MISO_LRZ8_9_10,1.0,,,1663.611,1663.611
47181,,,,,,1905.238,
13175,,,,,,2119.732,
13081,,,,,,728.185,
13003,,,,,,892.864,
01007,,,,,,1622.235,
38011,MISO,MISO_LRZ1,1.0,,,3021.877,3021.877
27117,MISO,MISO_LRZ3_5,1.0,,,1206.75,1206.731
29091,,,,,,2404.565,
47115,,,,,,1337.187,
47095,,,,,,501.85,
13247,,,,,,342.156,
13015,,,,,,1216.116,
17169,MISO,MISO_LRZ4,1.0,,,1142.74,1142.74
16047,,,,,,1901.319,
29209,,,,,,1322.944,
31061,,,,,,1491.934,
17015,PJM,PJM_ComEd,1.0,,,1209.577,1209.577
47125,,,,,,1408.292,
47161,,,,,,1277.997,
13097,city,Lithia Springs,1.0,1.0,Lithia Springs,520.725,
13321,,,,,,1488.568,
16037,,,,,,12790.541,
17005,MISO,MISO_LRZ4,1.0,,,991.527,991.527
17187,MISO,MISO_LRZ4,1.0,,,1406.346,1406.31
17145,MISO,MISO_LRZ4,1.0,,,1157.712,1157.712
17065,MISO,MISO_LRZ4,1.0,,,1129.042,1129.042
20015,,,,,,3746.402,
18047,MISO,MISO_LRZ6,1.0,,,1013.111,1013.105
19173,MISO,MISO_LRZ3_5,1.0,,,1385.004,1385.003
19109,MISO,MISO_LRZ3_5,1.0,,,2523.725,2523.725
48489,ERCOT,ERCOT_South,0.9998,,,1631.442,1631.139
48479,ERCOT,ERCOT_South,1.0,,,8746.522,8746.452
48201,ERCOT,ERCOT_Houston,0.9975,,,4586.935,4575.294
48165,,,,,,3891.768,
48369,ERCOT,ERCOT_West,1.0,,,2292.05,2292.03
13063,,,,,,373.929,
13211,,,,,,918.144,
17159,MISO,MISO_LRZ4,1.0,,,937.3,937.3
17079,MISO,MISO_LRZ4,1.0,,,1290.26,1290.26
17049,MISO,MISO_LRZ4,1.0,,,1243.289,1243.289
20125,,,,,,1687.459,
20039,,,,,,2315.713,
20089,,,,,,2368.379,
18059,MISO,MISO_LRZ6,1.0,,,795.084,795.084
48147,ERCOT,ERCOT_North,1.0,,,2328.321,2328.316
48111,,,,,,3899.335,
50019,,,,,,1870.841,
13005,,,,,,740.313,
13187,,,,,,736.122,
18099,MISO,MISO_LRZ6,0.8917,,,1164.733,1038.553
19133,MISO,MISO_LRZ3_5,1.0,,,1810.223,1810.219
19051,MISO,MISO_LRZ3_5,1.0,,,1307.523,1307.523
19065,MISO,MISO_LRZ3_5,1.0,,,1893.894,1893.894
19015,MISO,MISO_LRZ3_5,1.0,,,1485.698,1485.698
19183,MISO,MISO_LRZ3_5,1.0,,,1478.346,1478.346
19113,MISO,MISO_LRZ3_5,1.0,,,1876.971,1876.971
19039,MISO,MISO_LRZ3_5,1.0,,,1117.996,1117.996
41063,,,,,,8162.726,
41059,,,,,,8369.355,
33003,,,,,,2573.752,
33019,,,,,,1430.417,
35009,,,,,,3648.87,
19097,MISO,MISO_LRZ3_5,1.0,,,1682.55,1682.55
26073,MISO,MISO_LRZ2_7,1.0,,,1496.278,1496.278
19059,MISO,MISO_LRZ3_5,1.0,,,1046.279,1046.279
19095,MISO,MISO_LRZ3_5,1.0,,,1521.573,1521.573
19135,MISO,MISO_LRZ3_5,1.0,,,1124.955,1124.955
19197,MISO,MISO_LRZ3_5,1.0,,,1508.103,1508.103
20095,,,,,,2244.809,
20113,,,,,,2332.391,
20151,,,,,,1905.589,
41029,,,,,,7255.363,
42039,PJM,PJM_PENELEC,0.8843,,,2687.155,2376.32
35015,,,,,,10870.898,
36101,,,,,,3636.626,
17067,MISO,MISO_LRZ4,1.0,,,2109.131,2109.13
16021,,,,,,3310.484,
26125,MISO,MISO_LRZ2_7,1.0,,,2349.555,2349.555
26047,MISO,MISO_LRZ2_7,0.9999,,,1250.356,1250.269
17179,MISO,MISO_LRZ4,1.0,,,1703.953,1703.953
20045,,,,,,1229.134,
20101,,,,,,1858.243,
20003,,,,,,1511.952,
20073,,,,,,2985.384,
42015,PJM,PJM_PENELEC,0.9998,,,3007.166,3006.676
44001,,,,,,73.272,
45033,,,,,,1052.875,
25027,,,,,,4089.82,
26097,MISO,MISO_LRZ2_7,1.0,,,2783.551,2783.416
16081,,,,,,1166.544,
16057,,,,,,2789.016,
26035,MISO,MISO_LRZ2_7,1.0,,,1489.692,1489.692
19167,MISO,MISO_LRZ3_5,1.0,,,1991.281,1991.272
27033,MISO,MISO_LRZ3_5,1.0,,,1679.494,1679.464
39143,PJM,PJM_ATSI,0.7667,,,1066.084,817.371
22023,MISO,MISO_LRZ8_9_10,1.0,,,4246.954,4246.863
26083,MISO,MISO_LRZ2_7,1.0,,,1518.628,1518.587
26159,,,,,,1613.357,
26149,,,,,,1349.24,
16017,,,,,,4967.576,
17085,PJM,PJM_ComEd,0.9998,,,1601.936,1601.641
19103,MISO,MISO_LRZ3_5,1.0,,,1613.78,1613.78
27001,MISO,MISO_LRZ1,1.0,,,5166.328,5166.328
20007,,,,,,2941.96,
20121,,,,,,1528.441,
22027,MISO,MISO_LRZ8_9_10,1.0,,,1987.014,1987.014
22019,MISO,MISO_LRZ8_9_10,1.0,,,2833.592,2833.592
24021,PJM,PJM_APS,0.9998,,,1729.04,1728.608
26153,MISO,MISO_LRZ2_7,1.0,,,3164.136,3164.134
26009,MISO,MISO_LRZ2_7,1.0,,,1359.932,1359.931
17167,MISO,MISO_LRZ4,1.0,,,2271.505,2271.505
16009,,,,,,2031.082,
40109,,,,,,1860.732,
40017,,,,,,2344.991,
25009,,,,,,1375.587,
25019,,,,,,146.098,
36073,,,,,,1017.41,
36079,,,,,,637.674,
27063,MISO,MISO_LRZ3_5,1.0,,,1862.873,1862.873
27169,MISO,MISO_LRZ1,1.0,,,1661.949,1661.949
27155,MISO,MISO_LRZ1,1.0,,,1517.466,1517.466
17133,MISO,MISO_LRZ4,0.999,,,1031.272,1030.23
17059,MISO,MISO_LRZ4,0.9992,,,849.346,848.704
40015,,,,,,3341.351,
01011,,,,,,1619.183,
20147,,,,,,2316.792,
36081,,,,,,318.854,
36033,,,,,,4398.789,
36083,,,,,,1723.074,
27099,MISO,MISO_LRZ3_5,0.9999,,,1843.17,1843.016
28047,MISO,MISO_LRZ8_9_10,0.9922,,,1524.652,1512.735
17181,MISO,MISO_LRZ4,1.0,,,1093.18,1093.179
17193,MISO,MISO_LRZ4,0.999,,,1299.86,1298.59
20201,,,,,,2327.055,
20019,,,,,,1670.125,
20119,,,,,,2536.619,
20077,,,,,,2079.424,
20199,,,,,,2366.674,
36021,,,,,,1679.774,
36107,,,,,,1354.35,
28045,MISO,MISO_LRZ8_9_10,1.0,,,1251.372,1251.361
28153,MISO,MISO_LRZ8_9_10,1.0,,,2106.916,2106.855
28039,MISO,MISO_LRZ8_9_10,1.0,,,1252.927,1252.924
17101,MISO,MISO_LRZ4,0.9995,,,969.205,968.757
17131,MISO,MISO_LRZ3_5,1.0,,,1473.147,1473.142
17177,PJM,PJM_ComEd,1.0,,,1462.399,1462.374
36057,,,,,,1062.813,
01027,,,,,,1569.206,
21145,,,,,,693.742,
37179,,,,,,1656.176,
29119,,,,,,1397.574,
29213,,,,,,1687.599,
29011,,,,,,1545.433,
17203,MISO,MISO_LRZ4,0.724,,,1406.106,1018.055
20107,,,,,,1570.56,
29051,MISO,MISO_LRZ3_5,1.0,,,1033.294,1033.294
36099,,,,,,1011.303,
21117,PJM,PJM_DEOK,0.786,,,425.409,334.367
37011,,,,,,641.239,
37073,PJM,PJM_DOM,0.9951,,,895.223,890.881
29021,,,,,,1075.59,
29165,,,,,,1105.034,
17113,MISO,MISO_LRZ4,1.0,,,3072.398,3072.312
17115,MISO,MISO_LRZ4,1.0,,,1517.114,1517.114
36109,,,,,,1273.022,
21037,PJM,PJM_DEOK,0.5365,,,413.636,221.908
37185,PJM,PJM_MECK,0.998,,,1151.131,1148.846
38051,MISO,MISO_LRZ1,1.0,,,2575.238,2575.233
39135,PJM,PJM_DAYTON,0.9998,,,1104.781,1104.527
29147,,,,,,2273.8,
29111,MISO,MISO_LRZ3_5,1.0,,,1323.053,1323.044
29097,,,,,,1661.179,
20091,,,,,,1242.819,
21041,PJM,PJM_EKPC,0.9993,,,355.619,355.363
48085,ERCOT,ERCOT_North,1.0,,,2294.525,2294.525
39015,PJM,PJM_DEOK,0.7924,,,1276.63,1011.572
39105,PJM,PJM_AEP,1.0,,,1121.396,1121.354
29009,,,,,,2048.71,
29173,MISO,MISO_LRZ3_5,1.0,,,1253.347,1253.33
29129,,,,,,1178.766,
34017,PJM,PJM_PSEG,1.0,,,135.745,135.745
18171,MISO,MISO_LRZ6,1.0,,,949.128,949.085
55101,MISO,MISO_LRZ2_7,1.0,,,881.661,881.659
18181,MISO,MISO_LRZ6,1.0,,,1317.586,1317.586
18017,MISO,MISO_LRZ6,1.0,,,1074.832,1074.832
18081,MISO,MISO_LRZ6,1.0,,,833.474,833.474
39111,PJM,PJM_AEP,0.9999,,,1184.82,1184.727
39029,PJM,PJM_ATSI,0.8326,,,1384.827,1152.982
30067,,,,,,7286.088,
30091,MISO,MISO_LRZ1,1.0,,,4419.365,4419.365
31105,,,,,,2466.92,
31029,,,,,,2324.115,
17019,MISO,MISO_LRZ4,1.0,,,2586.062,2586.062
20173,,,,,,2613.471,
18039,MISO,MISO_LRZ6,0.7655,,,1211.776,927.65
18067,MISO,MISO_LRZ6,1.0,,,761.193,761.176
18013,MISO,MISO_LRZ6,1.0,,,820.146,820.146
18109,MISO,MISO_LRZ6,1.0,,,1060.482,1060.482
18003,PJM,PJM_AEP,0.9991,,,1709.037,1707.473
18169,MISO,MISO_LRZ6,0.9777,,,1090.503,1066.188
39093,PJM,PJM_ATSI,0.9999,,,1279.859,1279.771
39155,PJM,PJM_ATSI,0.9998,,,1647.692,1647.435
40003,,,,,,2283.345,
31169,,,,,,1489.401,
31157,,,,,,1930.928,
31027,,,,,,1931.968,
18115,MISO,MISO_LRZ6,0.9991,,,226.137,225.936
18177,MISO,MISO_LRZ6,1.0,,,1047.046,1047.045
18135,PJM,PJM_AEP,0.9217,,,1174.318,1082.348
18137,MISO,MISO_LRZ6,1.0,,,1160.264,1160.264
18023,MISO,MISO_LRZ6,1.0,,,1049.604,1049.604
18133,MISO,MISO_LRZ6,1.0,,,1250.167,1250.167
40139,,,,,,5306.461,
40147,,,,,,1098.988,
40085,,,,,,1378.042,
31015,,,,,,1410.591,
31025,,,,,,1465.615,
26081,MISO,MISO_LRZ2_7,1.0,,,2258.28,2258.28
17073,MISO,MISO_LRZ3_5,0.9998,,,2138.444,2138.107
19185,MISO,MISO_LRZ3_5,1.0,,,1365.311,1365.311
18025,MISO,MISO_LRZ6,0.9995,,,799.732,799.324
18119,MISO,MISO_LRZ6,1.0,,,1004.565,1004.565
19033,MISO,MISO_LRZ3_5,1.0,,,1489.62,1489.62
40129,,,,,,2969.67,
31165,,,,,,5354.44,
31131,,,,,,1603.192,
32023,,,,,,47130.701,
26155,MISO,MISO_LRZ2_7,1.0,,,1401.046,1401.046
19053,MISO,MISO_LRZ3_5,1.0,,,1381.5,1381.5
19057,MISO,MISO_LRZ3_5,1.0,,,1113.141,1113.137
55137,MISO,MISO_LRZ2_7,1.0,,,1651.197,1651.197
56009,,,,,,11044.498,
56027,,,,,,6808.223,
05135,MISO,MISO_LRZ8_9_10,1.0,,,1570.795,1570.795
21023,PJM,PJM_EKPC,0.9996,,,541.097,540.894
25007,,,,,,306.566,
25003,,,,,,2450.963,
17137,MISO,MISO_LRZ4,1.0,,,1482.579,1482.579
05035,MISO,MISO_LRZ8_9_10,0.992,,,1668.688,1655.302
39007,PJM,PJM_ATSI,0.9999,,,1837.063,1836.811
41049,city,Boardman,1.0,1.0,Boardman,5301.609,
05055,MISO,MISO_LRZ8_9_10,1.0,,,1500.649,1500.642
08085,,,,,,5807.489,
26023,MISO,MISO_LRZ2_7,0.8577,,,1345.846,1154.318
34037,PJM,PJM_JCPL,0.9993,,,1386.273,1385.271
36023,,,,,,1298.937,
05089,MISO,MISO_LRZ8_9_10,1.0,,,1657.644,1657.644
42105,PJM,PJM_APS,0.5929,,,2801.931,1661.315
42085,,,,,,1767.764,
48431,ERCOT,ERCOT_West,1.0,,,2391.274,2391.274
51770,PJM,PJM_AEP,1.0,,,110.997,110.997
09120,,,,,,375.923,
12011,,,,,,3173.201,
12127,,,,,,3279.161,
36097,,,,,,886.6,
36041,,,,,,4682.477,
37195,,,,,,966.425,
27025,MISO,MISO_LRZ1,1.0,,,1145.709,1145.709
27091,MISO,MISO_LRZ3_5,1.0,,,1889.586,1889.586
26001,MISO,MISO_LRZ2_7,1.0,,,1798.847,1798.844
51011,PJM,PJM_DOM,0.9283,,,868.369,806.095
51173,PJM,PJM_AEP,1.0,,,1172.487,1172.487
13145,,,,,,1224.446,
13143,,,,,,733.477,
13083,,,,,,451.325,
37003,,,,,,682.796,
37189,,,,,,811.353,
28075,,,,,,1851.896,
28003,,,,,,1040.058,
28011,MISO,MISO_LRZ8_9_10,1.0,,,2351.494,2351.494
51750,PJM,PJM_AEP,1.0,,,25.945,25.945
51630,PJM,PJM_DOM,1.0,,,27.219,27.219
51157,PJM,PJM_DOM,0.9994,,,691.92,691.48
51670,PJM,PJM_DOM,1.0,,,28.016,28.016
51640,PJM,PJM_AEP,1.0,,,21.422,21.422
13275,,,,,,1430.434,
13259,,,,,,1200.731,
38063,MISO,MISO_LRZ1,1.0,,,2612.977,2612.977
38047,MISO,MISO_LRZ1,1.0,,,2618.096,2618.096
39023,PJM,PJM_ATSI,0.8924,,,1040.071,928.191
39041,PJM,PJM_AEP,0.7407,,,1184.434,877.347
28095,,,,,,1999.482,
46017,,,,,,1262.604,
55053,MISO,MISO_LRZ1,0.9989,,,2590.902,2588.133
55015,MISO,MISO_LRZ2_7,1.0,,,1028.448,1028.448
55005,MISO,MISO_LRZ1,1.0,,,2304.388,2304.388
55067,MISO,MISO_LRZ2_7,1.0,,,2299.086,2299.086
13065,,,,,,2134.89,
17151,MISO,MISO_LRZ4,0.9997,,,970.306,970.03
17023,MISO,MISO_LRZ4,0.9995,,,1307.374,1306.751
39109,PJM,PJM_DAYTON,1.0,,,1061.119,1061.119
39159,,,,,,1131.547,
39019,PJM,PJM_AEP,0.8982,,,1033.293,928.104
47075,,,,,,1383.124,
47023,,,,,,740.625,
26091,MISO,MISO_LRZ2_7,1.0,,,1971.609,1971.595
26151,MISO,MISO_LRZ2_7,1.0,,,2496.025,2495.99
17195,MISO,MISO_LRZ3_5,1.0,,,1803.646,1803.634
18019,MISO,MISO_LRZ6,0.9985,,,974.825,973.39
40083,,,,,,1939.471,
40091,,,,,,1844.37,
47101,,,,,,731.564,
47133,,,,,,1126.12,
26031,MISO,MISO_LRZ2_7,1.0,,,2060.444,2060.428
26069,MISO,MISO_LRZ2_7,1.0,,,1466.475,1466.47
18153,MISO,MISO_LRZ6,0.9993,,,1176.415,1175.571
18077,MISO,MISO_LRZ6,0.9998,,,940.107,939.935
18127,MISO,MISO_LRZ6,1.0,,,1087.551,1087.551
40107,,,,,,1628.439,
40043,,,,,,2611.485,
48209,ERCOT,ERCOT_South,1.0,,,1758.088,1758.088
48121,ERCOT,ERCOT_North,1.0,,,2464.755,2464.755
48303,ERCOT,ERCOT_West,1.0,,,2332.976,2332.964
48399,ERCOT,ERCOT_West,1.0,,,2737.801,2737.801
27157,MISO,MISO_LRZ1,1.0,,,1423.224,1423.224
28005,MISO,MISO_LRZ8_9_10,1.0,,,1894.553,1894.553
18075,PJM,PJM_AEP,1.0,,,994.766,994.754
18163,MISO,MISO_LRZ6,0.9964,,,613.384,611.148
18155,MISO,MISO_LRZ6,0.9995,,,578.881,578.617
41053,,,,,,1927.107,
42077,PJM,PJM_PPL,0.8025,,,901.639,723.523
48259,ERCOT,ERCOT_South,1.0,,,1716.683,1716.683
48325,ERCOT,ERCOT_South,1.0,,,3456.443,3456.443
48249,ERCOT,ERCOT_South,1.0,,,2249.577,2249.577
48193,ERCOT,ERCOT_North,1.0,,,2165.87,2165.87
28027,MISO,MISO_LRZ8_9_10,1.0,,,1510.233,1510.233
28147,MISO,MISO_LRZ8_9_10,1.0,,,1047.516,1047.516
29153,,,,,,1956.023,
26139,MISO,MISO_LRZ2_7,1.0,,,1494.345,1494.345
26093,MISO,MISO_LRZ2_7,1.0,,,1516.338,1516.338
17095,MISO,MISO_LRZ4,1.0,,,1864.429,1864.35
42069,PJM,PJM_PPL,1.0,,,1204.663,1204.61
42093,PJM,PJM_PPL,1.0,,,342.514,342.514
46087,,,,,,1494.033,
48293,ERCOT,ERCOT_North,1.0,,,2416.892,2416.892
48191,ERCOT,ERCOT_West,1.0,,,2341.327,2341.327
48305,ERCOT,ERCOT_West,1.0,,,2313.652,2313.644
48107,ERCOT,ERCOT_West,1.0,,,2334.853,2334.853
48137,ERCOT,ERCOT_South,0.6431,,,5493.031,3532.494
31129,,,,,,1491.356,
31153,,,,,,641.167,
31049,,,,,,1141.377,
26101,MISO,MISO_LRZ2_7,1.0,,,1444.48,1444.48
19131,MISO,MISO_LRZ3_5,1.0,,,1216.411,1216.411
26161,MISO,MISO_LRZ2_7,1.0,,,1871.037,1871.037
19129,MISO,MISO_LRZ3_5,1.0,,,1141.034,1141.031
46067,,,,,,2109.096,
46033,,,,,,4037.94,
06075,CAISO,CAISO_PGE,0.9821,,,122.449,120.252
08017,,,,,,4615.77,
01037,,,,,,1726.04,
22009,MISO,MISO_LRZ8_9_10,1.0,,,2242.129,2242.129
31177,,,,,,1018.717,
34029,PJM,PJM_JCPL,0.6337,,,1953.314,1237.823
17011,MISO,MISO_LRZ4,0.7267,,,2262.605,1644.182
20191,,,,,,3068.723,
01133,,,,,,1637.022,
24510,PJM,PJM_BGE,0.9553,,,223.804,213.802
48027,ERCOT,ERCOT_South,0.9066,,,2823.689,2559.864
48021,ERCOT,ERCOT_South,1.0,,,2319.517,2319.517
48441,ERCOT,ERCOT_West,1.0,,,2380.647,2380.647
38039,MISO,MISO_LRZ1,1.0,,,1855.846,1855.846
39149,PJM,PJM_DAYTON,1.0,,,1063.599,1063.599
27071,MISO,MISO_LRZ1,0.9998,,,8171.599,8170.257
20181,,,,,,2735.733,
21083,,,,,,1442.009,
30079,MISO,MISO_LRZ1,0.5723,,,4513.706,2583.182
12061,,,,,,1397.306,
37041,PJM,PJM_DOM,0.9881,,,458.051,452.58
39075,PJM,PJM_AEP,0.9709,,,1098.432,1066.434
26095,MISO,MISO_LRZ2_7,1.0,,,2400.774,2400.767
27067,MISO,MISO_LRZ1,1.0,,,2233.316,2233.316
27121,MISO,MISO_LRZ1,1.0,,,1857.142,1857.142
28099,,,,,,1480.435,
01045,,,,,,1456.844,
40071,,,,,,2447.669,
12091,,,,,,2575.895,
13099,,,,,,1337.256,
37143,PJM,PJM_DOM,0.9979,,,652.246,650.864
38033,MISO,MISO_LRZ1,1.0,,,2597.043,2597.043
38013,MISO,MISO_LRZ1,1.0,,,2924.015,2924.011
28009,,,,,,1058.486,
29085,,,,,,1066.499,
29065,,,,,,1954.27,
31111,,,,,,6670.307,
31081,,,,,,1410.79,
46105,,,,,,7485.191,
21019,PJM,PJM_AEP,1.0,,,419.574,419.574
46043,,,,,,1123.003,
23005,,,,,,2459.863,
13101,,,,,,1090.249,
13239,,,,,,416.13,
39087,PJM,PJM_AEP,1.0,,,1184.646,1184.646
39053,PJM,PJM_AEP,1.0,,,1220.354,1220.354
39039,PJM,PJM_ATSI,0.704,,,1072.594,755.068
38095,MISO,MISO_LRZ1,1.0,,,2697.572,2697.564
56023,,,,,,10601.552,
55131,MISO,MISO_LRZ2_7,1.0,,,1128.222,1128.222
55077,MISO,MISO_LRZ2_7,1.0,,,1202.833,1202.833
48291,MISO,MISO_LRZ8_9_10,1.0,,,3047.329,3047.254
37025,,,,,,942.599,
13111,,,,,,1015.778,
13115,,,,,,1342.803,
40025,,,,,,4767.612,
41037,,,,,,21648.474,
42083,PJM,PJM_PENELEC,0.6722,,,2549.685,1713.978
54105,PJM,PJM_APS,1.0,,,607.967,607.967
55097,MISO,MISO_LRZ2_7,1.0,,,2130.972,2130.972
55047,MISO,MISO_LRZ2_7,1.0,,,984.643,984.643
40123,,,,,,1878.36,
40097,,,,,,1770.385,
27161,MISO,MISO_LRZ1,1.0,,,1121.332,1121.293
27101,MISO,MISO_LRZ3_5,1.0,,,1863.911,1863.896
27039,MISO,MISO_LRZ1,1.0,,,1138.856,1138.856
27113,MISO,MISO_LRZ1,1.0,,,1600.844,1600.844
28085,MISO,MISO_LRZ8_9_10,1.0,,,1523.937,1523.937
42115,PJM,PJM_PENELEC,0.9305,,,2155.113,2005.399
46009,,,,,,1506.235,
47109,,,,,,1459.489,
47027,,,,,,671.716,
55107,MISO,MISO_LRZ1,1.0,,,2410.409,2410.409
55021,MISO,MISO_LRZ2_7,1.0,,,2061.224,2061.219
40149,,,,,,2612.658,
40131,,,,,,1843.196,
40127,,,,,,3684.522,
28079,,,,,,1516.013,
28105,,,,,,1196.293,
28067,MISO,MISO_LRZ8_9_10,1.0,,,1812.434,1812.434
28135,,,,,,1688.684,
05119,MISO,MISO_LRZ8_9_10,1.0,,,2091.256,2091.256
55103,MISO,MISO_LRZ1,1.0,,,1526.182,1526.182
55135,MISO,MISO_LRZ2_7,1.0,,,1981.721,1981.721
55087,MISO,MISO_LRZ2_7,1.0,,,1669.411,1669.411
40153,,,,,,3229.165,
40069,,,,,,1705.16,
42075,PJM,PJM_METED,0.9166,,,938.951,860.619
28115,,,,,,1297.538,
28123,,,,,,1580.981,
28159,,,,,,1580.041,
28043,MISO,MISO_LRZ8_9_10,0.9988,,,1164.045,1162.636
48197,ERCOT,ERCOT_West,1.0,,,1804.796,1804.795
48483,ERCOT,ERCOT_West,1.0,,,2370.309,2370.198
48017,,,,,,2142.936,
47175,,,,,,711.048,
48439,ERCOT,ERCOT_North,1.0,,,2340.657,2340.657
42021,PJM,PJM_PENELEC,1.0,,,1795.485,1795.485
42081,,,,,,3221.736,
28019,,,,,,1087.436,
29101,,,,,,2157.606,
29203,,,,,,2600.131,
48485,ERCOT,ERCOT_West,0.9997,,,1638.6,1638.03
49027,,,,,,17709.36,
51099,PJM,PJM_DOM,0.9828,,,482.381,474.074
48307,ERCOT,ERCOT_South,0.9999,,,2780.89,2780.745
48177,ERCOT,ERCOT_South,1.0,,,2771.295,2771.295
48221,ERCOT,ERCOT_North,1.0,,,1131.63,1131.63
42065,PJM,PJM_PENELEC,0.9999,,,1700.831,1700.725
42009,PJM,PJM_PENELEC,0.6545,,,2633.231,1723.573
29073,MISO,MISO_LRZ3_5,0.7981,,,1362.057,1087.003
29109,,,,,,1588.879,
29079,,,,,,1134.54,
29215,,,,,,3054.098,
51089,PJM,PJM_AEP,0.9681,,,995.502,963.7
48501,,,,,,2071.839,
48227,ERCOT,ERCOT_West,1.0,,,2341.747,2341.747
48099,ERCOT,ERCOT_North,0.8761,,,2737.637,2398.571
48451,ERCOT,ERCOT_West,1.0,,,3990.487,3990.487
48149,ERCOT,ERCOT_South,1.0,,,2485.854,2485.854
48447,ERCOT,ERCOT_West,1.0,,,2371.151,2371.151
48009,ERCOT,ERCOT_West,1.0,,,2397.686,2397.686
42109,PJM,PJM_PPL,1.0,,,858.788,858.787
42131,PJM,PJM_PENELEC,0.8107,,,1049.296,850.625
29175,MISO,MISO_LRZ3_5,0.9979,,,1263.406,1260.74
29117,,,,,,1394.659,
29125,MISO,MISO_LRZ3_5,0.5743,,,1372.625,788.238
29205,MISO,MISO_LRZ3_5,1.0,,,1301.131,1301.125
51077,PJM,PJM_AEP,0.9993,,,1153.873,1153.093
53059,,,,,,4367.458,
48013,ERCOT,ERCOT_South,1.0,,,3163.812,3163.812
48143,ERCOT,ERCOT_North,1.0,,,2822.397,2822.397
48375,ERCOT,ERCOT_West,1.0,,,2388.152,2388.152
48341,,,,,,2355.725,
48233,,,,,,2318.544,
48319,ERCOT,ERCOT_South,1.0,,,2413.516,2413.516
45011,,,,,,1443.25,
29057,,,,,,1310.973,
29185,,,,,,1818.288,
29199,MISO,MISO_LRZ3_5,1.0,,,1137.963,1137.963
30107,,,,,,3697.643,
53003,,,,,,1659.061,
53023,,,,,,1859.455,
48019,ERCOT,ERCOT_South,1.0,,,2065.807,2065.807
48279,,,,,,2635.772,
48175,ERCOT,ERCOT_South,1.0,,,2225.24,2225.24
48023,ERCOT,ERCOT_West,1.0,,,2334.094,2334.094
48317,ERCOT,ERCOT_West,1.0,,,2371.623,2371.623
45081,,,,,,1196.507,
45023,,,,,,1519.12,
30017,MISO,MISO_LRZ1,0.6044,,,9823.945,5937.289
30033,,,,,,12558.238,
30011,,,,,,8671.131,
30109,MISO,MISO_LRZ1,1.0,,,2305.467,2305.467
54053,PJM,PJM_AEP,1.0,,,1151.841,1151.841
55079,MISO,MISO_LRZ2_7,0.9999,,,627.408,627.355
48275,ERCOT,ERCOT_West,1.0,,,2215.355,2215.355
48425,ERCOT,ERCOT_North,1.0,,,496.479,496.479
48163,ERCOT,ERCOT_South,1.0,,,2937.587,2937.587
48313,ERCOT,ERCOT_North,1.0,,,1223.446,1223.402
48411,ERCOT,ERCOT_South,0.9514,,,2948.713,2805.354
48263,ERCOT,ERCOT_West,1.0,,,2337.475,2337.475
46107,,,,,,2326.989,
46037,MISO,MISO_LRZ1,1.0,,,2826.074,2826.074
46035,,,,,,1131.683,
46077,,,,,,2237.096,
46057,MISO,MISO_LRZ1,1.0,,,1393.716,1393.714
31089,,,,,,6261.1,
31079,,,,,,1430.113,
31119,,,,,,1490.249,
55063,MISO,MISO_LRZ1,1.0,,,1243.338,1243.338
55123,MISO,MISO_LRZ1,1.0,,,2114.573,2114.573
48075,ERCOT,ERCOT_West,1.0,,,1848.014,1848.014
48433,ERCOT,ERCOT_West,1.0,,,2384.623,2384.623
38089,MISO,MISO_LRZ1,1.0,,,3471.598,3471.598
38093,MISO,MISO_LRZ1,1.0,,,5951.812,5951.812
38043,MISO,MISO_LRZ1,1.0,,,3710.973,3710.973
46007,,,,,,3083.192,
46019,,,,,,5870.516,
31019,,,,,,2526.308,
31159,,,,,,1491.588,
31001,,,,,,1461.328,
05111,MISO,MISO_LRZ8_9_10,1.0,,,1978.301,1978.301
05141,MISO,MISO_LRZ8_9_10,1.0,,,1875.15,1875.15
05079,MISO,MISO_LRZ8_9_10,1.0,,,1475.547,1475.547
48109,ERCOT,ERCOT_West,1.0,,,9874.588,9874.582
48413,ERCOT,ERCOT_West,1.0,,,3393.149,3393.149
38045,MISO,MISO_LRZ1,1.0,,,2981.07,2981.07
39011,PJM,PJM_DAYTON,0.5198,,,1040.925,541.039
39045,PJM,PJM_AEP,1.0,,,1317.033,1317.033
46102,,,,,,5429.484,
47039,,,,,,893.501,
21237,PJM,PJM_EKPC,1.0,,,576.959,576.959
21153,PJM,PJM_EKPC,0.9997,,,800.626,800.401
31101,,,,,,2874.944,
31003,,,,,,2223.682,
31141,,,,,,1772.974,
48011,ERCOT,ERCOT_West,1.0,,,2366.619,2366.619
48095,ERCOT,ERCOT_West,0.8312,,,2572.854,2138.558
49001,,,,,,6695.768,
51121,PJM,PJM_AEP,0.9892,,,1008.284,997.414
39151,PJM,PJM_ATSI,0.6351,,,1503.42,954.758
39071,PJM,PJM_AEP,0.8437,,,1445.207,1219.268
39063,PJM,PJM_AEP,0.9921,,,1382.057,1371.186
21223,PJM,PJM_EKPC,0.999,,,404.593,404.188
21103,PJM,PJM_EKPC,1.0,,,753.906,753.906
22045,MISO,MISO_LRZ8_9_10,0.8233,,,1608.229,1324.106
22073,MISO,MISO_LRZ8_9_10,1.0,,,1635.914,1635.914
31143,,,,,,1141.341,
31173,,,,,,1026.151,
31085,,,,,,1847.762,
51683,PJM,PJM_DOM,1.0,,,25.604,25.604
51049,PJM,PJM_DOM,1.0,,,776.374,776.374
51540,PJM,PJM_DOM,1.0,,,26.517,26.517
39069,PJM,PJM_ATSI,0.9505,,,1087.012,1033.155
39083,PJM,PJM_AEP,0.9281,,,1371.654,1272.965
39101,PJM,PJM_AEP,0.566,,,1046.84,592.502
39117,PJM,PJM_ATSI,0.6738,,,1054.523,710.547
39055,PJM,PJM_ATSI,1.0,,,1057.759,1057.759
22121,MISO,MISO_LRZ8_9_10,1.0,,,527.966,527.966
23011,,,,,,2463.957,
35006,,,,,,11765.837,
35041,,,,,,6355.569,
35059,,,,,,9923.645,
51036,PJM,PJM_DOM,0.9545,,,518.734,495.12
51045,PJM,PJM_DOM,0.9887,,,852.416,842.751
51595,PJM,PJM_DOM,1.0,,,17.259,17.259
51600,PJM,PJM_DOM,1.0,,,16.246,16.246
51678,PJM,PJM_DOM,1.0,,,6.496,6.496
39097,PJM,PJM_ATSI,0.7029,,,1211.17,851.372
39005,PJM,PJM_ATSI,0.9107,,,1105.556,1006.868
39031,PJM,PJM_AEP,1.0,,,1469.521,1469.521
39047,PJM,PJM_DAYTON,0.9576,,,1053.979,1009.301
26123,MISO,MISO_LRZ2_7,1.0,,,2232.042,2232.042
26107,MISO,MISO_LRZ2_7,1.0,,,1479.456,1479.456
26057,MISO,MISO_LRZ2_7,1.0,,,1480.475,1480.475
26037,MISO,MISO_LRZ2_7,1.0,,,1488.139,1488.139
36117,,,,,,1585.3,
36089,,,,,,7305.826,
51580,PJM,PJM_DOM,1.0,,,14.653,14.653
51720,,,,,,19.476,
54049,PJM,PJM_APS,1.0,,,806.732,806.732
40103,,,,,,1923.154,
40055,,,,,,1666.974,
26133,MISO,MISO_LRZ2_7,1.0,,,1484.25,1484.25
26039,MISO,MISO_LRZ2_7,1.0,,,1458.768,1458.768
27037,MISO,MISO_LRZ1,1.0,,,1519.889,1519.889
37181,PJM,PJM_MECK,0.9999,,,695.877,695.81
37157,,,,,,1483.376,
38001,MISO,MISO_LRZ1,1.0,,,2560.722,2560.722
38075,MISO,MISO_LRZ1,1.0,,,2312.734,2312.732
54101,PJM,PJM_APS,1.0,,,1440.745,1440.745
54079,PJM,PJM_AEP,1.0,,,907.653,907.653
40051,,,,,,2861.712,
27111,MISO,MISO_LRZ1,1.0,,,5761.29,5761.29
27109,MISO,MISO_LRZ1,1.0,,,1695.591,1695.591
27085,MISO,MISO_LRZ1,1.0,,,1309.193,1309.193
27095,MISO,MISO_LRZ1,1.0,,,1765.591,1765.591
39025,PJM,PJM_DEOK,0.9998,,,1191.29,1191.11
39037,PJM,PJM_DAYTON,0.8213,,,1553.356,1275.737
40053,,,,,,2598.951,
19025,MISO,MISO_LRZ3_5,1.0,,,1482.049,1482.049
47111,,,,,,795.263,
48421,,,,,,2390.527,
06031,CAISO,CAISO_PGE,0.925,,,3605.286,3335.008
27153,MISO,MISO_LRZ1,1.0,,,2536.562,2536.562
27009,MISO,MISO_LRZ1,1.0,,,1069.763,1069.763
46047,,,,,,4530.637,
36085,,,,,,149.494,
01123,,,,,,1984.859,
18021,MISO,MISO_LRZ6,1.0,,,933.229,933.229
46061,,,,,,1127.315,
46045,,,,,,2981.267,
21057,,,,,,804.907,
26111,MISO,MISO_LRZ2_7,1.0,,,1367.609,1367.609
12051,,,,,,3080.301,
13297,,,,,,854.666,
13263,,,,,,1022.329,
13277,,,,,,696.265,
48365,MISO,MISO_LRZ8_9_10,1.0,,,2127.664,2127.653
47047,,,,,,1827.261,
37005,,,,,,612.047,
38021,MISO,MISO_LRZ1,1.0,,,2956.969,2956.963
27123,MISO,MISO_LRZ1,1.0,,,440.322,440.322
27079,MISO,MISO_LRZ1,1.0,,,1227.452,1227.414
16019,,,,,,4921.859,
16051,,,,,,2863.747,
17051,MISO,MISO_LRZ4,1.0,,,1878.505,1878.505
51071,PJM,PJM_AEP,0.9263,,,936.405,867.368
51710,PJM,PJM_DOM,0.9968,,,154.834,154.335
29105,,,,,,1989.041,
50013,,,,,,500.813,
28073,MISO,MISO_LRZ8_9_10,1.0,,,1295.008,1295.008
05065,MISO,MISO_LRZ8_9_10,1.0,,,1512.338,1512.338
08025,,,,,,2070.522,
17147,MISO,MISO_LRZ4,1.0,,,1138.34,1138.34
17103,PJM,PJM_ComEd,1.0,,,1886.974,1886.974
17171,MISO,MISO_LRZ4,1.0,,,654.443,654.443
55105,MISO,MISO_LRZ2_7,1.0,,,1880.604,1880.604
56021,,,,,,6960.595,
42119,PJM,PJM_PPL,0.9997,,,822.814,822.575
53001,,,,,,4999.763,
55139,MISO,MISO_LRZ2_7,1.0,,,1498.272,1498.272
55019,MISO,MISO_LRZ1,1.0,,,3156.102,3156.102
13159,,,,,,968.009,
17165,MISO,MISO_LRZ4,1.0,,,1002.268,1002.268
18031,MISO,MISO_LRZ6,1.0,,,967.077,967.077
19011,MISO,MISO_LRZ3_5,1.0,,,1860.62,1860.62
17009,MISO,MISO_LRZ4,1.0,,,796.142,796.142
18097,MISO,MISO_LRZ6,1.0,,,1043.761,1043.761
42047,PJM,PJM_APS,0.8636,,,2154.131,1860.232
26085,MISO,MISO_LRZ2_7,1.0,,,1487.408,1487.408
28017,,,,,,1306.107,
29131,MISO,MISO_LRZ3_5,0.7339,,,1554.213,1140.648
01017,,,,,,1562.317,
17007,PJM,PJM_ComEd,0.9997,,,730.644,730.396
18091,MISO,MISO_LRZ6,0.8245,,,1564.184,1289.597
29115,MISO,MISO_LRZ3_5,0.5573,,,1609.094,896.799
29103,MISO,MISO_LRZ3_5,1.0,,,1312.564,1312.564
31023,,,,,,1530.312,
31163,,,,,,1480.603,
37105,,,,,,671.311,
29135,MISO,MISO_LRZ3_5,1.0,,,1084.915,1084.915
30065,,,,,,4848.708,
31125,,,,,,1160.906,
19191,MISO,MISO_LRZ1,1.0,,,1787.407,1787.346
20103,,,,,,1213.993,
05087,,,,,,2167.481,
08119,,,,,,1447.675,
13223,,,,,,814.22,
37107,,,,,,1039.51,
35053,,,,,,17214.677,
36093,,,,,,542.42,
37135,,,,,,1038.685,
36087,,,,,,516.827,
01057,,,,,,1630.231,
26019,MISO,MISO_LRZ2_7,1.0,,,900.085,900.084
13193,,,,,,1051.682,
16001,,,,,,2747.562,
37061,,,,,,2124.52,
38073,MISO,MISO_LRZ1,1.0,,,2237.256,2237.256
38027,MISO,MISO_LRZ1,1.0,,,1668.515,1668.515
38029,MISO,MISO_LRZ1,1.0,,,4028.184,4028.184
40021,,,,,,2009.827,
27049,MISO,MISO_LRZ1,1.0,,,2019.028,2019.028
29181,,,,,,1635.77,
31031,,,,,,15563.198,
17055,MISO,MISO_LRZ4,1.0,,,1117.548,1117.548
32027,,,,,,15713.747,
35027,,,,,,12512.379,
47015,,,,,,688.194,
48265,ERCOT,ERCOT_South,1.0,,,2867.925,2867.925
48251,ERCOT,ERCOT_North,1.0,,,1901.762,1901.762
48035,ERCOT,ERCOT_North,1.0,,,2596.65,2596.65
42107,PJM,PJM_PPL,0.9998,,,2027.471,2027.011
46029,MISO,MISO_LRZ1,1.0,,,1857.366,1857.366
47083,,,,,,535.896,
48081,ERCOT,ERCOT_West,1.0,,,2403.863,2403.863
34039,PJM,PJM_PSEG,0.7952,,,269.688,214.443
39085,PJM,PJM_ATSI,1.0,,,597.078,597.073
37037,,,,,,1835.669,
38025,MISO,MISO_LRZ1,1.0,,,5392.818,5392.818
48217,ERCOT,ERCOT_North,1.0,,,2552.868,2552.868
48363,ERCOT,ERCOT_North,1.0,,,2552.065,2552.065
48335,ERCOT,ERCOT_West,1.0,,,2373.378,2373.378
48189,ERCOT,ERCOT_West,1.0,,,2602.283,2602.204
48159,ERCOT,ERCOT_North,1.0,,,763.483,763.465
48101,ERCOT,ERCOT_West,1.0,,,2334.642,2334.642
53043,,,,,,6057.921,
55081,MISO,MISO_LRZ1,0.7483,,,2352.43,1760.408
40059,,,,,,2694.414,
47069,,,,,,1736.384,
53039,,,,,,4932.849,
48171,ERCOT,ERCOT_South,1.0,,,2750.244,2750.244
48093,ERCOT,ERCOT_North,0.9972,,,2454.822,2448.028
48049,ERCOT,ERCOT_North,0.8898,,,2478.482,2205.328
48267,ERCOT,ERCOT_South,0.8011,,,3240.676,2596.254
48429,ERCOT,ERCOT_North,0.6192,,,2386.487,1477.619
48235,ERCOT,ERCOT_West,1.0,,,2722.987,2722.987
48065,ERCOT,ERCOT_West,1.0,,,2392.789,2392.789
48129,ERCOT,ERCOT_West,1.0,,,2416.481,2416.481
39103,PJM,PJM_ATSI,1.0,,,1095.738,1095.738
39091,PJM,PJM_DAYTON,0.8827,,,1209.133,1067.25
39175,PJM,PJM_AEP,0.9684,,,1055.628,1022.288
39107,PJM,PJM_DAYTON,0.7487,,,1226.098,918.007
40009,,,,,,2340.94,
42007,PJM,PJM_DUQ,0.6852,,,1150.003,788.019
27081,MISO,MISO_LRZ1,1.0,,,1420.54,1420.523
39129,PJM,PJM_AEP,0.9214,,,1311.998,1208.851
39121,PJM,PJM_AEP,1.0,,,1047.887,1047.887
40039,,,,,,2595.315,
39057,PJM,PJM_DAYTON,0.9409,,,1078.061,1014.374
39127,PJM,PJM_AEP,1.0,,,1068.387,1068.387
40121,,,,,,3568.304,
28023,,,,,,1795.945,
29149,,,,,,2050.47,
29005,,,,,,1424.788,
31095,,,,,,1491.389,
56025,,,,,,13924.725,
18101,MISO,MISO_LRZ6,1.0,,,881.513,881.513
40119,,,,,,1805.898,
40011,,,,,,2431.712,
40005,,,,,,2563.682,
46115,MISO,MISO_LRZ1,1.0,,,3910.421,3910.42
12085,,,,,,1756.618,
32005,,,,,,1912.686,
17089,PJM,PJM_ComEd,1.0,,,1357.629,1357.629
21207,PJM,PJM_EKPC,0.994,,,732.923,728.561
27151,MISO,MISO_LRZ1,1.0,,,1948.151,1948.151
29229,,,,,,1769.258,
31151,,,,,,1492.502,
46059,,,,,,3730.032,
46025,MISO,MISO_LRZ1,1.0,,,2505.702,2505.69
46097,,,,,,1481.149,
46021,,,,,,1997.155,
13053,,,,,,650.164,
17033,MISO,MISO_LRZ4,0.9989,,,1154.573,1153.31
18141,PJM,PJM_AEP,0.7578,,,1194.498,905.149
17107,MISO,MISO_LRZ4,1.0,,,1603.12,1603.12
29059,,,,,,1405.869,
31063,,,,,,2538.337,
51775,PJM,PJM_AEP,1.0,,,37.809,37.809
18087,MISO,MISO_LRZ6,0.9998,,,1001.753,1001.554
22003,MISO,MISO_LRZ8_9_10,1.0,,,1984.463,1984.463
23019,,,,,,9215.197,
26045,MISO,MISO_LRZ2_7,1.0,,,1500.707,1500.707
05033,,,,,,1568.572,
19193,MISO,MISO_LRZ3_5,1.0,,,2273.308,2273.302
01125,,,,,,3500.391,
31145,,,,,,1859.719,
31033,,,,,,3098.084,
26059,MISO,MISO_LRZ2_7,1.0,,,1571.953,1571.949
19157,MISO,MISO_LRZ3_5,1.0,,,1517.994,1517.994
26087,MISO,MISO_LRZ2_7,1.0,,,1716.713,1716.713
26077,,,,,,1502.909,
26165,MISO,MISO_LRZ2_7,1.0,,,1489.995,1489.995
27005,MISO,MISO_LRZ1,1.0,,,3742.239,3742.239
08021,,,,,,3343.828,
29155,MISO,MISO_LRZ3_5,1.0,,,1330.123,1330.105
36019,,,,,,2893.963,
48181,ERCOT,ERCOT_North,1.0,,,2535.575,2535.573
51700,PJM,PJM_DOM,0.9963,,,181.745,181.065
16011,,,,,,5491.132,
17087,MISO,MISO_LRZ4,1.0,,,903.09,903.09
17123,MISO,MISO_LRZ4,0.6131,,,1032.332,632.957
35019,,,,,,7849.83,
36123,,,,,,973.212,
28097,MISO,MISO_LRZ8_9_10,1.0,,,1056.33,1056.323
37077,PJM,PJM_MECK,0.9996,,,1392.09,1391.581
40151,,,,,,3341.09,
51550,PJM,PJM_DOM,0.9995,,,908.667,908.21
51510,PJM,PJM_DOM,0.9955,,,39.901,39.723
53051,,,,,,3691.685,
56041,,,,,,5408.11,
17141,PJM,PJM_ComEd,1.0,,,1977.164,1977.164
18063,MISO,MISO_LRZ6,1.0,,,1058.612,1058.612
18159,MISO,MISO_LRZ6,0.9913,,,674.971,669.117
18049,MISO,MISO_LRZ6,1.0,,,961.415,961.415
28127,MISO,MISO_LRZ8_9_10,1.0,,,1529.361,1529.361
28117,,,,,,1083.31,
28107,,,,,,1825.951,
42073,,,,,,937.143,
29186,,,,,,1312.543,
29510,,,,,,171.392,
55031,MISO,MISO_LRZ1,1.0,,,3477.171,3477.167
05071,,,,,,1771.785,
18033,PJM,PJM_AEP,0.7616,,,942.438,717.723
19151,MISO,MISO_LRZ3_5,1.0,,,1498.416,1498.416
19169,MISO,MISO_LRZ3_5,1.0,,,1485.75,1485.75
19013,MISO,MISO_LRZ3_5,1.0,,,1483.057,1483.057
19123,MISO,MISO_LRZ3_5,1.0,,,1485.078,1485.078
28037,MISO,MISO_LRZ8_9_10,1.0,,,1468.18,1468.18
28063,MISO,MISO_LRZ8_9_10,1.0,,,1366.025,1366.025
31087,,,,,,1860.761,
31107,,,,,,2952.214,
31043,,,,,,692.571,
55049,MISO,MISO_LRZ2_7,1.0,,,1989.153,1989.145
19181,MISO,MISO_LRZ3_5,1.0,,,1483.922,1483.922
19087,MISO,MISO_LRZ3_5,1.0,,,1130.681,1130.681
19027,MISO,MISO_LRZ3_5,1.0,,,1476.979,1476.979
19121,MISO,MISO_LRZ3_5,1.0,,,1456.311,1456.311
19035,MISO,MISO_LRZ3_5,1.0,,,1494.886,1494.886
29141,MISO,MISO_LRZ3_5,0.8234,,,1590.2,1309.397
30021,MISO,MISO_LRZ1,0.7875,,,6172.117,4860.24
30025,MISO,MISO_LRZ1,0.8746,,,4203.291,3676.281
31127,,,,,,1060.709,
33011,,,,,,2311.027,
20155,,,,,,3294.491,
20109,,,,,,2779.047,
20133,,,,,,1496.34,
20079,,,,,,1400.555,
20001,,,,,,1308.609,
31053,,,,,,1406.391,
31021,,,,,,1287.288,
17183,MISO,MISO_LRZ4,0.9999,,,2334.215,2334.059
17091,PJM,PJM_ComEd,1.0,,,1764.441,1764.416
20021,,,,,,1530.519,
20153,,,,,,2776.286,
21009,PJM,PJM_EKPC,0.9085,,,1294.983,1176.543
31041,,,,,,6671.708,
31045,,,,,,3628.681,
31183,,,,,,1490.824,
31117,,,,,,2229.027,
20037,,,,,,1541.076,
18165,MISO,MISO_LRZ6,0.9997,,,673.137,672.953
20029,,,,,,1859.623,
21143,,,,,,664.79,
21173,PJM,PJM_EKPC,1.0,,,515.081,515.081
51021,PJM,PJM_AEP,1.0,,,928.958,928.958
51197,PJM,PJM_AEP,1.0,,,1203.581,1203.581
31067,,,,,,2227.694,
17121,MISO,MISO_LRZ4,1.0,,,1492.208,1492.208
19071,MISO,MISO_LRZ3_5,1.0,,,1338.223,1338.206
21105,,,,,,655.131,
22007,MISO,MISO_LRZ8_9_10,1.0,,,958.161,958.161
51079,PJM,PJM_DOM,1.0,,,405.549,405.545
19155,MISO,MISO_LRZ3_5,1.0,,,2483.63,2483.625
19043,MISO,MISO_LRZ1,1.0,,,2053.25,2053.222
22061,MISO,MISO_LRZ8_9_10,1.0,,,1223.359,1223.359
22093,MISO,MISO_LRZ8_9_10,1.0,,,654.928,654.928
26143,MISO,MISO_LRZ2_7,1.0,,,1502.414,1502.414
27029,MISO,MISO_LRZ1,1.0,,,2668.578,2668.578
51760,PJM,PJM_DOM,1.0,,,161.971,161.971
51135,PJM,PJM_DOM,1.0,,,818.339,818.339
17037,PJM,PJM_ComEd,1.0,,,1643.828,1643.828
27105,MISO,MISO_LRZ3_5,1.0,,,1871.322,1871.322
17199,MISO,MISO_LRZ4,1.0,,,1150.837,1150.837
17053,MISO,MISO_LRZ4,0.8584,,,1259.247,1080.914
27057,MISO,MISO_LRZ1,1.0,,,2588.764,2588.764
27141,MISO,MISO_LRZ1,1.0,,,1168.206,1168.206
51570,PJM,PJM_DOM,1.0,,,20.203,20.203
55027,MISO,MISO_LRZ2_7,1.0,,,2349.543,2349.543
55017,MISO,MISO_LRZ1,1.0,,,2697.348,2697.348
21053,PJM,PJM_EKPC,0.9462,,,532.513,503.886
01127,,,,,,2085.036,
08051,,,,,,8441.771,
08039,,,,,,4790.982,
27007,MISO,MISO_LRZ1,1.0,,,7912.936,7912.936
28145,,,,,,1079.756,
28035,MISO,MISO_LRZ8_9_10,1.0,,,1217.571,1217.571
28031,MISO,MISO_LRZ8_9_10,1.0,,,1074.641,1074.641
55041,MISO,MISO_LRZ2_7,1.0,,,2710.266,2710.266
55033,MISO,MISO_LRZ1,1.0,,,2237.558,2237.558
40033,,,,,,1662.864,
36027,,,,,,2137.522,
13069,,,,,,1560.849,
28061,MISO,MISO_LRZ8_9_10,0.8263,,,1754.793,1449.948
29047,MISO,MISO_LRZ3_5,0.6444,,,1058.446,682.061
29225,,,,,,1538.068,
29075,,,,,,1273.276,
01081,,,,,,1595.21,
08045,,,,,,7655.29,
09150,,,,,,1458.413,
48493,ERCOT,ERCOT_South,1.0,,,2093.461,2093.461
55115,MISO,MISO_LRZ2_7,1.0,,,2355.167,2355.167
18157,MISO,MISO_LRZ6,1.0,,,1303.156,1303.156
19171,MISO,MISO_LRZ3_5,1.0,,,1870.199,1870.199
13035,,,,,,486.891,
13117,,,,,,640.16,
29043,,,,,,1460.071,
29003,,,,,,1129.905,
12063,,,,,,2472.355,
17077,MISO,MISO_LRZ4,1.0,,,1559.91,1559.904
19023,MISO,MISO_LRZ3_5,1.0,,,1506.712,1506.712
19067,MISO,MISO_LRZ3_5,1.0,,,1298.439,1298.439
19105,MISO,MISO_LRZ3_5,1.0,,,1494.612,1494.612
20085,,,,,,1704.318,
20081,,,,,,1496.389,
20195,,,,,,2330.398,
13255,,,,,,516.883,
13043,,,,,,644.506,
29219,MISO,MISO_LRZ3_5,1.0,,,1133.926,1133.926
29053,MISO,MISO_LRZ3_5,0.9022,,,1474.031,1329.942
29093,MISO,MISO_LRZ3_5,0.6883,,,1429.702,984.115
17001,MISO,MISO_LRZ4,1.0,,,2256.599,2256.596
30111,,,,,,6861.046,
20033,,,,,,2045.546,
21113,PJM,PJM_EKPC,1.0,,,451.856,451.856
21191,PJM,PJM_EKPC,0.987,,,730.133,720.674
13155,,,,,,940.033,
13287,,,,,,750.792,
30095,,,,,,4676.965,
30103,,,,,,2550.762,
30101,,,,,,5039.051,
19005,MISO,MISO_LRZ1,1.0,,,1706.478,1706.478
21213,,,,,,612.353,
55025,MISO,MISO_LRZ2_7,1.0,,,3205.312,3205.312
21221,,,,,,1246.019,
47139,,,,,,1145.839,
47137,,,,,,452.18,
13109,,,,,,483.906,
13007,,,,,,904.61,
31035,,,,,,1485.395,
31167,,,,,,1116.372,
31017,,,,,,3173.344,
32021,,,,,,9872.248,
39017,PJM,PJM_DEOK,0.8485,,,1217.309,1032.846
27055,MISO,MISO_LRZ1,1.0,,,1473.16,1473.16
16063,,,,,,3123.221,
19075,MISO,MISO_LRZ3_5,1.0,,,1300.019,1300.019
19141,MISO,MISO_LRZ3_5,1.0,,,1484.51,1484.51
20135,,,,,,2784.998,
28111,MISO,MISO_LRZ8_9_10,1.0,,,1683.971,1683.971
29137,MISO,MISO_LRZ3_5,1.0,,,1735.464,1735.464
29107,,,,,,1654.623,
31039,,,,,,1488.318,
20023,,,,,,2637.761,
29001,MISO,MISO_LRZ3_5,1.0,,,1474.656,1474.656
31137,,,,,,1399.781,
36035,,,,,,1380.02,
47099,,,,,,1600.436,
31147,,,,,,1436.438,
17069,MISO,MISO_LRZ4,0.9998,,,470.248,470.15
39033,PJM,PJM_AEP,0.9449,,,1043.014,985.59
40081,,,,,,2501.454,
46129,,,,,,1928.616,
48253,ERCOT,ERCOT_West,1.0,,,2427.534,2427.534
48417,ERCOT,ERCOT_West,1.0,,,2371.317,2371.299
42037,PJM,PJM_PPL,0.9995,,,1270.673,1270.033
46015,,,,,,2192.36,
27019,MISO,MISO_LRZ1,1.0,,,973.707,973.707
28091,MISO,MISO_LRZ8_9_10,1.0,,,1420.863,1420.863
28025,,,,,,1077.593,
29035,,,,,,1318.382,
31013,,,,,,2792.189,
19007,MISO,MISO_LRZ3_5,1.0,,,1337.035,1337.031
21075,,,,,,597.025,
20169,,,,,,1868.203,
51520,,,,,,33.586,
40007,,,,,,4708.69,
50011,,,,,,1784.736,
54051,PJM,PJM_AEP,0.9998,,,808.376,808.248
55013,MISO,MISO_LRZ1,1.0,,,2280.165,2280.165
16053,,,,,,1560.474,
51820,PJM,PJM_DOM,1.0,,,39.112,39.112
55069,MISO,MISO_LRZ1,0.653,,,2348.473,1533.448
01029,,,,,,1453.449,
16045,,,,,,1462.178,
37067,,,,,,1068.505,
06035,,,,,,12226.632,
12109,,,,,,1744.308,
48385,ERCOT,ERCOT_South,1.0,,,1813.335,1813.335
40073,,,,,,2346.575,
26113,MISO,MISO_LRZ2_7,1.0,,,1487.003,1487.003
35031,,,,,,14129.278,
40037,,,,,,2511.039,
37069,,,,,,1280.977,
39141,PJM,PJM_AEP,0.9497,,,1795.175,1704.795
46051,MISO,MISO_LRZ1,1.0,,,1780.885,1780.885
27045,MISO,MISO_LRZ1,1.0,,,2232.604,2232.581
29127,,,,,,1150.017,
46003,,,,,,1846.003,
18111,MISO,MISO_LRZ6,1.0,,,1045.034,1044.99
26005,MISO,MISO_LRZ2_7,0.9696,,,2181.421,2115.154
47073,,,,,,1294.208,
51081,PJM,PJM_MECK,0.9905,,,768.785,761.486
08097,,,,,,2520.251,
37097,,,,,,1547.184,
42013,PJM,PJM_PENELEC,1.0,,,1363.218,1363.218
20189,,,,,,1884.706,
20071,,,,,,2016.188,
56011,,,,,,7421.978,
18079,MISO,MISO_LRZ6,1.0,,,979.982,979.982
40093,,,,,,2481.233,
13257,,,,,,476.4,
23009,,,,,,4538.121,
48255,ERCOT,ERCOT_South,1.0,,,1952.093,1952.093
26065,MISO,MISO_LRZ2_7,1.0,,,1452.226,1452.226
40031,,,,,,2807.083,
18005,MISO,MISO_LRZ6,1.0,,,1060.65,1060.65
47171,,,,,,482.556,
53077,,,,,,11165.01,
08041,,,,,,5514.288,
42121,PJM,PJM_PENELEC,0.9999,,,1768.574,1768.32
46027,,,,,,1081.028,
39137,PJM,PJM_AEP,0.777,,,1254.069,974.467
08073,,,,,,6698.171,
19137,MISO,MISO_LRZ3_5,1.0,,,1100.926,1100.926
20047,,,,,,1611.33,
26129,MISO,MISO_LRZ2_7,1.0,,,1489.414,1489.414
35023,,,,,,8922.946,
19115,MISO,MISO_LRZ3_5,1.0,,,1081.571,1081.571
13293,,,,,,848.394,
28071,,,,,,1759.633,
29211,,,,,,1687.322,
31139,,,,,,1488.246,
31109,,,,,,2192.173,
31175,,,,,,1477.528,
37187,PJM,PJM_DOM,0.999,,,970.736,969.774
21015,PJM,PJM_EKPC,0.6072,,,664.455,403.436
31133,,,,,,1121.936,
39009,PJM,PJM_AEP,1.0,,,1316.495,1316.493
17083,MISO,MISO_LRZ4,1.0,,,977.393,977.387
17081,MISO,MISO_LRZ4,1.0,,,1511.84,1511.84
17041,MISO,MISO_LRZ4,1.0,,,1080.641,1080.641
41009,,,,,,1784.901,
53069,,,,,,716.079,
50023,,,,,,1800.787,
51610,PJM,PJM_DOM,1.0,,,5.287,5.287
41011,,,,,,4214.019,
46109,MISO,MISO_LRZ1,1.0,,,2941.232,2941.232
12035,,,,,,1314.341,
13147,,,,,,665.411,
20183,,,,,,2322.796,
18037,MISO,MISO_LRZ6,1.0,,,1127.587,1127.587
19127,MISO,MISO_LRZ3_5,1.0,,,1484.471,1484.471
20127,,,,,,1820.321,
20185,,,,,,2058.753,
55073,MISO,MISO_LRZ2_7,0.5074,,,4082.79,2071.581
01067,,,,,,1472.121,
17173,MISO,MISO_LRZ4,1.0,,,1989.125,1989.125
48505,ERCOT,ERCOT_South,1.0,,,2739.633,2739.558
50025,,,,,,2068.95,
08105,,,,,,2362.767,
05143,,,,,,2466.419,
08061,,,,,,4623.537,
35001,,,,,,3023.469,
46013,MISO,MISO_LRZ1,1.0,,,4483.652,4483.628
47011,,,,,,858.473,
16075,,,,,,1063.044,
29177,,,,,,1486.952,
01031,,,,,,1762.786,
22109,MISO,MISO_LRZ8_9_10,0.9949,,,3847.828,3828.128
19153,MISO,MISO_LRZ3_5,1.0,,,1533.018,1533.018
48357,,,,,,2377.997,
39113,PJM,PJM_DAYTON,0.9809,,,1202.377,1179.356
37071,,,,,,941.709,
38079,MISO,MISO_LRZ1,1.0,,,2433.158,2433.15
48097,ERCOT,ERCOT_North,0.9999,,,2327.634,2327.362
08087,,,,,,3351.096,
12043,,,,,,2557.282,
47129,,,,,,1353.171,
48115,ERCOT,ERCOT_West,1.0,,,2336.582,2336.573
39145,PJM,PJM_AEP,1.0,,,1595.952,1595.899
29045,MISO,MISO_LRZ3_5,1.0,,,1325.789,1325.786
38019,MISO,MISO_LRZ1,1.0,,,3911.568,3911.553
49009,,,,,,1865.439,
51013,PJM,PJM_DOM,0.9972,,,67.391,67.2
39051,PJM,PJM_ATSI,1.0,,,1055.101,1055.101
40045,,,,,,3190.038,
13095,,,,,,867.084,
13059,,,,,,313.783,
42001,PJM,PJM_METED,0.8568,,,1350.789,1157.299
27115,MISO,MISO_LRZ1,1.0,,,3715.113,3715.113
55117,MISO,MISO_LRZ2_7,1.0,,,1340.503,1340.493
13017,,,,,,657.449,
26131,MISO,MISO_LRZ2_7,1.0,,,3438.594,3438.586
13037,,,,,,734.702,
33001,,,,,,1217.085,
48381,ERCOT,ERCOT_West,1.0,,,2389.763,2389.763
48207,ERCOT,ERCOT_West,1.0,,,2357.991,2357.991
48281,ERCOT,ERCOT_South,1.0,,,1847.604,1847.599
48271,ERCOT,ERCOT_South,1.0,,,3534.889,3534.793
49039,,,,,,4148.816,
13225,,,,,,391.777,
17061,MISO,MISO_LRZ4,1.0,,,1415.183,1415.183
19079,MISO,MISO_LRZ3_5,1.0,,,1495.628,1495.628
27135,MISO,MISO_LRZ1,1.0,,,4346.48,4346.456
28141,,,,,,1151.153,
29227,,,,,,691.037,
31057,,,,,,2385.867,
39157,PJM,PJM_AEP,0.9778,,,1480.48,1447.681
39125,PJM,PJM_AEP,1.0,,,1084.766,1084.766
40061,,,,,,1619.851,
54091,PJM,PJM_APS,1.0,,,454.938,454.938
19179,MISO,MISO_LRZ3_5,1.0,,,1129.275,1129.275
20115,,,,,,2469.744,
20163,,,,,,2318.902,
21169,PJM,PJM_EKPC,0.7162,,,754.246,540.161
18173,MISO,MISO_LRZ6,0.9995,,,1012.96,1012.444
17143,MISO,MISO_LRZ4,1.0,,,1632.265,1632.265
19187,MISO,MISO_LRZ3_5,1.0,,,1860.885,1860.885
20207,,,,,,1308.497,
20053,,,,,,1873.353,
21035,,,,,,1064.173,
13093,,,,,,1028.797,
16067,,,,,,1974.832,
20063,,,,,,2775.18,
22095,MISO,MISO_LRZ8_9_10,1.0,,,1062.014,1062.014
27165,MISO,MISO_LRZ3_5,1.0,,,1139.089,1139.081
28065,MISO,MISO_LRZ8_9_10,1.0,,,1059.672,1059.672
29025,MISO,MISO_LRZ3_5,0.7835,,,1113.23,872.245
19061,MISO,MISO_LRZ3_5,1.0,,,1596.468,1596.409
20157,,,,,,1865.567,
21219,,,,,,976.827,
47051,,,,,,1480.287,
48359,ERCOT,ERCOT_West,1.0,,,3888.129,3888.068
50003,,,,,,1753.325,
29221,MISO,MISO_LRZ3_5,1.0,,,1974.698,1974.698
31121,,,,,,1286.8,
31099,,,,,,1337.297,
31097,,,,,,975.822,
31011,,,,,,1779.925,
36121,,,,,,1544.196,
21047,,,,,,1874.592,
18093,MISO,MISO_LRZ6,1.0,,,1170.637,1170.637
18179,PJM,PJM_AEP,0.9957,,,959.158,955.0
19041,MISO,MISO_LRZ3_5,1.0,,,1483.182,1483.182
55059,MISO,MISO_LRZ2_7,1.0,,,720.245,720.244
55095,MISO,MISO_LRZ1,1.0,,,2476.836,2476.836
55129,MISO,MISO_LRZ1,1.0,,,2210.148,2210.148
17111,PJM,PJM_ComEd,0.9996,,,1583.223,1582.511
20035,,,,,,2933.106,
18009,PJM,PJM_AEP,1.0,,,428.927,428.927
39079,PJM,PJM_AEP,1.0,,,1091.512,1091.512
42057,PJM,PJM_APS,0.9995,,,1134.642,1134.079
45001,,,,,,1325.553,
20143,,,,,,1868.231,
20027,,,,,,1697.976,
21081,PJM,PJM_EKPC,0.9465,,,675.436,639.282
53021,,,,,,3276.1,
55085,MISO,MISO_LRZ2_7,0.656,,,3202.798,2101.142
05043,MISO,MISO_LRZ8_9_10,1.0,,,2164.951,2164.951
08079,,,,,,2273.73,
17029,MISO,MISO_LRZ4,1.0,,,1321.059,1321.059
47089,,,,,,813.896,
20177,,,,,,1439.413,
56001,,,,,,11158.146,
13207,,,,,,1031.474,
46119,,,,,,2771.916,
48113,ERCOT,ERCOT_North,1.0,,,2353.328,2353.328
48083,ERCOT,ERCOT_West,0.9973,,,3318.996,3310.008
47177,,,,,,1123.982,
47169,,,,,,302.194,
48367,ERCOT,ERCOT_North,1.0,,,2357.052,2357.052
22069,MISO,MISO_LRZ8_9_10,1.0,,,3365.751,3365.751
27131,MISO,MISO_LRZ1,1.0,,,1336.518,1336.518
01053,,,,,,2467.583,
48299,ERCOT,ERCOT_South,1.0,,,2501.824,2501.824
48047,ERCOT,ERCOT_South,1.0,,,2443.686,2443.686
04011,,,,,,4788.142,
48397,ERCOT,ERCOT_North,1.0,,,385.74,385.74
48059,ERCOT,ERCOT_West,1.0,,,2334.127,2334.127
48145,ERCOT,ERCOT_North,0.735,,,2004.203,1473.05
38041,MISO,MISO_LRZ1,1.0,,,2936.059,2936.059
04023,,,,,,3204.892,
13055,,,,,,812.108,
17075,MISO,MISO_LRZ4,0.9109,,,2897.933,2639.829
20009,,,,,,2332.641,
49031,,,,,,1982.002,
55039,MISO,MISO_LRZ2_7,1.0,,,1983.557,1983.557
05049,MISO,MISO_LRZ8_9_10,1.0,,,1606.844,1606.844
35013,,,,,,9882.995,
37033,,,,,,1109.583,
39169,PJM,PJM_AEP,0.5371,,,1441.79,774.36
39133,PJM,PJM_ATSI,1.0,,,1305.442,1305.442
40047,,,,,,2745.584,
06029,CAISO,CAISO_SCE,0.5552,,,21146.932,11739.886
18143,MISO,MISO_LRZ6,1.0,,,499.183,499.183
56017,,,,,,5194.048,
40105,,,,,,1504.289,
44003,,,,,,454.73,
28041,MISO,MISO_LRZ8_9_10,1.0,,,1861.616,1861.615
42011,PJM,PJM_METED,0.9061,,,2242.601,2031.914
46005,,,,,,3275.832,
27159,MISO,MISO_LRZ1,1.0,,,1407.171,1407.171
01079,,,,,,1857.017,
48231,ERCOT,ERCOT_North,1.0,,,2284.223,2284.223
31161,,,,,,6396.048,
17119,MISO,MISO_LRZ4,1.0,,,1916.715,1916.705
28155,,,,,,1096.333,
29161,,,,,,1746.154,
29007,MISO,MISO_LRZ3_5,1.0,,,1804.756,1804.756
