county_fips,iso,year,total_units_counted,share_bench_gt6,share_bench_gt10,share_dc_gt6,share_dc_gt10,share_diff_gt6,share_diff_gt10
01089,CITY,2029,158041.78312081832,0.09591700618638387,0.04916480157048084,0.09021476128187614,0.03671646591309324,0.005702244904507728,0.0124483356573876
05001,MISO,2029,6459.491017858333,0.24317163336138917,0.10912079779474128,0.1937743323148341,0.10140968459586451,0.04939730104655507,0.007711113198876768
05003,MISO,2029,7050.319913174999,0.32704559081241236,0.16331621923613837,0.29302595976558216,0.1478613427689185,0.0340196310468302,0.01545487646721988
05005,MISO,2029,18676.83298337083,0.23086827082255582,0.07395454366115689,0.18293102465656202,0.06943611377174232,0.04793724616599379,0.004518429889414574
05009,MISO,2029,14760.545961116666,0.18044713884481095,0.07584710136055862,0.1618289585127214,0.07545062353754427,0.018618180332089562,0.0003964778230143573
05011,MISO,2029,3464.6187361875,0.31524175543127514,0.1789253331976011,0.2964095475651754,0.1533657436940301,0.018832207866099737,0.025559589503570984
05013,MISO,2029,1469.333236083333,0.2001974674642948,0.11323406472289893,0.19162537763593565,0.09892269632161906,0.008572089828359136,0.014311368401279875
05017,MISO,2029,3894.1840080541665,0.3854428289340581,0.23177512934992575,0.3636671700370255,0.2152907543594103,0.021775658897032646,0.016484374990515444
05019,MISO,2029,7735.691436825,0.19738032622588883,0.09330068906823277,0.16373702042699345,0.09051427771862061,0.03364330579889538,0.002786411349612161
05021,MISO,2029,5960.521219045833,0.3143414685560168,0.11797514109919309,0.2791030197893461,0.11349942411229778,0.035238448766670705,0.004475716986895306
05023,MISO,2029,10473.382977425,0.2336122484451423,0.09720982724122457,0.1795717445686364,0.08384226655809993,0.05404050387650591,0.01336756068312464
05025,MISO,2029,2684.024265520833,0.3156875331495607,0.13143690411173561,0.28246515169932074,0.12855350038929142,0.03322238145023998,0.0028834037224441944
05027,MISO,2029,7669.765738129166,0.22726601776129918,0.11300052135335126,0.1992798461493366,0.09839152043165804,0.027986171611962568,0.014609000921693219
05029,MISO,2029,8218.630946899999,0.18632914981551202,0.09641710153062574,0.15716463843395687,0.07128966374920769,0.029164511381555153,0.025127437781418058
05031,MISO,2029,41869.983418129166,0.14892898580050248,0.07733476191019903,0.12430134130072333,0.07158358914492866,0.024627644499779153,0.005751172765270374
05035,MISO,2029,18346.199880426666,0.23341603140656736,0.10451159057407707,0.18877279303582536,0.0991251904670211,0.044643238370741994,0.005386400107055961
05037,MISO,2029,6454.8330351125005,0.26666672557588467,0.11517872131457474,0.23907318704729347,0.1074692257467885,0.0275935385285912,0.007709495567786245
05039,MISO,2029,2207.299146370833,0.258441031599829,0.11905044500819956,0.21936466553681422,0.10725178141428389,0.03907636606301479,0.011798663593915668
05041,MISO,2029,4388.7474376166665,0.32104475033754126,0.1656329101002582,0.2722595804756658,0.16188791026823504,0.04878516986187548,0.0037449998320231714
05043,MISO,2029,6673.7223832624995,0.29578789605119776,0.14287153475305062,0.2264349875825355,0.13418801326804844,0.06935290846866227,0.008683521485002177
05045,MISO,2029,46761.21858657584,0.14097976586501682,0.0923636722731795,0.1282258085696322,0.0783935339754462,0.012753957295384616,0.013970138297733303
05049,MISO,2029,4729.7905249791675,0.3282088972654528,0.15485914179375332,0.2960158248661552,0.09846043852411791,0.03219307239929764,0.056398703269635406
05051,MISO,2029,42042.13965917917,0.1554510576271837,0.07751064382467786,0.13009869102223814,0.07276844616865766,0.025352366604945553,0.0047421976560202
05053,MISO,2029,6674.6441586125,0.138118351298242,0.08535295543157374,0.12462512279874367,0.07953350693085529,0.013493228499498314,0.005819448500718458
05055,MISO,2029,17315.8099432875,0.19497230669370172,0.08333016777952416,0.15980618979998673,0.07152843476413885,0.03516611689371499,0.011801733015385313
05059,MISO,2029,11744.49658625,0.19773609113740453,0.09962005816932523,0.17639806420556217,0.09479139685405633,0.021338026931842363,0.004828661315268906
05063,MISO,2029,14030.427683962498,0.2216260782381088,0.10693018259776403,0.18446693702508363,0.09645608932810708,0.03715914121302516,0.010474093269656953
05065,MISO,2029,4783.789584029167,0.3072450546517471,0.15000301160381435,0.27487276607596767,0.13539744185061497,0.03237228857577945,0.014605569753199377
05067,MISO,2029,6006.0821724874995,0.33831827892795324,0.14200780780167424,0.3246091677910507,0.13120726099006325,0.013709111136902541,0.010800546811610995
05069,MISO,2029,23635.280538966665,0.2673217827629559,0.10646402385961189,0.2142581785527603,0.0990024148902685,0.05306360421019557,0.007461608969343392
05075,MISO,2029,6214.485309291667,0.2926421950646821,0.10489990100499097,0.22453313565129515,0.09495136144612171,0.06810905941338694,0.009948539558869263
05077,MISO,2029,2500.593965225,0.4328338177422895,0.24209640673798674,0.38788290685678206,0.22777904990614892,0.044950910885507456,0.014317356831837824
05079,MISO,2029,3321.279749145833,0.31442399142034655,0.11372224250721562,0.2716999718528409,0.10215151206014923,0.042724019567505656,0.011570730447066385
05085,MISO,2029,27230.276562455838,0.13487220495220129,0.0782195215617097,0.09547986581707038,0.07505130023270024,0.039392339135130905,0.0031682213290094713
05089,MISO,2029,7014.390231924999,0.2717353427268013,0.12054448208447983,0.2297209668708847,0.10271354855147685,0.04201437585591658,0.017830933533002982
05093,MISO,2029,14643.747071570833,0.35490968669161777,0.19380134103059893,0.3284860558337047,0.1821693166042924,0.02642363085791305,0.011632024426306536
05095,MISO,2029,2778.2094874666664,0.328114109013628,0.1769347066807171,0.29509918010241604,0.16135262017729507,0.03301492891121194,0.015582086503422021
05097,MISO,2029,3494.1762848749995,0.32928746943678067,0.13985630133425914,0.3042492749691166,0.12659805446917363,0.025038194467664088,0.013258246865085505
05099,MISO,2029,3078.3910972916665,0.5824953881748246,0.2964386007064495,0.49930094854520174,0.2618906258792525,0.08319443962962286,0.034547974827197014
05103,MISO,2029,8188.612995804167,0.22260104121273816,0.11538751462966276,0.21011926604796102,0.10615092239109661,0.012481775164777137,0.009236592238566155
05105,MISO,2029,3751.442242175,0.18172292025095552,0.11217476768286495,0.15907955041307936,0.09425022622410748,0.022643369837876154,0.01792454145875748
05107,MISO,2029,6046.003242866667,0.397568502894617,0.20337754183047999,0.38137277687117116,0.19404891585073977,0.016195726023445822,0.009328625979740213
05109,MISO,2029,3927.9709829208336,0.2730138168568068,0.1418526513067582,0.23207989455443986,0.1355210165603529,0.04093392230236695,0.006331634746405301
05111,MISO,2029,8989.969893104168,0.30465826134802065,0.15698678474524755,0.2698977152163401,0.15148139949449924,0.03476054613168056,0.0055053852507483125
05115,MISO,2029,23288.075404625,0.14675068074541034,0.0582216510293887,0.11492462442270522,0.05602631393236034,0.03182605632270512,0.002195337097028356
05117,MISO,2029,3271.3852229500003,0.21706248090311997,0.10096461620305736,0.18634390200698692,0.08891274663923784,0.030718578896133053,0.012051869563819512
05119,MISO,2029,165203.6804400733,0.1466985985513571,0.099647252443809,0.13454728413958048,0.0829254579012105,0.012151314411776637,0.016721794542598492
05121,MISO,2029,7016.4738577125,0.27715169912352783,0.08228712019801714,0.20552697401533201,0.07562054191818539,0.07162472510819581,0.0066665782798317474
05123,MISO,2029,7819.575499487501,0.30526559741347614,0.16086705679109792,0.2835090353806458,0.14430021573461635,0.02175656203283033,0.016566841056481568
05125,MISO,2029,47351.23121746917,0.10663951450852163,0.056158010400772146,0.0721177993399637,0.05107587811376163,0.034521715168557926,0.005082132287010516
05129,MISO,2029,2915.542182875,0.290276874268072,0.11936950584984483,0.23040585597161548,0.10778526998339776,0.05987101829645655,0.011584235866447079
05135,MISO,2029,6794.768088345833,0.29588013540311053,0.11710297967437687,0.2742466673059747,0.10918844266885287,0.021633468097135844,0.007914537005523997
05137,MISO,2029,4707.7088945333335,0.3718490005526413,0.1642513578283074,0.3131592156217299,0.13825311109347696,0.058689784930911426,0.02599824673483045
05139,MISO,2029,14633.797777129166,0.24357617566216866,0.1249355013110959,0.2152728863133399,0.11734165639606109,0.028303289348828753,0.007593844915034814
05141,MISO,2029,6721.658807479167,0.2708178482326924,0.11976334506088535,0.2255917195358476,0.11210502606066246,0.04522612869684478,0.007658319000222888
05145,MISO,2029,28255.80070574167,0.17037306624960635,0.08095093590072545,0.1551959172093614,0.0735223442077869,0.015177149040244947,0.007428591692938552
05147,MISO,2029,2580.8743789666664,0.2961541974640236,0.12000847863454533,0.22415095946344457,0.10282118048996838,0.07200323800057903,0.01718729814457695
05149,MISO,2029,7513.4095315333325,0.13081586421915908,0.07446381238185866,0.11558506577265412,0.058018418333645454,0.015230798446504962,0.016445394048213206
04013,CITY,2029,1662605.5743934107,0.08464942118649714,0.050169274071522524,0.08410036858177175,0.04518052173370415,0.0005490526047253891,0.0049887523378183765
06001,CAISO,2029,586197.7406258592,0.048404717089216266,0.004390957485934772,0.025430381118886597,0.003940624085152945,0.02297433597032967,0.0004503334007818268
06005,CAISO,2029,15407.1254360475,0.1305048713612702,0.07455017003632529,0.1008284461569355,0.07334728495282322,0.029676425204334708,0.0012028850835020671
06007,CAISO,2029,81651.7082896225,0.1320914691794935,0.07290538840003967,0.10524230915430198,0.06497817346861287,0.026849160025191512,0.007927214931426799
06009,CAISO,2029,16787.082342531667,0.1563340431169419,0.08263536438612565,0.09836534152799291,0.07195175091831008,0.057968701588949,0.010683613467815573
06011,CAISO,2029,7150.753157634999,0.10671821728273101,0.059850696828539426,0.08876050887611471,0.05188567872562992,0.0179577084066163,0.007965018102909505
06013,CAISO,2029,408579.85062627494,0.06866837250500252,0.01556717298089917,0.055616414112750534,0.004046232493520208,0.013051958392251983,0.011520940487378962
06017,CAISO,2029,73033.55126193333,0.08421411587597849,0.05157309815611942,0.07948320005163155,0.04922946337380604,0.00473091582434694,0.002343634782313378
06019,CAISO,2029,315364.80364871165,0.13510715204425305,0.09048958880434789,0.11898879441569477,0.06716334575096676,0.01611835762855829,0.02332624305338113
06021,CAISO,2029,9416.891284420833,0.12340254227900123,0.0693876142111429,0.09740561027554798,0.05583170290087962,0.025996932003453252,0.013555911310263277
06023,CAISO,2029,52952.84376251249,0.1235665530724786,0.0726875753059941,0.10768517177128484,0.06590018173190666,0.015881381301193764,0.006787393574087433
06027,CAISO,2029,7326.757354973333,0.19471382799945233,0.10990935231339197,0.17740518199173586,0.10436199080815832,0.017308646007716477,0.005547361505233647
06029,CAISO,2029,275292.02611788665,0.15329982473853238,0.11589970645426349,0.13574893784564074,0.10264072062672709,0.017550886892891637,0.013258985827536401
06031,CAISO,2029,42520.36034568334,0.10087519297580722,0.06510890896544468,0.0934380676505526,0.05821768325339006,0.007437125325254618,0.0068912257120546175
06033,CAISO,2029,25597.30602067333,0.20592594859729865,0.0945640775065045,0.16511441746746844,0.08151905748039383,0.040811531129830214,0.013045020026110674
06037,CAISO,2029,3363982.2006075103,0.07117731965751653,0.017975549052073266,0.06381285700876173,0.014478378468290518,0.007364462648754802,0.0034971705837827487
06039,CAISO,2029,42316.030875575,0.12398031165209195,0.0763098633477272,0.1057660091144875,0.058971316617158764,0.01821430253760445,0.017338546730568435
06041,CAISO,2029,140776.1263676975,0.05170732803186632,0.004288696543780848,0.04694305320933814,0.0041351982159212,0.004764274822528176,0.00015349832785964846
06043,CAISO,2029,7333.61498464,0.18353910282343622,0.07994601487051575,0.1621381400090008,0.07515918099183622,0.02140096281443543,0.004786833878679536
06045,CAISO,2029,33273.861457286665,0.16824119305107232,0.07567233753990003,0.12291923351683394,0.06186198380738982,0.045321959534238385,0.013810353732510217
06047,CAISO,2029,81462.55258348917,0.11687109302281394,0.07526166669378298,0.0947725034059773,0.05966469633360444,0.02209858961683664,0.015596970360178541
06051,CAISO,2029,4861.880706630834,0.11418111886645374,0.06187090242254285,0.11016310508767936,0.061181414065613796,0.004018013778774379,0.0006894883569290577
06053,CAISO,2029,129885.58964476583,0.03773336812010874,0.009922034296231876,0.026992974415564447,0.00914248175353957,0.010740393704544292,0.0007795525426923054
06055,CAISO,2029,48369.2942781575,0.060230881514272167,0.025944925876767146,0.04267833329020062,0.020124241498555354,0.017552548224071547,0.005820684378211791
06057,CAISO,2029,40054.44241428583,0.15430892434097154,0.07225934631017894,0.11799609359475183,0.05988039082699997,0.036312830746219715,0.012378955483178973
06059,CAISO,2029,1078133.9799292367,0.0578826447965077,0.01372338510104617,0.05213449220847151,0.012355741579334445,0.005748152588036189,0.0013676435217117259
06061,CAISO,2029,150960.93213538418,0.05995686056697407,0.05237844760827779,0.055981401641801404,0.03574130646354598,0.003975458925172669,0.01663714114473181
06063,CAISO,2029,7820.630048084166,0.24804675894881587,0.09620626014259748,0.20725358348839978,0.08554452526831763,0.04079317546041608,0.010661734874279849
06065,CAISO,2029,747442.17556431,0.10945881339669915,0.07182275432297894,0.10348821167023463,0.06611733596921304,0.0059706017264645195,0.005705418353765895
06069,CAISO,2029,19439.482163785833,0.04089671758837832,0.014827838732435194,0.030588297514995706,0.012458362683026396,0.010308420073382611,0.002369476049408797
06071,CAISO,2029,656677.2199618391,0.11301842826008626,0.0819461127128974,0.10961323619605372,0.07291740457427866,0.0034051920640325445,0.009028708138618738
06073,CAISO,2029,1151147.260543026,0.050472528625479324,0.009598646763329263,0.04965790991335124,0.007861493855493059,0.0008146187121280818,0.0017371529078362043
06075,CAISO,2029,459497.1048350375,0.00869585995469146,0.0016675930359599483,0.0025398452497155835,0.0007147849857536012,0.006156014704975876,0.0009528080502063471
06077,CAISO,2029,235130.40730529997,0.08988422610761418,0.06542593267609775,0.0820532677852216,0.053298299030977145,0.007830958322392584,0.012127633645120608
06079,CAISO,2029,106464.99714421,0.05730504812437124,0.010771153149800261,0.04585642234156432,0.009050468329306064,0.01144862578280692,0.001720684820494197
06081,CAISO,2029,382661.7877212617,0.011964867288678427,0.0017719277965304377,0.010588070496910884,0.0006136277114706531,0.0013767967917675435,0.0011583000850597846
06083,CAISO,2029,148875.68897707833,0.048072954279046724,0.00903198632298988,0.025194521932674317,0.005361093445258335,0.022878432346372407,0.003670892877731545
06085,CAISO,2029,782531.4141694943,0.02244499330914597,0.001431807884393316,0.02073170903895422,0.001366691246589393,0.0017132842701917499,6.5116637803923e-05
06087,CAISO,2029,101965.98027766668,0.05121451133114303,0.015105041710995177,0.04035532854699515,0.009336717898288277,0.010859182784147874,0.005768323812706901
06089,CAISO,2029,69760.9470298175,0.15503173170578768,0.08911990942775382,0.13071061997265035,0.07488883569291761,0.024321111733137335,0.014231073734836203
06095,CAISO,2029,153032.49048607083,0.0706047013781155,0.03357758376780371,0.055244987417837586,0.027369669722998483,0.015359713960277917,0.006207914044805227
06097,CAISO,2029,187467.15669390082,0.06123266746142154,0.032319421771478334,0.05674008239282641,0.022876960931664872,0.00449258506859513,0.009442460839813462
06101,CAISO,2029,32149.185855298332,0.08926085628509209,0.04752948685567329,0.08075090633149441,0.04175443660819084,0.008509949953597676,0.005775050247482455
06103,CAISO,2029,24065.820242534166,0.15096639913698445,0.09621972835828,0.13289673902882457,0.07492793179254159,0.018069660108159885,0.021291796565738402
06107,CAISO,2029,138863.07986697168,0.17609178899579375,0.11156760383790745,0.1468940119474718,0.09190941499290083,0.029197777048321966,0.019658188845006627
06109,CAISO,2029,22172.969592025,0.13768680314865833,0.07390065433647151,0.12065568017062368,0.06645731035075234,0.01703112297803465,0.007443343985719178
06111,CAISO,2029,274917.98054455995,0.057204548239740534,0.01800740491520618,0.05518311284993492,0.015840189830475013,0.0020214353898056134,0.0021672150847311666
06113,CAISO,2029,74453.37871047584,0.09044583694306993,0.03134835431189013,0.07369773589226812,0.02160519850964132,0.01674810105080181,0.009743155802248805
06115,CAISO,2029,26616.08514604417,0.12754097588175414,0.05611183032391356,0.1034506130569782,0.04758871741411049,0.024090362824775946,0.008523112909803066
11001,PJM,2029,313307.97592506,0.12926252285073309,0.05231819692890314,0.09772721174999285,0.035796000733559,0.03153531110074023,0.01652219619534414
12086,CITY,2029,950441.7853134791,0.124397684452519,0.0499436276902855,0.124397684452519,0.0499436276902855,0.0,0.0
13097,CITY,2029,49488.96469927333,0.09167419381823554,0.07556507035574021,0.09167419381823554,0.07556507035574021,0.0,0.0
13121,CITY,2029,448315.02978912415,0.11311997071739771,0.06720237648886772,0.11277135245944299,0.06658678136008112,0.000348618257954722,0.0006155951287866029
19001,MISO,2029,3193.9921721125,0.3466484921932996,0.14515897580509252,0.33125080169244725,0.1400072845537276,0.015397690500852323,0.005151691251364915
19003,MISO,2029,1506.5505336749998,0.22911359182534302,0.1306692866638358,0.22175180900065497,0.11720122587654078,0.007361782824688051,0.013468060787295011
19005,MISO,2029,5756.922564621667,0.25239534758194015,0.10437618802986665,0.22174455801002999,0.07534506292283938,0.03065078957191017,0.029031125107027267
19007,MISO,2029,4948.4480451375,0.3093837860077926,0.12992361332460323,0.3018209529908616,0.12221370316853128,0.007562833016931003,0.007709910156071947
19009,MISO,2029,2498.835012108333,0.32334607644054847,0.1531627689445098,0.284863262737081,0.14756320347412114,0.038482813703467456,0.005599565470388673
19011,MISO,2029,9951.95766387,0.15456730437883429,0.08037862164118854,0.15453790955925398,0.07844687889776893,2.939481958030843e-05,0.0019317427434196177
19013,MISO,2029,52311.450991503334,0.08938666654031427,0.0600595573680953,0.08938666654031427,0.05708770678785139,0.0,0.0029718505802439066
19015,MISO,2029,10642.453409129168,0.09205482212294984,0.04686383541165788,0.09199961506895456,0.03969418166109065,5.520705399528203e-05,0.007169653750567231
19017,MISO,2029,9367.821028923332,0.13677032571688547,0.06026343487387807,0.13306118766232763,0.058435047360163084,0.003709138054557831,0.001828387513714988
19019,MISO,2029,7865.943378248334,0.1369225072072464,0.07189167096054834,0.13224935951568678,0.0658178888084781,0.0046731476915596315,0.006073782152070245
19021,MISO,2029,7353.454164331666,0.09404449245094144,0.043772963863655,0.09365017013358323,0.040863944137194116,0.00039432231735821166,0.0029090197264608833
19023,MISO,2029,5730.949974016667,0.1940801406769993,0.09480438571790029,0.17393262992337213,0.08972957472492461,0.020147510753627168,0.005074810992975673
19025,MISO,2029,3808.955806745,0.2150289107983252,0.08637261456908568,0.19734916906724934,0.08637261456908568,0.017679741731075865,0.0
19027,MISO,2029,8569.046708908332,0.16802659542219908,0.07240312305082224,0.15748275718314048,0.06973684076223956,0.010543838239058606,0.0026662822885826776
19029,MISO,2029,5647.117060671666,0.2934476218008311,0.11542815960871976,0.2878112347963889,0.11190171178480454,0.005636387004442189,0.003526447823915216
19031,MISO,2029,7380.572937450001,0.1469195006585506,0.08629922909707463,0.14643821457749645,0.05615109248278114,0.0004812860810541608,0.03014813661429349
19033,MISO,2029,18881.69574681917,0.1605072290445918,0.06513341749696987,0.15945096829251612,0.0641649823391753,0.0010562607520756828,0.0009684351577945727
19035,MISO,2029,5061.64134519,0.142624320455068,0.07495365739755422,0.1420366896852928,0.07272189102219295,0.0005876307697752214,0.002231766375361266
19037,MISO,2029,4853.718021243334,0.20997300017865478,0.0885429087411039,0.17799172051621642,0.07437368894252232,0.031981279662438356,0.014169219798581587
19039,MISO,2029,3683.5561754608334,0.2523582635790005,0.15663656649075444,0.23873334906450386,0.14559861761745405,0.013624914514496628,0.011037948873300396
19041,MISO,2029,6999.356107154166,0.20295666555737618,0.06867012169620229,0.18766862074699328,0.06793794376656456,0.0152880448103829,0.0007321779296377284
19043,MISO,2029,7151.523380911667,0.24044334960291994,0.10535225472417047,0.20735300458636408,0.08876923750671875,0.03309034501655586,0.016583017217451715
19045,MISO,2029,18489.533118716667,0.15776053904959964,0.08457035472439584,0.12778265198739217,0.07378978929871234,0.02997788706220747,0.010780565425683494
19047,MISO,2029,5956.947536412499,0.26787079338766284,0.11833833293844521,0.26369118033817013,0.116293037243708,0.004179613049492714,0.0020452956947372147
19049,MISO,2029,38727.0949427975,0.043480603282181784,0.01954008547224904,0.041782246527723006,0.019443712880772384,0.0016983567544587783,9.637259147665667e-05
19051,MISO,2029,3069.8355934375004,0.193123347732054,0.11284876093926222,0.17559287463113493,0.09903788554668401,0.01753047310091907,0.013810875392578206
19053,MISO,2029,2982.9013591858334,0.2859025613218531,0.1771592244653498,0.27156510298676656,0.17394751678891887,0.01433745833508654,0.0032117076764309194
19055,MISO,2029,6926.360256900833,0.13812979003873252,0.07348006119273488,0.13588560050914808,0.07348006119273488,0.0022441895295844394,0.0
19057,MISO,2029,16603.724540199997,0.16204121321284132,0.11468445098987794,0.1535158646672616,0.11234256317192544,0.008525348545579708,0.0023418878179524982
19059,MISO,2029,8076.162193749167,0.13350543773836293,0.05120844614043233,0.1152427260720275,0.05112768996140155,0.018262711666335432,8.075617903077759e-05
19061,MISO,2029,38674.36023221667,0.10521800295682442,0.06422255935077187,0.10468062187001279,0.06391978560274628,0.0005373810868116308,0.0003027737480255921
19063,MISO,2029,3723.5945551833333,0.24748599147890513,0.10027478633208756,0.24744414992024694,0.10027478633208756,4.184155865818995e-05,0.0
19065,MISO,2029,8063.283419083334,0.26497580312899727,0.13177018489809236,0.251954913937854,0.13177018489809236,0.013020889191143248,0.0
19067,MISO,2029,6434.938304494999,0.1570494726738969,0.08060677411328186,0.15407194337058058,0.08039636525838202,0.002977529303316323,0.00021040885489984062
19069,MISO,2029,4011.243871820833,0.2755924168174194,0.12547757383460365,0.2602300906186649,0.11652502694951512,0.015362326198754495,0.008952546885088522
19071,MISO,2029,2689.836087641667,0.1529214947916423,0.05622268208020257,0.14111136525402715,0.05352541772519831,0.01181012953761515,0.00269726435500426
19073,MISO,2029,3807.4497336266663,0.24408090211492653,0.11732260119938867,0.24169009859064836,0.11427540375577361,0.0023908035242781733,0.003047197443615063
19075,MISO,2029,4992.340281999166,0.20319524363674032,0.06719668139551631,0.19844478390852852,0.06710967784765463,0.004750459728211809,8.700354786167486e-05
19077,MISO,2029,4468.077056948333,0.30614806537063816,0.1655912335765152,0.26676881210409475,0.15197342593626598,0.0393792532665434,0.013617807640249224
19079,MISO,2029,5989.22493403,0.2575381363345214,0.08544854458554717,0.2532899714333445,0.08450896463845038,0.00424816490117691,0.0009395799470967858
19081,MISO,2029,4428.295769292499,0.20833230117570226,0.10593152691314321,0.2061071236090871,0.09484749696637162,0.0022251775666151663,0.011084029946771587
19083,MISO,2029,6926.159841225833,0.24845693368574737,0.11025981795560755,0.24312661918613296,0.10997164643693715,0.005330314499614408,0.000288171518670402
19085,MISO,2029,5862.3108993000005,0.2004935733000807,0.07886629954270645,0.1978301950672412,0.07886629954270645,0.0026633782328394917,0.0
19087,MISO,2029,7396.6231464625,0.174677976898655,0.08276548828584247,0.1594535268879061,0.08042252418494893,0.015224450010748902,0.0023429641008935465
19089,MISO,2029,3555.410977683334,0.24453321480896756,0.13246066284444014,0.21954437358845388,0.12854621697099333,0.024988841220513675,0.0039144458734468035
19091,MISO,2029,4164.4668065000005,0.16628034633189478,0.09235300611226037,0.13391399486373434,0.09191940918763569,0.03236635146816044,0.0004335969246246768
19093,MISO,2029,2970.882855070833,0.15387792455887112,0.08367539872528552,0.14727411811801916,0.08194640493772083,0.006603806440851956,0.0017289937875646921
19095,MISO,2029,6514.240270395832,0.17802149285852692,0.06774320953365526,0.1694355233038708,0.0628590804289014,0.008585969554656125,0.004884129104753859
19097,MISO,2029,7892.528724070833,0.16221374022946283,0.09057479777845123,0.1562118835353765,0.09057479777845123,0.006001856694086344,0.0
19099,MISO,2029,14288.030765910833,0.0990923060980039,0.05766640817693832,0.09378773052701884,0.05732467185138513,0.005304575570985057,0.0003417363255531908
19101,MISO,2029,6579.557378854166,0.24306773944726684,0.1245399964140195,0.23613302644312056,0.12382195419203301,0.006934713004146276,0.0007180422219864868
19103,MISO,2029,59600.63231272083,0.06535827891632544,0.017299836154030173,0.04748045161736216,0.017299836154030173,0.017877827298963277,0.0
19105,MISO,2029,7732.309341340833,0.1630722429350385,0.09026554763077232,0.15017244527583487,0.08934654016659761,0.012899797659203627,0.000919007464174712
19107,MISO,2029,4022.2128164391665,0.3171688310120428,0.1440435192519015,0.29782970959557253,0.14109868366374237,0.019339121416470262,0.0029448355881591393
19109,MISO,2029,6217.297858424166,0.26700116755423003,0.11590050545569967,0.2631857833958975,0.11565913049921972,0.0038153841583325465,0.00024137495647995333
19111,MISO,2029,13838.460774424999,0.15297570575863373,0.10037818243236311,0.1510664052713404,0.09540728547197785,0.0019093004872933195,0.00497089696038526
19113,MISO,2029,92207.7356341625,0.07500334701888828,0.03383872274036898,0.06758568625386681,0.03286232995313906,0.007417660765021469,0.0009763927872299197
19115,MISO,2029,4002.869632358333,0.1879388030675411,0.10396598490055751,0.17648040106907847,0.10014251401033777,0.011458401998462625,0.0038234708902197406
19117,MISO,2029,3495.3714277283334,0.28510402598310647,0.12239329771401053,0.2815911802038965,0.12172949586977909,0.003512845779209961,0.0006638018442314403
19119,MISO,2029,4358.6488735933335,0.3012427104617937,0.12101177986803457,0.29107619730807377,0.112063155776143,0.010166513153719914,0.00894862409189158
19121,MISO,2029,6330.657835554166,0.1309194852434766,0.05990983303240449,0.10954336710532835,0.05989715338645219,0.021376118138148256,1.2679645952300145e-05
19123,MISO,2029,8646.124434914167,0.14110530768291502,0.06958773184901232,0.12901066129918665,0.06339492938284412,0.012094646383728369,0.0061928024661681985
19125,MISO,2029,12901.031590516666,0.1296283942752151,0.06712115753691865,0.12670713094944333,0.05500158257466519,0.002921263325771778,0.012119574962253458
19127,MISO,2029,14703.392720484166,0.1931423575552491,0.08265000850622162,0.16149791035655667,0.07891152601264809,0.031644447198692444,0.0037384824935735306
19129,MISO,2029,5145.318319035,0.09170381528992765,0.03828541049985264,0.08407971296085014,0.03652322214962817,0.007624102329077509,0.0017621883502244653
19131,MISO,2029,4418.491638785834,0.2583233962924236,0.12608715267889264,0.22376870249682287,0.11984175170439863,0.03455469379560075,0.0062454009744940114
19133,MISO,2029,3772.80232529,0.17527369930608205,0.08277081867083944,0.17502531629546994,0.08038846432914752,0.0002483830106121132,0.002382354341691914
19135,MISO,2029,2958.9371419,0.2313017353320749,0.11329132770280699,0.22305741222432918,0.11162979820277744,0.008244323107745727,0.0016615295000295544
19137,MISO,2029,4378.322850708333,0.13887403968355086,0.09607222264387125,0.1383443224095895,0.09431291467078427,0.0005297172739613665,0.0017593079730869737
19139,MISO,2029,16598.72085411667,0.10301772333092624,0.05513404758147561,0.10049606935186159,0.05476909560395635,0.0025216539790646475,0.00036495197751926223
19141,MISO,2029,5471.7526595966665,0.14774718040122903,0.07521294689277906,0.1374029362839936,0.07202066407470163,0.010344244117235418,0.00319228281807743
19143,MISO,2029,2571.9474435916663,0.3483103435286319,0.10680463842334972,0.33868356182863063,0.10617280416715258,0.009626781700001252,0.0006318342561971446
19145,MISO,2029,5945.947354387499,0.15022039943266144,0.08145557866080787,0.14812690840007076,0.07371766386644797,0.002093491032590683,0.007737914794359896
19147,MISO,2029,3555.418396299167,0.15389007218658754,0.07402477789387228,0.14900338776811847,0.07098383283625147,0.004886684418469067,0.003040945057620814
19149,MISO,2029,9826.32694981,0.10084174827036058,0.055223818438468075,0.09521226642132274,0.04084908594756539,0.005629481849037832,0.014374732490902688
19151,MISO,2029,3056.4066516908333,0.23085060667499965,0.09261090031466977,0.22156866366299707,0.08926088492072046,0.00928194301200258,0.0033500153939493155
19153,MISO,2029,195895.70377844418,0.05087342272287896,0.014248918096787858,0.049942946617562455,0.011202530335395476,0.000930476105316505,0.0030463877613923825
19155,MISO,2029,36287.03382602,0.1043596746288632,0.053190713542035986,0.10435587437335977,0.05267554368578295,3.800255503422223e-06,0.0005151698562530366
19157,MISO,2029,7419.507041704167,0.2095776396505283,0.1048479000693585,0.18114287421452047,0.09975427578833711,0.02843476543600784,0.005093624281021392
19159,MISO,2029,1808.17678674,0.2622559629074145,0.12249479414067675,0.24836130425867142,0.0850872495662981,0.013894658648743063,0.03740754457437866
19161,MISO,2029,4151.319331815001,0.16115371154849367,0.08181352052236408,0.16012083789822884,0.08122358662322236,0.0010328736502648317,0.0005899338991417202
19163,MISO,2029,69410.50060869167,0.07370625610537718,0.037890363428488755,0.07030179623437688,0.034821233287777385,0.0034044598710002982,0.0030691301407113694
19165,MISO,2029,4879.281450329167,0.2567978392762054,0.12737764740948446,0.25009476584631335,0.11456996320102707,0.00670307342989207,0.01280768420845739
19167,MISO,2029,12140.2536764675,0.12433906524863994,0.06676530176942026,0.11101303002828357,0.0621755022491673,0.013326035220356372,0.004589799520252964
19169,MISO,2029,37117.20284699084,0.108147701607866,0.05951497703804181,0.108147701607866,0.05951497703804181,0.0,0.0
19171,MISO,2029,6619.036125834166,0.26711826853913906,0.13637755747599958,0.2532043525981842,0.13360883002813567,0.013913915940954868,0.0027687274478639112
19173,MISO,2029,2396.5139848,0.2670712159221613,0.11444090791019866,0.262522926680315,0.11139748666253366,0.004548289241846304,0.003043421247665004
19175,MISO,2029,4890.497120233333,0.26429271737409765,0.10166251486303138,0.25129664874465035,0.09874059817500938,0.0129960686294473,0.002921916688021997
19177,MISO,2029,2746.9208525833333,0.3344304231612843,0.1735274653600063,0.3295433902844391,0.15919781244591463,0.004887032876845221,0.014329652914091662
19179,MISO,2029,13710.180649156666,0.21931957151223186,0.10603968601544966,0.19026693590446056,0.10231225196666417,0.0290526356077713,0.0037274340487854912
19181,MISO,2029,19285.782274384997,0.09539894025793866,0.05163524164012281,0.08849182804699528,0.04249035367399765,0.006907112210943381,0.009144887966125156
19183,MISO,2029,8717.926417358332,0.11259657519787938,0.062002406613237165,0.1053818460422439,0.06119218507141856,0.00721472915563548,0.0008102215418186037
19185,MISO,2029,2494.207823693333,0.28578274770604684,0.11576326782616735,0.27124059572679,0.10948643092711369,0.014542151979256845,0.006276836899053659
19187,MISO,2029,15140.735243213332,0.14254523701157382,0.06897692221814591,0.10974813483897075,0.0594079690400008,0.032797102172603065,0.009568953178145115
19189,MISO,2029,4435.345312133333,0.2447047314536967,0.11435299291185223,0.2309806212940028,0.11399000498869567,0.013724110159693909,0.00036298792315656025
19191,MISO,2029,8069.707902095,0.19447487306491087,0.09639106494875659,0.18226742577910612,0.06650339525907854,0.012207447285804751,0.029887669689678042
19193,MISO,2029,38908.18087979416,0.09435733240859129,0.04493173331480227,0.08971761126669171,0.04493173331480227,0.004639721141899575,0.0
19195,MISO,2029,3150.8684884241666,0.20891577288903285,0.08660593892817253,0.20208670976805987,0.08621913763688488,0.006829063120972978,0.00038680129128765284
19197,MISO,2029,5300.012526961666,0.20585385263742376,0.07200725974801588,0.16403412225424627,0.07131234233390339,0.04181973038317749,0.0006949174141124836
17001,MISO,2029,26822.3870105325,0.16011121908555206,0.0802465358081219,0.16011121908555206,0.0802465358081219,0.0,0.0
17003,MISO,2029,1660.5668982308334,0.5359283429245235,0.33290072719279795,0.5359283429245235,0.33290072719279795,0.0,0.0
17005,MISO,2029,6107.751612714167,0.18666058748144998,0.09127712602503688,0.18666058748144998,0.09127712602503688,0.0,0.0
17007,PJM,2029,18281.08847431167,0.08734313885560113,0.0533257258847861,0.07843352289059954,0.047797807412808736,0.008909615965001588,0.005527918471977367
17009,MISO,2029,2014.51421517,0.1797177956834528,0.07689255484037125,0.1797177956834528,0.07689255484037125,0.0,0.0
17011,MISO,2029,13690.881273222501,0.21861931974878868,0.09810616510375446,0.21861931974878868,0.09810616510375446,0.0,0.0
17013,MISO,2029,1176.8719189316666,0.22495549187175848,0.09647166647191076,0.22495549187175848,0.09647166647191076,0.0,0.0
17015,PJM,2029,6165.398735520834,0.20479194843335155,0.0920896063373107,0.13954093047706004,0.08118165641226521,0.06525101795629151,0.010907949925045485
17017,MISO,2029,4911.1977952975,0.1890281664167354,0.11243637743024698,0.1890281664167354,0.11243637743024698,0.0,0.0
17019,MISO,2029,80560.12149991667,0.17522555660613587,0.10289232336895421,0.17522555660613587,0.10289232336895421,0.0,0.0
17021,MISO,2029,13278.740522779166,0.18450067797724454,0.09889900245851603,0.18450067797724454,0.09889900245851603,0.0,0.0
17023,MISO,2029,6302.749188533333,0.19298233367213746,0.07672384081559733,0.19298233367213746,0.07672384081559733,0.0,0.0
17025,MISO,2029,5374.900578375,0.3550217016719982,0.19720826345631315,0.3550217016719982,0.19720826345631315,0.0,0.0
17027,MISO,2029,14365.250226815831,0.1145699638219234,0.06345119733731962,0.1145699638219234,0.06345119733731962,0.0,0.0
17029,MISO,2029,19991.86584141,0.1795765442161516,0.07850873163644152,0.1795765442161516,0.07850873163644152,0.0,0.0
17031,PJM,2029,2061913.7111826267,0.12633145948571786,0.07632131692409203,0.12034946640743913,0.0644990273293849,0.005981993078278736,0.01182228959470713
17033,MISO,2029,7382.795641805833,0.2105514368246524,0.10766395220111727,0.2105514368246524,0.10766395220111727,0.0,0.0
17035,MISO,2029,4027.260827270834,0.15473843020260503,0.08903309989227909,0.15473843020260503,0.08903309989227909,0.0,0.0
17037,PJM,2029,38173.533714445,0.12243149707980297,0.08341340948921443,0.12158419538009785,0.07478927740171464,0.0008473016997051219,0.008624132087499792
17039,MISO,2029,6594.475965108334,0.16640122156852935,0.078305124820713,0.16640122156852935,0.078305124820713,0.0,0.0
17041,MISO,2029,7443.014766884167,0.18250469419938029,0.07324267482093756,0.18250469419938029,0.07324267482093756,0.0,0.0
17043,PJM,2029,346636.3820633292,0.04858274404312226,0.030200866168992434,0.045330921000398317,0.028002655053266393,0.0032518230427239433,0.002198211115726042
17045,MISO,2029,7450.795874725,0.20583063716240516,0.10490195002362948,0.20583063716240516,0.10490195002362948,0.0,0.0
17047,MISO,2029,2559.8595359366664,0.16062555106285578,0.09065737250113776,0.16062555106285578,0.09065737250113776,0.0,0.0
17049,MISO,2029,13902.61393332083,0.09805982605448982,0.056741119848045654,0.09805982605448982,0.056741119848045654,0.0,0.0
17051,MISO,2029,7585.0859734825,0.21260108201928302,0.11391971819546491,0.21260108201928302,0.11391971819546491,0.0,0.0
17053,MISO,2029,5555.675413168334,0.22286376988330214,0.10184146540381349,0.22286376988330214,0.10184146540381349,0.0,0.0
17055,MISO,2029,15858.620901304168,0.2368004932922849,0.13952663671202545,0.2368004932922849,0.13952663671202545,0.0,0.0
17057,MISO,2029,13840.230393375,0.18153468731983685,0.09556953096386422,0.18153468731983685,0.09556953096386422,0.0,0.0
17059,MISO,2029,2130.1405579616667,0.22817322423866698,0.14507253953421717,0.22817322423866698,0.14507253953421717,0.0,0.0
17061,MISO,2029,4472.67277964,0.28615049789938224,0.12181914001442365,0.28615049789938224,0.12181914001442365,0.0,0.0
17063,PJM,2029,19886.625808770834,0.0629236416968286,0.03143077885813721,0.05643568469393194,0.029719129665995856,0.006487957002896658,0.0017116491921413506
17065,MISO,2029,3182.7426590333334,0.2556865804731226,0.11222793885630084,0.2556865804731226,0.11222793885630084,0.0,0.0
17067,MISO,2029,7414.223594595833,0.24386317001794733,0.0949675670177235,0.24386317001794733,0.0949675670177235,0.0,0.0
17069,MISO,2029,1470.2696296333334,0.1408419328568838,0.07259762589257351,0.1408419328568838,0.07259762589257351,0.0,0.0
17071,MISO,2029,2708.118064745833,0.18325986221969928,0.05528218045854813,0.18325986221969928,0.05528218045854813,0.0,0.0
17073,MISO,2029,19956.843237517496,0.12099658553766218,0.07616047672715005,0.1086930471890519,0.07516702073760785,0.012303538348610282,0.0009934559895422024
17075,MISO,2029,11094.799559195,0.20437594990760902,0.09066004500284529,0.20437594990760902,0.09066004500284529,0.0,0.0
17077,MISO,2029,22722.225898830002,0.18718939032218718,0.0905332272033667,0.18718939032218718,0.0905332272033667,0.0,0.0
17079,MISO,2029,3593.4476463216665,0.1873715245348614,0.09360664315419107,0.1873715245348614,0.09360664315419107,0.0,0.0
17081,MISO,2029,14594.887241395001,0.20320659383992562,0.09638585324033479,0.20320659383992562,0.09638585324033479,0.0,0.0
17083,MISO,2029,7687.279900851667,0.1550721098145431,0.08492042945463835,0.1550721098145431,0.08492042945463835,0.0,0.0
17085,PJM,2029,9865.557352065,0.16643372695762065,0.0688898313669772,0.12118043658828484,0.06747820273705309,0.045253290369335814,0.001411628629924111
17087,MISO,2029,4071.420646796667,0.12972734592790353,0.07909514829384386,0.12972734592790353,0.07909514829384386,0.0,0.0
17089,PJM,2029,180280.96191613498,0.0751099130559282,0.04152477777657674,0.07350575411643426,0.03402158675672155,0.0016041589394939493,0.007503191019855186
17091,PJM,2029,39541.153985774166,0.14632209705106367,0.09876778037328872,0.12281708905390509,0.09408339147663929,0.023505007997158572,0.004684388896649433
17093,PJM,2029,43071.48295960833,0.06870995757828081,0.028970757965972763,0.05791900116455502,0.026570138388467973,0.010790956413725794,0.00240061957750479
17095,MISO,2029,20418.920608480003,0.22459775751150188,0.1130267932030909,0.22459775751150188,0.1130267932030909,0.0,0.0
17097,PJM,2029,252830.35704764916,0.08098618008529032,0.05083936888199392,0.07630998240631784,0.046917310564362984,0.004676197678972482,0.0039220583176309345
17099,PJM,2029,44124.492720480834,0.12398843920972595,0.08144752192550918,0.10657750638605164,0.07646963387608922,0.017410932823674313,0.004977888049419954
17101,MISO,2029,5329.157866826667,0.1670343592509403,0.08114333074995986,0.1670343592509403,0.08114333074995986,0.0,0.0
17103,PJM,2029,13493.193607267498,0.18946263312388947,0.0954067826203846,0.14388439124653588,0.09282931147612304,0.0455782418773536,0.002577471144261559
17105,PJM,2029,14471.009260992498,0.1656743381762051,0.07493153118994209,0.12891125446298388,0.06340827033082147,0.036763083713221234,0.011523260859120615
17107,MISO,2029,10976.580139691667,0.14320326590225405,0.08205445604377772,0.14320326590225405,0.08205445604377772,0.0,0.0
17109,MISO,2029,11274.753214779166,0.2770868276139491,0.1261605259720558,0.2770868276139491,0.1261605259720558,0.0,0.0
17111,PJM,2029,114060.28730408667,0.060760008833160815,0.04120615563399898,0.05701596292150342,0.040208683989800126,0.003744045911657397,0.0009974716441988538
17113,MISO,2029,66825.56237275168,0.1278441050369951,0.07806265307618385,0.1278441050369951,0.07806265307618385,0.0,0.0
17115,MISO,2029,42283.16534315833,0.15674994807493992,0.0984796371449108,0.15674994807493992,0.0984796371449108,0.0,0.0
17117,MISO,2029,17314.7359936875,0.20740952191614548,0.09648077010717163,0.20740952191614548,0.09648077010717163,0.0,0.0
17119,MISO,2029,107600.06819375584,0.12121571987794108,0.088806437242136,0.12121571987794108,0.088806437242136,0.0,0.0
17121,MISO,2029,15084.621377220832,0.18819428371706273,0.10453207464620137,0.18819428371706273,0.10453207464620137,0.0,0.0
17123,MISO,2029,4914.7000300875,0.1833473430389519,0.1277536742462161,0.1833473430389519,0.1277536742462161,0.0,0.0
17125,MISO,2029,5664.325459991667,0.18294894763983502,0.09153135494661874,0.18294894763983502,0.09153135494661874,0.0,0.0
17127,MISO,2029,5326.249361768333,0.2719401183948923,0.09999244044778383,0.2719401183948923,0.09999244044778383,0.0,0.0
17129,MISO,2029,5036.026547350833,0.10478235405651025,0.05925592460594,0.10478235405651025,0.05925592460594,0.0,0.0
17131,MISO,2029,6365.181087763333,0.12982843613493847,0.06636250275273224,0.12608353689305749,0.06621893920168782,0.0037448992418809834,0.00014356355104441776
17133,MISO,2029,13421.574100064165,0.08796481098549803,0.05378786761767002,0.08796481098549803,0.05378786761767002,0.0,0.0
17135,MISO,2029,11133.625784646667,0.23925570514586592,0.11780685035271507,0.23925570514586592,0.11780685035271507,0.0,0.0
17137,MISO,2029,13078.547721016668,0.17375506541307953,0.08473573147084244,0.17375506541307953,0.08473573147084244,0.0,0.0
17139,MISO,2029,5678.895158770833,0.1816430398863482,0.08431456089608516,0.1816430398863482,0.08431456089608516,0.0,0.0
17141,PJM,2029,20199.999757489168,0.11584333279455099,0.07281822068816209,0.10503215709289282,0.07050192957124496,0.010811175701658168,0.002316291116917127
17143,MISO,2029,75060.21123840415,0.1286603941070966,0.10864058346054077,0.1286603941070966,0.10864058346054077,0.0,0.0
17145,MISO,2029,8073.546717079166,0.19962000980857525,0.09408438142554919,0.19962000980857525,0.09408438142554919,0.0,0.0
17147,MISO,2029,6674.663314891667,0.11659049679286541,0.0742985015484209,0.11659049679286541,0.0742985015484209,0.0,0.0
17149,MISO,2029,5626.690490049999,0.31900098146590666,0.15850991199128042,0.31900098146590666,0.15850991199128042,0.0,0.0
17151,MISO,2029,1324.3782965583332,0.24712015394418543,0.19526238904978643,0.24712015394418543,0.19526238904978643,0.0,0.0
17153,MISO,2029,1861.3923274833332,0.36335539322569604,0.1772509762585883,0.36335539322569604,0.1772509762585883,0.0,0.0
17155,MISO,2029,2371.3893202541667,0.10555535756243432,0.05785965921985092,0.10555535756243432,0.05785965921985092,0.0,0.0
17157,MISO,2029,11507.196893771667,0.17053793511422696,0.07975217818077454,0.17053793511422696,0.07975217818077454,0.0,0.0
17159,MISO,2029,6398.037132719166,0.20744103079576323,0.10074678747882156,0.20744103079576323,0.10074678747882156,0.0,0.0
17161,MISO,2029,59800.418968787504,0.09239335942672063,0.05143048011705583,0.090493014796343,0.04814118138528606,0.0019003446303776234,0.0032892987317697728
17163,MISO,2029,99332.56845519916,0.18927779504380082,0.10128203987202362,0.18927779504380082,0.10128203987202362,0.0,0.0
17165,MISO,2029,10040.235713340833,0.19046940584993563,0.12445685567882721,0.19046940584993563,0.12445685567882721,0.0,0.0
17167,MISO,2029,82857.68274026582,0.1284605916812881,0.10106367835102296,0.1284605916812881,0.10106367835102296,0.0,0.0
17169,MISO,2029,2666.1755106083333,0.16986588446841033,0.1027357472855075,0.16986588446841033,0.1027357472855075,0.0,0.0
17171,MISO,2029,1924.2264134375,0.2738707108242889,0.13230385296943245,0.2738707108242889,0.13230385296943245,0.0,0.0
17173,MISO,2029,8659.403996709167,0.1797586174217713,0.09121035909844273,0.1797586174217713,0.09121035909844273,0.0,0.0
17175,MISO,2029,2311.3504983775,0.20453355926193614,0.1112497368661753,0.20453355926193614,0.1112497368661753,0.0,0.0
17177,PJM,2029,18878.466850854165,0.1935592144950232,0.10095732770254588,0.1504933149774353,0.0914113858764041,0.04306589951758791,0.009545941826141782
17179,MISO,2029,52811.993328945835,0.08518800138075507,0.0670563353654115,0.08518800138075507,0.0670563353654115,0.0,0.0
17181,MISO,2029,6690.624029808333,0.28924581296249763,0.11345543903574352,0.28924581296249763,0.11345543903574352,0.0,0.0
17183,MISO,2029,29598.197123142505,0.17775584323573382,0.0863736519012875,0.17775584323573382,0.0863736519012875,0.0,0.0
17185,MISO,2029,4676.778898763334,0.14287329932111037,0.09265771782396069,0.14287329932111037,0.09265771782396069,0.0,0.0
17187,MISO,2029,6756.7494031108345,0.16767613173528684,0.07751767483594828,0.16767613173528684,0.07751767483594828,0.0,0.0
17189,MISO,2029,5698.072004243333,0.15718188514899278,0.07625848798355125,0.15718188514899278,0.07625848798355125,0.0,0.0
17191,MISO,2029,6717.640932045833,0.2840031184215851,0.13040833250989786,0.2840031184215851,0.13040833250989786,0.0,0.0
17193,MISO,2029,5602.319347495833,0.2763930447958965,0.13494451116267117,0.2763930447958965,0.13494451116267117,0.0,0.0
17195,MISO,2029,22825.037960458336,0.20093125717034904,0.08643275000667519,0.19720416545543604,0.08608771339357908,0.0037270917149130056,0.00034503661309610856
17197,PJM,2029,237303.76448483331,0.0664549204029711,0.05358189570653719,0.06447598296176442,0.05006684919090001,0.0019789374412066824,0.0035150465156371796
17199,MISO,2029,28170.239563674168,0.1496022111836336,0.08569883344956528,0.1496022111836336,0.08569883344956528,0.0,0.0
17201,PJM,2029,113627.18732917416,0.14089154024038408,0.09725624985724078,0.12493221667367224,0.09546408382341945,0.01595932356671184,0.0017921660338213324
17203,MISO,2029,14497.905692679999,0.08976866307039139,0.06804335672540694,0.08976866307039139,0.06804335672540694,0.0,0.0
18001,PJM,2029,12064.162854345834,0.11570967879124837,0.048930431508683016,0.07407767750621315,0.04588622372484686,0.04163200128503522,0.003044207783836156
18003,PJM,2029,150594.52466268084,0.09776361123273487,0.062488208643912975,0.08148655864222361,0.028621403020934622,0.016277052590511265,0.03386680562297835
18005,MISO,2029,32054.848923212503,0.10173199762164155,0.0783425851947516,0.09792421964908822,0.07680679626877882,0.003807777972553328,0.0015357889259727808
18007,MISO,2029,3348.658924879167,0.2556692365061415,0.10738971863653632,0.25067586362361166,0.10664777236618282,0.004993372882529823,0.0007419462703534968
18009,PJM,2029,4858.7458247375,0.20348616833338504,0.12668559286162867,0.17039371290578437,0.11123605159208609,0.03309245542760067,0.01544954126954258
18011,MISO,2029,26441.131442360835,0.07404626345162138,0.04374105131133278,0.0731790501839144,0.04201990192156964,0.0008672132677069871,0.0017211493897631436
18013,MISO,2029,6389.133802711666,0.10064899821950934,0.07676507030267109,0.1004081217490014,0.07057805446912838,0.00024087647050793914,0.006187015833542711
18015,MISO,2029,7810.796181008333,0.11038308262560462,0.052758985763126307,0.10235530150036404,0.05179528938370955,0.00802778112524058,0.000963696379416755
18017,MISO,2029,14725.671740562499,0.11658349766020626,0.07265218083134227,0.11096395802734019,0.06533986743705902,0.005619539632866072,0.007312313394283246
18019,MISO,2029,46483.18936268167,0.09226089909885478,0.053239756086641346,0.08232153763711911,0.047542725658706236,0.009939361461735671,0.00569703042793511
18021,MISO,2029,10247.153466958334,0.16207903204163265,0.06670676029932954,0.13805279301928364,0.06655099352906044,0.024026239022349016,0.00015576677026910013
18023,MISO,2029,12249.280481119167,0.0826032686518841,0.043869887621151835,0.08068384266311626,0.04328477975547919,0.0019194259887678339,0.0005851078656726461
18025,MISO,2029,4212.3228507525,0.22070955689818092,0.12023243615978416,0.21776542326192577,0.12019313281753512,0.0029441336362551473,3.9303342249039086e-05
18027,MISO,2029,11306.198297789168,0.18562780006833882,0.06569522882876623,0.14774768579136915,0.061536398562109657,0.03788011427696966,0.004158830266656574
18029,MISO,2029,19437.27076599667,0.2015244149042691,0.0776885843890356,0.17392715011816895,0.07504147171465692,0.02759726478610014,0.002647112674378685
18031,MISO,2029,9851.131472270834,0.13982305890974825,0.05934219205425043,0.1230986699895936,0.057938453310575046,0.016724388920154654,0.0014037387436753868
18033,PJM,2029,16752.970829214166,0.08612589355747204,0.04722696021235254,0.06674060735416325,0.024004254198031687,0.019385286203308788,0.02322270601432085
18035,PJM,2029,44944.26829246583,0.17746305122473657,0.09202432667506186,0.1290291895496189,0.06979885532834547,0.04843386167511768,0.02222547134671639
18037,MISO,2029,17214.945456575,0.10059190043000932,0.06720803835550002,0.09248634307761162,0.06159899121812127,0.008105557352397694,0.005609047137378746
18039,MISO,2029,70088.42852258167,0.08866376491326938,0.06909658625517169,0.08653277321047764,0.06883681696965926,0.00213099170279174,0.0002597692855124262
18041,MISO,2029,9479.0942160625,0.19510157183710805,0.10996220772914836,0.17750165938232576,0.10255735758206788,0.01759991245478229,0.007404850147080477
18043,MISO,2029,30394.90303189417,0.10329945984722119,0.04946607634775653,0.1016094994980216,0.049204062483404226,0.0016899603491995902,0.00026201386435230345
18045,MISO,2029,6710.113991055833,0.21648658805331655,0.10513049298955844,0.20907545440124745,0.10500384834520027,0.007411133652069107,0.00012664464435817313
18047,MISO,2029,8778.965683028333,0.15590257912511568,0.06431232757491245,0.14845025175947338,0.06369038551509153,0.007452327365642303,0.0006219420598209263
18049,MISO,2029,7529.580916141666,0.23207306110022505,0.08844008735509609,0.20653233884255415,0.08550048121357544,0.0255407222576709,0.0029396061415206537
18051,MISO,2029,12701.527738012499,0.1344720855729593,0.06865323103340702,0.12168745594169923,0.06865323103340702,0.012784629631260078,0.0
18053,PJM,2029,26249.913848633332,0.18501251777487326,0.11338681233332107,0.12936605233798892,0.09646337930023341,0.05564646543688434,0.01692343303308766
18055,MISO,2029,12373.283432700833,0.17884915819843342,0.09038654245102137,0.14149734324052463,0.07938564736515476,0.03735181495790879,0.011000895085866616
18057,MISO,2029,128813.5997337125,0.04753201510912938,0.031340923475308737,0.043313977463752304,0.03062454058639718,0.004218037645377079,0.000716382888911557
18059,MISO,2029,30706.08130827917,0.05597389167586757,0.03931230047874459,0.054559225443396496,0.03819259264438596,0.001414666232471072,0.0011197078343586284
18061,MISO,2029,14510.867182948334,0.10282802752191057,0.05425784960358446,0.1001848097786316,0.05084245642984604,0.0026432177432789694,0.0034153931737384152
18063,MISO,2029,63085.435009508335,0.05878648558323124,0.028885762631136833,0.05669183207284885,0.028885762631136833,0.002094653510382391,0.0
18065,MISO,2029,18129.249073875,0.17153262035654987,0.08421237414879372,0.16886551052027732,0.0800034678841676,0.002667109836272552,0.004208906264626125
18067,MISO,2029,34237.438920358334,0.11224195306379281,0.06371145641164691,0.09944730029389218,0.055936499233359985,0.012794652769900633,0.007774957178286926
18069,MISO,2029,14858.700787421667,0.12163114663788441,0.059075355754223784,0.11109716708946162,0.05263456301977325,0.010533979548422792,0.006440792734450536
18071,MISO,2029,17263.168160066663,0.14015170338770097,0.08404980381332258,0.11888406461566756,0.08225122387063145,0.021267638772033415,0.001798579942691128
18073,MISO,2029,12247.333503781667,0.16981631732228172,0.08554106098903179,0.16500561891582385,0.08320391051124316,0.0048106984064578695,0.0023371504777886243
18075,PJM,2029,7854.248365906667,0.2569043313922172,0.10579713974959214,0.16615098743296786,0.0817246570540218,0.09075334395924933,0.024072482695570344
18077,MISO,2029,12434.4861421875,0.19051390104494906,0.0688174072262302,0.18163495787934292,0.06753802777957771,0.00887894316560614,0.00127937944665249
18079,MISO,2029,10233.564243744167,0.16689820750167803,0.07660221336406592,0.15385754758669154,0.0724378937221043,0.013040659914986485,0.004164319641961622
18081,MISO,2029,58950.08059936083,0.06284098858871619,0.04396026262209665,0.06284098858871619,0.04396026262209665,0.0,0.0
18083,MISO,2029,14658.6915587875,0.14957028730171018,0.07685549000691441,0.14137210006118808,0.07660043922913257,0.008198187240522098,0.0002550507777818456
18085,MISO,2029,30455.066074058333,0.08780831879745049,0.05062915432193851,0.08528248921468286,0.05062915432193851,0.002525829582767633,0.0
18087,MISO,2029,12495.096932287499,0.09300092498900371,0.044885728411724876,0.08846996811633577,0.039267356085729004,0.0045309568726679406,0.005618372325995873
18089,MISO,2029,190073.95527551667,0.1324991927881927,0.09471648780889363,0.13209507205355375,0.09410464458344264,0.0004041207346389408,0.000611843225450992
18091,MISO,2029,41944.053696351664,0.09041198593683343,0.06101670998941723,0.09041198593683343,0.05893904193023581,0.0,0.0020776680591814214
18093,MISO,2029,18563.8514339875,0.17963566029077346,0.06562576677306363,0.12013527288906596,0.06421937698951902,0.0595003874017075,0.001406389783544612
18095,MISO,2029,50680.391666468335,0.14254211881006779,0.07538897667945776,0.1371300608289438,0.06976664297567098,0.0054120579811239855,0.005622333703786786
18097,MISO,2029,390003.18406776746,0.13449348051418059,0.10124553767326981,0.1326371252016792,0.0867908626211286,0.0018563553125013899,0.014454675052141208
18099,MISO,2029,16546.954554620832,0.20927138411811208,0.08299441896544217,0.1879658018524286,0.0780118196043626,0.021305582265683493,0.004982599361079573
18101,MISO,2029,3854.2671906666665,0.16427034119478187,0.071554029978644,0.1466477282085456,0.06806190734568458,0.01762261298623627,0.0034921226329594213
18103,MISO,2029,12799.7333866,0.13352961535811858,0.09834408402478736,0.13250417534117462,0.09828586742155873,0.0010254400169439626,5.8216603228633534e-05
18105,MISO,2029,56310.05220479584,0.16442700788379727,0.11120553262285338,0.16170956393832173,0.09599479684439523,0.002717443945475545,0.015210735778458148
18107,MISO,2029,15113.623129614165,0.10189727916469814,0.05037628017526663,0.0954528796533733,0.046977054221343344,0.006444399511324833,0.0033992259539232864
18109,MISO,2029,26635.664693646668,0.09918209114789375,0.06630093612905276,0.09499092727041432,0.0643386866188137,0.004191163877479434,0.0019622495102390586
18111,MISO,2029,5340.259438659166,0.22498874341799244,0.10723981575081006,0.20579922778794352,0.10678605502479402,0.01918951563004892,0.00045376072601603645
18113,PJM,2029,17409.817878798334,0.08653452553265033,0.04372387395789585,0.06388293387856694,0.027692108454149048,0.022651591654083383,0.0160317655037468
18115,MISO,2029,2476.125442108333,0.20591481316371824,0.09213197043001521,0.1860863178298167,0.08128180720802425,0.019828495333901547,0.010850163221990963
18117,MISO,2029,7814.180188525001,0.20171021447442322,0.10886884340205898,0.1783382282921926,0.10556463992064335,0.02337198618223063,0.0033042034814156213
18119,MISO,2029,8298.568918558332,0.20854266104733182,0.09597061719398134,0.1628939821472663,0.09407419700140182,0.04564867890006552,0.0018964201925795177
18121,MISO,2029,5525.7190609625,0.17206310172813763,0.08773935914665992,0.1568647030260621,0.08003284924100632,0.015198398702075538,0.007706509905653608
18123,MISO,2029,7453.888688513334,0.2893000803484084,0.15213676753809202,0.27805638992019577,0.13181158477709434,0.011243690428212605,0.02032518276099768
18125,MISO,2029,4959.2239898875,0.13438965714861484,0.07007481481567782,0.11554733953574307,0.06654697893637991,0.018842317612871765,0.0035278358792979053
18127,MISO,2029,66843.00570510249,0.07048077297166444,0.052523834340860553,0.06286273094091144,0.049044897209787636,0.007618042030753003,0.003478937131072918
18129,MISO,2029,9984.443738614167,0.10680503663171666,0.06142980089796485,0.10680393491786178,0.05997054236057446,1.1017138548813366e-06,0.0014592585373903871
18131,MISO,2029,4695.670588962501,0.2985055065080774,0.11735637628794086,0.27591655048402713,0.10324864223378592,0.022588956024050255,0.014107734054154941
18133,MISO,2029,13348.007685399167,0.1287132912300454,0.0592110460338235,0.12266139009688753,0.05564445934747666,0.006051901133157872,0.003566586686346844
18135,PJM,2029,10010.771171316666,0.19552958259858544,0.09459078456211704,0.14706405753509322,0.08539923724228507,0.04846552506349222,0.009191547319831975
18137,MISO,2029,10858.689773408334,0.16240774030003374,0.07616908673775999,0.1457963017485283,0.06505189676288924,0.01661143855150543,0.011117189974870753
18139,MISO,2029,6574.217830666667,0.13966718698905484,0.07701525978571404,0.1286238709178504,0.07696133852327176,0.011043316071204429,5.392126244227469e-05
18141,PJM,2029,106135.16905772999,0.09884044270987383,0.08164131425029197,0.08942914090470418,0.03796258650655267,0.00941130180516965,0.04367872774373931
18143,MISO,2029,9366.735802039168,0.2910645181730727,0.1199922905659211,0.2743568296384397,0.09231422281060343,0.016707688534633003,0.02767806775531767
18145,MISO,2029,17569.4329209025,0.15583861438014407,0.07266882858881042,0.147865787844101,0.06612449198343216,0.00797282653604306,0.006544336605378259
18147,MISO,2029,7745.402981591667,0.10427260615440558,0.05762060808874193,0.09975688757701714,0.05619636715173479,0.004515718577388431,0.0014242409370071388
18149,MISO,2029,8434.391590066667,0.12229980576714172,0.08657521908199209,0.12160175483784477,0.08518362397111022,0.0006980509292969506,0.0013915951108818686
18151,MISO,2029,13597.80539329,0.1145609685024029,0.06329057335786552,0.10901271569582167,0.06329057335786552,0.005548252806581222,0.0
18153,MISO,2029,7445.5872843625,0.1682819132197951,0.0927702687660867,0.16289284500942866,0.08387822581044917,0.005389068210366443,0.00889204295563753
18155,MISO,2029,3680.0865773666665,0.16223829723857408,0.08348942290347477,0.145947843668032,0.08113303755283309,0.01629045357054207,0.002356385350641685
18157,MISO,2029,72001.39653594917,0.15303030865129846,0.09820196544056689,0.15110730000038242,0.09489471476184419,0.0019230086509160471,0.0033072506787227007
18159,MISO,2029,5936.952196755834,0.16066574196148875,0.05715960575059067,0.13237880603274163,0.056420381188971636,0.02828693592874712,0.0007392245616190327
18161,MISO,2029,2855.617117870833,0.14202904412330208,0.059439034539250694,0.11270702990753374,0.05689429720225849,0.02932201421576834,0.0025447373369922033
18163,MISO,2029,75781.092209295,0.15472234478002397,0.0697578238150756,0.15339358263312555,0.06807936078040851,0.0013287621468984212,0.0016784630346670937
18165,MISO,2029,6397.796363745833,0.18170081447156475,0.10218452617015364,0.18093950149653257,0.09646689108414372,0.0007613129750321801,0.00571763508600992
18167,MISO,2029,41401.204050897504,0.19301119754700563,0.09921614115437673,0.19194344526668575,0.09921614115437673,0.0010677522803198836,0.0
18169,MISO,2029,12312.629839320833,0.14515309162960402,0.08803099503258689,0.13493920590782954,0.08068048840482014,0.01021388572177448,0.007350506627766748
18171,MISO,2029,3233.3598344066663,0.2236542785633699,0.09213199270179537,0.22060448441063332,0.0877942958315241,0.003049794152736568,0.004337696870271274
18173,MISO,2029,24081.581261166666,0.06437449824415017,0.0432938455301069,0.06341010775217487,0.04293481798441127,0.0009643904919753032,0.0003590275456956324
18175,MISO,2029,10716.238118070833,0.18466213623989328,0.07493400013045438,0.17152157854214364,0.07371787481143748,0.013140557697749633,0.0012161253190169086
18177,MISO,2029,26649.330911242498,0.1724421428371767,0.10342127977935285,0.16977270662727342,0.09485487052901681,0.0026694362099032864,0.00856640925033604
18179,PJM,2029,10815.712845131666,0.10156776163281732,0.050727039433678144,0.07302584531083536,0.04016536345041172,0.028541916321981955,0.010561675983266426
18181,MISO,2029,9722.022653041666,0.11182976942070293,0.053609943373282495,0.10390554942706504,0.05197270855414533,0.00792421999363789,0.0016372348191371622
18183,PJM,2029,13470.611549026667,0.086033284341898,0.052614818459897246,0.06605338118305094,0.03817745938655319,0.019979903158847054,0.014437359073344057
21001,PJM,2029,6719.996593766667,0.13829118010260824,0.09094103092319507,0.12184272595916489,0.07169722312573978,0.016448454143443356,0.019243807797455284
21005,PJM,2029,9021.093088383333,0.09613967744221108,0.04235216226830179,0.07510486974881882,0.035988661113740376,0.021034807693392263,0.006363501154561413
21009,PJM,2029,17407.093875666666,0.18963419249542846,0.08523828157563,0.16290961252186964,0.07232992602765023,0.026724579973558815,0.012908355547979769
21011,PJM,2029,4759.348223170833,0.1894831311374776,0.08432533885633295,0.16633884341906816,0.06545459521992861,0.023144287718409456,0.01887074363640434
21015,PJM,2029,48267.626115080835,0.03614153240723162,0.017184579026406875,0.029804801166038394,0.015456382910005421,0.006336731241193227,0.001728196116401454
21017,PJM,2029,7840.4438576708335,0.16115055495110872,0.12065642836293398,0.14813578787341333,0.09757859467162999,0.013014767077695388,0.023077833691303992
21019,PJM,2029,18144.680229775,0.24365493845335676,0.09104078453653837,0.16465286116946615,0.06741731005846824,0.07900207728389061,0.02362347447807013
21021,PJM,2029,11354.319316545834,0.14675811996762306,0.1020808060189178,0.11491308387911614,0.09100147271254486,0.03184503608850692,0.011079333306372938
21023,PJM,2029,3066.7403727941664,0.16785998602841337,0.07628217715145377,0.14447099507850544,0.04241851686643071,0.02338899094990793,0.033863660285023064
21025,PJM,2029,5258.062579345833,0.3297100588392678,0.18508691307903335,0.24509801238304554,0.14809092681707414,0.08461204645622225,0.03699598626195921
21029,PJM,2029,30497.8248441325,0.07931405636175093,0.05133341177754623,0.06172351002961761,0.03303447459588788,0.01759054633213332,0.01829893718165835
21037,PJM,2029,37818.431530366666,0.11041118401051385,0.065462352797219,0.10918886724028463,0.06293716319978725,0.0012223167702292148,0.002525189597431754
21041,PJM,2029,3871.7255337208335,0.1899574210373327,0.08348135533001307,0.16631726123252885,0.07065820917267499,0.023640159804803856,0.01282314615733808
21043,PJM,2029,9463.8735694625,0.35315645283065505,0.16523027076661853,0.28205283141063453,0.15389891587834478,0.07110362142002052,0.011331354888273748
21045,PJM,2029,5876.762157945834,0.18789071713770447,0.13284844541029706,0.15261683556973607,0.10539661670316243,0.0352738815679684,0.027451828707134626
21049,PJM,2029,14427.592676434168,0.13145114962585472,0.07396054115820087,0.10931868976580451,0.05838421515173301,0.022132459860050205,0.015576326006467862
21051,PJM,2029,6789.596523095833,0.33990915262593513,0.20267087634834371,0.25651638174554364,0.17650003969225828,0.08339277088039149,0.02617083665608544
21053,PJM,2029,3588.0956469124994,0.17201927277968274,0.11500332289336809,0.14987320475748753,0.0698688858250068,0.02214606802219521,0.04513443706836129
21063,PJM,2029,2095.0077117375,0.31144461032223686,0.17288443551023808,0.2618573321101793,0.15016589012612913,0.04958727821205755,0.022718545384108946
21065,PJM,2029,5421.782523666667,0.29946100253242475,0.16164232212059382,0.23893987230661806,0.12750015779696616,0.060521130225806685,0.034142164323627655
21067,PJM,2029,134865.24657096583,0.10526167540018684,0.04608432536636675,0.07507529410144508,0.03729385580933738,0.030186381298741766,0.00879046955702937
21069,PJM,2029,5660.835739425,0.21712372381664963,0.08341246975523951,0.14411229017122676,0.06899125370025957,0.07301143364542287,0.014421216054979938
21071,PJM,2029,14003.588588229166,0.3680005719440496,0.19253303887699724,0.2435736732764747,0.16787467996603567,0.12442689866757492,0.024658358910961575
21073,PJM,2029,21916.23096850417,0.1078779489060051,0.049614563889968974,0.07005489299942147,0.03819360930530313,0.037823055906583636,0.01142095458466584
21077,PJM,2029,3067.5448566749997,0.13900237483585368,0.05592529325801555,0.09759541091965364,0.05001113518068879,0.04140696391620004,0.005914158077326759
21079,PJM,2029,6304.824585404167,0.10681981565619195,0.07689114781582615,0.08605854899282414,0.041674540435659595,0.020761266663367806,0.035216607380166555
21081,PJM,2029,8661.789302204166,0.16306079415934535,0.09836278380051632,0.13673428424485937,0.08219520115997607,0.026326509914485985,0.016167582640540246
21087,PJM,2029,4310.6458820749995,0.18187085442675813,0.09265541505102866,0.14298644146840395,0.0774998197006511,0.03888441295835418,0.015155595350377554
21089,PJM,2029,14206.5848341,0.24380141750644663,0.10660901047317856,0.16113337260962854,0.09175383514120115,0.08266804489681809,0.014855175331977402
21093,PJM,2029,41960.43985528583,0.08328267112703097,0.051873996087014394,0.0719468782835507,0.038173308831605496,0.011335792843480269,0.013700687255408898
21097,PJM,2029,7023.788876795832,0.222106362672426,0.1541713821311959,0.19078591172937942,0.11067816845048711,0.031320450943046585,0.0434932136807088
21099,PJM,2029,7031.387800541666,0.21643476165358583,0.1301502047031174,0.17798170392471124,0.11663335422906468,0.038453057728874585,0.01351685047405271
21103,PJM,2029,5827.137300858333,0.1553750523663314,0.11507541185982129,0.13709230041607723,0.10136108155823473,0.018282751950254167,0.013714330301586558
21109,PJM,2029,4952.208809825,0.28397995902974255,0.18045267464834128,0.23571920621239942,0.1362496497057395,0.04826075281734313,0.04420302494260178
21111,PJM,2029,325392.4317025325,0.1112584045299823,0.07095976460642828,0.08542856012973861,0.05609445169428918,0.02582984440024369,0.014865312912139099
21113,PJM,2029,18842.44632072,0.10890494395386212,0.07739487105661602,0.09232438126104883,0.06067302854634405,0.016580562692813286,0.01672184251027197
21115,PJM,2029,8227.108196329167,0.30823174221955657,0.1420025334464343,0.1741983515217558,0.12736993317369036,0.13403339069780076,0.014632600272743934
21117,PJM,2029,66237.62728063832,0.08515626973593456,0.050588396186827325,0.08237264763117814,0.04987278186841022,0.0027836221047564114,0.0007156143184171085
21119,PJM,2029,5425.947719604167,0.3614153577114131,0.16048761944995169,0.23004245987652547,0.14554801222573874,0.13137289783488762,0.014939607224212947
21121,PJM,2029,10900.856105929168,0.3252563040882634,0.21572040276536544,0.2799685776849232,0.16458218195121066,0.04528772640334017,0.05113822081415478
21123,PJM,2029,5862.945893416667,0.17281304361078148,0.12959431439986438,0.15901583596484958,0.11349217201992659,0.013797207645931897,0.01610214237993779
21125,PJM,2029,22870.712844995833,0.18641009598291386,0.1306846720362414,0.16063327786824255,0.11063652385618479,0.025776818114671307,0.02004814818005661
21127,PJM,2029,5504.1003831625,0.3529295205899195,0.15491111686555523,0.22858153600866515,0.13008077946281074,0.12434798458125434,0.024830337402744485
21129,PJM,2029,2564.4527658708334,0.3709027915901213,0.2349543404388111,0.3113212842895644,0.21526827536928222,0.05958150730055689,0.019686065069528885
21131,PJM,2029,3623.095316883333,0.32729757137931004,0.19404042509217215,0.22690218676715504,0.12800112708340325,0.100395384612155,0.0660392980087689
21133,PJM,2029,8187.411032958333,0.3699420090733194,0.2051835474751004,0.2459075268975298,0.1654830494254274,0.12403448217578963,0.03970049804967299
21135,PJM,2029,4674.1656656791665,0.38344392159067336,0.15937022989091273,0.288315060461709,0.13988806108422902,0.09512886112896435,0.019482168806683714
21137,PJM,2029,9406.268476045832,0.18213362079637205,0.08870710762720678,0.1342434541766685,0.06498587171842009,0.04789016661970355,0.023721235908786692
21147,PJM,2029,5194.244980875001,0.24095111530883825,0.188742414270768,0.21295833718573698,0.16041572518183436,0.027992778123101275,0.028326689088933626
21151,PJM,2029,35464.0141138425,0.1074645833824243,0.05797788460178214,0.09058755337687155,0.030243741764970824,0.016877030005552754,0.027734142836811315
21153,PJM,2029,4416.3139147875,0.4356274523571552,0.24580642567344926,0.312681555993915,0.226487773188702,0.12294589636324021,0.019318652484747262
21155,PJM,2029,7389.035779070833,0.1810799743562644,0.1208749077801163,0.15134832506508195,0.09516211708005672,0.029731649291182466,0.02571279070005958
21159,PJM,2029,3714.5544251833335,0.37006927120843586,0.21392670094003177,0.29095156156044,0.1930375839520626,0.07911770964799586,0.020889116987969164
21161,PJM,2029,6490.7516516666665,0.15317406273761477,0.09477384576053585,0.12912778945842435,0.08699991941816683,0.024046273279190428,0.0077739263423690225
21165,PJM,2029,2166.1096165416666,0.29032981663183655,0.1657309325111562,0.236642181441578,0.13860200173841244,0.05368763519025854,0.027128930772743753
21167,PJM,2029,8905.203229449999,0.15346685901961243,0.07019583020326059,0.12410655570386785,0.061241499076604027,0.029360303315744588,0.008954331126656563
21169,PJM,2029,4115.2881773291665,0.21591652197834102,0.1074958331349722,0.16676547522274277,0.10234387013775142,0.049151046755598254,0.005151962997220774
21173,PJM,2029,10475.015938570832,0.1810927575400404,0.07934470916113599,0.12422716868422969,0.06372722165353989,0.05686558885581071,0.015617487507596103
21175,PJM,2029,4600.240194837499,0.25674487923669276,0.11795769386504862,0.20185207836094332,0.10086434701729538,0.05489280087574944,0.017093346847753238
21179,PJM,2029,18073.633613956667,0.09843344165435906,0.03973478864563247,0.0908104634640774,0.028746441964615725,0.007622978190281668,0.010988346681016746
21181,PJM,2029,2475.1288244458333,0.21084370847687464,0.13220040770938904,0.17694328682321792,0.09907602704641902,0.033900421653656726,0.03312438066297002
21185,PJM,2029,21817.85155746583,0.03973559362554837,0.0213343970445792,0.026784869270581105,0.012826316348774845,0.012950724354967264,0.008508080695804355
21187,PJM,2029,4052.409011941666,0.18812471632905534,0.11000029390618762,0.1491597817768272,0.08649520712978456,0.03896493455222813,0.02350508677640306
21189,PJM,2029,1295.7421177291667,0.34963402079043876,0.19487334555494593,0.2722639262876109,0.16965794650000646,0.07737009450282784,0.02521539905493947
21191,PJM,2029,5047.784425419167,0.2171609726019827,0.16774765759494953,0.19238655737119584,0.1479266508453678,0.024774415230786856,0.019821006749581732
21193,PJM,2029,11007.486605766668,0.2979055005181272,0.15070127735057057,0.1795933793106029,0.12709938207991034,0.1183121212075243,0.023601895270660228
21195,PJM,2029,23578.32168849583,0.3624955273404896,0.17604274433897582,0.2578139401628164,0.16449451100760656,0.10468158717767323,0.011548233331369256
21197,PJM,2029,4472.505325766667,0.2770848121488974,0.14691410896752055,0.22050062331994713,0.097098865212208,0.05658418882895028,0.04981524375531256
21199,PJM,2029,25119.22749265,0.15378570663586258,0.1277562200689296,0.14463679746440242,0.09932822203731766,0.009148909171460162,0.02842799803161193
21201,PJM,2029,747.75950715,0.1761687167782248,0.13035514752353847,0.16657017121461729,0.1209251076075291,0.009598545563607508,0.009430039916009367
21203,PJM,2029,6201.754472070834,0.29033196291811125,0.16421041693907107,0.21478471135312188,0.13731131214185555,0.07554725156498937,0.026899104797215523
21205,PJM,2029,8799.926772183335,0.1798195647412825,0.08650186855033767,0.1397484873093683,0.07905132461998934,0.04007107743191418,0.00745054393034833
21207,PJM,2029,6853.610359333334,0.13527430344795421,0.0913834052219044,0.12433581944118921,0.08646206568601038,0.010938484006765004,0.00492133953589402
21209,PJM,2029,21050.396041445834,0.07052172550596364,0.04482104467927133,0.06352424152656565,0.03047545837626614,0.006997483979397992,0.01434558630300519
21211,PJM,2029,17147.353828435836,0.09154098749590284,0.05350553970880677,0.07408715067014811,0.03461694145992981,0.01745383682575473,0.01888859824887696
21215,PJM,2029,6745.632096014167,0.07326424376034667,0.05675197056989475,0.06666862720432037,0.0332700252539628,0.006595616556026293,0.02348194531593195
21217,PJM,2029,9545.6912555,0.11983422678959071,0.06363307423606974,0.097259702419236,0.056787621652090205,0.022574524370354718,0.00684545258397954
21223,PJM,2029,3156.3592741975,0.18277229534228953,0.10911267009574808,0.16144373393548234,0.1045898250201888,0.021328561406807195,0.004522845075559279
21229,PJM,2029,4501.3313152,0.16477705481903146,0.10511621910197994,0.15281145927367437,0.08005070743827776,0.011965595545357088,0.025065511663702175
21231,PJM,2029,7736.626328412501,0.19658144222615437,0.13262420026706578,0.1882390200113227,0.10165550163093007,0.008342422214831668,0.030968698636135716
21235,PJM,2029,12644.394234570833,0.2489240290329203,0.1193620005350057,0.1950362965365131,0.09056082185107008,0.05388773249640719,0.028801178683935627
21237,PJM,2029,2433.114459516667,0.36888553348169567,0.18719904286910505,0.2988982909766059,0.1022677120083352,0.06998724250508975,0.08493133086076984
21239,PJM,2029,10302.613649768333,0.09227712358938266,0.04356290930862566,0.06774754829007507,0.04073064632255745,0.02452957529930759,0.0028322629860682083
22001,MISO,2029,20873.484652258332,0.29548560777836846,0.14794057277007658,0.24877608669470594,0.13034495966300663,0.046709521083662525,0.017595613107069946
22003,MISO,2029,7457.858676020834,0.2589867589453373,0.12260008807642264,0.24018604434690186,0.10814500128589999,0.018800714598435436,0.014455086790522653
22005,MISO,2029,45223.479956426665,0.11035610264133992,0.058708745203998804,0.07823607063577756,0.03928662680784074,0.03212003200556236,0.019422118396158067
22007,MISO,2029,8192.409223595834,0.2304381833353269,0.12924880742603773,0.1783003788287765,0.09178379663092491,0.052137804506550395,0.037465010795112816
22009,MISO,2029,14311.596296920832,0.39902900575280414,0.2243330385618194,0.3552418229269329,0.1843949280883351,0.04378718282587124,0.039938110473484306
22011,MISO,2029,13304.595621633334,0.16614380649807867,0.09755963205722137,0.1388580653938506,0.0887812836663269,0.027285741104228073,0.008778348390894475
22013,MISO,2029,5332.168409179167,0.38892372767396804,0.16289493867474758,0.36033717856555414,0.13056178595370035,0.028586549108413906,0.032333152721047226
22017,MISO,2029,93305.01487788332,0.3028379645526724,0.14571116753774807,0.2767489823938795,0.140142116089423,0.026088982158792906,0.005569051448325063
22019,MISO,2029,76126.724592115,0.19027407418163517,0.1062069451869045,0.13035557910085788,0.09810008115400408,0.05991849508077729,0.008106864032900424
22021,MISO,2029,3403.5680720708333,0.30806597439239114,0.14784502129912477,0.26455849292190303,0.13275052552181288,0.04350748147048811,0.015094495777311895
22023,MISO,2029,2150.2608660958335,0.10608620777371612,0.03088317541934949,0.04939976837610324,0.026835387701014075,0.05668643939761288,0.004047787718335416
22025,MISO,2029,2991.8011168833336,0.3360743036043111,0.14569381340313792,0.2831126537941024,0.13863496123936173,0.05296164981020873,0.007058852163776191
22027,MISO,2029,5001.650851170833,0.4040121169222496,0.22836830207672704,0.38362764237814984,0.21805330417033453,0.02038447454409975,0.010314997906392509
22029,MISO,2029,6221.051018958333,0.4858883924987165,0.3032544581301403,0.4259257720828561,0.25245445440096076,0.059962620415860424,0.05080000372917953
22031,MISO,2029,10083.513777304166,0.3352110926458885,0.15274174766339235,0.26614053418134337,0.14807976219873142,0.06907055846454513,0.004661985464660928
22033,MISO,2029,171905.64957644584,0.2463683133506684,0.14859600874649434,0.19024524672359033,0.1284938738061108,0.056123066627078055,0.020102134940383543
22035,MISO,2029,2225.8914738458334,0.43031466328226453,0.25939210949710906,0.3909139223912582,0.25208997366405167,0.039400740891006314,0.007302135833057388
22037,MISO,2029,6454.29251908,0.23484151902539646,0.13533342199544027,0.1845973249602829,0.1149211398420464,0.05024419406511357,0.02041228215339387
22039,MISO,2029,11910.370517995834,0.41816627845663984,0.1732886195537768,0.3621628468113211,0.16519464227327646,0.056003431645318735,0.008093977280500347
22041,MISO,2029,7092.4968741125,0.35876915636604695,0.17814712055356935,0.3398237400576826,0.16146111366597724,0.018945416308364327,0.016686006887592114
22043,MISO,2029,6640.967086129167,0.2863394697546035,0.12148199312304324,0.23610812564546252,0.10326041317571169,0.050231344109140985,0.018221579947331548
22045,MISO,2029,26488.2379976,0.30079287248068004,0.14818614971567054,0.25115892992653743,0.13249722866873945,0.04963394255414261,0.015688921046931092
22047,MISO,2029,10652.287171670832,0.23720191939809246,0.13744478282658043,0.22378435581441367,0.12069007615627837,0.013417563583678793,0.016754706670302058
22049,MISO,2029,5376.886951579167,0.3172838745016059,0.15021551642680242,0.28193778339461645,0.14318987704379377,0.03534609110698944,0.007025639383008653
22051,MISO,2029,174894.42816830752,0.13809232673819863,0.09682965003435963,0.1253131210764789,0.08764680248558318,0.012779205661719722,0.009182847548776449
22053,MISO,2029,11557.360428804168,0.2018170586659356,0.11898968534892286,0.1589759574199569,0.09368461982185475,0.0428411012459787,0.025305065527068113
22055,MISO,2029,96835.59030830249,0.20536407390456765,0.11349180365899247,0.15706205252817218,0.11011688280644742,0.04830202137639547,0.003374920852545052
22057,MISO,2029,36074.23585443916,0.15724749895858023,0.09405307587638016,0.13852245148377573,0.0909190832824362,0.018725047474804496,0.0031339925939439656
22059,MISO,2029,4594.687798645834,0.23390642188646957,0.10695052703740368,0.22067899569959235,0.08470711008693725,0.013227426186877222,0.02224341695046643
22061,MISO,2029,17726.185636933333,0.2178455626371044,0.15198305973955611,0.1884747553543894,0.1450241155114204,0.02937080728271499,0.006958944228135727
22063,MISO,2029,49127.8272322125,0.19175212627918783,0.1014789211798504,0.11979442163088626,0.09078835929338937,0.07195770464830158,0.01069056188646103
22065,MISO,2029,2981.4473331416666,0.3797354969662215,0.24343322552989075,0.3633740546925017,0.2395635358168604,0.016361442273719773,0.0038696897130303387
22067,MISO,2029,9314.779313491666,0.35762260973493043,0.21617800495463504,0.3272874248879785,0.18948918744038037,0.030335184846951913,0.02668881751425467
22069,MISO,2029,13666.707907737498,0.32878891231962276,0.17275243047016672,0.3128357883466776,0.15664952884706232,0.015953123972945182,0.016102901623104404
22071,MISO,2029,154637.87520439,0.2832794529146703,0.18485801799117368,0.22641152783438132,0.16803629419461474,0.05686792508028901,0.01682172379655894
22073,MISO,2029,58661.32019112083,0.2776026361525821,0.16859250194434128,0.25336062086436756,0.15067881238029546,0.02424201528821457,0.01791368956404582
22075,MISO,2029,7979.912065813334,0.1357194889214127,0.11271757177731798,0.12840165176000176,0.10767513501007787,0.007317837161410934,0.005042436767240102
22077,MISO,2029,8014.921662595834,0.24662875177744314,0.20099968188313375,0.24318545738292316,0.1755967089570006,0.0034432943945199856,0.02540297292613314
22079,MISO,2029,48119.28366633333,0.2762276068593507,0.12078584276061152,0.2396592495754849,0.11146323458473668,0.036568357283865816,0.009322608175874839
22081,MISO,2029,2906.333299875,0.3493832689966562,0.25624481299410173,0.3313800589746271,0.15707665826976366,0.018003210022029148,0.09916815472433807
22083,MISO,2029,7127.485098641667,0.3452035212950593,0.1699186591579087,0.30551650060131214,0.15684364026773565,0.03968702069374719,0.013075018890173068
22085,MISO,2029,8247.93302435,0.33841775159722176,0.16231052566769222,0.29720843352111875,0.15194608251092884,0.04120931807610301,0.010364443156763381
22087,MISO,2029,15325.546456348333,0.22222232428059746,0.15498408596850455,0.18805560240873678,0.1537271157811857,0.03416672187186068,0.001256970187318851
22089,MISO,2029,18180.386979896666,0.10645985324676338,0.05659717286346134,0.07810534880790371,0.053518916385099057,0.028354504438859673,0.0030782564783622818
22091,MISO,2029,3809.5234495199998,0.2980687994679247,0.1403275571954695,0.277536005282555,0.11896886073955133,0.020532794185369685,0.02135869645591816
22093,MISO,2029,7358.2519694041675,0.12954638421589978,0.056539444028944834,0.12338393277971466,0.03112454293863288,0.006162451436185129,0.025414901090311953
22095,MISO,2029,15002.419264269169,0.15104000967970227,0.08350836345795173,0.12331839413030106,0.0634623666288763,0.02772161554940121,0.02004599682907543
22097,MISO,2029,30351.252312166667,0.3637862277620014,0.19711947873487623,0.3137723762242677,0.16383860485615384,0.050013851537733744,0.03328087387872239
22099,MISO,2029,19606.880385749166,0.2504195863392096,0.15466367750934615,0.18911263778653842,0.15306261500565402,0.06130694855267116,0.00160106250369213
22101,MISO,2029,18279.428146924998,0.34036829339402136,0.18242001139056102,0.29320184093564017,0.1368360004982762,0.04716645245838119,0.04558401089228481
22103,MISO,2029,99979.66344572583,0.13847440681540618,0.06340891881077194,0.09602344036227353,0.05760797843938492,0.04245096645313265,0.005800940371387023
22105,MISO,2029,47801.259121925,0.22781783950312154,0.11120384879018504,0.19583267344469454,0.10822111669025582,0.031985166058426995,0.0029827320999292195
22107,MISO,2029,1562.0736233416665,0.36057143019989274,0.19674935776022898,0.3240676662193685,0.17354363235991938,0.03650376398052424,0.0232057254003096
22109,MISO,2029,40227.246393074995,0.17440227576935027,0.09572402922714647,0.12375406531973474,0.08941411610210355,0.05064821044961554,0.006309913125042921
22111,MISO,2029,8086.4980405999995,0.3426996977547915,0.1757032989785087,0.3132612987128781,0.15411467319057987,0.029438399041913366,0.021588625787928833
22113,MISO,2029,21023.655567395832,0.25149963220418414,0.13113955459557958,0.2184045024338392,0.12200247283165744,0.033095129770344955,0.009137081763922139
22115,MISO,2029,17448.096772616664,0.23189612372293744,0.1209511728118897,0.19666201334574374,0.10837854031933343,0.035234110377193706,0.012572632492556274
22117,MISO,2029,16652.220901566667,0.31535482109712326,0.11271197538697383,0.25777622266540934,0.08402161257071118,0.05757859843171392,0.02869036281626265
22119,MISO,2029,14477.2410151125,0.46410919535033074,0.2730033582920532,0.39542349559151696,0.18463957934828887,0.06868569975881378,0.08836377894376432
22121,MISO,2029,9796.648335094167,0.16258498109068062,0.08044634406682429,0.13834833137384825,0.07596515177550398,0.02423664971683237,0.00448119229132031
22123,MISO,2029,3741.6769968124995,0.32560177712436317,0.14887396366754868,0.30100440395472894,0.13035463946571876,0.02459737316963423,0.018519324201829918
22125,MISO,2029,3747.7440598124995,0.24021372374257247,0.08169695294160104,0.1282206491396253,0.05996263456455003,0.11199307460294716,0.021734318377051004
22127,MISO,2029,4803.580561041667,0.3624978223964107,0.2133803992415806,0.3000361740957865,0.1451950803285279,0.06246164830062423,0.06818531891305268
24001,PJM,2029,26666.477862033338,0.17622371167868506,0.09194957544459535,0.15597781966356436,0.08021954606676178,0.020245892015120698,0.011730029377833573
24003,PJM,2029,193069.99673910916,0.06576696263624016,0.03620968454320106,0.058910710289712176,0.01874810038528604,0.00685625234652798,0.01746158415791502
24005,PJM,2029,326322.6920135475,0.10824773940796568,0.05225190263860183,0.09223925336710995,0.0430053684365466,0.016008486040855738,0.009246534202055227
24013,PJM,2029,61989.40874574917,0.060689811602663214,0.03296389493968931,0.04873794647098502,0.026161141878604223,0.011951865131678195,0.00680275306108509
24017,PJM,2029,58193.22883095333,0.10384223482313008,0.059629679160099515,0.08116591647505061,0.035253973040510145,0.02267631834807947,0.02437570611958937
24021,PJM,2029,98652.08427072334,0.05669151213624928,0.02752979272720729,0.04037901125706031,0.02086474512285106,0.016312500879188972,0.006665047604356229
24023,PJM,2029,12019.210306415833,0.1516402484985863,0.058245602099552186,0.13088593916733926,0.05206518341441771,0.02075430933124703,0.006180418685134477
24025,PJM,2029,97132.84759477916,0.08905829032002584,0.0480697628633368,0.07885247666837347,0.02860818255089804,0.010205813651652365,0.01946158031243876
24027,PJM,2029,117643.62089344251,0.047484393523553804,0.02398589873782909,0.03331536365620991,0.01674184297209481,0.01416902986734389,0.007244055765734281
24031,PJM,2029,369549.9565311633,0.05694306857349646,0.028941663785073166,0.04525594561523469,0.014941806979704063,0.01168712295826177,0.013999856805369103
24033,PJM,2029,339223.0202935833,0.07618575786635333,0.03561676994252978,0.0676030093605073,0.034938933085032126,0.008582748505846033,0.0006778368574976573
24043,PJM,2029,57734.388594695,0.1027590477097556,0.049176996469527876,0.09587989019853947,0.04136319195057862,0.006879157511216122,0.007813804518949252
24510,PJM,2029,245315.75649944998,0.223021943429767,0.14303703294508388,0.19060973535197284,0.12492289575866973,0.03241220807779416,0.01811413718641415
26001,MISO,2029,4772.9626107683325,0.26880772165514605,0.11849580949764782,0.25272926880295704,0.11849580949764782,0.016078452852189007,0.0
26003,MISO,2029,3199.976778483333,0.16928200054472825,0.10343531902499523,0.1634960302684766,0.08581120382827082,0.005785970276251662,0.01762411519672441
26005,MISO,2029,43264.0290925175,0.09459282610902178,0.04008689408787904,0.0800756189501353,0.0374493419556143,0.014517207158886478,0.002637552132264742
26007,MISO,2029,12353.209613345833,0.14858271538748172,0.08631155754390074,0.1451503005578147,0.08526646282770224,0.0034324148296670243,0.0010450947161984997
26009,MISO,2029,10446.604142879167,0.15112623707455958,0.0625018632573277,0.14478810555527227,0.05986551527660393,0.0063381315192873044,0.002636347980723777
26011,MISO,2029,6255.6274351525,0.18924988449877841,0.09383689878288337,0.1796002197316137,0.09363100304926562,0.009649664767164723,0.0002058957336177475
26013,MISO,2029,3176.378249525,0.16752092642658004,0.08432973862555253,0.16273267826277657,0.08300213644589063,0.004788248163803466,0.0013276021796618936
26015,MISO,2029,23913.083137375834,0.13272265347371207,0.07657374814540995,0.1279679814848755,0.0724139663725252,0.004754671988836556,0.004159781772884744
26017,MISO,2029,44123.78348309584,0.1440820708987498,0.08184554457662341,0.1326197165302999,0.0806546790874903,0.01146235436844989,0.0011908654891331083
26019,MISO,2029,7057.721204854166,0.1427884600974624,0.09594575176771364,0.13801357131535025,0.07196469099506766,0.004774888782112158,0.023981060772645973
26021,PJM,2029,62051.45464497749,0.16386972987054227,0.09686762529796474,0.12723626589325593,0.07261995002239216,0.03663346397728634,0.024247675275572575
26023,MISO,2029,16365.692972587502,0.10795757130181126,0.0727437787531569,0.10285813726380331,0.07147683416788553,0.005099434038007944,0.001266944585271379
26025,MISO,2029,51966.72735397167,0.1378719786776686,0.0726207269666862,0.13276384435147695,0.06882316607467985,0.005108134326191643,0.003797560892006349
26029,MISO,2029,11976.329161432499,0.12592943139581675,0.05278692253765533,0.11795006981868364,0.049714481922379296,0.00797936157713311,0.003072440615276034
26031,MISO,2029,10523.1627943725,0.1583571419606364,0.07983593013302775,0.15701476728795521,0.0770619443409637,0.0013423746726811958,0.00277398579206406
26033,MISO,2029,13371.240413542502,0.16337092180692891,0.09055832451050044,0.1474267160944774,0.08656705379350337,0.015944205712451504,0.003991270716997078
26035,MISO,2029,11718.4228140125,0.24303930794162948,0.12239669239894779,0.2232104906140267,0.09576921971456494,0.019828817327602777,0.026627472684382855
26037,MISO,2029,30529.477480433336,0.09049774715180016,0.05200036536696292,0.08161322649869783,0.05117736330228287,0.008884520653102329,0.0008230020646800493
26039,MISO,2029,5763.50051304,0.23938996883245775,0.14199632896174835,0.21577597940038604,0.1359703668044758,0.023613989432071714,0.006025962157272552
26041,MISO,2029,15602.127367045832,0.18826133623486901,0.09714988978376929,0.17434244486766662,0.0967956824665561,0.013918891367202396,0.00035420731721319543
26043,MISO,2029,11423.631379325,0.12066244776548866,0.06829926003043311,0.11176835691501834,0.06571113222093088,0.008894090850470326,0.0025881278095022386
26045,MISO,2029,44110.34210547167,0.07869093932003146,0.044666602826776355,0.07602455569351657,0.04378265897546589,0.00266638362651489,0.0008839438513104647
26047,MISO,2029,14161.784488406665,0.14090854313806758,0.061958346163282156,0.12632991659628667,0.06006814412422556,0.014578626541780909,0.0018902020390565988
26049,MISO,2029,164746.13215435419,0.21457091888124014,0.09325944055020878,0.18845752606313063,0.09251758138543342,0.02611339281810951,0.0007418591647753575
26051,MISO,2029,10715.294369055,0.20662313218491252,0.11238929365902942,0.20048693519609706,0.10944541186950074,0.006136196988815457,0.002943881789528674
26053,MISO,2029,6806.012627445833,0.26864192364744255,0.10426618032279691,0.19349681831194163,0.10265694994207443,0.07514510533550092,0.0016092303807224845
26055,MISO,2029,37328.721364569166,0.07401011432121826,0.04360052634242658,0.07223171176884269,0.04259242058299069,0.0017784025523755742,0.0010081057594358914
26057,MISO,2029,14412.389597995834,0.18080910002506023,0.07802732368970788,0.15955315362691633,0.07492613645133012,0.021255946398143905,0.0031011872383777672
26059,MISO,2029,17247.045537029167,0.21406555127002266,0.07672631241394678,0.18113694013240217,0.07058405092399729,0.032928611137620495,0.006142261489949494
26061,MISO,2029,13829.0145499375,0.14793674186272704,0.0764506085516613,0.1280952760002584,0.0721324494081184,0.019841465862468627,0.004318159143542902
26063,MISO,2029,13463.038620816667,0.23604805617919217,0.09807169742263638,0.20554152094297473,0.09475963465570002,0.030506535236217436,0.003312062766936366
26065,MISO,2029,113184.50817140666,0.11395543801561117,0.06410971365488907,0.10387690612379544,0.052067608652681195,0.010078531891815734,0.012042105002207877
26067,MISO,2029,22314.507808831666,0.1261274052973697,0.06690365348953811,0.1167204958446733,0.05994922773898461,0.009406909452696413,0.0069544257505535015
26069,MISO,2029,11281.318642333334,0.19137097505186984,0.12240613072864909,0.1841654009083357,0.11698504241909272,0.007205574143534149,0.005421088309556371
26071,MISO,2029,5086.898056770833,0.1989397499519402,0.11229346055952763,0.19606144740080533,0.11186241011538751,0.0028783025511348592,0.00043105044414011584
26073,MISO,2029,24239.595666850833,0.2021382541748918,0.09909786026914537,0.1834021910303409,0.09185015447726393,0.018736063144550924,0.0072477057918814425
26075,MISO,2029,60563.02439104667,0.17220026141109895,0.07342835802118719,0.13813601069109496,0.06635624651327314,0.03406425072000399,0.00707211150791405
26079,MISO,2029,7262.089770320832,0.21715450457960897,0.08985822243163631,0.20510377783813818,0.08428449792920863,0.012050726741470785,0.005573724502427685
26081,MISO,2029,250297.79169441081,0.07379843276012067,0.03431043283330906,0.06764473355122459,0.016784806528587312,0.00615369920889608,0.01752562630472175
26083,MISO,2029,1055.7583443583335,0.20160126336110318,0.08996745804732026,0.19859536931951224,0.0876808623106473,0.003005894041590934,0.002286595736672961
26085,MISO,2029,4496.436935646667,0.356389381776025,0.15547809821543898,0.3395520325372004,0.15498229675488112,0.016837349238824628,0.0004958014605578598
26087,MISO,2029,33694.92542939916,0.11986311541839646,0.08138985795169242,0.11789481933449614,0.07894336305818912,0.0019682960839003255,0.0024464948935032926
26089,MISO,2029,9045.722980177501,0.10943975191887581,0.05925044431839872,0.10943975191887581,0.05472812113524237,0.0,0.004522323183156353
26091,MISO,2029,37653.17002485834,0.12401329695374218,0.060274667146573285,0.09764365191888866,0.05732595334303783,0.02636964503485352,0.002948713803535452
26093,MISO,2029,73713.66943356584,0.06695888176072992,0.029962327762951154,0.06341782843352334,0.02964059346072144,0.0035410533272065836,0.0003217343022297141
26095,MISO,2029,2054.0939317958337,0.1951715826782262,0.09683149816990438,0.17295301224300477,0.0868475286042719,0.022218570435221435,0.00998396956563248
26097,MISO,2029,5041.095834520834,0.18325408990866948,0.0860150296424353,0.1686912177224388,0.08548404002390109,0.014562872186230674,0.0005309896185342194
26099,MISO,2029,351532.2330202642,0.09522960981404585,0.07187221908471071,0.0900880957435211,0.06751739079955668,0.0051415140705247525,0.00435482828515403
26101,MISO,2029,9760.880229179165,0.17487085864670085,0.08513547988837979,0.15810776038533364,0.08424500669222101,0.01676309826136721,0.0008904731961587725
26103,MISO,2029,26780.265042620835,0.12034557282414635,0.061611964167141244,0.11312539066601227,0.06004514324898674,0.007220182158134081,0.0015668209181545004
26105,MISO,2029,11981.90325629,0.18286151751891347,0.07654216670024577,0.15275395070221234,0.06255372082567132,0.030107566816701126,0.013988445874574457
26107,MISO,2029,15792.003570425,0.21337752534109353,0.10544394848538016,0.1963749861418444,0.08788700644594531,0.017002539199249128,0.01755694203943485
26109,MISO,2029,9790.747282441665,0.15848707597276757,0.08882428046423038,0.1488177531002145,0.08737817109562022,0.009669322872553066,0.0014461093686101573
26111,MISO,2029,33784.81317012167,0.1479035292397525,0.08012456723769863,0.13132809642313484,0.07543065570162479,0.016575432816617663,0.004693911536073847
26113,MISO,2029,5715.342433398333,0.2081123065141112,0.08340635839671943,0.20651166044391697,0.07761765796484908,0.0016006460701942227,0.005788700431870353
26115,MISO,2029,60919.73485117416,0.08835481566476194,0.06246979090473915,0.08334714843510962,0.04120587460299193,0.005007667229652318,0.021263916301747218
26117,MISO,2029,23685.637822812503,0.18658305976953282,0.09348589036632794,0.16942538544785632,0.08128989298695351,0.017157674321676503,0.012195997379374435
26119,MISO,2029,4616.966919534167,0.25350441798156903,0.13207984488057814,0.2204114154605729,0.13090382423784963,0.03309300252099612,0.0011760206427285091
26121,MISO,2029,65119.7732379275,0.09490385464847872,0.05530329758038303,0.09289052066708102,0.054251727762132336,0.0020133339813977053,0.0010515698182506916
26123,MISO,2029,18804.3867408725,0.22338346169224405,0.10153415949304592,0.20452150985000553,0.08801869013529823,0.018861951842238517,0.013515469357747695
26125,MISO,2029,521526.56082772743,0.06706215404589204,0.05182387976934601,0.06587223555729178,0.049003185153063705,0.0011899184886002556,0.0028206946162823016
26127,MISO,2029,9786.312969478333,0.2501235211463214,0.10263691627566819,0.21684367332025492,0.09248796836003376,0.033279847826066494,0.010148947915634435
26129,MISO,2029,8879.656253620833,0.22590621930132312,0.11976136735094489,0.21584264441966844,0.11056952781839345,0.010063574881654686,0.00919183953255144
26131,MISO,2029,2846.0360218083333,0.22773962168698678,0.1212069068589362,0.22451249287649797,0.12039389288419979,0.0032271288104888107,0.0008130139747364179
26133,MISO,2029,8784.525878295834,0.23010893093437434,0.1171573962518725,0.21799869173472564,0.0968058165564848,0.012110239199648709,0.0203515796953877
26135,MISO,2029,3435.683997983334,0.2467071375503469,0.11739509525010063,0.22626700247208562,0.114547015549937,0.020440135078261285,0.002848079700163625
26137,MISO,2029,10488.044794161666,0.12011970532284519,0.06758536073484855,0.11620615635473673,0.06451243291750734,0.003913548968108457,0.0030729278173412117
26139,MISO,2029,106091.79930614916,0.05104129455476337,0.018599798025503878,0.04963350549395193,0.017964298897004394,0.0014077890608114388,0.0006354991284994831
26141,MISO,2029,6044.054568874167,0.1450206201411363,0.08057961670806345,0.14237803443609992,0.07986432717009931,0.0026425857050363932,0.0007152895379641394
26143,MISO,2029,11213.417281721668,0.16634317137534357,0.09025543477497433,0.1633642384712071,0.08856217488761749,0.0029789329041364776,0.0016932598873568433
26145,MISO,2029,75801.60213027333,0.21705385704426805,0.08723605021404608,0.21260952933709298,0.08670404551114379,0.004444327707175066,0.0005320047029022945
26147,MISO,2029,64617.187098355,0.12428115879017336,0.08076064427897674,0.11760681162104927,0.06407433857738656,0.006674347169124087,0.016686305701590173
26151,MISO,2029,16995.631359,0.20454364276847575,0.0952949366700939,0.19475630416722903,0.08011433758862024,0.009787338601246726,0.01518059908147365
26153,MISO,2029,3738.894939258333,0.1745362211598046,0.07642108778603775,0.1625432604690642,0.07499845112830508,0.011992960690740406,0.001422636657732665
26155,MISO,2029,27376.201479037503,0.16315975459193646,0.07046830537031804,0.1316104262013139,0.06917264668289347,0.03154932839062255,0.0012956586874245668
26157,MISO,2029,21243.2838350375,0.19150471316845818,0.09859786437241139,0.16590371245403449,0.09644895806805552,0.0256010007144237,0.002148906304355866
26161,MISO,2029,146913.13311006164,0.09386834394162273,0.031031509349482646,0.08038975817182734,0.026641951917267172,0.013478585769795395,0.004389557432215474
26163,MISO,2029,684400.6373263674,0.188331723968824,0.1386853420327266,0.15784118315360962,0.13355975745389143,0.03049054081521438,0.005125584578835163
26165,MISO,2029,12885.423899991665,0.1718253274989734,0.08291715955181145,0.1642287650506685,0.07759361703432047,0.007596562448304894,0.005323542517490981
27001,MISO,2029,6700.678917179999,0.30108789115032464,0.13618849121794935,0.27392719260142395,0.13284468192982582,0.027160698548900686,0.003343809288123528
27003,MISO,2029,132001.03064151,0.05660773245277384,0.014352982605204555,0.035905463335813514,0.013409318973226607,0.020702269116960326,0.0009436636319779482
27005,MISO,2029,13758.14815455,0.21289636893111388,0.0985489905733863,0.18458262837212938,0.08461538503384992,0.0283137405589845,0.013933605539536376
27007,MISO,2029,17216.9731836675,0.22758036176568616,0.12123082146634244,0.19868736870887554,0.10100661041307137,0.028892993056810617,0.020224211053271074
27009,MISO,2029,15407.020123136666,0.07155794423274324,0.039292236114501805,0.06616850039850222,0.03907070722879117,0.005389443834241017,0.0002215288857106354
27011,MISO,2029,2171.8248583575,0.2643528071979829,0.1423699036105406,0.2338691416120743,0.09873454664932703,0.030483665585908565,0.04363535696121358
27013,MISO,2029,25572.92111600917,0.08769837378554388,0.03905294248238208,0.08255606153983765,0.03903034138814735,0.005142312245706229,2.2601094234728225e-05
27015,MISO,2029,10587.389143488334,0.26441256617455117,0.09861412026515928,0.19739239227197516,0.08156743093278478,0.067020173902576,0.017046689332374507
27017,MISO,2029,13447.770504454998,0.14945431697017592,0.06562894062570618,0.13214463374477545,0.060151713457534894,0.01730968322540047,0.005477227168171284
27019,MISO,2029,37792.48906580084,0.0564440945761321,0.019933173109654513,0.04676194274841292,0.019933173109654513,0.009682151827719178,0.0
27021,MISO,2029,12219.805739558335,0.2565534192354499,0.10500951603109354,0.23121896525572658,0.10097460134143373,0.02533445397972331,0.004034914689659816
27023,MISO,2029,5048.486212538333,0.2851673790289473,0.11661362429352769,0.22315347876069475,0.07876714256986408,0.06201390026825254,0.0378464817236636
27025,MISO,2029,20511.817690471667,0.0878991082208769,0.029202614709840438,0.06434264468866378,0.024142176019097256,0.02355646353221312,0.005060438690743182
27027,MISO,2029,24334.185865260835,0.07726383827966542,0.04336318949040333,0.07041975448524553,0.030100697450591095,0.006844083794419892,0.013262492039812238
27029,MISO,2029,3113.704150904167,0.3289080541057866,0.16283318473040273,0.27485907758228995,0.13907440442575558,0.05404897652349666,0.023758780304647148
27031,MISO,2029,2544.0144325141664,0.18821327616321754,0.08162912179699028,0.16996766261568455,0.06997535467231489,0.018245613547532985,0.01165376712467539
27033,MISO,2029,4479.658464800001,0.30578458637013306,0.11315210755937924,0.27689203725386646,0.11072031160091517,0.028892549116266597,0.0024317959584640725
27035,MISO,2029,27458.026502777502,0.1320961004718943,0.06523904944590482,0.11742933709898412,0.05591049154848675,0.014666763372910174,0.009328557897418072
27037,MISO,2029,166105.97013297916,0.04385515535041081,0.009556056475178126,0.035324758284380406,0.00938964559668168,0.008530397066030405,0.00016641087849644624
27039,MISO,2029,7695.352213774166,0.07412786354542905,0.03287984699090284,0.07006459542097616,0.023183043007527705,0.004063268124452887,0.009696803983375139
27041,MISO,2029,16714.538395331667,0.10788698225663548,0.050457594991309244,0.09836894275609902,0.04606267659417001,0.009518039500536465,0.004394918397139236
27043,MISO,2029,5913.530371708333,0.22493864667157581,0.10680862568973361,0.19643076084815372,0.10612402599059251,0.02850788582342209,0.0006845996991411002
27045,MISO,2029,8275.499122130834,0.1451807705632758,0.07326189233089919,0.11900629285424306,0.05876702694678198,0.026174477709032737,0.014494865384117213
27047,MISO,2029,12455.7295177175,0.14925654713865186,0.07017629841832906,0.112103133064157,0.06869426559369667,0.03715341407449485,0.0014820328246323983
27049,MISO,2029,18838.428201214167,0.11365626327021111,0.06230381923199336,0.09134760225182985,0.05516190745218459,0.022308661018381262,0.007141911779808767
27051,MISO,2029,2486.0468851125,0.2458242084711708,0.13975710668570543,0.2077394438010753,0.09427140424964048,0.0380847646700955,0.04548570243606495
27053,MISO,2029,523940.52848666743,0.049531666818266984,0.024425634868530038,0.043136363823539275,0.021503568575837004,0.0063953029947277085,0.002922066292693034
27055,MISO,2029,7743.28249308,0.12318264990901348,0.07458193207287826,0.1076981303865991,0.055788993842433944,0.015484519522414378,0.01879293823044432
27057,MISO,2029,8534.585263393332,0.23163192046875897,0.10130851010498428,0.19618598847025587,0.0964000059816087,0.0354459319985031,0.004908504123375582
27059,MISO,2029,15302.368952738334,0.126717785733409,0.04745724743096371,0.08324706101994588,0.04356376608117973,0.043470724713463124,0.003893481349783977
27061,MISO,2029,17541.640615383334,0.22572249629310434,0.09105576484325105,0.1888678169539104,0.08301984911707048,0.03685467933919395,0.008035915726180565
27063,MISO,2029,4292.5669838625,0.23808468289070192,0.08893919262691134,0.2000098411255997,0.06972264585933838,0.03807484176510223,0.019216546767572965
27065,MISO,2029,6400.016274328333,0.24107753339323978,0.09691526185274088,0.20583238096165377,0.09046121875043095,0.03524515243158602,0.006454043102309931
27067,MISO,2029,16434.820742305834,0.10039445065217915,0.037398771455381945,0.08334720606325774,0.02981905143004167,0.017047244588921415,0.007579720025340273
27069,MISO,2029,1688.2253223508333,0.33246512129283196,0.16087998846186674,0.25890098590366695,0.15163440650171398,0.07356413538916501,0.009245581960152766
27071,MISO,2029,5448.476537095834,0.1843720192257229,0.10035920854963,0.16061204905710103,0.09540144244606798,0.023759970168621886,0.004957766103562022
27073,MISO,2029,2796.577682125,0.1317023359578075,0.06834426734027586,0.11843229852936944,0.046449058342610546,0.013270037428438061,0.021895208997665318
27075,MISO,2029,4837.513022858333,0.19030119635493112,0.09907728578960406,0.18050381276180902,0.09606398736929576,0.0097973835931221,0.0030132984203082996
27077,MISO,2029,1585.4579707958333,0.36611819125483613,0.21250875099149547,0.31868554667869636,0.17919112705169582,0.04743264457613977,0.033317623939799645
27079,MISO,2029,11093.983852969166,0.0933468654622362,0.048569635077555004,0.08893563132546554,0.04420363660304217,0.00441123413677065,0.004365998474512835
27081,MISO,2029,2395.3585170983333,0.26551439061215537,0.14352588160642618,0.23906264589097093,0.1318970437486137,0.026451744721184445,0.01162883785781249
27083,MISO,2029,9592.486386540833,0.12532029335828648,0.06318503133422056,0.09162869112085256,0.05997807330647747,0.03369160223743392,0.0032069580277430884
27085,MISO,2029,14334.583948630001,0.13895133410774924,0.06393730078420545,0.10787507165065799,0.05081217011705546,0.031076262457091247,0.013125130667149994
27087,MISO,2029,1823.6280281633335,0.3457045439628994,0.19961693985183468,0.3086781972497094,0.16401501602435203,0.037026346713189995,0.035601923827482646
27089,MISO,2029,3687.84991045,0.2504141443852796,0.1360701368629637,0.18883121893804494,0.11844890973704639,0.06158292544723465,0.01762122712591732
27091,MISO,2029,8508.624117628335,0.23928667761043854,0.08863757053357983,0.2261994974978754,0.0846297648252888,0.01308718011256313,0.004007805708291026
27093,MISO,2029,8791.259916250834,0.2259629617061009,0.09102494747073762,0.18273723684070975,0.06593467619510447,0.04322572486539114,0.025090271275633153
27095,MISO,2029,10276.049393975833,0.18507545187144184,0.06574435787415103,0.16117123074903889,0.05897560316308058,0.023904221122402952,0.006768754711070454
27097,MISO,2029,13440.4913057475,0.15190454389158095,0.06805492868129165,0.1436089041651779,0.06165205167945173,0.008295639726403042,0.006402877001839918
27099,MISO,2029,15099.276745869167,0.08544031616947745,0.04686512052220815,0.07950793680261985,0.04686512052220815,0.005932379366857601,0.0
27101,MISO,2029,3480.3904792825,0.34725654954837804,0.16612867254218674,0.31934858040817665,0.14550408047013136,0.027907969140201383,0.020624592072055387
27103,MISO,2029,12393.936346718334,0.12890735429538205,0.056187082241851316,0.1044689021836606,0.04528674148833132,0.02443845211172145,0.010900340753519998
27105,MISO,2029,7388.2127862433335,0.16786794587422235,0.10855198325026319,0.1617998712409619,0.10648071350058473,0.006068074633260451,0.0020712697496784588
27107,MISO,2029,2608.6238727708333,0.22664282090567436,0.13286345703006908,0.2038937764742007,0.10611374984408024,0.02274904443147366,0.026749707185988833
27109,MISO,2029,63411.11019054,0.057150046221260964,0.01942245960096863,0.05141866827059465,0.015599216276417891,0.005731377950666312,0.0038232433245507375
27111,MISO,2029,24172.569129024167,0.14652725687521848,0.05908944618044253,0.12230282690415789,0.04953410535145865,0.024224429971060585,0.009555340828983884
27113,MISO,2029,5958.7097808416665,0.23358011171996307,0.10458991778451245,0.19616723675133005,0.07910673244492511,0.03741287496863302,0.025483185339587336
27115,MISO,2029,11172.209202523332,0.20184893944892304,0.10110167450467661,0.19575549108006415,0.09447682226641471,0.006093448368858889,0.006624852238261897
27117,MISO,2029,3833.3826632333335,0.23475476705238701,0.12539807943594292,0.22448421942110547,0.1107384052825325,0.010270547631281546,0.01465967415341042
27119,MISO,2029,11996.109640995834,0.26179959328500196,0.12612968930756863,0.18824041459001511,0.11346462072879777,0.07355917869498685,0.012665068578770852
27121,MISO,2029,4804.753283909166,0.1763326146052782,0.0765649386975103,0.14690295327624645,0.05747910544211571,0.029429661329031742,0.01908583325539459
27123,MISO,2029,212464.01918350667,0.06289524265026245,0.02077049267338207,0.04673039906109778,0.006762681795863685,0.016164843589164667,0.014007810877518385
27125,MISO,2029,1610.1242651966666,0.20493491456110036,0.12389008334125996,0.19771830147446132,0.1200513664606646,0.00721661308663904,0.0038387168805953664
27127,MISO,2029,5931.407547675,0.3189824630313312,0.1561677600914626,0.26734444317280853,0.13013939021819096,0.05163801985852268,0.026028369873271645
27129,MISO,2029,5807.616984971666,0.42902621338738695,0.18944679441878998,0.3105617677920036,0.1249568579312123,0.11846444559538333,0.06448993648757767
27131,MISO,2029,22053.813363566667,0.08010239739268389,0.041030746908259724,0.07785928019161406,0.03897128898891566,0.0022431172010698303,0.002059457919344067
27133,MISO,2029,3816.4257702,0.28009484170813076,0.1224487599952744,0.255385779020123,0.1202329758456047,0.024709062688007766,0.0022157841496696917
27135,MISO,2029,5664.0760651049995,0.3096036202311003,0.13983703803101802,0.22280009623598507,0.11026858116327609,0.0868035239951152,0.029568456867741927
27137,MISO,2029,83681.71071696334,0.1339381406114462,0.08135892469635202,0.12169420203736539,0.07401495233949362,0.01224393857408082,0.007343972356858394
27139,MISO,2029,51303.06033918666,0.03658798194032048,0.014234025232062346,0.03102730678860647,0.013787529199397736,0.0055606751517140104,0.00044649603266460995
27141,MISO,2029,33288.806698390836,0.05962769345702071,0.017214734750295748,0.054817806623616336,0.016019971096143622,0.004809886833404373,0.0011947636541521263
27143,MISO,2029,5718.503368596666,0.2284334599521684,0.09394663258459733,0.18188838639119606,0.08646115405098855,0.046545073560972344,0.007485478533608786
27145,MISO,2029,58867.05061957417,0.10510483303953164,0.04421378557777705,0.0875113763843165,0.03940576684560443,0.01759345665521514,0.004808018732172618
27147,MISO,2029,14541.437418163332,0.06646268617522064,0.036286074105662876,0.06436651109613756,0.03141788192050944,0.002096175079083079,0.004868192185153435
27149,MISO,2029,3691.2856137991666,0.14424816635889554,0.05032663359585824,0.12369145849050377,0.02852398463507117,0.02055670786839177,0.02180264896078707
27151,MISO,2029,4024.677264665,0.2242237007802119,0.10322652221645426,0.1715281307909945,0.07421602759242917,0.0526955699892174,0.029010494624025093
27153,MISO,2029,9560.50066513,0.24116640434893463,0.10256043233885741,0.2033373173565801,0.07221019233826698,0.037829086992354544,0.03035024000059043
27155,MISO,2029,1392.2160205333334,0.4513827571014655,0.2085992178794545,0.35829962801240206,0.1737862382512885,0.09308312908906347,0.03481297962816601
27157,MISO,2029,8954.798220530833,0.1425507386289637,0.06213176052860502,0.13225404969052024,0.059220068110616884,0.01029668893844346,0.0029116924179881376
27159,MISO,2029,5647.303586095833,0.25292261414294154,0.11815951896796843,0.2159933661577963,0.10076395433392416,0.03692924798514524,0.017395564634044278
27161,MISO,2029,7279.8464098475,0.10206007529178503,0.04351157849679169,0.0930147599541437,0.037736635840062295,0.00904531533764133,0.005774942656729398
27163,MISO,2029,98412.09299001333,0.035524950278991045,0.0248305470725836,0.033894393141215125,0.014868901425103899,0.0016305571377759204,0.009961645647479702
27165,MISO,2029,4072.885415225,0.24464376600705043,0.11236865791121624,0.2380380369915484,0.11042417464339294,0.006605729015502021,0.001944483267823302
27167,MISO,2029,2584.059975643333,0.14784284714756066,0.06837408836754237,0.11887744111480573,0.058197295721007056,0.028965406032754923,0.010176792646535315
27169,MISO,2029,19611.862048659998,0.12497527889173418,0.052618676642588826,0.09468908871757967,0.04092672697936613,0.030286190174154515,0.011691949663222692
27171,MISO,2029,49541.01582731833,0.05872436732897825,0.017677368404614285,0.04665712465998537,0.011599557247433738,0.012067242668992874,0.006077811157180547
27173,MISO,2029,3926.09278723,0.1887001490891999,0.08358516230454763,0.15406670901324554,0.05950749931456301,0.03463344007595437,0.024077662989984615
29001,MISO,2029,8659.371190841666,0.30611120810116893,0.18885582067490128,0.29269529908406455,0.18866769932762345,0.013415909017104377,0.00018812134727783092
29007,MISO,2029,8813.9755704375,0.18946344038184992,0.09913238472911903,0.1657382882310004,0.09761738404715808,0.023725152150849527,0.0015150006819609485
29019,MISO,2029,73115.60655890833,0.12092251096832055,0.05576355725684542,0.11495515587591892,0.04855240103706896,0.005967355092401622,0.007211156219776457
29025,MISO,2029,3410.7252178758336,0.1993281210999771,0.11554871507296174,0.1975799452148555,0.1149710731129252,0.0017481758851216056,0.0005776419600365401
29027,MISO,2029,15641.421081412498,0.1506457842565189,0.06347034907960432,0.14316437985246336,0.06001097817952024,0.007481404404055536,0.00345937090008408
29029,MISO,2029,16123.793881664165,0.1388226665473004,0.09804579304808765,0.1369488856257587,0.09728004094962893,0.0018737809215417234,0.0007657520984587218
29031,MISO,2029,30889.718558529166,0.15194468738128744,0.0853689945198138,0.1470353045220903,0.08411839147767848,0.004909382859197148,0.001250603042135326
29045,MISO,2029,2277.90236405,0.29563997099843126,0.09352854621274288,0.28481548965543185,0.08635939761383996,0.010824481342999404,0.0071691485989029274
29047,MISO,2029,98151.435979195,0.06334686044341656,0.040756700507227184,0.061432420240627984,0.03416581849876505,0.001914440202788574,0.006590882008462133
29049,MISO,2029,7889.981707896666,0.16147759045539978,0.11200267600205194,0.15980177932539,0.1023231385313169,0.00167581113000978,0.009679537470735036
29051,MISO,2029,29305.35318980833,0.07302722266996721,0.04261615448331569,0.06845764648081537,0.035312019139386745,0.004569576189151839,0.007304135343928944
29053,MISO,2029,6050.549321225833,0.17590003029320697,0.09100593016708801,0.16686781894286165,0.0897949693747685,0.00903221135034532,0.0012109607923195126
29063,MISO,2029,3586.2714617166666,0.1856114114982158,0.06884824101412107,0.16516130917804897,0.06386190851692258,0.020450102320166835,0.004986332497198487
29069,MISO,2029,11030.351996854166,0.3271261851257407,0.15542884057453046,0.3091232519681406,0.14274288513026406,0.0180029331576001,0.0126859554442664
29071,MISO,2029,40581.811151104164,0.11540067989784417,0.04860516902052227,0.11448348224342188,0.04017587288274521,0.0009171976544222887,0.008429296137777056
29073,MISO,2029,5865.083543488333,0.19912874486942758,0.08135055831609782,0.18268670874155943,0.08037687464941924,0.016442036127868154,0.0009736836666785764
29089,MISO,2029,3300.402380708333,0.22857345375230492,0.09062723148093005,0.20067550377761972,0.08683400571073982,0.0278979499746852,0.0037932257701902283
29093,MISO,2029,3784.1450945541665,0.199545182636722,0.10347851311058168,0.19165404693882274,0.1020690008792697,0.00789113569789926,0.0014095122313119712
29099,MISO,2029,84897.97339057083,0.08517263532780757,0.04481581832343923,0.08136201941098212,0.035009708863440465,0.003810615916825452,0.009806109459998762
29103,MISO,2029,1144.3478573375,0.3226252202359077,0.1815324786672212,0.3168636758445835,0.16170444153424182,0.005761544391324147,0.01982803713297937
29111,MISO,2029,3285.099256775,0.2716159893461266,0.1509915940952769,0.26396832304456186,0.13717437923039216,0.007647666301564715,0.013817214864884741
29113,MISO,2029,21753.277692804164,0.1307890990984378,0.102377755602781,0.12848143773889906,0.09821063739933351,0.0023076613595387485,0.004167118203447492
29115,MISO,2029,4724.187923395833,0.2479964204760463,0.10370108713616011,0.23928853535369432,0.10193173824705873,0.008707885122351988,0.0017693488891013798
29121,MISO,2029,5788.0863867875,0.2616838793350306,0.1306978038979938,0.2383489897461366,0.11781201746255747,0.023334889588894014,0.012885786435436322
29125,MISO,2029,3499.4314773625,0.24699886188411938,0.1035279776782642,0.2358754346866903,0.1011376639789931,0.011123427197429064,0.0023903136992711044
29131,MISO,2029,9893.68748085,0.20010690883315388,0.07837905648223938,0.17412630049348998,0.07812543475324733,0.025980608339663896,0.00025362172899204283
29133,MISO,2029,4555.9590927624995,0.3465633490395584,0.1738693334452628,0.3354171626842704,0.16244239140846917,0.011146186355287968,0.011426942036793647
29135,MISO,2029,5557.2832588158335,0.1258880849850254,0.0658920195860283,0.11659475973512536,0.06484711405763215,0.00929332524990005,0.001044905528396159
29137,MISO,2029,3369.9941472749997,0.3103906539137903,0.1716120882388801,0.28129494697338336,0.16982909806518542,0.029095706940406918,0.0017829901736946818
29139,MISO,2029,4587.795988941667,0.23335656900423818,0.1288541795232204,0.22504999726201377,0.1268274387914153,0.008306571742224406,0.002026740731805088
29141,MISO,2029,7616.959287412499,0.3023716152714338,0.13310439275568728,0.27568656495624677,0.12829560535701623,0.02668505031518703,0.004808787398671049
29143,MISO,2029,6677.431249050001,0.2556564306729039,0.12248626070462279,0.25111146280755625,0.11474626304723726,0.004544967865347638,0.007739997657385533
29151,MISO,2029,5131.1008674458335,0.14661151225110033,0.05187181031159939,0.13678989969054808,0.041687863548693874,0.00982161256055225,0.010183946762905516
29155,MISO,2029,6160.221796025,0.3859796474023499,0.21084378711287163,0.38074145142335303,0.19161041333825318,0.005238195978996885,0.01923337377461845
29163,MISO,2029,6195.6307191375,0.22695817334530413,0.10533040056372407,0.21841716134512476,0.10533040056372407,0.008541012000179371,0.0
29173,MISO,2029,3944.5235981958335,0.25318559866311585,0.14390644594097446,0.23611069091148287,0.13641447628414438,0.01707490775163298,0.0074919696568300775
29175,MISO,2029,8970.142810403333,0.18871820701756667,0.07054024168604241,0.17771727599563017,0.06509232957132961,0.0110009310219365,0.005447912114712794
29183,MISO,2029,154828.42191664083,0.043241973808634974,0.026042990475370145,0.04209020097330884,0.025114629918434498,0.001151772835326137,0.0009283605569356465
29187,MISO,2029,23490.154750766666,0.15315880444068783,0.07696748385243501,0.13409825731251762,0.07688122495408667,0.019060547128170208,8.625889834834588e-05
29189,MISO,2029,410925.59580792,0.10072764655351037,0.07209374641307596,0.09910650898738096,0.06659421662458269,0.001621137566129402,0.005499529788493274
29197,MISO,2029,1242.8722417333333,0.3223359998802325,0.16274546879512022,0.30570483859905423,0.14469599790283108,0.016631161281178253,0.018049470892289143
29199,MISO,2029,1512.9525292791666,0.2396301027018343,0.08713678062290413,0.2320872333536661,0.08352602697061598,0.007542869348168196,0.0036107536522881484
29201,MISO,2029,14884.598840016668,0.218963683639918,0.11385760459986095,0.20072900460071486,0.11103220645161277,0.018234679039203144,0.0028253981482481844
29205,MISO,2029,2330.7936294249994,0.3112435072918911,0.1719359363887698,0.29534912002047387,0.13560837841585668,0.015894387271417232,0.03632755797291312
29219,MISO,2029,12819.59942883,0.11135129201279166,0.06607411618728766,0.10611783689439022,0.060204246273039656,0.005233455118401439,0.0058698699142480035
29221,MISO,2029,8760.055973083334,0.2191697891428228,0.10092361721534968,0.17991410295029556,0.10092361721534968,0.039255686192527256,0.0
28001,MISO,2029,11424.408591629166,0.3769298038442343,0.20083470834049597,0.36551676154244694,0.18549949868618315,0.011413042301787357,0.015335209654312815
28005,MISO,2029,5729.492320525,0.4032206278219852,0.182311464363906,0.32623485656905926,0.16806151430302776,0.07698577125292594,0.01424995006087823
28007,MISO,2029,6227.723299333333,0.43416610728452093,0.23187093987400617,0.38895375699684714,0.19374290400594632,0.045212350287673786,0.03812803586805985
28011,MISO,2029,11504.9766223125,0.39815925165624166,0.23540461204284713,0.3844663840509181,0.21130937052399798,0.013692867605323567,0.024095241518849148
28015,MISO,2029,3928.287986595833,0.346899826771417,0.16585947102101684,0.28851570176176305,0.1550619735788151,0.05838412500965395,0.010797497442201737
28021,MISO,2029,2477.1981455,0.39349136611082614,0.18347791535192715,0.35906928071605615,0.18011868672160955,0.034422085394769986,0.0033592286303175956
28027,MISO,2029,8108.285159758334,0.5237339113424285,0.3363130376887578,0.4839285905569684,0.29679964239771833,0.03980532078546012,0.03951339529103948
28029,MISO,2029,9577.368846284166,0.27534135125064024,0.16085066056157596,0.24696008508721715,0.15343927364805293,0.028381266163423097,0.007411386913523027
28031,MISO,2029,6749.850779720833,0.4027541441386405,0.23704331760234976,0.35653029322035346,0.1973054869772614,0.04622385091828707,0.039737830625088344
28033,MISO,2029,67433.12293039085,0.11940731312118194,0.07575133675716733,0.10059105844222221,0.07167238385932466,0.018816254678959726,0.004078952897842672
28035,MISO,2029,28772.339570124997,0.23887590137101972,0.11516076135145997,0.21677744341960734,0.10251250240424992,0.02209845795141238,0.012648258947210056
28037,MISO,2029,2909.037181220833,0.375816926448504,0.15703787513409606,0.33097746095299646,0.13675107511707696,0.04483946549550755,0.020286800017019102
28039,MISO,2029,8748.133655420834,0.2142591025364254,0.11529458981659559,0.1673957184552436,0.11063908942597649,0.04686338408118182,0.0046555003906190995
28041,MISO,2029,3821.801201308333,0.25589098904862173,0.1523460667677274,0.21341913542078272,0.1494761018651194,0.04247185362783901,0.0028699649026080187
28043,MISO,2029,8231.2616513875,0.3207363455972526,0.17176892100678198,0.290607888068627,0.16137403022195593,0.03012845752862564,0.010394890784826055
28045,MISO,2029,19017.921029404166,0.16640547205744266,0.07610819952180553,0.11681969865541633,0.0710957321468168,0.04958577340202633,0.005012467374988727
28047,MISO,2029,78774.84373903833,0.17128417878780908,0.11652708872084983,0.1462099703577773,0.1081380308461148,0.025074208430031775,0.008389057874735026
28049,MISO,2029,88550.03062125834,0.2764020748808657,0.13941795175866986,0.22486945721440912,0.1336651038542969,0.05153261766645659,0.005752847904372971
28051,MISO,2029,5613.9320853875,0.5392750232454699,0.34360902017250744,0.49862265224840474,0.31863220756211974,0.0406523709970652,0.0249768126103877
28053,MISO,2029,2918.7746465875,0.5524315153798665,0.25956561898127384,0.49975390928075825,0.21891714109990923,0.05267760609910821,0.04064847788136461
28055,MISO,2029,356.9229337875,0.6068091326164178,0.4181416163603965,0.5927957353560505,0.29022706600347864,0.014013397260367322,0.12791455035691784
28059,MISO,2029,53980.201243744166,0.15183873908278323,0.10734652521436969,0.14244146151380682,0.09865361682864222,0.009397277568976403,0.008692908385727463
28061,MISO,2029,6276.837016183334,0.27250104788155105,0.1242434445734362,0.2100545536431195,0.11615390988517134,0.062446494238431544,0.008089534688264857
28063,MISO,2029,2495.7167553166664,0.44316110169641376,0.1636552495777281,0.36970257667338036,0.1467301678712343,0.0734585250230334,0.01692508170649379
28065,MISO,2029,4319.2742489,0.3831707884916054,0.15583385243398637,0.34504814497973124,0.15221838393161544,0.038122643511874166,0.003615468502370933
28067,MISO,2029,23606.575387004166,0.275916533795245,0.10849232859826907,0.22019719791464593,0.09781521907311568,0.055719335880599075,0.010677109525153397
28073,MISO,2029,24256.470963825,0.13106297319501684,0.08576003172764507,0.11449275129717378,0.08367272788919683,0.01657022189784306,0.00208730383844824
28077,MISO,2029,4411.067687491666,0.2919051508269182,0.14268201210326337,0.2438888362090452,0.140219966954694,0.04801631461787301,0.002462045148569375
28083,MISO,2029,9542.145551866666,0.4236678304031061,0.2692606261541861,0.40416379106860245,0.22959459282593844,0.019504039334503676,0.03966603332824767
28085,MISO,2029,12862.8369668875,0.29512929264794396,0.15446614377448462,0.25134487060780786,0.1498580206090751,0.043784422040136106,0.004608123165409511
28089,MISO,2029,41319.586381170826,0.12133640019136697,0.05996112384417974,0.0967967778595295,0.055855311854437546,0.02453962233183747,0.004105811989742192
28091,MISO,2029,8926.573698170832,0.28856743176587885,0.14384012129944562,0.2223145765461296,0.12535367335520453,0.06625285521974925,0.01848644794424109
28097,MISO,2029,3758.2294217625,0.34410210796977375,0.18638023714098811,0.30772543847681527,0.16915068910012734,0.03637666949295848,0.01722954804086077
28109,MISO,2029,20822.5998506375,0.21027081261117292,0.09264142404445112,0.16742936302239722,0.08793437330616403,0.0428414495887757,0.0047070507382870885
28111,MISO,2029,4442.217694966667,0.20581602036919697,0.0925417970602372,0.16769107143316686,0.0856835879196722,0.038124948936030106,0.006858209140564994
28113,MISO,2029,14339.243297016666,0.33501649082483076,0.20086451683925885,0.312480078571259,0.19129569545956202,0.02253641225357178,0.009568821379696835
28119,MISO,2029,2602.5199830625,0.48309712837267627,0.2572396452791895,0.42878016622509363,0.22996435578753974,0.05431696214758264,0.027275289491649785
28121,MISO,2029,58122.153365274164,0.09993314265992816,0.06300380609593907,0.0900570722493191,0.050089227922261115,0.009876070410609061,0.012914578173677957
28125,MISO,2029,1309.4856947541666,0.41233742638787135,0.19506876975502538,0.3828334645552937,0.15542250543373928,0.02950396183257764,0.039646264321286095
28127,MISO,2029,9292.243053975002,0.21917953449754998,0.09317630523607796,0.17440807532903063,0.08425953962151633,0.04477145916851935,0.00891676561456163
28129,MISO,2029,5394.015598929167,0.3232558162312297,0.16197283018504416,0.27063716111421837,0.14006268651611187,0.052618655117011304,0.02191014366893229
28131,MISO,2029,6352.8924760875,0.2143684023899745,0.0664070180965533,0.17169396531406206,0.06555575220147389,0.04267443707591245,0.0008512658950794172
28133,MISO,2029,8045.0999023625,0.39169467565173277,0.1984372789430734,0.37181224513921335,0.17964621205021777,0.019882430512519422,0.018791066892855618
28137,MISO,2029,10289.61831355,0.2522259341456659,0.09660261116855048,0.1970211683027507,0.08332272214122305,0.0552047658429152,0.013279889027327435
28143,MISO,2029,3415.004187841667,0.3401736162379472,0.20627300151503059,0.3090926935669807,0.1798887564946911,0.03108092267096646,0.02638424502033948
28147,MISO,2029,5215.031036279167,0.34699207044002545,0.17612885259969857,0.3252893116516677,0.17212549977595476,0.021702758788357757,0.004003352823743811
28149,MISO,2029,16463.006136895834,0.21644495009313133,0.12404423353095588,0.18627214046400678,0.11252343318281874,0.030172809629124553,0.011520800348137142
28151,MISO,2029,16941.00142145,0.44264406108476084,0.2247351172008894,0.406068190234404,0.19625183411843047,0.03657587085035685,0.028483283082458927
28153,MISO,2029,7194.901463620834,0.3933083905248595,0.16634883619810018,0.3223252951894836,0.16226700237704964,0.07098309533537589,0.00408183382105054
28157,MISO,2029,3179.0358022291666,0.3528269895181184,0.09197311444871953,0.2698334441801493,0.08645052851631534,0.0829935453379691,0.005522585932404192
28163,MISO,2029,8279.773387408335,0.42459088485899543,0.22524141980679058,0.3655849225318159,0.182686408395588,0.05900596232717953,0.042555011411202576
30017,MISO,2029,4707.411732578334,0.15989953788669178,0.11250271452459724,0.1477079919136709,0.10396223718345764,0.012191545973020884,0.008540477341139607
30019,MISO,2029,698.5705627291667,0.547320506482463,0.3739607387599693,0.5255195009183272,0.3295264078797339,0.021801005564135778,0.044434330880235406
30021,MISO,2029,3700.7947277041667,0.08812735672359012,0.051580580568547335,0.08269044241316517,0.04004774301643302,0.005436914310424951,0.011532837552114317
30025,MISO,2029,1137.9200489,0.29198002643171456,0.20939576866904552,0.27132080466179165,0.18639176087549467,0.02065922176992291,0.023004007793550857
30055,MISO,2029,772.2936121758332,0.29229985037988027,0.13401034589800093,0.2688362715369661,0.1256530450337404,0.023463578842914168,0.008357300864260536
30079,MISO,2029,471.57148462500004,0.37609455947285586,0.22980987170024786,0.36443999127017823,0.21951608666460934,0.011654568202677629,0.01029378503563852
30083,MISO,2029,4322.628225803333,0.16302525911128288,0.10377388288270732,0.1526556929892731,0.09227114292930173,0.010369566122009788,0.011502739953405589
30085,MISO,2029,2994.8861414325,0.3165333207260869,0.20418988570380106,0.30481894659608444,0.1967753599339793,0.01171437413000248,0.007414525769821767
30091,MISO,2029,1385.2617410025,0.46829659595752593,0.30012862854107347,0.43301894593825896,0.2536093565627701,0.03527765001926697,0.046519271978303356
30105,MISO,2029,2730.441276639167,0.21890084165926071,0.1286806217400046,0.18780082451373353,0.12523933916678423,0.03110001714552718,0.0034412825732203778
30109,MISO,2029,457.70992948,0.27412378257057046,0.16078326337295604,0.24012444873080357,0.15263451054259758,0.03399933383976689,0.008148752830358458
37013,PJM,2029,18548.7561029,0.26309131284749787,0.14217984925528304,0.18027513088230046,0.10382912162227934,0.08281618196519741,0.038350727633003706
37015,PJM,2029,6850.2691866458335,0.45543989910625504,0.28292848470513743,0.3472253758307638,0.1954447807974469,0.10821452327549125,0.08748370390769053
37029,PJM,2029,3842.0881747000003,0.14683180827828943,0.054636577394893075,0.07286876109938852,0.033549501519894595,0.07396304717890091,0.02108707587499848
37041,PJM,2029,5999.616533479167,0.3426637332768803,0.20089322616552718,0.23740224108593228,0.14506603859485181,0.10526149219094805,0.05582718757067537
37049,PJM,2029,40161.6283435,0.1519700525271482,0.09477171688908914,0.10333880872835766,0.06965490283719428,0.04863124379879055,0.025116814051894865
37053,PJM,2029,10942.13104403,0.10830363838738458,0.07518988244956332,0.09482258309129135,0.045742828699693865,0.013481055296093225,0.029447053749869452
37055,PJM,2029,15926.182558133334,0.07233577849566566,0.04324035224467389,0.054112758889912564,0.02675856513591808,0.0182230196057531,0.016481787108755808
37065,PJM,2029,18899.6650035875,0.3307719301678551,0.1816361516411383,0.22529145421669824,0.11366259600261357,0.10548047595115687,0.06797355563852474
37073,PJM,2029,4069.8050302583333,0.29468316607410233,0.14474356185049841,0.17861704629775774,0.0933455544564631,0.1160661197763446,0.051398007394035314
37083,PJM,2029,19661.826498008333,0.4075686921176545,0.23965775555905164,0.3069263574312621,0.18664177284962455,0.10064233468639239,0.05301598270942709
37091,PJM,2029,8251.081728816665,0.40247919792466624,0.20885306227413206,0.27625309066821796,0.1353902227422705,0.12622610725644828,0.07346283953186156
37095,PJM,2029,1772.983998275,0.3620292877005661,0.18071682972232303,0.24828451646769373,0.13971963721623154,0.11374477123287235,0.04099719250609149
37117,PJM,2029,9060.079656570833,0.3600049071681691,0.18487551314438105,0.2515836680729644,0.13108947061164078,0.10842123909520468,0.053786042532740275
37119,CITY,2029,444854.9140359084,0.08051166367228353,0.041038108379727566,0.07387699786962573,0.03454538897210623,0.006634665802657799,0.0064927194076213335
37131,PJM,2029,7396.048073116666,0.4172278336521105,0.23745012923524902,0.2890946724808115,0.1630200467309953,0.12813316117129903,0.07443008250425373
37137,PJM,2029,5060.681303905,0.26986535747031576,0.14564944812412356,0.15875383381138156,0.10439331452200136,0.1111115236589342,0.0412561336021222
37139,PJM,2029,15052.069630233333,0.22022274636208602,0.09060917268328667,0.11205272740227958,0.06865193604668313,0.10817001895980645,0.02195723663660354
37143,PJM,2029,5381.987204675,0.2242053488962231,0.11860035317974683,0.14595446595933864,0.08906210119057908,0.07825088293688445,0.02953825198916775
37177,PJM,2029,1342.946513375,0.2994831463553559,0.12437794567687169,0.1640813687300611,0.07411319696744136,0.1354017776252948,0.05026474870943033
37187,PJM,2029,4799.359612825,0.4456827366406938,0.19942061386532292,0.28148570305225984,0.17842453174447942,0.16419703358843396,0.0209960821208435
38001,MISO,2029,982.8829442158333,0.25311145824878967,0.14468487760102205,0.23803029671892625,0.13563238965994917,0.015081161529863413,0.009052487941072884
38003,MISO,2029,4666.479500219167,0.12270271539278688,0.07061559294421489,0.11303186782246169,0.06441664440096266,0.009670847570325186,0.006198948543252231
38005,MISO,2029,1785.0475647399999,0.3929713041188192,0.20456884772228537,0.3190255804152461,0.20052804829254173,0.07394572370357311,0.004040799429743641
38007,MISO,2029,313.5195177933333,0.16200379194089212,0.08687819775425114,0.13353042535594103,0.07947297948265032,0.028473366584951088,0.007405218271600816
38009,MISO,2029,2533.1964515125,0.17324964776371496,0.06293603095862381,0.14208499067094849,0.05312007322000466,0.031164657092766473,0.009815957738619152
38011,MISO,2029,1173.7892680925002,0.0862722949775284,0.030200683510202078,0.06468960788710858,0.028407519219800562,0.021582687090419828,0.0017931642904015152
38013,MISO,2029,940.3621605583332,0.13897229247549386,0.08038541520370351,0.11930496816430959,0.06364233811733383,0.019667324311184273,0.016743077086369684
38015,MISO,2029,38501.18236611833,0.03987094202421761,0.023362072658186194,0.03746023499144661,0.01912448549921165,0.0024107070327709992,0.004237587158974543
38017,MISO,2029,77201.52990198751,0.05433452815655073,0.01213295804853239,0.03902701717055956,0.011677719660839568,0.015307510985991174,0.0004552383876928207
38019,MISO,2029,1498.4478340041667,0.24171445864115831,0.1266353663785974,0.21369511846201264,0.0809322502256221,0.028019340179145674,0.0457031161529753
38021,MISO,2029,1871.1293430458334,0.30080542295941093,0.10958120824350245,0.21937512588706806,0.09893849777882438,0.08143029707234287,0.010642710464678073
38023,MISO,2029,873.9692380583333,0.3119884338682342,0.10211038152013716,0.23070309896198235,0.09527615928450128,0.08128533490625187,0.006834222235635873
38025,MISO,2029,1457.8300404249999,0.14233548911241678,0.06967265026225036,0.12079867074582112,0.06830712757112813,0.021536818366595656,0.0013655226911222368
38027,MISO,2029,1047.6177943683333,0.21734288443171038,0.1076618256419299,0.15531870943904338,0.09852511543318625,0.06202417499266699,0.009136710208743654
38029,MISO,2029,1435.9576901758332,0.2568501847675172,0.13437824039558235,0.21586625422928968,0.11736883922118155,0.04098393053822752,0.017009401174400807
38031,MISO,2029,1456.7548195516667,0.1936922049628127,0.10350089824923517,0.1568458739321825,0.09368533773377338,0.0368463310306302,0.009815560515461785
38033,MISO,2029,645.5233436833333,0.27852992571874285,0.1319675080618872,0.20753845237245805,0.1048347174230118,0.0709914733462848,0.0271327906388754
38035,MISO,2029,29156.009784589998,0.11775546902602148,0.04458175715875925,0.07434277183083385,0.03341260019480517,0.04341269719518763,0.011169156963954076
38037,MISO,2029,1027.83723035,0.3616231569354925,0.23491539406271514,0.34556264686389404,0.19324601592059854,0.016060510071598477,0.0416693781421166
38039,MISO,2029,893.3418977833333,0.18522669537339048,0.11552415516322685,0.16733263330562914,0.10005660240324427,0.01789406206776134,0.015467552759982586
38041,MISO,2029,1042.6464601233333,0.24301552576926355,0.13298000984462727,0.20373912315385617,0.11059535656796513,0.03927640261540738,0.022384653276662142
38043,MISO,2029,1046.9481251166667,0.25704875531759924,0.1268007438702275,0.21264145104469728,0.1059677795235911,0.04440730427290196,0.020832964346636396
38045,MISO,2029,1677.4349564575,0.2580075418884349,0.11578368886812977,0.18243756488654064,0.09708533598957429,0.07556997700189425,0.01869835287855548
38047,MISO,2029,742.3977873325,0.451556298355261,0.2382403247036058,0.3732633665547146,0.20194349188056931,0.07829293180054642,0.03629683282303647
38049,MISO,2029,2259.9656230858336,0.2411796835198875,0.12258861705974917,0.20691207480028115,0.10980071398807677,0.03426760871960635,0.012787903071672407
38051,MISO,2029,1145.2925591083333,0.42774113816217335,0.22878732714285857,0.31408509602128143,0.20241016238140563,0.11365604214089192,0.026377164761452937
38053,MISO,2029,5248.002428741666,0.09829209336742198,0.06669878169065482,0.08684268322882817,0.06084398091127193,0.01144941013859381,0.005854800779382892
38055,MISO,2029,4108.86439691,0.1297881202738268,0.07414435739124725,0.11310655985049442,0.05806617735411868,0.01668156042333238,0.01607818003712857
38057,MISO,2029,3464.6751419800003,0.20804180378959775,0.0813627360550274,0.1959202325492036,0.06466623143931878,0.012121571240394147,0.016696504615708624
38059,MISO,2029,12825.401206399165,0.084793784100939,0.031094320457802836,0.05113037887275929,0.01843625546625058,0.03366340522817971,0.012658064991552257
38061,MISO,2029,3449.8607125424996,0.13536980178565594,0.06202456311749735,0.12792309443794586,0.05317806566644293,0.00744670734771008,0.008846497451054418
38063,MISO,2029,1272.6705460733333,0.3054483534559622,0.1505332749490908,0.276068384516869,0.13565052097286373,0.029379968939093226,0.01488275397622707
38065,MISO,2029,654.5842533666666,0.207033387654817,0.06559164324914346,0.20573466591559444,0.060835270685458624,0.001298721739222547,0.004756372563684837
38067,MISO,2029,2856.890848135833,0.19007344129784615,0.09717068325850661,0.18282517044417362,0.07357254189304602,0.007248270853672523,0.023598141365460595
38069,MISO,2029,1646.0866367066667,0.25568433594847334,0.12579316156425327,0.19232771586883138,0.11375316157495435,0.06335662007964196,0.012039999989298916
38071,MISO,2029,4847.34856619,0.11380427199714688,0.05818375508668649,0.0849474364539698,0.0471681230376996,0.028856835543177084,0.011015632048986888
38073,MISO,2029,2281.5420184591667,0.16783781209346743,0.06229341466215193,0.13862806420659424,0.05713171969092076,0.029209747886873194,0.005161694971231166
38075,MISO,2029,834.8072658266667,0.14723162008333568,0.07161918890239669,0.12679428009671598,0.0704182434374489,0.0204373399866197,0.0012009454649477835
38077,MISO,2029,6604.444519288334,0.14846639717814228,0.0709214549271141,0.11033884650986381,0.056716399349110304,0.03812755066827847,0.014205055578003799
38079,MISO,2029,3591.2635256608332,0.33202169745018145,0.1899298628443466,0.28015448080673255,0.15931087602416724,0.0518672166434489,0.030618986820179356
38081,MISO,2029,1681.8736181966665,0.14857305192691,0.06202440090901956,0.10987721967320703,0.05468131183182597,0.038695832253702975,0.007343089077193589
38083,MISO,2029,632.8953209625,0.19581340234358124,0.060396079592122925,0.16690384931959212,0.054757071367867984,0.02890955302398912,0.005639008224254942
38085,MISO,2029,984.8430361999999,0.46895758148040073,0.29856705927260063,0.44189675678678814,0.2865615887454181,0.027060824693612595,0.012005470527182538
38087,MISO,2029,345.71504106833333,0.21194782220130123,0.10834964123221193,0.19560880938539613,0.10065714872417646,0.016339012815905107,0.00769249250803547
38089,MISO,2029,12657.979312165,0.10013964448800036,0.0345136033551955,0.08044938213963845,0.02747433679487647,0.01969026234836191,0.007039266560319033
38091,MISO,2029,672.0441820433333,0.15286632228947084,0.06927109711515701,0.13950523315041227,0.06588649523811356,0.013361089139058563,0.0033846018770434527
38093,MISO,2029,8530.547973094166,0.11926609027684429,0.06081627763983971,0.10842087721548728,0.0535489218450497,0.010845213061357009,0.007267355794790008
38095,MISO,2029,946.6758600225,0.2915174331987728,0.17379186296432692,0.2494604018152392,0.16138569950053322,0.042057031383533616,0.012406163463793696
38097,MISO,2029,3151.958879558333,0.1872938339467555,0.07397759458429444,0.14168679842123394,0.05618340786269427,0.04560703552552156,0.017794186721600172
38099,MISO,2029,4339.4189757325,0.2531603899316712,0.10854781816106816,0.16937812549569045,0.08326515570397879,0.08378226443598077,0.025282662457089378
38101,MISO,2029,27342.414979945002,0.085435455009189,0.04319118058358044,0.06759878680061826,0.03297362919666335,0.017836668208570744,0.010217551386917087
38103,MISO,2029,1761.0028403666668,0.25653150067091224,0.1032474236046524,0.20409683155413375,0.08700635389175808,0.05243466911677849,0.016241069712894324
38105,MISO,2029,15112.788824708334,0.0697935825398762,0.04729136659375816,0.06202780951878735,0.04020503734359962,0.0077657730210888565,0.007086329250158542
34003,PJM,2029,348084.2841913567,0.04812343742809694,0.011708393273738038,0.04249442512718675,0.007194010162636486,0.005629012300910188,0.004514383111101553
34013,PJM,2029,309404.1963075908,0.09753184030103654,0.03747881221651304,0.07544851986978299,0.019484457826874763,0.02208332043125355,0.017994354389638274
34017,PJM,2029,286717.64669785084,0.04147008467625579,0.010230244335743287,0.03212667085508592,0.009259727069262508,0.00934341382116987,0.000970517266480779
34019,PJM,2029,48554.30528268,0.07271028512204887,0.0243485727701621,0.07021843118869316,0.022531263357818892,0.0024918539333557144,0.0018173094123432078
34021,PJM,2029,137521.0539162408,0.08228822607381069,0.028543990350754982,0.07576924292870847,0.01665970670164005,0.006518983145102214,0.011884283649114931
34023,PJM,2029,299613.03604104335,0.05374322010432883,0.009788100413511146,0.03560242339479545,0.00792821237182283,0.018140796709533384,0.0018598880416883165
34025,PJM,2029,245439.1402574325,0.07781477218909726,0.05088995639370154,0.07039372806769953,0.048372405367106644,0.007421044121397727,0.0025175510265948928
34027,PJM,2029,187181.66443256498,0.06423067398758081,0.03116374341719081,0.06246148672400865,0.021763194179346388,0.0017691872635721625,0.009400549237844422
34029,PJM,2029,237582.00231037583,0.11897297512929313,0.05087781439321915,0.1081580106988507,0.02894839911592622,0.010814964430442428,0.021929415277292932
34035,PJM,2029,126026.80030045667,0.04308763124193187,0.014411376553902339,0.039986298631977606,0.011262617551420847,0.003101332609954266,0.0031487590024814917
34037,PJM,2029,54692.66996840249,0.09393914717669803,0.044828478016185135,0.07677161752079013,0.04350196934707254,0.017167529655907898,0.0013265086691125957
34039,PJM,2029,197501.46860815416,0.04859959785100915,0.01493679532194393,0.03894807022129866,0.006699246644211399,0.009651527629710492,0.00823754867773253
34041,PJM,2029,42999.22465213333,0.09494191604402082,0.03506374149815119,0.08142930789351145,0.03139493057711117,0.013512608150509364,0.0036688109210400166
32003,CAISO,2029,829555.1195999675,0.11849589994192272,0.09366456712502885,0.11314354365880205,0.08463964213491056,0.005352356283120668,0.009024924990118297
32031,CITY,2029,190307.79448148998,0.07356446251946175,0.03183564880978086,0.06681157440153272,0.030898033466772116,0.006752888117929026,0.0009376153430087457
39001,PJM,2029,9935.582033983334,0.27595956581451125,0.15350102607227137,0.22983715387342524,0.11982759155372334,0.04612241194108602,0.033673434518548026
39003,PJM,2029,39719.68821121083,0.12230281798256626,0.07544586509493352,0.10612567459190791,0.05266988479996495,0.016177143390658344,0.02277598029496857
39005,PJM,2029,20099.770798415833,0.10562785770637574,0.06250494884083546,0.0816806112610529,0.05057737018789568,0.02394724644532284,0.01192757865293978
39007,PJM,2029,37556.36626955167,0.14776289169023787,0.08545412610028255,0.13505787230283653,0.07906230531876515,0.012705019387401345,0.006391820781517399
39009,PJM,2029,21861.093704383333,0.22939043687055655,0.1258169094445171,0.1507156243309027,0.08349614057109939,0.07867481253965386,0.04232076887341771
39013,PJM,2029,25547.076800837494,0.17954427737747927,0.08064895918897423,0.1247785544396283,0.07396661727770436,0.054765722937850966,0.006682341911269873
39015,PJM,2029,16502.384022916667,0.15307912596584652,0.059277744434019446,0.13179214917133164,0.05282879546081584,0.021286976794514884,0.006448948973203604
39017,PJM,2029,142865.12714328,0.09533661603202279,0.04594368842345635,0.0896273540536,0.043990709959928445,0.0057092619784227805,0.0019529784635279046
39019,PJM,2029,10846.25764018,0.1531588137029629,0.07996794722612169,0.12316155152604918,0.06323820663812088,0.029997262176913703,0.016729740588000808
39023,PJM,2029,54545.63829557,0.11062815205681469,0.08040018563006418,0.10665872504493173,0.051501712627096574,0.0039694270118829506,0.028898473002967606
39025,PJM,2029,81499.75702188333,0.07757489965441333,0.02542874115359061,0.059770971086785106,0.023754179775491185,0.017803928567628226,0.0016745613780994248
39029,PJM,2029,40129.898647154165,0.15972388547562938,0.08755340661390704,0.14142850521872213,0.08142521739779067,0.018295380256907245,0.006128189216116367
39031,PJM,2029,14297.018359116668,0.19858311218049066,0.11243990913583898,0.14747353429649662,0.09411185067802479,0.051109577883994034,0.018328058457814198
39033,PJM,2029,17744.830162354167,0.1774060740858446,0.0821634683190119,0.09903842204648901,0.06268600328763363,0.0783676520393556,0.019477465031378274
39035,PJM,2029,549422.9050802941,0.11673634072041177,0.09545414415583432,0.10979313132744424,0.09119603912873667,0.006943209392967525,0.004258105027097656
39039,PJM,2029,15017.661376231667,0.0976668369875515,0.04814220799379989,0.08213323850435442,0.03103994517910988,0.01553359848319709,0.01710226281469001
39041,PJM,2029,77543.742773315,0.052006444174364244,0.03300176588760152,0.040154574076025365,0.026341743884110397,0.01185187009833888,0.006660022003491126
39043,PJM,2029,31439.500230145,0.09567717380435578,0.0768908225900739,0.08386346223458528,0.07171337205321944,0.0118137115697705,0.005177450536854464
39045,PJM,2029,57610.312161141665,0.08336826671231877,0.04963675295804307,0.06924495658037319,0.020457646734582644,0.01412331013194558,0.029179106223460424
39049,PJM,2029,539731.5016235625,0.12378733630242728,0.06824093732722951,0.10421540312947847,0.04086673501819942,0.019571933172948808,0.027374202309030086
39051,PJM,2029,16495.739586393334,0.09991887437269333,0.06104711016184532,0.09319373102518479,0.04068313498283895,0.006725143347508539,0.020363975179006365
39053,PJM,2029,10980.326909891666,0.21215703702377145,0.12465900660027235,0.15651557099536811,0.08932674511036125,0.055641466028403336,0.0353322614899111
39055,PJM,2029,34438.08696902666,0.07546364066880448,0.03901225722400531,0.06433272203290306,0.03306971465810357,0.011130918635901418,0.005942542565901737
39059,PJM,2029,15937.1703288125,0.17330228059494734,0.0822932971147597,0.11920936085411057,0.07792860354396468,0.05409291974083677,0.004364693570795025
39061,PJM,2029,346201.34034202003,0.10222234647246861,0.054142968598317257,0.09299826331993516,0.041090698396139914,0.009224083152533452,0.013052270202177342
39063,PJM,2029,30640.14442359583,0.09169321788848755,0.04638948325290535,0.06039467070725591,0.02697501298308183,0.031298547181231644,0.01941447026982352
39065,PJM,2029,11268.620367062502,0.20505546132986965,0.1095273080159001,0.14497816127542268,0.093897514255627,0.060077300054446975,0.01562979376027311
39067,PJM,2029,5637.9790544,0.22404368570848235,0.10576929497333773,0.1502529240958934,0.07031549985668686,0.07379076161258896,0.035453795116650866
39069,PJM,2029,11008.776976639165,0.15643221697092727,0.06884818048461251,0.1191637216315761,0.05705304663212274,0.03726849533935117,0.011795133852489773
39071,PJM,2029,16319.201603666665,0.14530641961974886,0.07568859074356565,0.11735981152240813,0.04396059533618021,0.02794660809734073,0.03172799540738545
39073,PJM,2029,10902.528608229168,0.17151981293726676,0.07165557002310158,0.11394507884741162,0.05802897056567256,0.05757473408985514,0.013626599457429021
39075,PJM,2029,12995.759167403332,0.0916390626989786,0.05110186602474526,0.060959911799952665,0.036737668218595414,0.03067915089902594,0.014364197806149843
39077,PJM,2029,22509.573150874166,0.12633115496578096,0.06864059132854607,0.09533194268420253,0.05524800776142383,0.030999212281578425,0.013392583567122238
39079,PJM,2029,12105.183988316667,0.2973497055295237,0.15845217580917534,0.23901234381443193,0.10017614632551017,0.058337361715091796,0.05827602948366517
39081,PJM,2029,26471.78587156,0.24081503760391476,0.10606195744270011,0.17319658733281287,0.09010208266413824,0.06761845027110189,0.015959874778561867
39083,PJM,2029,22602.045420754166,0.11667533830257538,0.05809224218055403,0.09130803032860223,0.04403728796020276,0.025367307973973158,0.014054954220351273
39085,PJM,2029,97769.25229359916,0.05864538836559197,0.0359560828156381,0.05316700858916473,0.025119625375350448,0.0054783797764272404,0.01083645744028765
39087,PJM,2029,21824.584897670837,0.23181983286285152,0.11077586346268521,0.16177126355456098,0.08570351436995492,0.07004856930829054,0.02507234909273029
39089,PJM,2029,65802.06018899,0.11692256243867803,0.06025609329399719,0.09306959168774419,0.03275048101286119,0.023852970750933844,0.027505612281136002
39093,PJM,2029,122666.5619024875,0.11540056780726163,0.08495347058035825,0.10477801070533113,0.053146407623625845,0.010622557101930497,0.031807062956732406
39095,PJM,2029,179779.2774490625,0.13677489897785153,0.09289566577269659,0.12713038203048202,0.0864364211042502,0.009644516947369508,0.0064592446684463845
39097,PJM,2029,15074.081890725,0.096783387908531,0.03995850780530445,0.0729183571082352,0.038974797081438924,0.023865030800295797,0.0009837107238655288
39099,PJM,2029,96450.65849027917,0.12191037612054499,0.10129742851348388,0.11268299985300642,0.09773596250245827,0.00922737626753857,0.0035614660110256102
39101,PJM,2029,23757.39312447,0.15404928913025032,0.0862122450392598,0.11419627547314733,0.06306788000598836,0.03985301365710299,0.02314436503327144
39103,PJM,2029,70654.64009956917,0.06388755313662019,0.037233021671510026,0.0581927057524573,0.02889989373841258,0.005694847384162885,0.008333127933097446
39105,PJM,2029,8692.9380479875,0.2806361207223198,0.14286107729806508,0.18811744200889052,0.12150892563671689,0.09251867871342928,0.021352151661348184
39111,PJM,2029,5506.324975691667,0.18561412619145015,0.08230258048407456,0.13872359213246696,0.07303072414076937,0.04689053405898319,0.009271856343305185
39115,PJM,2029,5548.147261845833,0.23694326600828347,0.1147427844056307,0.15202640532746384,0.09074537421104173,0.08491686068081963,0.023997410194588967
39117,PJM,2029,12713.403073814166,0.10886343862871879,0.059667502760199324,0.10202206291168932,0.04262142089105506,0.006841375717029474,0.01704608186914426
39119,PJM,2029,33748.6758002125,0.16570702701841875,0.0915924233869161,0.11302673828613294,0.06675492147240479,0.05268028873228581,0.024837501914511312
39121,PJM,2029,4394.7815789,0.2526721710334175,0.13047412664822086,0.1714957866274237,0.10576527958237578,0.08117638440599378,0.024708847065845085
39123,PJM,2029,17420.938717123332,0.10845319534166395,0.055949136294741166,0.08534166687902603,0.044726603130794455,0.02311152846263792,0.01122253316394671
39125,PJM,2029,7419.330523008332,0.12372323444536781,0.06326961227354298,0.09569354723245145,0.04746382361976864,0.028029687212916363,0.01580578865377434
39127,PJM,2029,13147.990028625,0.19461004058447623,0.09572951159281708,0.12568161387240157,0.08328096457014207,0.06892842671207466,0.012448547022675005
39129,PJM,2029,20662.543863555835,0.13585009040739543,0.06542752862121938,0.10487503122149042,0.051470493212719355,0.030975059185905013,0.013957035408500025
39131,PJM,2029,10136.66309175,0.25148294986498737,0.11267331747207042,0.19521897990734147,0.07490551331800079,0.056263969957645904,0.037767804154069634
39133,PJM,2029,61809.29252762333,0.09150617240843079,0.06203306078283358,0.08272748251266518,0.044532106419729815,0.008778689895765607,0.01750095436310376
39137,PJM,2029,13044.660089434165,0.09981132777136065,0.05800226245101695,0.08169605521296949,0.041852841054520355,0.018115272558391154,0.016149421396496597
39139,PJM,2029,48206.966053891665,0.12574794920402654,0.07857972121543337,0.1033316889077217,0.07142250515541168,0.02241626029630485,0.00715721606002169
39141,PJM,2029,28657.027342004167,0.16687057661998814,0.08959205736202652,0.12160510658586043,0.07417947708242646,0.0452654700341277,0.01541258027960006
39143,PJM,2029,23398.933184610836,0.11290938007977562,0.08399403941472988,0.10028818459737947,0.0808683054976268,0.012621195482396153,0.0031257339171030796
39145,PJM,2029,27268.451790681665,0.27851141790465567,0.1139978473915329,0.18977165199899082,0.09241752829174842,0.08873976590566485,0.021580319099784487
39147,PJM,2029,21483.683070835,0.1661737411402683,0.08094516287254298,0.09471583052953743,0.06090778085193449,0.07145791061073088,0.020037382020608493
39151,PJM,2029,153341.1091914508,0.09988579753954598,0.06926409115772515,0.09406030521045453,0.04999397048522029,0.00582549232909145,0.01927012067250486
39153,PJM,2029,226618.57879262502,0.09706466796170295,0.07966441727897593,0.09106731767374236,0.05873036548906864,0.0059973502879605844,0.020934051789907288
39155,PJM,2029,83890.96310148333,0.12739744565745162,0.08077216383354234,0.12316317996793837,0.0775958840872047,0.004234265689513253,0.0031762797463376347
39157,PJM,2029,36965.95206284334,0.11860958379412706,0.07133229800677321,0.0931063911208225,0.054828984409541606,0.02550319267330456,0.016503313597231603
39161,PJM,2029,11537.517912320001,0.10839735377618594,0.06942141336083169,0.08632382452719665,0.0604422135133027,0.022073529248989282,0.008979199847528985
39163,PJM,2029,4948.4696811124995,0.25088131641084666,0.12049111187274912,0.16036198879736574,0.08739488053933202,0.09051932761348092,0.0330962313334171
39165,PJM,2029,87599.20519917666,0.04120552292852226,0.021819617508561196,0.03602645996213896,0.018612182941152883,0.005179062966383298,0.0032074345674083134
39167,PJM,2029,24268.08368910833,0.14042950173500976,0.07918823073334211,0.11041612808112311,0.06417326663561906,0.03001337365388665,0.015014964097723044
39169,PJM,2029,43274.7397173575,0.07914037648918901,0.02922525169260324,0.0649920252517483,0.013478299419465956,0.01414835123744071,0.015746952273137285
39171,PJM,2029,15193.791718587501,0.2280817158817811,0.09578775859860214,0.14737062144225976,0.07810994363725095,0.08071109443952135,0.017677814961351193
39173,PJM,2029,52824.90248141666,0.0935073867424746,0.053315004036762856,0.08013312412283469,0.04290894280017633,0.013374262619639907,0.010406061236586522
39175,PJM,2029,8804.798765695834,0.19979441758117714,0.07848307700651794,0.10542901723650455,0.054502447492477346,0.09436540034467258,0.02398062951404059
41049,CITY,2029,4119.683899154167,0.10609346020004205,0.0454020173046697,0.08119865644453463,0.0432321878534339,0.024894803755507428,0.002169829451235804
41067,CITY,2029,228650.33984817832,0.041242764545644434,0.010542990211060496,0.03691725506729987,0.007357889710079098,0.0043255094783445636,0.0031851005009813976
42001,PJM,2029,38964.120155635,0.12238755766667844,0.05883664634569681,0.10753233218460656,0.05092930357784593,0.014855225482071882,0.007907342767850878
42003,PJM,2029,542294.3013433216,0.11504011456106178,0.08554211902119278,0.10508597313453366,0.07615854400193385,0.009954141426528118,0.009383575019258933
42005,PJM,2029,27349.4438608075,0.12295793113371234,0.0635300754548396,0.11040195696048852,0.06071191277160186,0.012555974173223822,0.002818162683237743
42007,PJM,2029,70913.51201457917,0.1827305167506973,0.09893941270429832,0.1438163318253665,0.08981083787784522,0.0389141849253308,0.0091285748264531
42009,PJM,2029,19151.26309593,0.310083925160592,0.16085400108377232,0.2820105920318009,0.1537376142184609,0.028073333128791123,0.007116386865311408
42011,PJM,2029,159281.066223455,0.15421386777419488,0.07703234351873144,0.1452388401205974,0.07048757276830085,0.008975027653597478,0.006544770750430584
42013,PJM,2029,49363.52028206,0.21156423630012997,0.09367661773319796,0.18929775467001422,0.08106168450320009,0.022266481630115742,0.012614933229997877
42015,PJM,2029,23930.726442330833,0.19118869116220485,0.07396214346356493,0.16790834251144865,0.06907463118810774,0.023280348650756205,0.004887512275457195
42017,PJM,2029,244047.49310211584,0.08745978103109342,0.0398294479753897,0.08271296905456715,0.031868064302279474,0.004746811976526266,0.007961383673110223
42019,PJM,2029,78347.46916074501,0.09434751325544763,0.06468927427776709,0.08916987766994389,0.057619137648803234,0.005177635585503743,0.007070136628963858
42021,PJM,2029,54334.73020092333,0.2712748523123617,0.12441978114123009,0.237103917298757,0.10846138109242917,0.034170935013604714,0.01595840004880092
42023,PJM,2029,2165.0597594541664,0.16159004646975714,0.08385997925715774,0.14528747396991146,0.07345788534574325,0.01630257249984568,0.010402093911414487
42025,PJM,2029,25654.178993325,0.2897956023494672,0.17375414340238587,0.24624219291830257,0.14516895838896277,0.04355340943116465,0.02858518501342311
42027,PJM,2029,56358.449735345,0.1374862887403711,0.05318923691002499,0.11598936810736456,0.03984561533852229,0.021496920633006553,0.0133436215715027
42029,PJM,2029,197713.225915565,0.07549312990887584,0.034166886204971846,0.06701328836780297,0.026583221114603407,0.008479841541072869,0.007583665090368438
42031,PJM,2029,14585.597583366665,0.13626831365317274,0.08099921234850789,0.1197746011936175,0.07181216100756879,0.016493712459555235,0.009187051340939098
42033,PJM,2029,31110.390454083332,0.25040788152288096,0.15626614972692335,0.2308848837943108,0.14340302288511153,0.019522997728570163,0.012863126841811817
42035,PJM,2029,14502.197450050833,0.2593406193465173,0.12085119593517349,0.20410890408528798,0.10537692650143697,0.05523171526122933,0.015474269433736518
42037,PJM,2029,25057.03932722417,0.25172744648394785,0.12859842155589446,0.22293589112384696,0.11900958066821815,0.02879155536010089,0.009588840887676309
42039,PJM,2029,32579.541294758335,0.22312059248757818,0.10189558524247656,0.1578898339551189,0.08065820478825414,0.06523075853245927,0.021237380454222424
42041,PJM,2029,102570.14297850334,0.1020680705564902,0.03985181633919383,0.08361227595165341,0.033096900709195395,0.01845579460483679,0.006754915629998436
42043,PJM,2029,115280.8177370525,0.17274772288157472,0.09652688570248379,0.13906185900367485,0.07062353358107634,0.033685863877899874,0.025903352121407444
42045,PJM,2029,213122.5725412717,0.10179756181024799,0.06571761971385921,0.0922905238493028,0.045206591536415416,0.009507037960945194,0.020511028177443796
42047,PJM,2029,13300.500897613334,0.09967091627124719,0.05692395339230107,0.08450491828294113,0.04777668167813341,0.015165997988306062,0.009147271714167661
42049,PJM,2029,107591.79994200001,0.15413125323466048,0.08757301490211986,0.1222091192930576,0.0784541219890085,0.031922133941602884,0.009118892913111354
42051,PJM,2029,53759.596494557496,0.24117577446186936,0.1542207290575742,0.21806704068238927,0.13203498176566364,0.023108733779480084,0.022185747291910557
42053,PJM,2029,1778.1717570333333,0.21836906472896722,0.11874721699772697,0.18730242193991645,0.10376559575128141,0.031066642789050775,0.014981621246445559
42055,PJM,2029,61438.9183846125,0.08968607803158166,0.044937782021210626,0.08140774928377473,0.038545566710987536,0.008278328747806929,0.00639221531022309
42057,PJM,2029,6026.0943925575,0.2440303689414262,0.1250900043978151,0.21480306568302984,0.10807500997456686,0.02922730325839637,0.017014994423248234
42059,PJM,2029,13472.857840743334,0.1807477346958318,0.10079028603370754,0.16453238362005637,0.09768664864269457,0.01621535107577543,0.0031036373910129783
42061,PJM,2029,15402.091567344167,0.2608427075533063,0.14501769066129133,0.22855245253531475,0.12124221987871216,0.03229025501799154,0.023775470782579175
42063,PJM,2029,31209.14829945667,0.19160969992675003,0.09313578979865776,0.16056723396415387,0.07461603519110478,0.03104246596259616,0.01851975460755298
42065,PJM,2029,17724.424013042502,0.19580292829941362,0.0960933049854466,0.14994184750842773,0.08653609630782279,0.045861080790985886,0.009557208677623816
42067,PJM,2029,8681.919199849166,0.24355454699406437,0.09410666818893314,0.21432450892413216,0.07233954300345383,0.029230038069932213,0.02176712518547931
42069,PJM,2029,86523.48281601083,0.19546467350749028,0.08748382839868545,0.1468052167433135,0.07782964242892083,0.04865945676417677,0.009654185969764612
42071,PJM,2029,205877.59101733746,0.11500764195332082,0.054098092163858885,0.09370017214806042,0.038967022906159374,0.021307469805260396,0.015131069257699511
42075,PJM,2029,53291.00012383083,0.1185649663871417,0.056366132043906135,0.11148687373265632,0.05144582470275321,0.007078092654485377,0.004920307341152924
42077,PJM,2029,140553.07962910415,0.1660145700402708,0.07740471501087529,0.12837265384358387,0.062167730643619384,0.037641916196686914,0.015236984367255901
42079,PJM,2029,130796.93700919166,0.2558790235829494,0.12173890847735867,0.19362255080293114,0.10150930557152084,0.06225647278001825,0.020229602905837835
42083,PJM,2029,15651.368924708333,0.17054398179794203,0.07597940178133612,0.1128879750853013,0.0708946236132938,0.057656006712640734,0.005084778168042328
42087,PJM,2029,18176.54001336333,0.25170848170203663,0.12024525004950277,0.23783350449031662,0.09415185255289607,0.013874977211720013,0.026093397496606704
42089,PJM,2029,56801.89835905416,0.2023853843610593,0.10668283440250097,0.16000029889135445,0.1031960309203993,0.04238508546970485,0.003486803482101661
42091,PJM,2029,326685.9017534233,0.08687663378582246,0.034349495436215016,0.07518159539479616,0.0290289702632251,0.0116950383910263,0.005320525172989917
42093,PJM,2029,7306.640095440001,0.1915389008073972,0.08851359424084519,0.15928659478527118,0.07467163358078033,0.032252306022126004,0.013841960660064864
42095,PJM,2029,118019.7143086625,0.13204178908479777,0.06262453156587457,0.10947353011402082,0.057500861642558354,0.022568258970776953,0.0051236699233162125
42097,PJM,2029,36779.956140705835,0.2759149310247632,0.12714583333289847,0.21425978808849214,0.11072437329715949,0.061655142936271085,0.01642146003573898
42099,PJM,2029,17749.594657343332,0.1802978819075555,0.08420444570678268,0.15525209822063546,0.0670885751459877,0.025045783686920037,0.01711587056079497
42101,PJM,2029,653828.4583636142,0.21653516811592816,0.15328604851347802,0.21286279513553244,0.09710918665823899,0.003672372980395716,0.05617686185523903
42103,PJM,2029,23251.053622618332,0.2468530502061462,0.08910040728346597,0.2022858133338726,0.0856163078825742,0.0445672368722736,0.0034840994008917686
42105,PJM,2029,6486.627933525,0.11515244123792184,0.0649450026665964,0.10792613632001453,0.05283237050159678,0.0072263049179073086,0.012112632164999623
42107,PJM,2029,55526.53589875417,0.30960348976809143,0.19146697759694092,0.2862375919493764,0.15051478761571754,0.02336589781871501,0.04095218998122338
42109,PJM,2029,14120.274438856668,0.23236451102166655,0.0975773631801236,0.1968155624119743,0.07676808180822,0.035548948609692266,0.02080928137190359
42111,PJM,2029,28289.547144090833,0.29689141629950816,0.13774379469134124,0.2568710616724934,0.1137354814137448,0.040020354627014754,0.024008313277596435
42113,PJM,2029,2414.562962045833,0.27233295258307066,0.11908990993399567,0.24607976830234676,0.08337245441487014,0.0262531842807239,0.03571745551912553
42115,PJM,2029,15301.885318367498,0.2846629322152189,0.10260372424857953,0.2467721834565321,0.09904486553676234,0.03789074875868678,0.0035588587118171866
42117,PJM,2029,16412.169380716667,0.1619647309601894,0.07694746643267061,0.13690469860274204,0.06771046354526114,0.02506003235744736,0.009237002887409473
42119,PJM,2029,13827.3944491575,0.2380457526211469,0.09024360137623014,0.206958457526937,0.07841235142648746,0.031087295094209905,0.011831249949742675
42121,PJM,2029,21005.742384981666,0.14919747692234372,0.08130873098782368,0.13248721400470018,0.07005760931982812,0.016710262917643548,0.011251121667995564
42123,PJM,2029,15977.938262944166,0.1524012375300649,0.08472018919086975,0.12346873855497596,0.07485017911386617,0.02893249897508894,0.009870010077003583
42125,PJM,2029,85994.92760354333,0.12122329051749171,0.08215680599558088,0.11404260956680627,0.0779080548063893,0.007180680950685442,0.004248751189191574
42127,PJM,2029,19273.603654770835,0.33642379963978064,0.11866413959456264,0.3041923341738646,0.1027682256158607,0.03223146546591604,0.015895913978701937
42129,PJM,2029,151042.31128823,0.1435500905097682,0.07515206176000304,0.13569479123000192,0.061243113078126604,0.007855299279766276,0.013908948681876435
42131,PJM,2029,10469.730111383333,0.24462040303785587,0.1094127296665319,0.20495789113586882,0.09334168232760466,0.03966251190198705,0.01607104733892724
42133,PJM,2029,176000.00324903917,0.13152192772181878,0.06238508394644934,0.11872833845188624,0.06084030399106517,0.012793589269932543,0.0015447799553841707
45015,CITY,2029,86432.94698288248,0.11644217624028876,0.08728455303433957,0.11627203764715584,0.08626334570477251,0.00017013859313291801,0.0010212073295670643
46013,MISO,2029,15470.532433975,0.0849704572901315,0.055051737211466875,0.08042255936589339,0.04211945737857464,0.004547897924238112,0.012932279832892232
46025,MISO,2029,1344.253360565,0.3040840942252576,0.14375531037451023,0.24420393917063232,0.11170051118579502,0.059880155054625295,0.032054799188715205
46029,MISO,2029,11742.593656112502,0.09844566010308842,0.04351579702785761,0.08068124610359562,0.036591358893669,0.0177644139994928,0.00692443813418861
46037,MISO,2029,2286.1724341575,0.3126455462067558,0.1501928592643702,0.24976452836387208,0.12357263047320254,0.06288101784288369,0.02662022879116767
46039,MISO,2029,1760.3477855666667,0.16019516821551794,0.09012972263826062,0.1428209495767725,0.06216542951564517,0.017374218638745442,0.027964293122615454
46051,MISO,2029,2958.2844113641668,0.16654637353629895,0.07655173786200316,0.1347402935139667,0.0689182742318942,0.031806080022332234,0.007633463630108958
46057,MISO,2029,2123.612657165,0.18745073380900334,0.07719726931378698,0.11685383621054538,0.058838352869306554,0.07059689759845797,0.018358916444480428
46091,MISO,2029,1623.7136760875,0.3412095477279482,0.16827367524141987,0.2981819849718232,0.13690273303642544,0.043027562756125015,0.03137094220499442
46109,MISO,2029,3586.69417409,0.3183371245369756,0.17452322176743232,0.26840162456353805,0.12975966868239644,0.04993549997343755,0.04476355308503588
46115,MISO,2029,2459.357029025,0.16496360527444015,0.0772367985025633,0.12967157822537181,0.05863126936155564,0.035292027049068336,0.018605529141007666
48001,ERCOT,2029,16595.962284733334,0.22959355335640655,0.07989480676190704,0.0946347904618899,0.05255770048346122,0.13495876289451664,0.027337106278445815
48003,ERCOT,2029,6417.608014058333,0.11412507007760397,0.08857216877427795,0.09338244506476533,0.013533084281518504,0.020742625012838647,0.07503908449275945
48005,ERCOT,2029,31115.99629586667,0.14601256242849336,0.08562760159955927,0.09497347286037963,0.04924435995506626,0.05103908956811373,0.03638324164449302
48007,ERCOT,2029,11049.576779404168,0.1664840056332634,0.10111588654908779,0.10928094315686658,0.08228116701179745,0.057203062476396824,0.018834719537290337
48009,ERCOT,2029,3328.686593325,0.2011531958809312,0.10310111331043699,0.12572658400740547,0.07884302984334539,0.07542661187352573,0.0242580834670916
48011,ERCOT,2029,719.9015003583334,0.10032574850385774,0.05170663525700639,0.08291621143580757,0.022901163967284068,0.017409537068050165,0.02880547128972232
48013,ERCOT,2029,15608.718580187498,0.14761031746270512,0.0772381278045964,0.10980512988083134,0.032061385976630795,0.037805187581873775,0.0451767418279656
48015,ERCOT,2029,11709.677801323332,0.116836017695157,0.0647305298967611,0.09973039803648769,0.03181432237682058,0.017105619658669316,0.032916207519940524
48019,ERCOT,2029,8313.181521926668,0.11044400056374297,0.05126762231473857,0.08164916156424258,0.03555526746533701,0.02879483899950039,0.01571235484940156
48021,ERCOT,2029,32639.032730906663,0.10853652235979096,0.038916239424294036,0.06706033485169395,0.027357782393914582,0.04147618750809701,0.011558457030379454
48023,ERCOT,2029,1425.5456137916667,0.28308354700881266,0.13323008620351046,0.1990116367792545,0.07864993928075885,0.08407191022955815,0.05458014692275161
48025,ERCOT,2029,8400.861877899999,0.1511361861040246,0.09876947662302432,0.12039021903690508,0.06754412593875937,0.030745967067119517,0.03122535068426495
48027,ERCOT,2029,133078.21627167083,0.12321886116361097,0.08897351506759875,0.10234994806173113,0.06459060664195619,0.02086891310187984,0.024382908425642558
48029,ERCOT,2029,727993.1745364708,0.11021449689680604,0.05932319126307359,0.0756107702340437,0.012587130035793722,0.034603726662762346,0.046736061227279864
48031,ERCOT,2029,4798.2356229625,0.07823042190243858,0.04484377565827352,0.07294905204076277,0.03923725640539226,0.005281369861675808,0.005606519252881262
48033,ERCOT,2029,201.16121905,0.06961666605589205,0.004624407748139465,0.022954885514914227,9.94227420894127e-07,0.04666178054097782,0.0046234135207185705
48035,ERCOT,2029,7229.245985641667,0.16650364809412782,0.06537012046177051,0.08045182125104344,0.044525562199844854,0.08605182684308438,0.02084455826192566
48039,ERCOT,2029,125767.74438047418,0.08378234918537336,0.03392666523533872,0.07484378232518459,0.020904959566152372,0.008938566860188776,0.01302170566918635
48041,ERCOT,2029,84963.75731312417,0.17617752740467002,0.08268493497106869,0.09132711417419359,0.04613492413932889,0.08485041323047643,0.036550010831739796
48043,ERCOT,2029,4596.1697132,0.17046522089992147,0.05490831440131049,0.0747924344845027,0.03664831025939033,0.09567278641541876,0.01826000414192016
48045,ERCOT,2029,570.3261832416666,0.27961358073535975,0.22269211064845923,0.23125385481956787,0.15199525668618036,0.04835972591579188,0.07069685396227887
48047,ERCOT,2029,2528.1770866666666,0.33838650382363905,0.18543266429888774,0.2297624296873819,0.12310035228202093,0.10862407413625716,0.062332312016866814
48049,ERCOT,2029,14825.0475261875,0.1615384555442208,0.07097480801520854,0.08312736919492292,0.04360619500177403,0.07841108634929789,0.02736861301343451
48051,MISO,2029,7328.8799791941665,0.16464354847155538,0.09573689293649039,0.13098967462700295,0.09088645218234369,0.03365387384455243,0.004850440754146701
48053,ERCOT,2029,18317.56928241917,0.07504252112402145,0.053027890874815714,0.0660351067840254,0.02125613464302278,0.00900741433999605,0.03177175623179293
48055,ERCOT,2029,14820.9210885375,0.09681180942838782,0.039186056304951034,0.051718674365510614,0.02972509657361246,0.04509313506287721,0.009460959731338574
48057,ERCOT,2029,7804.667790308333,0.0866230126256864,0.04452873976667627,0.0656909851390457,0.018942536309307718,0.020932027486640706,0.02558620345736855
48059,ERCOT,2029,5224.679145041668,0.1204831270542987,0.054103496567809294,0.0786532303324927,0.035329389009819204,0.041829896721805995,0.01877410755799009
48061,ERCOT,2029,131451.24040519583,0.1714884327538886,0.11944330456165397,0.13282490330052474,0.06169301759298539,0.03866352945336385,0.05775028696866858
48065,ERCOT,2029,2250.1854555500004,0.06410901812042273,0.010462907396261135,0.036925565564338896,0.0012753477687458246,0.027183452556083836,0.00918755962751531
48069,ERCOT,2029,2319.537838933333,0.20201286912704433,0.0954502357738271,0.12033873547019232,0.07825157366806958,0.08167413365685201,0.017198662105757517
48071,ERCOT,2029,15544.92783228,0.1293526766998662,0.09915751086982826,0.11920718666050405,0.09170009155912075,0.010145490039362146,0.007457419310707508
48073,ERCOT,2029,17637.875633883334,0.19503968377289937,0.09314422934446989,0.12990630038673748,0.07049254904663674,0.0651333833861619,0.022651680297833154
48075,ERCOT,2029,1833.3407499374998,0.15835458341412917,0.11422545485546305,0.1484998228762336,0.07360059249556676,0.00985476053789558,0.04062486235989629
48077,ERCOT,2029,4164.252358661667,0.18629607627117797,0.08880970026686623,0.11581801197482415,0.06500670282872434,0.07047806429635382,0.02380299743814189
48081,ERCOT,2029,1434.5148946166664,0.16927911013306257,0.10960727637966851,0.12257244605930202,0.07002042249748908,0.04670666407376055,0.03958685388217943
48083,ERCOT,2029,3186.435902520833,0.18449707999562986,0.07779048787436871,0.12389428182132368,0.04992819291034204,0.06060279817430618,0.027862294964026667
48085,ERCOT,2029,382112.815984065,0.06516233939973816,0.0360243035508368,0.03861688937465184,0.02285450711335433,0.02654545002508632,0.013169796437482471
48087,ERCOT,2029,1001.7264475499999,0.27264573317527496,0.11031225002787107,0.18944295533223526,0.0416436700046142,0.0832027778430397,0.06866858002325688
48089,ERCOT,2029,7176.585909070833,0.16246319169346574,0.09216863867988914,0.10533442773585358,0.07373051630969393,0.057128763957612155,0.01843812237019521
48091,ERCOT,2029,62978.71527398667,0.06382077920370595,0.0356538502702538,0.0616041791960788,0.023385126120538564,0.002216600007627148,0.012268724149715235
48093,ERCOT,2029,5281.110908166666,0.1911829066086278,0.09631463619016796,0.13019248511222542,0.07886185639735285,0.06099042149640238,0.017452779792815107
48095,ERCOT,2029,810.18299035,0.14805382395033312,0.07786998197396391,0.13260111681611947,0.04754034268648479,0.01545270713421365,0.030329639287479122
48097,ERCOT,2029,16038.586869205832,0.10940163656602642,0.07166592200901602,0.08711508058326113,0.026454000621128838,0.022286555982765285,0.04521192138788718
48099,ERCOT,2029,24832.4944713625,0.08384553731436956,0.04708385780366784,0.051730963773854666,0.019003778800563944,0.03211457354051489,0.028080079003103896
48101,ERCOT,2029,677.8679763875,0.3159888993795565,0.13683797415487972,0.1735902454935666,0.08693160898484556,0.14239865388598988,0.04990636517003416
48103,ERCOT,2029,1662.427542275,0.12505904722499406,0.04883891474084427,0.06653994411005824,0.0024072862715709244,0.058519103114935814,0.046431628469273345
48105,ERCOT,2029,1207.1415118749999,0.08527071079687869,0.037185449724346974,0.08171800822819751,0.002382322181542035,0.0035527025686811764,0.034803127542804936
48107,ERCOT,2029,1953.9248952183334,0.1571275721001346,0.11620796672158064,0.1355685158830363,0.0588062958294143,0.021559056217098277,0.057401670892166336
48109,ERCOT,2029,612.3182841875,0.42065163613552076,0.13262044176543594,0.19351160576517518,0.0800301958401006,0.22714003037034558,0.052590245925335344
48113,ERCOT,2029,956521.8012762899,0.11163294892802827,0.05975838534644232,0.06449068232047214,0.015327523049092353,0.04714226660755613,0.04443086229734997
48115,ERCOT,2029,4077.7430667958333,0.33176167067432544,0.11815234869704036,0.14850163231777394,0.08600299017565811,0.1832600383565515,0.032149358521382246
48117,ERCOT,2029,5942.035569257499,0.10905744420498453,0.064696522405094,0.07629148756593186,0.03686307087477951,0.03276595663905267,0.027833451530314496
48119,ERCOT,2029,2083.828528575,0.16698411118010067,0.07627723547045483,0.1125870487880001,0.06515063077047242,0.05439706239210057,0.011126604699982404
48121,ERCOT,2029,333100.7398704933,0.05310361826139227,0.031998411442088086,0.03581612826531626,0.01566870041148073,0.01728748999607601,0.016329711030607357
48123,ERCOT,2029,6438.374165186666,0.19802322135799158,0.09992017025616305,0.13433621070622015,0.06410489238598543,0.06368701065177143,0.03581527787017762
48125,ERCOT,2029,630.3606324333333,0.21852467252476837,0.1292552395530776,0.1632436721160823,0.10535679991409327,0.05528100040868608,0.02389843963898433
48127,ERCOT,2029,2760.8558184708336,0.31187942004769936,0.16947993590383498,0.25919554044315135,0.02199427568573027,0.05268387960454801,0.14748566021810472
48129,ERCOT,2029,1180.2964998291666,0.14664799264426553,0.10690384957078955,0.11625534286923693,0.09922125865572787,0.030392649775028605,0.007682590915061682
48131,ERCOT,2029,2764.7175894291668,0.2586452671862747,0.10934686494956573,0.15054029274533126,0.04795757892486074,0.10810497444094341,0.061389286024704996
48133,ERCOT,2029,6940.362789408333,0.19532579262974445,0.09373129145728577,0.11313761349862708,0.08132799030737495,0.08218817913111737,0.012403301149910825
48135,ERCOT,2029,58972.90042473583,0.1533013611070919,0.10364615585895268,0.11649558106545808,0.06833186288408759,0.036805780041633804,0.03531429297486509
48137,ERCOT,2029,516.910506325,0.21142692779225417,0.059950476186522106,0.18535145921970117,0.05770166911880672,0.026075468572552996,0.0022488070677153874
48139,ERCOT,2029,64854.96021097749,0.09313609678116698,0.05686690337363089,0.0641548514295042,0.01819619347098016,0.028981245351662785,0.03867070990265073
48143,ERCOT,2029,15598.0594063925,0.14511851256551161,0.07670880853147277,0.0848296242177233,0.048272574047133344,0.06028888834778831,0.028436234484339427
48145,ERCOT,2029,5360.806461808334,0.3020114596075213,0.11473001371747524,0.17074038499773492,0.0934880254032293,0.13127107460978638,0.021241988314245938
48147,ERCOT,2029,12570.771529041667,0.18338364839952212,0.10149212120539564,0.11702865857726334,0.07633302962052314,0.06635498982225878,0.025159091584872492
48149,ERCOT,2029,9085.973624478333,0.15161455607634552,0.09628673981726381,0.11503318210710843,0.0871532117684451,0.036581373969237094,0.009133528048818715
48151,ERCOT,2029,1497.33519475,0.18710427675599792,0.10380509779082427,0.12501529341793136,0.09705677928777387,0.06208898333806656,0.006748318503050396
48153,ERCOT,2029,1909.9988972458332,0.2664622253799281,0.1601398401347518,0.17687182196351062,0.14382420906993673,0.08959040341641747,0.016315631064815067
48155,ERCOT,2029,449.3318451458333,0.44062920157945834,0.2087524602380607,0.3285282802837836,0.10348842448482133,0.11210092129567473,0.10526403575323938
48157,ERCOT,2029,268092.4235456425,0.059871337087309816,0.04290463653898593,0.053670466855641454,0.029451187244153663,0.006200870231668362,0.013453449294832266
48159,ERCOT,2029,3714.143319775,0.0600512946428729,0.02609605236011866,0.03262236962353947,0.015830031837210247,0.02742892501933343,0.010266020522908412
48161,ERCOT,2029,6573.847062434999,0.20533714553615898,0.104906242953481,0.13116193991827074,0.07592669045948547,0.07417520561788823,0.02897955249399553
48163,ERCOT,2029,4547.433310641667,0.18944941919044217,0.06731853775263039,0.11463939748184518,0.018907153360291477,0.07481002170859699,0.04841138439233891
48167,ERCOT,2029,133760.41670378167,0.11600287557495813,0.07228594752016526,0.10501900633121197,0.0569626487611432,0.010983869243746155,0.01532329875902206
48169,ERCOT,2029,1639.431297975,0.13110750528175594,0.03058839013480355,0.11450273526163293,0.01773276073848017,0.016604770020123005,0.01285562939632338
48171,ERCOT,2029,10782.002056604168,0.07562809190522331,0.03200532463992913,0.05689516274616687,0.024303718923842546,0.018732929159056437,0.007701605716086586
48173,ERCOT,2029,404.2329694,0.053298153727982384,0.011734740506299732,0.022295950084702153,0.008741869831263693,0.03100220364328023,0.002992870675036039
48175,ERCOT,2029,2690.616056575,0.16804700521531402,0.09885383620882511,0.11710832809243796,0.08874426004279075,0.05093867712287606,0.010109576166034362
48177,ERCOT,2029,7203.691815020834,0.15470419285352371,0.0732505415619737,0.10928646624176225,0.05514448864562526,0.045417726611761466,0.018106052916348446
48179,ERCOT,2029,7957.785858016666,0.15108025131530026,0.0972122656187523,0.10514543959208421,0.0565745818015188,0.04593481172321605,0.040637683817233504
48181,ERCOT,2029,51371.311606589166,0.11205143653700304,0.07326014151282853,0.08163145010759502,0.05116650979109624,0.03041998642940802,0.022093631721732288
48185,ERCOT,2029,9510.460451895833,0.1370732714201514,0.0750375114736856,0.09009180873922541,0.041220079508280126,0.046981462680926,0.03381743196540548
48187,ERCOT,2029,59717.390320494174,0.06935588316128424,0.048938450791199094,0.05942415046521467,0.025646342047469982,0.009931732696069576,0.023292108743729112
48189,ERCOT,2029,10777.9567022875,0.15001853737678617,0.09608030493821552,0.10432994417080423,0.06819165349215449,0.04568859320598194,0.027888651446061036
48191,ERCOT,2029,1141.6957560375,0.22538933877308837,0.08702350226225239,0.11999191910779687,0.05576495810141982,0.1053974196652915,0.03125854416083257
48193,ERCOT,2029,3092.2850037574995,0.1524078145623687,0.083937107312103,0.14965056039445093,0.06170279032112233,0.0027572541679177776,0.022234316990980663
48197,ERCOT,2029,1283.7368665541667,0.22837175760774425,0.0900567772294494,0.13163404234682116,0.06919351003509203,0.09673771526092309,0.02086326719435737
48199,MISO,2029,20467.434345385835,0.14671058761701186,0.0879442424318784,0.10703443305106816,0.08672735296653539,0.0396761545659437,0.001216889465343013
48201,ERCOT,2029,1689581.6048509032,0.11983014917298394,0.055973017680356646,0.10079920353340505,0.03555804367762984,0.019030945639578897,0.020414974002726807
48207,ERCOT,2029,2066.8511858083334,0.22047668578928092,0.09161489543659522,0.13011131937711007,0.07107327858208416,0.09036536641217086,0.020541616854511058
48209,ERCOT,2029,88316.07816050833,0.07884187778139962,0.031932667931459484,0.05203647047080578,0.026545380861031653,0.02680540731059384,0.005387287070427831
48213,ERCOT,2029,31457.92366482083,0.21602072368665562,0.09748484136434286,0.11434951065795294,0.05608180465786466,0.10167121302870268,0.041403036706478206
48215,ERCOT,2029,256156.51268276252,0.18876436392633564,0.14579397822817142,0.1701734895217899,0.01942346800651529,0.018590874404545737,0.12637051022165613
48217,ERCOT,2029,13134.2688466125,0.21888323942725346,0.074544047101197,0.09820248634155941,0.06332614094004306,0.12068075308569405,0.011217906161153937
48221,ERCOT,2029,24511.452958741665,0.10517460205185156,0.053069659471583853,0.07150092261125889,0.04139582455133346,0.03367367944059267,0.01167383492025039
48223,ERCOT,2029,13625.0473094125,0.15812394831313048,0.09224611698798042,0.11028694892190141,0.060480530824277845,0.04783699939122907,0.03176558616370258
48225,ERCOT,2029,7287.8031081624995,0.17505358185495234,0.09579352734647636,0.1395404290598449,0.0573728288728091,0.035513152795107444,0.03842069847366727
48227,ERCOT,2029,11789.721341108334,0.16029350145330418,0.06785323255498273,0.0750280746005184,0.04911218714144496,0.08526542685278578,0.018741045413537764
48231,ERCOT,2029,35996.54932157667,0.1245751877615275,0.08738585363140176,0.10055248220365517,0.02663807123815261,0.024022705557872323,0.060747782393249156
48235,ERCOT,2029,628.1030482833332,0.12384707184742615,0.06857086288661282,0.09537201839924511,0.03341405054450984,0.028475053448181034,0.03515681234210298
48237,ERCOT,2029,2965.2672251249996,0.2666516178599503,0.11946733902486648,0.14214323651124974,0.06909433414825873,0.12450838134870054,0.050373004876607744
48239,ERCOT,2029,5145.0448173075,0.11069778125804945,0.07574745215140483,0.09226983449066173,0.06545901434465023,0.018427946767387723,0.010288437806754591
48241,MISO,2029,12897.54388127,0.24371215911895922,0.1132887490807635,0.18887922176913136,0.09924743906607193,0.05483293734982786,0.014041310014691569
48243,ERCOT,2029,1000.0414167083334,0.38658293741556776,0.12257335541508932,0.19993063503953498,0.08284936865186295,0.18665230237603278,0.039723986763226374
48245,MISO,2029,91939.06843412668,0.18710430533959402,0.13379841329685915,0.15099912074239852,0.12552846232503048,0.0361051845971955,0.008269950971828671
48247,ERCOT,2029,1284.8730032624999,0.1950349208030925,0.07583194038964548,0.15724039517226207,0.049618546609757924,0.03779452563083044,0.02621339377988756
48249,ERCOT,2029,12489.274854220834,0.24109343068423902,0.13241825441993146,0.15598008670882127,0.11555060559385585,0.08511334397541775,0.01686764882607561
48251,ERCOT,2029,61558.36293696,0.09682924001697568,0.061906781295677685,0.06704953338270983,0.02228028885782017,0.02977970663426585,0.03962649243785751
48253,ERCOT,2029,5866.3572187875,0.16066747218682145,0.10620907897785306,0.12300812676274665,0.07072598637965692,0.0376593454240748,0.03548309259819614
48255,ERCOT,2029,4231.530832958333,0.1280551358969626,0.09149021195858996,0.11201462324418972,0.060046110741053864,0.016040512652772884,0.031444101217536095
48257,ERCOT,2029,47243.0147138775,0.1029611332071594,0.07317126283153771,0.0831727012339831,0.038787470447881056,0.0197884319731763,0.03438379238365666
48259,ERCOT,2029,16590.771535372503,0.04957485460685659,0.035082458935220634,0.04289968684021298,0.03270704668614938,0.0066751677666436054,0.002375412249071257
48261,ERCOT,2029,38.0,0.0,0.0,0.0,0.0,0.0,0.0
48263,ERCOT,2029,243.61681404999996,0.19691865766903677,0.115051996962112,0.1813544098161698,0.071428862649967,0.015564247852866975,0.043623134312145
48265,ERCOT,2029,21706.867646718332,0.07572452013661074,0.03464981116888027,0.055887899061601305,0.028197109474976088,0.019836621075009435,0.006452701693904186
48267,ERCOT,2029,1686.0956339166664,0.14956099904115133,0.10412022983122797,0.12942650054576849,0.09483326372739787,0.020134498495382847,0.009286966103830105
48269,ERCOT,2029,48.58326610833333,0.12479260715299519,0.08274169527911764,0.09870041736128077,0.018712204279820226,0.026092189791714418,0.06402949099929742
48271,ERCOT,2029,1080.6003157374998,0.21830081402237658,0.022671703721722145,0.06551151051782293,0.01159193275957073,0.15278930350455366,0.011079770962151415
48273,ERCOT,2029,11435.294809233335,0.2268758913366051,0.14503947025433356,0.17747572330795008,0.1332768531193509,0.04940016802865502,0.011762617134982667
48275,ERCOT,2029,1238.8279526708334,0.30654432740069987,0.12636646788132513,0.15801589289064116,0.07600255223523425,0.1485284345100587,0.050363915646090884
48277,ERCOT,2029,19861.330013975,0.2213765695307798,0.12887847999809632,0.16071020100596192,0.09841394313638606,0.06066636852481788,0.03046453686171026
48281,ERCOT,2029,7845.178242441666,0.09689647045972166,0.059050914610681605,0.07582139167028062,0.034690313793979244,0.021075078789441037,0.02436060081670236
48283,ERCOT,2029,1654.3013076291668,0.15831556526846158,0.10257509059913746,0.1430838619805167,0.07213381139095548,0.015231703287944875,0.030441279208181973
48285,ERCOT,2029,8031.177411908334,0.17256054800093923,0.07958702606945914,0.10011148063674187,0.05921114946295345,0.07244906736419736,0.020375876606505687
48287,ERCOT,2029,6197.958363283334,0.14041456152207385,0.07310358685019355,0.10080768516204552,0.04833542453601318,0.039606876360028326,0.024768162314180373
48289,ERCOT,2029,6244.162901249167,0.15411906956294805,0.08202974389316425,0.11793221366166094,0.05243344065935594,0.036186855901287104,0.02959630323380831
48291,MISO,2029,28052.580398653336,0.1968663507502188,0.13826289813917417,0.16844199283556824,0.1280694322558339,0.02842435791465056,0.010193465883340275
48293,ERCOT,2029,8101.7911394,0.1966457399018419,0.0985248869986234,0.10917771501971517,0.07305424401833764,0.08746802488212672,0.025470642980285757
48297,ERCOT,2029,4088.1849416125006,0.16509977651425506,0.10971978193919722,0.13232924121414275,0.07082615601675611,0.03277053530011231,0.03889362592244111
48299,ERCOT,2029,9497.624504620833,0.07298258936180231,0.03416850701373938,0.060161934343547524,0.02432115813671261,0.012820655018254787,0.00984734887702677
48301,ERCOT,2029,32.644645625,0.0330988429898142,0.0,0.0012253157978644774,0.0,0.03187352719194972,0.0
48303,ERCOT,2029,120546.17202550083,0.12908081445702535,0.0795682298778923,0.09284189070452153,0.04594687560384178,0.036238923752503815,0.033621354274050524
48305,ERCOT,2029,2039.404590825,0.14159130719815652,0.08334607999382124,0.11846216271049095,0.04942929659029591,0.023129144487665565,0.03391678340352533
48307,ERCOT,2029,3069.576891591667,0.22367095840142223,0.08625471361930209,0.1409711554946978,0.07834209266225793,0.08269980290672443,0.007912620957044161
48309,ERCOT,2029,93756.77204378333,0.16204973419866592,0.08906641134520261,0.09793832397976295,0.05980687313541244,0.06411141021890297,0.029259538209790173
48311,ERCOT,2029,188.624679985,0.257025679692898,0.15623478593757467,0.21689391058610888,0.06455799421882846,0.040131769106789145,0.09167679171874621
48313,ERCOT,2029,4010.4393443249996,0.14417730681569996,0.07269977100515712,0.08743925880391412,0.0578757118093004,0.056738048011785835,0.01482405919585672
48317,ERCOT,2029,1794.415093775,0.10954889165292646,0.06338364307097236,0.0795600056263056,0.0492383424845095,0.029988886026620865,0.014145300586462857
48319,ERCOT,2029,1467.0391245833332,0.08879854808996052,0.046696692577614086,0.06413426615443717,0.04295459196965708,0.02466428193552335,0.0037421006079570093
48323,ERCOT,2029,17544.834424254168,0.22264639494544886,0.13403273446964808,0.1719447418578251,0.060738591919596734,0.050701653087623755,0.07329414255005134
48325,ERCOT,2029,17081.612182930832,0.12938334805823928,0.040506952070352785,0.08386401866679903,0.02311064929063387,0.04551932939144025,0.017396302779718913
48327,ERCOT,2029,879.10531055,0.21896229928593047,0.14156710661563185,0.14837922950045437,0.08396338305739519,0.0705830697854761,0.05760372355823666
48329,ERCOT,2029,63384.95252029417,0.11917034178143258,0.06717876529790984,0.07878079424357395,0.019497811485846075,0.04038954753785863,0.04768095381206376
48331,ERCOT,2029,9530.169052665833,0.16555711236731097,0.06549676247221413,0.10022282755120583,0.0474887230474577,0.06533428481610513,0.018008039424756428
48333,ERCOT,2029,1814.9311121041667,0.1853239368577912,0.0786426586927163,0.10854878298058115,0.0589496203390112,0.07677515387721004,0.019693038353705103
48335,ERCOT,2029,2390.2925563791664,0.15766058798817617,0.1032794139697796,0.12395747375396429,0.022295158599355887,0.03370311423421188,0.08098425537042372
48337,ERCOT,2029,7789.070835604167,0.2013306950675411,0.08613427924493391,0.12245930242870201,0.06019279863890211,0.07887139263883908,0.025941480606031804
48339,ERCOT,2029,222522.55217636,0.07616444451784961,0.05266687934942433,0.06937973029483857,0.03070911254042605,0.0067847142230110374,0.021957766808998278
48345,ERCOT,2029,449.519486875,0.19231989274851316,0.08990513043372944,0.12220906664373998,0.061296513064542764,0.07011082610477318,0.028608617369186677
48347,ERCOT,2029,24480.730278670835,0.20343812845005277,0.12550912724906893,0.13187019750268703,0.08325339404331654,0.07156793094736574,0.04225573320575239
48349,ERCOT,2029,17838.0160901875,0.1925682540953686,0.10018361113504388,0.1138311492239208,0.08132943555508648,0.07873710487144779,0.018854175579957402
48351,MISO,2029,4669.62130675,0.3198636624512613,0.15703752463163623,0.20793445635708024,0.14370872294218648,0.11192920609418106,0.013328801689449749
48353,ERCOT,2029,5620.9837341075,0.2468609928622201,0.10297112402577845,0.11638955369358389,0.0669043537338894,0.1304714391686362,0.03606677029188905
48355,ERCOT,2029,128885.09157245833,0.14432482776998146,0.09433928062702013,0.10178124957758802,0.05588685828125589,0.04254357819239343,0.03845242234576424
48359,ERCOT,2029,606.4624610941667,0.13637843513421413,0.1094252820698424,0.1186854974339851,0.09000491127104492,0.017692937700229033,0.01942037079879748
48361,MISO,2029,30687.23657340917,0.1187741226725501,0.07749494508089688,0.09619956017180206,0.07425988733818732,0.022574562500748033,0.00323505774270956
48363,ERCOT,2029,10353.108008004168,0.14792161396560113,0.08840252396839783,0.10688287010435175,0.056626956152208745,0.04103874386124938,0.031775567816189086
48365,MISO,2029,7970.9649578125,0.2210626582662092,0.09459345067836762,0.15618424779724788,0.08931950427131471,0.06487841046896131,0.005273946407052907
48367,ERCOT,2029,51791.3287702575,0.08349690774069772,0.05479017188915216,0.07330271540481385,0.0385901117904464,0.010194192335883867,0.01620006009870576
48369,ERCOT,2029,3141.1914726666673,0.06218408961738406,0.03749504920739937,0.05340706568318415,0.01455968870346326,0.008777023934199907,0.02293536050393611
48371,ERCOT,2029,4893.759953208333,0.11633876794588442,0.08482150809785108,0.08795621922590224,0.05669360096383722,0.02838254871998218,0.028127907134013856
48373,MISO,2029,17807.738023004167,0.2610552968588042,0.1278546779362419,0.18525586722824328,0.11771620757061921,0.07579942963056091,0.010138470365622682
48375,ERCOT,2029,42074.39888402917,0.15074098549717982,0.10458933256341489,0.13118422109834635,0.07783654083512324,0.01955676439883347,0.026752791728291647
48377,ERCOT,2029,2167.0105961625,0.2937770689868966,0.1656712186682874,0.1910773274789669,0.15240170625946253,0.10269974150792968,0.013269512408824874
48379,ERCOT,2029,4671.6879081725,0.14163331043243887,0.09948617173558388,0.12207069716812145,0.08809728876652018,0.01956261326431742,0.011388882969063707
48381,ERCOT,2029,54161.704288617504,0.07190296616734114,0.044495593402264326,0.05051718725791362,0.03038331912952448,0.02138577890942752,0.014112274272739846
48383,ERCOT,2029,1057.6239814291666,0.10112335076354632,0.029951821778089655,0.054650776652739666,0.012554472320169562,0.04647257411080666,0.017397349457920094
48385,ERCOT,2029,965.9926120750001,0.10391371205836214,0.028127414013000517,0.061934621904770386,0.02700120250123428,0.041979090153591754,0.0011262115117662355
48387,ERCOT,2029,4586.007116424999,0.20861926036251932,0.12404844386670727,0.1687146263021549,0.09442481448602041,0.03990463406036443,0.029623629380686856
48389,ERCOT,2029,3826.1766068083334,0.20610092708914587,0.09959639647433276,0.11653440901636936,0.05360028074699203,0.08956651807277652,0.045996115727340726
48391,ERCOT,2029,2197.1311113,0.21766736481512583,0.07791121589707137,0.10386405872890464,0.0562000003352584,0.11380330608622119,0.02171121556181297
48393,ERCOT,2029,308.945342125,0.041810913152097194,0.022702386092280154,0.035489448110524194,0.009935340289927666,0.006321465041573,0.012767045802352488
48395,MISO,2029,6190.628363314167,0.2434964656392886,0.12414528350832792,0.19393505286307752,0.11664159823687598,0.04956141277621107,0.00750368527145194
48397,ERCOT,2029,37422.478881970834,0.04845485470532972,0.03909884363269923,0.043039738500196933,0.018751685521708646,0.005415116205132783,0.020347158110990582
48399,ERCOT,2029,3773.4164340500006,0.21311315103871484,0.0936089800203199,0.1060337888967275,0.04757633112132175,0.10707936214198734,0.046032648898998156
48401,ERCOT,2029,17588.140959266668,0.15284035244547428,0.08077961416343486,0.09098396640560705,0.05505937375413459,0.061856386039867234,0.025720240409300273
48403,MISO,2029,4431.202133125,0.2662909452079859,0.1187817727004644,0.1679793122987669,0.11234610866545713,0.09831163290921902,0.006435664035007269
48405,MISO,2029,2964.804751875,0.2685053403673724,0.14756942154256217,0.21782274770929932,0.14113010275310073,0.05068259265807307,0.00643931878946144
48407,MISO,2029,9941.708882366667,0.26913628598976946,0.13102463742362586,0.182765034136662,0.11174483561033126,0.08637125185310746,0.019279801813294598
48409,ERCOT,2029,23466.064519636668,0.11886228338015264,0.08403110266671442,0.10535856523837256,0.060590096781824906,0.013503718141780086,0.02344100588488951
48411,ERCOT,2029,1985.4730003458333,0.08703883501306696,0.04629085008156298,0.07491598560053864,0.03687885354635699,0.012122849412528322,0.00941199653520599
48413,ERCOT,2029,891.3764118125,0.2046818213548126,0.13319758962274914,0.15958752919534214,0.09421176888587524,0.04509429215947047,0.0389858207368739
48415,ERCOT,2029,5620.071735733333,0.10360238616966541,0.0671277902144855,0.08451009945540477,0.01888089535559769,0.019092286714260637,0.04824689485888782
48417,ERCOT,2029,1317.2537410291668,0.15791642251918067,0.08754535464878209,0.09449269430005029,0.08119964007448205,0.06342372821913038,0.00634571457430004
48419,MISO,2029,8766.652161479165,0.25009770997500114,0.1497964684259538,0.20545211776243238,0.12426517197410104,0.04464559221256875,0.025531296451852745
48423,ERCOT,2029,80309.24582365416,0.14847517473379898,0.08904229650158305,0.09563121566053347,0.05298406554659787,0.052843959073265515,0.03605823095498518
48425,ERCOT,2029,3311.3357597458335,0.16432671329669077,0.06506779842848213,0.07416518881356718,0.03394451203667556,0.09016152448312359,0.031123286391806573
48427,ERCOT,2029,18265.381709579164,0.2873554033704211,0.20262098216015165,0.2648751229899592,0.13145713422133143,0.022480280380461903,0.07116384793882022
48429,ERCOT,2029,3330.750181295833,0.2265642767782053,0.13009543565815695,0.1438744225673397,0.08694585713540343,0.08268985421086558,0.04314957852275353
48431,ERCOT,2029,382.09693582499995,0.03149290272990986,0.02215318210213758,0.025796476279990505,0.017486303535970003,0.005696426449919353,0.004666878566167577
48433,ERCOT,2029,443.4751823133333,0.20186265661968067,0.11667313767164185,0.12641085983489814,0.039363988552725715,0.07545179678478253,0.07730914911891613
48435,ERCOT,2029,1039.149541,0.15774887065396231,0.07174751734072124,0.10545484057845851,0.05229386325639536,0.0522940300755038,0.01945365408432588
48437,ERCOT,2029,2364.9239702791665,0.41665493268493986,0.1937825362856108,0.21851452881724767,0.18920598836299166,0.1981404038676922,0.004576547922619134
48439,ERCOT,2029,752141.9851587999,0.09177512333144824,0.04684118911336482,0.050207918418783644,0.011112340310267829,0.0415672049126646,0.03572884880309699
48441,ERCOT,2029,52899.3985984375,0.13107539071729266,0.07537048207105893,0.09084804209286952,0.05816159639146088,0.040227348624423134,0.017208885679598045
48443,ERCOT,2029,398.15226376666664,0.13905422643562476,0.08388175338762462,0.12562371857477506,0.08388175338762462,0.013430507860849705,0.0
48447,ERCOT,2029,631.1895315208334,0.14738881415171687,0.08559319603758377,0.1143929604897925,0.04929942883403625,0.03299585366192437,0.03629376720354752
48449,ERCOT,2029,10684.5831636625,0.13606373429421337,0.09395058550784299,0.10472294067325306,0.07420049896132219,0.0313407936209603,0.0197500865465208
48451,ERCOT,2029,44526.80892817417,0.10014767492231157,0.0638382574231905,0.07526480016698382,0.03353396418994689,0.024882874755327744,0.030304293233243615
48453,ERCOT,2029,535951.8215886718,0.042726460234090345,0.016516227263213328,0.0346601429871776,0.00796085329626797,0.008066317246912744,0.008555373966945357
48455,MISO,2029,5862.4867342541675,0.25927334878610026,0.10590962559974545,0.18636460525850493,0.09365178945387388,0.07290874352759533,0.012257836145871573
48457,MISO,2029,6620.093509345833,0.24236387463219478,0.11644282887886372,0.1739418655760227,0.10302255275165954,0.06842200905617207,0.013420276127204173
48461,ERCOT,2029,1322.9715390666665,0.14205888324142504,0.03404247685613326,0.08506990128656278,0.026251929821938424,0.05698898195486227,0.007790547034194833
48463,ERCOT,2029,8192.901974391667,0.20000827274392052,0.11402117593211279,0.15075487306143143,0.05886635625864143,0.049253399682489096,0.05515481967347136
48465,ERCOT,2029,16346.990904591667,0.19983277614841852,0.13180362433623602,0.13677636055413936,0.04265748418337129,0.06305641559427916,0.08914614015286473
48467,ERCOT,2029,22090.817554684167,0.13986039544508408,0.1088517988909508,0.11474961350860736,0.06460550220329186,0.025110781936476714,0.044246296687658934
48469,ERCOT,2029,33246.9774956225,0.10867089143569139,0.07045285538387384,0.08148927633058432,0.039640478662264146,0.027181615105107068,0.030812376721609698
48471,MISO,2029,23865.46634880833,0.19810776450548645,0.1311166688464375,0.1888587355699234,0.12416385380357181,0.009249028935563036,0.006952815042865684
48473,ERCOT,2029,17535.533612283332,0.10851698158315808,0.08644660026711787,0.09823079559495501,0.06923500604516707,0.010286185988203064,0.0172115942219508
48475,ERCOT,2029,4226.302527579167,0.13108158914674922,0.05762792512935436,0.06951113119949985,0.03226867486257554,0.06157045794724937,0.025359250266778814
48477,ERCOT,2029,14165.969649559167,0.09878514756631675,0.05014787655514333,0.0823324567585315,0.031642980491910715,0.016452690807785247,0.018504896063232613
48479,ERCOT,2029,77011.57103454584,0.16602470076750375,0.10304610907667178,0.12540453546001717,0.07537467530983476,0.04062016530748658,0.02767143376683702
48481,ERCOT,2029,14898.1846929,0.13531765281493804,0.08590585448546392,0.11499040448731752,0.06033658882056437,0.02032724832762052,0.025569265664899553
48483,ERCOT,2029,1871.6318661249998,0.27293098745122046,0.08538009277300591,0.1849410154149668,0.06350116306760709,0.08798997203625367,0.021878929705398828
48485,ERCOT,2029,47575.9013893775,0.13657352697387018,0.09969720363222306,0.10745403693223066,0.05726886845654886,0.029119490041639523,0.0424283351756742
48487,ERCOT,2029,4591.848305416666,0.22636159946087683,0.08847497632378824,0.13816839372573667,0.06839146605018426,0.08819320573514017,0.020083510273603986
48489,ERCOT,2029,5333.207498758334,0.32611765569326945,0.14958497305528332,0.19380325195622064,0.1333185975166984,0.1323144037370488,0.016266375538584926
48491,ERCOT,2029,228605.08627990916,0.0524022236652198,0.017668911117719593,0.04221803913141191,0.005319297053898793,0.010184184533807893,0.012349614063820801
48493,ERCOT,2029,17096.289350361665,0.08550831820721423,0.06708900485915888,0.07868793434484123,0.05797022717558498,0.006820383862373006,0.009118777683573893
48495,ERCOT,2029,2613.3526329666665,0.10145685535901497,0.03357519489453422,0.054579900852522796,0.01663625315296458,0.04687695450649217,0.01693894174156964
48497,ERCOT,2029,23863.444919196663,0.08705493169075108,0.05534996729027579,0.06779492762213181,0.03505502691753278,0.019260004068619274,0.020294940372743007
48499,ERCOT,2029,17630.570772051666,0.13540174096717766,0.09539253854367906,0.10160727214580147,0.0735201319881883,0.0337944688213762,0.02187240655549076
48503,ERCOT,2029,7461.319969349999,0.18828940463721391,0.10055049068152454,0.11312110735048607,0.0807098521763473,0.07516829728672784,0.01984063850517724
48505,ERCOT,2029,4508.491494858334,0.28712182599056724,0.19109044271959333,0.21599354307637783,0.16733114964514426,0.0711282829141894,0.023759293074449073
48507,ERCOT,2029,3319.6653967791663,0.19607558161028127,0.12131683010103207,0.15266325218851967,0.04172301604333865,0.0434123294217616,0.07959381405769342
51003,PJM,2029,43510.70471643834,0.09893350911801474,0.05243450231355129,0.07036179773001244,0.0249531971934823,0.028571711388002297,0.02748130512006899
51005,PJM,2029,6111.265637383332,0.2764824696040316,0.13827653417743166,0.1816197740618213,0.12090774421805509,0.0948626955422103,0.017368789959376574
51007,PJM,2029,5082.612224698333,0.24036658548548048,0.14804103921935388,0.1780914902650394,0.10350576926111213,0.062275095220441085,0.04453526995824175
51009,PJM,2029,12399.452094741666,0.1236853320023212,0.069326456549066,0.10558904282057396,0.044378938655686734,0.01809628918174723,0.024947517893379262
51011,PJM,2029,6427.303180707499,0.20676756628203416,0.1291763735756445,0.1518650240705188,0.11049280338706947,0.05490254221151536,0.018683570188575013
51013,PJM,2029,109634.49345004333,0.02865404007901455,0.015733717461764628,0.021561704508297086,0.0069579215905037645,0.0070923355707174646,0.008775795871260863
51015,PJM,2029,29535.908504791667,0.1620128233624907,0.0669462787089332,0.10745650706619608,0.04759340490001456,0.05455631629629462,0.01935287380891864
51017,PJM,2029,1825.2426645166665,0.28983525406931054,0.16787842553680826,0.21934449033576392,0.1261730486227249,0.07049076373354662,0.04170537691408335
51019,PJM,2029,32079.413564569164,0.08878784456362883,0.05759008863996602,0.07428476190517518,0.04007291422418073,0.014503082658453653,0.01751717441578529
51021,PJM,2029,2192.7315815624997,0.12634382220839566,0.05541599346376869,0.11129788990988296,0.03499602209419482,0.015045932298512699,0.020419971369573867
51023,PJM,2029,12766.472553851665,0.13191693067115606,0.08195238912602737,0.10489348686096682,0.04333676024756067,0.027023443810189243,0.0386156288784667
51025,PJM,2029,6081.6847774,0.3412362395469656,0.15319495609172412,0.19419544524440832,0.10979014040546087,0.14704079430255726,0.043404815686263254
51027,PJM,2029,7361.266680583333,0.28429655126294473,0.15709963915137296,0.17880919387275812,0.15073014494650003,0.10548735739018661,0.0063694942048729275
51029,PJM,2029,5841.638007979167,0.3469025833384129,0.14900109473694345,0.212219105254668,0.11402517099844385,0.1346834780837449,0.0349759237384996
51031,PJM,2029,21900.176734456665,0.14382600179610586,0.10345457043155427,0.13327312659580134,0.05520341845519786,0.010552875200304512,0.04825115197635641
51033,PJM,2029,11154.246799158333,0.14584028234006344,0.0662744749184482,0.07865996418851626,0.0558226385350362,0.06718031815154718,0.01045183638341201
51035,PJM,2029,11915.080149533333,0.20232294568452822,0.11596387302592198,0.16362049995432523,0.06457576359905019,0.03870244573020298,0.05138810942687179
51036,PJM,2029,2866.7122071125004,0.19881618616357324,0.13709927279523024,0.14929825252477366,0.09118176705116623,0.04951793363879958,0.045917505744064
51037,PJM,2029,4480.609341945834,0.3869605084666987,0.2072752506760632,0.25473694289335,0.1533864723802355,0.1322235655733487,0.053888778295827694
51041,PJM,2029,132780.84631940752,0.09129898752477761,0.06002373850468338,0.06457437370256669,0.039578707752320905,0.02672461382221092,0.020445030752362474
51043,PJM,2029,5542.518938076666,0.10244766543946911,0.04768397133374743,0.06815697604413695,0.03990169301795433,0.034290689395332155,0.007782278315793104
51045,PJM,2029,1758.6145008150002,0.2208345926798358,0.08536622594401816,0.11491810702857756,0.03897680462085384,0.10591648565125823,0.04638942132316432
51047,PJM,2029,17780.684221904165,0.1551859630669207,0.0745616945247691,0.11225668170525806,0.04636056691270878,0.042929281361662644,0.02820112761206032
51049,PJM,2029,3999.62056115,0.24703518811692216,0.11281489738456496,0.15880896280317897,0.07175457987090045,0.08822622531374319,0.04106031751366451
51051,PJM,2029,5500.278171679166,0.27599157818350206,0.19186004386186684,0.21073792470880964,0.1311675634565675,0.06525365347469242,0.06069248040529934
51053,PJM,2029,10301.523405283333,0.1953352298354868,0.14385434519713555,0.16291733136795927,0.09787740318707434,0.03241789846752752,0.04597694201006121
51057,PJM,2029,4178.94374985,0.32062447579959896,0.17664156024908517,0.20018927235820339,0.13044833489393118,0.12043520344139558,0.046193225355153994
51059,PJM,2029,408974.12880427,0.040512251141944795,0.013351931578896293,0.024135727754107935,0.0018630338639129866,0.01637652338783686,0.011488897714983307
51061,PJM,2029,25583.265332286668,0.09248319643208429,0.03899132748316925,0.06147799123235507,0.027995214164059857,0.03100520519972922,0.01099611331910939
51063,PJM,2029,6448.611346516666,0.18020425056683634,0.11855677755795278,0.1411619665656205,0.11158413380753436,0.03904228400121584,0.0069726437504184224
51065,PJM,2029,10091.6100039225,0.14254845491775053,0.08602176558176343,0.11204330493256379,0.03322157822782375,0.030505149985186747,0.05280018735393968
51067,PJM,2029,21634.931033683333,0.14987980490565847,0.09765873286286553,0.14311591881050506,0.05685339801106777,0.00676388609515341,0.040805334851797756
51069,PJM,2029,32795.0355383875,0.07048232493846089,0.04653472521837891,0.06575647151377856,0.03878352823286411,0.004725853424682333,0.007751196985514804
51071,PJM,2029,6711.8505741291665,0.13363967421963618,0.0825136180706301,0.09813750360217081,0.06763081322467143,0.03550217061746537,0.014882804845958664
51073,PJM,2029,14660.140419330834,0.100693057194972,0.06432611965218211,0.07427934038720292,0.03424612480834953,0.026413716807769078,0.030079994843832586
51075,PJM,2029,9713.8666571825,0.0914130649725283,0.06265556057483829,0.07224596472398835,0.04058463127160947,0.019167100248539945,0.02207092930322882
51077,PJM,2029,6087.62467125,0.2711563292048995,0.129762885528902,0.2341718520770683,0.07282609930663932,0.036984477127831206,0.056936786222262684
51079,PJM,2029,7308.493079968333,0.0919641337257601,0.060552003362994794,0.08114007260247728,0.04597085655831564,0.01082406112328281,0.014581146804679153
51085,PJM,2029,40897.41786501583,0.08876566666104187,0.04531052892991609,0.05561378959975699,0.01866467029808015,0.033151877061284876,0.026645858631835943
51087,PJM,2029,132717.59875681333,0.0994860723860143,0.06525265949697881,0.0761277940603411,0.030015531372012766,0.023358278325673193,0.035237128124966044
51089,PJM,2029,20216.878799620834,0.2725477047213642,0.13443535007124707,0.17778481768003723,0.11528228445936198,0.09476288704132696,0.019153065611885095
51091,PJM,2029,983.5035311958334,0.14855020226501747,0.04909955493461061,0.10640423160395258,0.042668940521215074,0.04214597066106489,0.006430614413395534
51093,PJM,2029,14966.821161513333,0.19132322293700504,0.08704052664780725,0.10078186408644951,0.06069362653724774,0.09054135885055553,0.026346900110559505
51095,PJM,2029,30207.85573826917,0.07127054352603504,0.03932521224890263,0.04666598661872685,0.02301101790312514,0.024604556907308194,0.016314194345777494
51097,PJM,2029,2780.708449183333,0.2605029291930662,0.13322959170367926,0.16060673959526237,0.10723060705479748,0.09989618959780386,0.025998984648881784
51099,PJM,2029,9626.247947252497,0.10537050334907545,0.0707000024960485,0.08228351514943828,0.028153987644516584,0.02308698819963717,0.04254601485153192
51101,PJM,2029,6791.3176256108345,0.12254801373726698,0.07412849268869035,0.0828435975659038,0.056716980524137296,0.03970441617136318,0.01741151216455305
51103,PJM,2029,5202.526917668334,0.26772169025734466,0.1379676685731968,0.15160720425693905,0.08994917933339558,0.11611448600040561,0.04801848923980123
51107,PJM,2029,137216.82943131332,0.04176067537992295,0.022953741964549735,0.03101610365160827,0.0101352132362366,0.01074457172831468,0.012818528728313135
51109,PJM,2029,14359.651912971665,0.17640071084616307,0.08858060290770665,0.10740099967222487,0.05546017982288896,0.0689997111739382,0.0331204230848177
51111,PJM,2029,4489.897774529167,0.3712911332336846,0.19150710651354075,0.24423186594209093,0.13432935670992646,0.1270592672915937,0.057177749803614286
51113,PJM,2029,5228.747172925001,0.20616703349901974,0.1102978512127432,0.1406041738111807,0.0753268293291123,0.06556285968783904,0.034971021883630896
51115,PJM,2029,3689.8841678991666,0.12906833739882712,0.07600114060346391,0.09259125979497947,0.024803959120964947,0.03647707760384765,0.051197181482498966
51119,PJM,2029,4673.629298998334,0.23163554213771043,0.10906342618413882,0.1378718164526374,0.07914997148132435,0.09376372568507302,0.029913454702814465
51121,PJM,2029,35401.223473624166,0.17655309035519828,0.12854859029370108,0.1462362268082468,0.07394429743439071,0.030316863546951484,0.05460429285931037
51125,PJM,2029,5978.378385621667,0.1864016477266608,0.12940371527959427,0.15440669993334272,0.12344710984196493,0.031994947793318074,0.005956605437629339
51127,PJM,2029,8593.8624013875,0.07997600688863328,0.04708633719160639,0.056422130844804734,0.026639635295188983,0.023553876043828546,0.020446701896417407
51133,PJM,2029,5119.261494512501,0.26472121665029047,0.14183080895700742,0.1707706950158607,0.12362947235896886,0.09395052163442977,0.01820133659803856
51135,PJM,2029,5366.664995041667,0.3579849034541641,0.18606464674167364,0.24750436799788617,0.1349210937189391,0.11048053545627795,0.051143553022734545
51137,PJM,2029,14064.271875955,0.125210889355438,0.07466181882797952,0.09552828997688659,0.06537918587384363,0.029682599378551416,0.009282632954135894
51139,PJM,2029,9042.649432920833,0.17029683714113544,0.10820956154990201,0.1545392847829647,0.09172511965348334,0.01575755235817075,0.016484441896418664
51141,PJM,2029,7614.840194291667,0.23241384984152774,0.1329438649612837,0.18208931654789376,0.11714967018037088,0.05032453329363398,0.015794194780912804
51145,PJM,2029,10945.285253904167,0.07774140875434482,0.057015962471061846,0.06257963509309594,0.02905487372366395,0.015161773661248878,0.027961088747397896
51147,PJM,2029,7304.025442054167,0.2731895686325343,0.14106634885379857,0.17598592183768857,0.1263747733244804,0.09720364679484572,0.014691575529318157
51149,PJM,2029,12679.451224816665,0.12514925646039626,0.08186510514443356,0.09574164645830083,0.059348550566775855,0.029407610002095436,0.0225165545776577
51153,PJM,2029,151187.90185902664,0.059106361882573705,0.014004451406221563,0.035473082435176766,0.00818611625129034,0.02363327944739694,0.005818335154931223
51155,PJM,2029,14071.582653054167,0.1486300313298016,0.10724146121349519,0.1287642862328803,0.07052063977925171,0.019865745096921295,0.036720821434243475
51157,PJM,2029,2781.0655193166667,0.12702931608390752,0.06380037034939409,0.11087306239340113,0.02960450574482081,0.016156253690506397,0.03419586460457329
51159,PJM,2029,2808.2528053666665,0.22931432467138047,0.11376390668822041,0.13302785204092638,0.07736490542024625,0.09628647263045409,0.03639900126797416
51161,PJM,2029,38517.717460768334,0.08171496434623401,0.041085297141508395,0.06036605977712106,0.027355905647443526,0.021348904569112953,0.01372939149406487
51163,PJM,2029,9171.825566041665,0.23896484185491354,0.10857436291222158,0.1471656855240286,0.07434111173928487,0.09179915633088495,0.03423325117293671
51165,PJM,2029,30994.956849151666,0.12462381973367352,0.07381022419907908,0.09811997266481344,0.045281292415669666,0.02650384706886008,0.028528931783409414
51167,PJM,2029,10292.158846416667,0.2388270477292329,0.1331209630598557,0.1567031770533112,0.108951119720094,0.08212387067592172,0.024169843339761715
51169,PJM,2029,8727.960170725,0.2739406330662971,0.15866941436376092,0.18857045724579116,0.12614483805605844,0.08537017582050596,0.032524576307702474
51171,PJM,2029,17181.927165177498,0.13869253205385215,0.0840860774149996,0.12488243609562719,0.08074062235525925,0.013810095958224966,0.0033454550597403487
51173,PJM,2029,12480.335794775001,0.23706469461986185,0.12222799387947086,0.16959687894765169,0.07277809835829355,0.06746781567221016,0.04944989552117732
51175,PJM,2029,6713.844140190833,0.2558133320366071,0.12296967472644764,0.15657605960775056,0.09971492502197178,0.09923727242885655,0.023254749704475858
51177,PJM,2029,48805.73033688333,0.11348807192333961,0.03111984255174362,0.054236344473528264,0.02021395605181854,0.059251727449811345,0.01090588649992508
51179,PJM,2029,49535.911123460006,0.07259294326011302,0.027877362580820627,0.032876539161748645,0.019178090681033527,0.039716404098364376,0.0086992718997871
51181,PJM,2029,2700.6224401333334,0.29215262175456597,0.14968569190171904,0.19349885251331173,0.09303328383039809,0.09865376924125424,0.05665240807132095
51183,PJM,2029,3644.1733882375,0.25560358996063065,0.16313609997415465,0.20124193982567026,0.07192571325805358,0.05436165013496039,0.09121038671610107
51185,PJM,2029,15432.223377133334,0.22775791831999165,0.12950688263314178,0.15651976922143218,0.10013655681563183,0.07123814909855947,0.02937032581750995
51187,PJM,2029,15081.494536732502,0.1588234386945329,0.09553660778594376,0.12432341736921076,0.07652345371203775,0.03450002132532212,0.01901315407390601
51191,PJM,2029,21771.920584220832,0.1147307008102379,0.06476423636772582,0.09211927053491392,0.03671293573774713,0.022611430275323974,0.028051300629978695
51193,PJM,2029,7692.57339239,0.22326399425861038,0.16234296784442728,0.18234184101200188,0.11252278702832592,0.0409221532466085,0.04982018081610136
51197,PJM,2029,12155.355013454166,0.16531596436097326,0.09953362740866264,0.13689382369813205,0.06812541751352355,0.02842214066284121,0.031408209895139094
51199,PJM,2029,25470.238740225832,0.060023179264989936,0.03948694874821117,0.04391884443931397,0.03191367475279737,0.016104334825675963,0.007573273995413798
51510,PJM,2029,73646.97024392,0.04510456871266747,0.017913779560659055,0.019851839816597196,0.006702623495826499,0.025252728896070276,0.011211156064832556
51530,PJM,2029,2624.5863998583336,0.28128089815339335,0.11530246405351126,0.16310294128430017,0.08987933038239201,0.11817795686909319,0.025423133671119244
51540,PJM,2029,19009.233979491666,0.1932666762144077,0.13367418762366234,0.1526407264909819,0.07516138437270899,0.040625949723425814,0.05851280325095336
51550,PJM,2029,90032.33919734416,0.10388388440859704,0.05478253732031021,0.06247449643852627,0.02977674516350249,0.04140938797007077,0.02500579215680772
51570,PJM,2029,7384.669586001666,0.20920364062374608,0.10488365410528272,0.15639872631507507,0.06707772464963221,0.052804914308671014,0.037805929455650505
51580,PJM,2029,2413.55132315,0.32676390588579945,0.10018253767692485,0.17714133014596023,0.05767147965320035,0.14962257573983923,0.0425110580237245
51590,PJM,2029,18344.662240391666,0.2905681071363257,0.14969035981460718,0.22754148033117705,0.12877732518714002,0.06302662680514864,0.02091303462746716
51595,PJM,2029,2184.4932891541666,0.370402872369683,0.21101443330372954,0.26052774241390764,0.14937603226994295,0.10987512995577536,0.061638401033786594
51600,PJM,2029,8810.027058226668,0.03363449459518215,0.014845365406440166,0.021108405951263773,0.013139020102317354,0.012526088643918375,0.0017063453041228117
51610,PJM,2029,5605.6600278000005,0.014110115698729279,0.007226775815710484,0.012957850040810851,0.006820623999740738,0.0011522656579184276,0.0004061518159697462
51620,PJM,2029,3311.2606778125,0.3428513107206711,0.1605552092145202,0.21212040866456738,0.12354566428163431,0.13073090205610371,0.0370095449328859
51630,PJM,2029,10772.773106280001,0.11509276446537405,0.03861944618550784,0.050709096067524786,0.019118416039654914,0.06438366839784926,0.019501030145852926
51640,PJM,2029,2530.4276880541665,0.20721420824116538,0.12254314036076981,0.16891741828908716,0.06117885816529453,0.03829678995207822,0.06136428219547528
51650,PJM,2029,56154.5096907025,0.18551880093480178,0.09366511409170376,0.10461254475398442,0.06666750394023133,0.08090625618081736,0.026997610151472437
51660,PJM,2029,16632.553152537505,0.1321289663207172,0.0935910785875556,0.10389382869924588,0.03787236043216244,0.028235137621471312,0.05571871815539316
51670,PJM,2029,9088.151801186665,0.2804120750139479,0.1777541519770168,0.21402560063818737,0.0939311365579525,0.0663864743757605,0.0838230154190643
51678,PJM,2029,1888.8015510250002,0.11657249080623627,0.05354535162968779,0.09163485199441639,0.03533102615453999,0.024937638811819887,0.0182143254751478
51680,PJM,2029,28035.634291165836,0.15016804564170708,0.08433791230202538,0.1266574341120072,0.06604717722260124,0.023510611529699882,0.018290735079424136
51683,PJM,2029,13553.35711638,0.02826489896221758,0.01273249815020184,0.01734292878989045,0.0030334622618070927,0.010921970172327131,0.009699035888394748
51685,PJM,2029,4976.962107493334,0.01172020172014369,0.008031057667317567,0.008529477535989096,0.0036692461315920234,0.003190724184154595,0.004361811535725544
51690,PJM,2029,5500.001513225,0.3772797914096887,0.1631076015337575,0.2666657541628268,0.11417353439859154,0.11061403724686192,0.04893406713516596
51700,PJM,2029,74532.18302123834,0.16661767935359081,0.09531992953069544,0.11660283058115603,0.05513094531453314,0.05001484877243478,0.0401889842161623
51710,PJM,2029,92542.2898563525,0.16431617707165133,0.1094762633723745,0.11258514153398669,0.0648288065073546,0.051731035537664644,0.04464745686501989
51730,PJM,2029,14046.044144674166,0.31334536624365683,0.20153308864996924,0.2445334517464367,0.09969988330992002,0.06881191449722013,0.10183320534004922
51735,PJM,2029,4548.48764045,0.08113347808818565,0.048971028546379955,0.05945144108161489,0.035328474382187294,0.02168203700657076,0.01364255416419266
51740,PJM,2029,38066.930964584164,0.2618490625469501,0.14321656910680478,0.1957429210055021,0.12114557845825481,0.066106141541448,0.022070990648549962
51750,PJM,2029,5359.690737330833,0.33283773532271616,0.2251572827625466,0.26770076519462355,0.19497165606929748,0.06513697012809261,0.030185626693249118
51760,PJM,2029,99598.27762371916,0.22109618886305873,0.10881028195721641,0.14625874603369343,0.05899370670330801,0.0748374428293653,0.0498165752539084
51770,PJM,2029,41987.42435299,0.1848707101248735,0.10083816045724718,0.13963648590046987,0.07156665574469044,0.045234224224403624,0.02927150471255674
51775,PJM,2029,9836.636384811667,0.09127770823686805,0.05237108492632327,0.06318673191255036,0.03629449921939302,0.028090976324317687,0.016076585706930255
51790,PJM,2029,10807.0713987,0.1809641497097527,0.08225732943388048,0.12548869593737813,0.06753715698094968,0.05547545377237456,0.014720172452930794
51800,PJM,2029,35643.85399555917,0.15506862915018862,0.07354384891698101,0.09936000440710596,0.04589297714056969,0.05570862474308266,0.027650871776411325
51810,PJM,2029,177294.6065238525,0.09441847217686164,0.05446379001981975,0.06959986389784246,0.03211037679195139,0.024818608279019175,0.02235341322786836
51820,PJM,2029,9214.857520541667,0.18948833790503658,0.10666775424820187,0.1523864375746518,0.06324682146386654,0.03710190033038477,0.04342093278433533
51830,PJM,2029,4737.210071578333,0.08121180956871113,0.035066108561796164,0.042230406002102074,0.014026932339072066,0.038981403566609056,0.021039176222724096
51840,PJM,2029,10772.8827765675,0.1000033392005182,0.05461446517258316,0.09770084871481276,0.03286339251915356,0.0023024904857054385,0.0217510726534296
53025,CITY,2029,33395.2029098525,0.03807627095396946,0.029136185738559143,0.035474854959147956,0.020881680592691645,0.0026014159948215057,0.008254505145867497
53033,CITY,2029,912580.8553112857,0.029325763964443984,0.004271740923819586,0.029325763964443984,0.004271740923819586,0.0,0.0
55001,MISO,2029,9041.531678331667,0.24425936150372543,0.10326353048372862,0.22508442675671914,0.09850135291265898,0.019174934747006295,0.004762177571069642
55003,MISO,2029,6693.392502022501,0.18053035118985533,0.10561591396013185,0.1647811360858334,0.08907383498749175,0.01574921510402194,0.01654207897264011
55005,MISO,2029,18732.44472072,0.20892049607173455,0.08598363478896337,0.17454660232214972,0.06614767229101995,0.03437389374958483,0.01983596249794342
55007,MISO,2029,7432.693875579166,0.17030958623975742,0.07108712764327259,0.14889357135409165,0.06455114831825101,0.021416014885665774,0.006535979325021576
55009,MISO,2029,106386.66578452082,0.051235149307073645,0.030138035346796047,0.04747912596097738,0.022160633374081126,0.003756023346096267,0.007977401972714921
55011,MISO,2029,5519.3363185641665,0.19086638428671057,0.10829636896732821,0.15952012257650888,0.09841243940985954,0.03134626171020169,0.009883929557468668
55013,MISO,2029,6929.077616925833,0.21190028700177607,0.10481077379683605,0.182575425695876,0.09041718019263448,0.029324861305900063,0.014393593604201574
55015,MISO,2029,20197.3657959475,0.07242354416692448,0.028260266246676817,0.07044786414987958,0.02676435374475728,0.0019756800170449007,0.0014959125019195357
55017,MISO,2029,25997.082372176665,0.14363239971791344,0.0567726133426138,0.11640250759711045,0.04106791146856975,0.027229892120802998,0.015704701874044047
55019,MISO,2029,12423.100704460001,0.19449383142199145,0.09454786032872747,0.16250450922505172,0.07048738771236283,0.03198932219693973,0.02406047261636464
55021,MISO,2029,23384.644934854998,0.08542690064178732,0.043407982689117004,0.08391490632428403,0.04242446110629753,0.0015119943175032902,0.0009835215828194743
55023,MISO,2029,6435.822690589167,0.16075344465367633,0.09379394706952994,0.14535665898413588,0.0712106369032641,0.015396785669540447,0.022583310166265844
55025,MISO,2029,237670.85810985666,0.04391992967206818,0.009106794799243855,0.03980958215415,0.006005760906427831,0.004110347517918181,0.003101033892816024
55027,MISO,2029,34832.67311111833,0.0762903632254811,0.04307875485672586,0.06655242496218435,0.041155498249714276,0.009737938263296761,0.001923256607011585
55029,MISO,2029,13529.68187288,0.131379878417764,0.06249930095547783,0.11957211422436538,0.05455241743164178,0.011807764193398615,0.007946883523836053
55031,MISO,2029,18410.509316494165,0.10531656159495224,0.0541353155277504,0.0910991305031811,0.04535262093149227,0.014217431091771149,0.008782694596258134
55033,MISO,2029,16533.935842560833,0.15411362451506933,0.08279904859269323,0.13851447915558462,0.07462016212925965,0.0155991453594847,0.00817888646343358
55035,MISO,2029,41026.647419998335,0.08683320509741384,0.04643253019539751,0.07006515558220207,0.030360565328478993,0.01676804951521177,0.016071964866918517
55037,MISO,2029,2048.4226553541666,0.18936057582418286,0.0857835727890598,0.15381251657576406,0.08101758367568904,0.035548059248418806,0.004765989113370769
55039,MISO,2029,41323.749355471664,0.0680733869602483,0.038402658697761015,0.06181687370348513,0.03515957588101296,0.0062565132567631646,0.0032430828167480524
55041,MISO,2029,3650.6426816450003,0.19394253295106503,0.09941517239547039,0.18314174196936148,0.09745913379549918,0.010800790981703556,0.001956038599971205
55043,MISO,2029,19341.494856175832,0.13495331137249458,0.05882131639892677,0.10895608268555168,0.04852051045132527,0.025997228686942903,0.0103008059476015
55045,MISO,2029,15207.788797207499,0.07796834577661023,0.03272738310295256,0.07183300610291622,0.03053770308608419,0.006135339673694007,0.0021896800168683707
55047,MISO,2029,7837.7579516275,0.11726548190257441,0.0777427328218661,0.11466918916950934,0.06330821078147729,0.002596292733065067,0.014434522040388809
55049,MISO,2029,9589.519922513335,0.10125961408735122,0.057719533103933,0.09890455873273994,0.053396453238102264,0.0023550553546112796,0.004323079865830734
55051,MISO,2029,2902.885013735,0.19477061186135824,0.08905405542940072,0.16568152333088093,0.0752858002272278,0.029089088530477314,0.01376825520217291
55053,MISO,2029,7909.781121005,0.24144987613037042,0.1399503550994194,0.20369171168600633,0.12188025687165625,0.037758164444364084,0.018070098227763134
55055,MISO,2029,33322.00916161666,0.061761305733397116,0.042031683234454636,0.05947324946663526,0.03726422289826965,0.0022880562667618592,0.004767460336184984
55057,MISO,2029,10395.263670585,0.18139826270119822,0.08246083099866451,0.1732930911467963,0.0788046479575795,0.008105171554401908,0.0036561830410850177
55059,MISO,2029,64033.521431497495,0.0699902990557247,0.038065671690011,0.06727466872667857,0.03642361025641508,0.0027156303290461203,0.0016420614335959233
55061,MISO,2029,8064.565605010834,0.1007143067485252,0.0415137289961799,0.0955760529803884,0.0415137289961799,0.0051382537681368,0.0
55063,MISO,2029,48211.34906561333,0.06750570013502545,0.03030014922631405,0.046422408483371924,0.022699780547188696,0.021083291651653527,0.007600368679125353
55065,MISO,2029,6536.249962886666,0.19557632951172152,0.09674984671904778,0.18992042344072116,0.07489482398157914,0.005655906071000361,0.021855022737468643
55067,MISO,2029,8076.2150365649995,0.16014935679605347,0.08155810249824057,0.15544081239815186,0.07892411567351042,0.0047085443979016095,0.00263398682473015
55069,MISO,2029,11798.605530907498,0.12415991762628453,0.06289243087755744,0.11065559483971041,0.049780154776462346,0.013504322786574124,0.013112276101095097
55071,MISO,2029,33766.7590197175,0.09053189528454907,0.04254548934232754,0.08790039065727799,0.04079290630929861,0.002631504627271075,0.0017525830330289288
55073,MISO,2029,54721.32047213,0.08295101010726724,0.04602912859296159,0.07681150829478618,0.044728292833045045,0.00613950181248106,0.0013008357599165465
55075,MISO,2029,18099.252043031665,0.13455901770975773,0.07107354925122983,0.13176680486325373,0.06963838311098959,0.002792212846503994,0.0014351661402402377
55077,MISO,2029,6752.968778093334,0.17535678834677604,0.08031638444503562,0.1698335613426281,0.07071276164873552,0.005523227004147951,0.009603622796300101
55078,MISO,2029,1276.6230045666666,0.2298356198909812,0.11415569900721591,0.22636053252966631,0.11162985695742361,0.0034750873613148825,0.0025258420497922957
55079,MISO,2029,384825.1751244275,0.11937614317775078,0.06409131963917628,0.10813698584192537,0.044013050143159774,0.011239157335825409,0.0200782694960165
55081,MISO,2029,17710.193055913333,0.11913763846392213,0.06267123900461402,0.10457983709800674,0.04946560285443416,0.01455780136591539,0.013205636150179861
55083,MISO,2029,16080.728289741666,0.12220053020350911,0.059509588163655244,0.11438654244794053,0.05761258796418085,0.007813987755568588,0.0018970001994743912
55085,MISO,2029,15858.853859720833,0.11932089914651059,0.06280094106718957,0.10565423290990976,0.051531403994657006,0.01366666623660083,0.011269537072532566
55087,MISO,2029,74673.25127240416,0.052669675158746765,0.016242290422539645,0.04547472066908534,0.015860802546833242,0.007194954489661426,0.000381487875706403
55089,MISO,2029,36635.504094388336,0.05126798908066703,0.023840684670978843,0.04596287388155328,0.020395278933561013,0.0053051151991137455,0.0034454057374178303
55091,MISO,2029,3022.8151432216664,0.1521647905784967,0.0858835991028587,0.1368347412306521,0.06160696888988595,0.015330049347844599,0.02427663021297275
55093,MISO,2029,15523.289282843334,0.10655773624090581,0.0364781319379699,0.07639098026879616,0.03499753533290188,0.030166755972109646,0.0014805966050680172
55095,MISO,2029,18234.2732177725,0.13416019771139756,0.056301615318072894,0.10529581529579674,0.047910053327316154,0.028864382415600826,0.00839156199075674
55097,MISO,2029,28774.55326925333,0.07357754428449337,0.03402644393963074,0.06372879512588117,0.029214130027950907,0.009848749158612197,0.004812313911679831
55099,MISO,2029,6561.054796079166,0.19474704728769182,0.09456667631614867,0.17749567551268805,0.08636883929018618,0.01725137177500377,0.008197837025962482
55101,MISO,2029,75921.58150764916,0.08248596878920021,0.039592208359211005,0.06958436449262768,0.039592208359211005,0.012901604296572527,0.0
55103,MISO,2029,7080.581791423333,0.1985067518020473,0.08739926604424811,0.15592373004465618,0.0688808616111793,0.04258302175739112,0.018518404433068805
55105,MISO,2029,64199.0805461275,0.09161254523721943,0.04609763867273972,0.08409608436869837,0.04311833186066519,0.007516460868521063,0.0029793068120745336
55107,MISO,2029,6112.864945164166,0.21386001621397804,0.09320632630297686,0.20022166017123805,0.08480462539447527,0.013638356042739996,0.008401700908501591
55109,MISO,2029,34782.802242227495,0.0664804860815008,0.0271428227130828,0.05583034632698716,0.021962918405432394,0.010650139754513635,0.005179904307650408
55111,MISO,2029,26365.950493061668,0.08308312052492194,0.0505263016854093,0.07217124579435946,0.03975179103316015,0.010911874730562474,0.010774510652249152
55113,MISO,2029,8031.799480254166,0.21250094646289105,0.09579354567136833,0.17203491294005444,0.08640234277608061,0.04046603352283662,0.00939120289528772
55115,MISO,2029,16369.697342675834,0.15532670818300978,0.07260954024154907,0.14884769800062017,0.061487343238328725,0.006479010182389611,0.011122197003220348
55117,MISO,2029,47419.373747415826,0.07112582426528008,0.027736596910912938,0.06149187642984366,0.024015521471581223,0.009633947835436418,0.003721075439331714
55119,MISO,2029,7620.995402823333,0.2646607302557145,0.1113528930184912,0.1978838807147565,0.09594642400004307,0.06677684954095803,0.015406469018448138
55121,MISO,2029,12183.146334637499,0.13720492597624237,0.06479266544533005,0.10986782836797146,0.06075993679512501,0.02733709760827091,0.004032728650205042
55123,MISO,2029,11814.648978430832,0.1754593804191316,0.09282860590531036,0.1591518403914868,0.08537084190000435,0.016307540027644785,0.007457764005306011
55125,MISO,2029,10406.0294350525,0.14381085737489877,0.07433686143720747,0.12182334769396164,0.07433686143720747,0.02198750968093713,0.0
55127,MISO,2029,40610.23520634667,0.06976775859136632,0.02539328435914855,0.06875900960747475,0.025026255728945724,0.0010087489838915692,0.00036702863020282583
55129,MISO,2029,7161.930192894166,0.21158332654118991,0.09613997305081547,0.18342110931980696,0.08959437385980706,0.028162217221382957,0.006545599191008403
55131,MISO,2029,54604.04755696084,0.05795816721381604,0.025783728039354664,0.05368372633548145,0.024840726882777657,0.00427444087833459,0.0009430011565770072
55133,MISO,2029,163567.09468500415,0.04333335336936601,0.03123078062722558,0.04203032002754105,0.026936798866442617,0.0013030333418249593,0.004293981760782963
55135,MISO,2029,21854.204710461665,0.1335843183795879,0.07605066991015007,0.131694380926603,0.07135578316420424,0.0018899374529849078,0.004694886745945828
55137,MISO,2029,10046.285865709167,0.1824311592881687,0.09505748289860702,0.18040222214106766,0.08680416547363907,0.0020289371471010342,0.008253317424967946
55139,MISO,2029,69779.61963483167,0.050520074344748964,0.028721694866900297,0.04995638618932227,0.024190182923230143,0.000563688155426692,0.004531511943670154
55141,MISO,2029,31352.904349871667,0.09500552430271716,0.05244608329693377,0.08032381776552942,0.03345849302799259,0.014681706537187741,0.018987590268941174
54001,PJM,2029,5664.600238941666,0.2270917224783436,0.12037868486136409,0.2064831697817853,0.10984085032708002,0.020608552696558313,0.010537834534284071
54003,PJM,2029,47407.1086198625,0.08758126502990138,0.04663883331022856,0.07597540345410572,0.039339097934396286,0.011605861575795656,0.007299735375832277
54005,PJM,2029,7793.946163537501,0.26685516210658977,0.10750918995192539,0.16309963950839867,0.08383309599668488,0.1037555225981911,0.023676093955240507
54007,PJM,2029,4456.646636991667,0.15796453969036459,0.09096926960861748,0.14850544617034162,0.06920070644281819,0.009459093520022971,0.021768563165799296
54009,PJM,2029,9324.98577585,0.16801348516700781,0.07414872895649433,0.10139252292823467,0.06975197517203477,0.06662096223877315,0.004396753784459556
54011,PJM,2029,37850.83539883333,0.2209062067609008,0.12142633307011493,0.15435335784922763,0.09104233073980052,0.06655284891167318,0.030384002330314408
54013,PJM,2029,2390.5344339875,0.18271027910577978,0.08599142758896629,0.1486194533248004,0.06393831236273498,0.034090825780979384,0.02205311522623131
54015,PJM,2029,2798.6708101875,0.30954761127906993,0.14572785543363326,0.20955048990525704,0.12553914185955822,0.09999712137381289,0.020188713574075035
54017,PJM,2029,2317.1860796916662,0.13154276068241316,0.04923078240052817,0.12357572228680741,0.03582711953883308,0.007967038395605752,0.013403662861695087
54019,PJM,2029,15595.554492675,0.30131458862836813,0.16331175668631032,0.2294034399979952,0.12615220867554908,0.07191114863037293,0.03715954801076124
54021,PJM,2029,2090.0772429833332,0.13752012790951446,0.08183912988307229,0.12515157547955716,0.05928897488885206,0.012368552429957297,0.02255015499422023
54023,PJM,2029,4067.8432781166666,0.17845205060323382,0.10539630001494626,0.16266415653260305,0.09083667376341885,0.015787894070630776,0.014559626251527416
54025,PJM,2029,14431.388297925,0.26323770401594365,0.1251055490385214,0.20086819938436792,0.08958543139164855,0.06236950463157573,0.03552011764687284
54027,PJM,2029,7941.182401270833,0.21130700875411165,0.1175016541506894,0.17925544320963205,0.08269782233960167,0.032051565544479604,0.03480383181108773
54029,PJM,2029,12543.1333672,0.14713735117775847,0.07548983603227084,0.11945557716508404,0.06937652265419712,0.027681774012674437,0.00611331337807372
54031,PJM,2029,5590.6749591875,0.15150101644923056,0.08299927011197057,0.12857534188656072,0.08285293715468506,0.022925674562669834,0.00014633295728551377
54033,PJM,2029,25345.271370065,0.11736040263056131,0.08543373685426225,0.10909041262429021,0.07222374169468754,0.0082699900062711,0.013209995159574717
54035,PJM,2029,10903.992229366668,0.21489290539097033,0.11737201939967834,0.15054888774129113,0.08498087104206613,0.0643440176496792,0.03239114835761221
54037,PJM,2029,21210.483391213333,0.09565291076835164,0.03696690731220279,0.08785997887497446,0.024801515876244608,0.007792931893377181,0.012165391435958184
54039,PJM,2029,76215.42144532083,0.21848959858226982,0.09299999717130952,0.13048564081517958,0.08849097545278654,0.08800395776709025,0.004509021718522979
54041,PJM,2029,6668.754188283332,0.17547176692276514,0.08704819543779978,0.14172223164730613,0.08426109811043758,0.033749535275459014,0.002787097327362195
54043,PJM,2029,7483.027618075,0.30813891533538146,0.14512413496156928,0.22139547696720732,0.12647945764254795,0.08674343836817414,0.018644677319021336
54045,PJM,2029,11977.786093437498,0.3328468461529916,0.14080043245316454,0.19964137788244077,0.1324601426220663,0.13320546827055083,0.008340289831098247
54047,PJM,2029,5918.683558466666,0.4547754559457006,0.22921631530941858,0.3233676480001178,0.20822742111847514,0.13140780794558282,0.020988894190943436
54049,PJM,2029,22711.828154225,0.09617791444984648,0.0582573351643145,0.08215060099655228,0.05469997895100721,0.014027313453294207,0.003557356213307293
54051,PJM,2029,11793.3110316375,0.2790404096149807,0.11743635748911174,0.1729448091688126,0.1050034355430764,0.10609560044616811,0.012432921946035347
54053,PJM,2029,9940.0680051,0.26531173954379156,0.13002961030038718,0.1961945277679262,0.10251661305558124,0.06911721177586536,0.027512997244805937
54055,PJM,2029,23821.579945925,0.2633267074420991,0.10361333636047194,0.18057119886279813,0.08828473863435299,0.08275550857930095,0.015328597726118956
54057,PJM,2029,10223.784925470834,0.15409919294157864,0.09549298412479779,0.12998843543067426,0.07852366825029121,0.024110757510904385,0.016969315874506577
54059,PJM,2029,8784.743335254167,0.38041935908373475,0.20172304262826385,0.2624573702091691,0.18297821916047588,0.11796198887456566,0.01874482346778797
54061,PJM,2029,43293.28153737416,0.10523862520685712,0.04395923948627903,0.09125198195220044,0.033425171767104224,0.013986643254656678,0.010534067719174804
54063,PJM,2029,4528.599276391666,0.2576286670552526,0.13955414369121616,0.2306760539060891,0.11256256960511275,0.0269526131491635,0.026991574086103406
54065,PJM,2029,6923.024825049999,0.14522176295801054,0.07274279653181745,0.13982234612691025,0.06935009977446757,0.00539941683110029,0.003392696757349878
54067,PJM,2029,9387.969754716667,0.2340369718423722,0.12505177122048558,0.16510845570297436,0.10185513422896894,0.06892851613939785,0.02319663699151664
54069,PJM,2029,16929.741576009168,0.21353490498015318,0.08319941651999914,0.12899262729136832,0.06839724592080643,0.08454227768878486,0.014802170599192713
54071,PJM,2029,2314.684700433333,0.17423600463970945,0.0892656703735149,0.1402992943009489,0.08272224133521096,0.033936710338760556,0.006543429038303947
54073,PJM,2029,2651.3623402666667,0.09927111219177777,0.042265352085145744,0.06436122069211547,0.04029881365382157,0.034909891499662296,0.0019665384313241746
54075,PJM,2029,2849.8247515666662,0.2982384284636895,0.14038161203336058,0.27236960267116583,0.13093299059116006,0.025868825792523642,0.009448621442200517
54077,PJM,2029,12275.9808574125,0.20100603253222274,0.12170183677430702,0.17639797068862725,0.10947687776901095,0.024608061843595486,0.012224959005296063
54079,PJM,2029,21961.971986682503,0.14965619467769312,0.07254508818877706,0.0879909318845997,0.05207918691227869,0.06166526279309342,0.020465901276498367
54081,PJM,2029,28850.486562554164,0.2948944327262832,0.14841941373195147,0.20397466997649655,0.14110211556681404,0.09091976274978664,0.007317298165137431
54083,PJM,2029,10110.549346737502,0.18220278167372145,0.10402174055435515,0.16277299465988426,0.09567177149805042,0.019429787013837185,0.008349969056304724
54085,PJM,2029,3209.6026172,0.1401527398145925,0.055885226039232225,0.12566536512865767,0.0386470275459038,0.014487374685934834,0.017238198493328423
54087,PJM,2029,5395.543520345833,0.22688812849986392,0.13054976897178006,0.17351307104475489,0.10501301293467274,0.05337505745510904,0.02553675603710731
54089,PJM,2029,4735.803687308334,0.3029633683620467,0.1411235734864658,0.2305460993771795,0.10526695986737791,0.0724172689848672,0.035856613619087874
54091,PJM,2029,6501.4538977708335,0.15865898793248032,0.0801840555380098,0.1264394725824616,0.07098803426490663,0.03221951535001871,0.009196021273103164
54093,PJM,2029,2794.437782308333,0.17200218844305834,0.07812689472775584,0.1343394040377357,0.07382856336892415,0.03766278440532264,0.004298331358831689
54095,PJM,2029,2908.4020658625,0.13296721397779498,0.08793593307137491,0.12170485913342804,0.084973721587233,0.01126235484436694,0.0029622114841419134
54097,PJM,2029,9351.106407758332,0.16767051287276796,0.11051984792062149,0.156693375985718,0.09564730213452993,0.01097713688704996,0.014872545786091554
54099,PJM,2029,14611.889310808332,0.290263132717392,0.1446368790176492,0.19942163032883214,0.11962814861025665,0.09084150238855987,0.025008730407392557
54101,PJM,2029,2871.9898857041667,0.31413128130659573,0.15271884668126554,0.2689306682707187,0.13377328288563986,0.045200613035877024,0.018945563795625675
54103,PJM,2029,5684.012100529168,0.172615285964467,0.10792316320990776,0.11952039580591094,0.09093363190841569,0.05309489015855608,0.01698953130149207
54105,PJM,2029,2076.7978979833333,0.1501940271717779,0.07987398542057422,0.13628469730324144,0.058496723108991525,0.013909329868536463,0.021377262311582698
54107,PJM,2029,34818.539696006665,0.11361866608525183,0.06119128781874284,0.10168152377819897,0.05508495445851911,0.011937142307052853,0.006106333360223731
54109,PJM,2029,7352.608123954167,0.3129633466993692,0.1529425867149854,0.19039617280862803,0.12149697685704765,0.12256717389074118,0.03144560985793775
