county_fips,iso,year,total_units_counted,share_bench_gt6,share_bench_gt10,share_dc_gt6,share_dc_gt10,share_diff_gt6,share_diff_gt10
01089,CITY,2030,158041.78312081832,0.09123713651904035,0.03757349867686847,0.09021476128187614,0.02965576287010783,0.0010223752371642109,0.007917735806760636
05001,MISO,2030,6459.491017858333,0.2408676060070893,0.10912079779474128,0.19308113200821755,0.10140968459586451,0.04778647399887176,0.007711113198876768
05003,MISO,2030,7050.319913174999,0.3234334981926987,0.16331621923613837,0.29302595976558216,0.13760747919684538,0.03040753842711652,0.025708740039292993
05005,MISO,2030,18676.83298337083,0.22338650319010536,0.07360653012628972,0.1807018550689646,0.06943611377174232,0.042684648121140756,0.0041704163545474016
05009,MISO,2030,14760.545961116666,0.17556907493558915,0.07584710136055862,0.15656884833649917,0.07545062353754427,0.01900022659908998,0.0003964778230143573
05011,MISO,2030,3464.6187361875,0.31524175543127514,0.16905426030691795,0.2913952439042718,0.1533657436940301,0.023846511527003345,0.015688516612887837
05013,MISO,2030,1469.333236083333,0.19260958501732006,0.11323406472289893,0.19029085449577068,0.09892269632161906,0.002318730521549378,0.014311368401279875
05017,MISO,2030,3894.1840080541665,0.38529305840477807,0.23177512934992575,0.3636671700370255,0.19899780093888872,0.021625888367752588,0.03277732841103703
05019,MISO,2030,7735.691436825,0.1963268714205597,0.09322564651971064,0.16373702042699345,0.09051427771862061,0.03258985099356626,0.0027113688010900333
05021,MISO,2030,5960.521219045833,0.3072740564466426,0.11797514109919309,0.27619890730115937,0.11202776617289291,0.031075149145483205,0.005947374926300181
05023,MISO,2030,10473.382977425,0.23300420084513948,0.09720982724122457,0.1795717445686364,0.08384226655809993,0.05343245627650309,0.01336756068312464
05025,MISO,2030,2684.024265520833,0.3156463749182117,0.12866896219005866,0.28246515169932074,0.12855350038929142,0.03318122321889094,0.00011546180076724144
05027,MISO,2030,7669.765738129166,0.2245865934067409,0.1124882305311818,0.1992798461493366,0.09839152043165804,0.025306747257404283,0.014096710099523763
05029,MISO,2030,8218.630946899999,0.18632914981551202,0.09175628876904912,0.15716463843395687,0.07117606544156999,0.029164511381555153,0.020580223327479136
05031,MISO,2030,41869.983418129166,0.14892898580050248,0.0772426436984127,0.12131108621890603,0.07158358914492866,0.027617899581596453,0.005659054553484047
05035,MISO,2030,18346.199880426666,0.23210396761160051,0.10451159057407707,0.18769105132749625,0.0991251904670211,0.044412916284104265,0.005386400107055961
05037,MISO,2030,6454.8330351125005,0.2655104665847173,0.11517872131457474,0.23823816932171013,0.10720694922030193,0.027272297263007145,0.007971772094272814
05039,MISO,2030,2207.299146370833,0.258441031599829,0.11905044500819956,0.21419960917804584,0.10725178141428389,0.044241422421783166,0.011798663593915668
05041,MISO,2030,4388.7474376166665,0.32104475033754126,0.1656329101002582,0.27223561695555093,0.16188791026823504,0.04880913338199033,0.0037449998320231714
05043,MISO,2030,6673.7223832624995,0.29578789605119776,0.14287153475305062,0.22538505917525367,0.13418801326804844,0.07040283687594409,0.008683521485002177
05045,MISO,2030,46761.21858657584,0.14097976586501682,0.09233669478974063,0.1282258085696322,0.0783935339754462,0.012753957295384616,0.013943160814294434
05049,MISO,2030,4729.7905249791675,0.3282088972654528,0.16056438461740224,0.2960158248661552,0.09846043852411791,0.03219307239929764,0.06210394609328433
05051,MISO,2030,42042.13965917917,0.1554510576271837,0.07751064382467786,0.11867211337937987,0.07276844616865766,0.03677894424780383,0.0047421976560202
05053,MISO,2030,6674.6441586125,0.13790251572722137,0.0853071071447246,0.12462512279874367,0.07953350693085529,0.013277392928477696,0.005773600213869315
05055,MISO,2030,17315.8099432875,0.19497230669370172,0.08333016777952416,0.15980618979998673,0.07152843476413885,0.03516611689371499,0.011801733015385313
05059,MISO,2030,11744.49658625,0.19773609113740453,0.09586644645201994,0.17565205223108918,0.09403541572729651,0.022084038906315356,0.0018310307247234314
05063,MISO,2030,14030.427683962498,0.21391808917360217,0.10693018259776403,0.18446693702508363,0.09512056418075762,0.02945115214851854,0.01180961841700641
05065,MISO,2030,4783.789584029167,0.30348000439010286,0.14925856069658322,0.27487276607596767,0.13539744185061497,0.028607238314135197,0.013861118845968246
05067,MISO,2030,6008.4917644875,0.3385806437535919,0.142351889345499,0.323065228811167,0.131517858908264,0.015515414942424921,0.010834030437234993
05069,MISO,2030,23635.280538966665,0.2673217827629559,0.10646402385961189,0.20934148984770856,0.0990024148902685,0.05798029291524731,0.007461608969343392
05075,MISO,2030,6214.485309291667,0.2926421950646821,0.0990895065349917,0.22352097966286136,0.09495136144612171,0.06912121540182073,0.0041381450888699906
05077,MISO,2030,2500.593965225,0.4320599898746936,0.2410355164057727,0.38731811492348917,0.21259505354580807,0.04474187495120441,0.028440462859964627
05079,MISO,2030,3321.279749145833,0.31442399142034655,0.11372224250721562,0.2716999718528409,0.10215151206014923,0.042724019567505656,0.011570730447066385
05085,MISO,2030,27230.276562455838,0.12126568712175642,0.0782195215617097,0.09357034739212014,0.06898190436663436,0.02769533972963628,0.009237617195075348
05089,MISO,2030,7014.390231924999,0.2717353427268013,0.11366413719286758,0.22875749936315448,0.10271354855147685,0.042977843363646795,0.01095058864139073
05093,MISO,2030,14643.747071570833,0.35490968669161777,0.18934508420403476,0.3228398555143764,0.1813256384074062,0.03206983117724138,0.008019445796628555
05095,MISO,2030,2778.2094874666664,0.328114109013628,0.17470339166512908,0.29431999712751833,0.16135262017729507,0.033794111886109646,0.013350771487834007
05097,MISO,2030,3494.1762848749995,0.3272433056729913,0.13959984575590753,0.30398625410952856,0.12659805446917363,0.02325705156346275,0.0130017912867339
05099,MISO,2030,3082.8016972916666,0.5762737045541748,0.29683650236480197,0.49957418319311514,0.2629466474872453,0.07669952136105967,0.03388985487755669
05103,MISO,2030,8188.612995804167,0.22260104121273816,0.11538751462966276,0.2099831295261547,0.10475179985430429,0.012617911686583466,0.010635714775358476
05105,MISO,2030,3751.442242175,0.18172292025095552,0.10989458890153297,0.15907955041307936,0.09425022622410748,0.022643369837876154,0.0156443626774255
05107,MISO,2030,6046.003242866667,0.397568502894617,0.20061762537608166,0.3801173466942541,0.1936302808729435,0.01745115620036286,0.006987344503138149
05109,MISO,2030,3927.9709829208336,0.2724116263721304,0.14167543920335252,0.22977608934830496,0.1355210165603529,0.04263553702382544,0.0061544226429996185
05111,MISO,2030,8989.969893104168,0.3036525650230231,0.15643275074299573,0.2680344725725931,0.15148139949449924,0.03561809245043002,0.004951351248496494
05115,MISO,2030,23288.075404625,0.14636053614402225,0.057929724930650205,0.11492462442270522,0.055888744352822206,0.03143591172131703,0.0020409805778279985
05117,MISO,2030,3271.3852229500003,0.2169471474971508,0.10096461620305736,0.17426427528461072,0.08891274663923784,0.04268287221254008,0.012051869563819512
05119,MISO,2030,165203.6804400733,0.14612561397620816,0.09906107473431704,0.13446972297720688,0.0829254579012105,0.011655890999001273,0.016135616833106534
05121,MISO,2030,7016.4738577125,0.2706795665484523,0.08228712019801714,0.19250088636264734,0.07562054191818539,0.07817868018580498,0.0066665782798317474
05123,MISO,2030,7820.5583994875005,0.29908720199772204,0.16097252033062395,0.2807845409758594,0.1405428116601872,0.01830266102186262,0.020429708670436753
05125,MISO,2030,47351.23121746917,0.10663929276138369,0.056158010400772146,0.07083226516848456,0.05107587811376163,0.035807027592899124,0.005082132287010516
05129,MISO,2030,2915.542182875,0.2863851318276278,0.11786376693418593,0.2302250963763349,0.10761647976561578,0.05616003545129292,0.010247287168570152
05135,MISO,2030,6794.768088345833,0.2940111846497682,0.11660828832416505,0.2742466673059747,0.10724725610758921,0.01976451734379353,0.009361032216575832
05137,MISO,2030,4707.7088945333335,0.3718490005526413,0.15274086434715975,0.3131592156217299,0.13838512180482782,0.058689784930911426,0.014355742542331934
05139,MISO,2030,14633.797777129166,0.24357617566216866,0.1249355013110959,0.21472797469898808,0.11734165639606109,0.02884820096318058,0.007593844915034814
05141,MISO,2030,6721.658807479167,0.26832850379157297,0.11976334506088535,0.225045172901271,0.11185206294874808,0.04328333089030198,0.007911282112137263
05145,MISO,2030,28255.80070574167,0.1696739137573778,0.08095093590072545,0.1504112645100948,0.0735223442077869,0.01926264924728302,0.007428591692938552
05147,MISO,2030,2580.8743789666664,0.2952135336884887,0.12000847863454533,0.21837549105831383,0.10282118048996838,0.07683804263017485,0.01718729814457695
05149,MISO,2030,7513.4095315333325,0.12636370197715582,0.06535365067639154,0.11558506577265412,0.058018418333645454,0.010778636204501701,0.0073352323427460855
04013,CITY,2030,1662605.5743934107,0.08456308792940316,0.04957425004403427,0.08398298443335686,0.04454981161491008,0.0005801034960462997,0.005024438429124187
06001,CAISO,2030,586197.7406258592,0.04502385411997762,0.004373423925691045,0.02201346982760772,0.003940624085152945,0.0230103842923699,0.00043279984053810026
06005,CAISO,2030,15407.1254360475,0.12754738328457013,0.07455017003632529,0.09029572498839174,0.07315346605958484,0.037251658296178394,0.0013967039767404515
06007,CAISO,2030,81651.7082896225,0.1320914691794935,0.07290538840003967,0.10367413941842427,0.06490339736883825,0.028417329761069227,0.008001991031201416
06009,CAISO,2030,16787.082342531667,0.12168370757771621,0.08263536438612565,0.09836534152799291,0.06748399240794771,0.023318366049723302,0.015151371978177938
06011,CAISO,2030,7150.753157634999,0.10265019861795013,0.05974992125509782,0.08787771811873928,0.0438900695041798,0.014772480499210858,0.015859851750918023
06013,CAISO,2030,408579.85062627494,0.06845748823974096,0.014803144467856149,0.053407005518690806,0.004046232493520208,0.015050482721050154,0.010756911974335941
06017,CAISO,2030,73033.55126193333,0.08326492347327887,0.05157309815611942,0.07939990795736039,0.046154043801307845,0.003865015515918474,0.0054190543548115755
06019,CAISO,2030,315364.80364871165,0.13474599841139492,0.08659568371160369,0.11871068779778136,0.06716334575096676,0.01603531061361356,0.019432337960636925
06021,CAISO,2030,9416.891284420833,0.12011072602390824,0.0693876142111429,0.09589903194821067,0.05491032218850436,0.024211694075697565,0.014477292022638533
06023,CAISO,2030,52952.84376251249,0.1195003444372885,0.07219796640794116,0.1065863739945129,0.06590018173190666,0.012913970442775605,0.006297784676034493
06027,CAISO,2030,7326.757354973333,0.19409017154108313,0.10425917566108801,0.16217267754883785,0.1024006610874583,0.03191749399224528,0.0018585145736297187
06029,CAISO,2030,275292.02611788665,0.1498749392033913,0.11560929254906463,0.13332789092010092,0.09973971250904916,0.016547048283290372,0.01586958004001547
06031,CAISO,2030,42520.36034568334,0.10046117963546745,0.06510890896544468,0.0907459280531682,0.058102979733468105,0.009715251582299259,0.007005929231976571
06033,CAISO,2030,25597.30602067333,0.20192209097735767,0.09361024154728491,0.16511441746746844,0.08151905748039383,0.03680767350988923,0.01209118406689108
06037,CAISO,2030,3363982.2006075103,0.06939722257001751,0.01711102399679113,0.059578277367843165,0.013301978898488893,0.00981894520217435,0.003809045098302235
06039,CAISO,2030,42316.030875575,0.12398031165209195,0.07578345206125363,0.0982246968252593,0.05501901541972923,0.02575561482683264,0.0207644366415244
06041,CAISO,2030,140776.1263676975,0.05078232551976983,0.0041351982159212,0.04491782541570409,0.003799025424735545,0.005864500104065737,0.0003361727911856548
06043,CAISO,2030,7333.61498464,0.17859475531870003,0.07992156062791157,0.16151403306884654,0.06389083636601639,0.01708072224985349,0.016030724261895182
06045,CAISO,2030,33273.861457286665,0.16448779493329388,0.07605497278096887,0.12291923351683394,0.05851366894038775,0.04156856141645994,0.01754130384058112
06047,CAISO,2030,81462.55258348917,0.11682503569424993,0.07506001778297622,0.09368139341517627,0.059009372842509726,0.02314364227907366,0.016050644940466492
06051,CAISO,2030,4861.880706630834,0.11114113278455702,0.06187090242254285,0.10899265439893546,0.061141224000947354,0.002148478385621558,0.0007296784215954991
06053,CAISO,2030,129885.58964476583,0.03773336812010874,0.009922034296231876,0.024550497117908472,0.00914248175353957,0.013182871002200267,0.0007795525426923054
06055,CAISO,2030,48369.2942781575,0.060230881514272167,0.025944925876767146,0.04267833329020062,0.019979521586791806,0.017552548224071547,0.005965404289975339
06057,CAISO,2030,40054.44241428583,0.1472598997780898,0.07126245900896518,0.11912191378552087,0.058593505880085425,0.02813798599256892,0.01266895312887975
06059,CAISO,2030,1078133.9799292367,0.05507936476777537,0.01269671046407126,0.049819788891296145,0.012173084536456597,0.005259575876479225,0.0005236259276146637
06061,CAISO,2030,150960.93213538418,0.05977992191302013,0.05136254302070899,0.05592000164665771,0.03574130646354598,0.003859920266362421,0.015621236557163007
06063,CAISO,2030,7820.630048084166,0.24804675894881587,0.09618204214496359,0.2065054050342312,0.08554452526831763,0.04154135391458466,0.010637516876645964
06065,CAISO,2030,747442.17556431,0.10385887768960372,0.06810902751730646,0.09854116309529751,0.06462301349629833,0.0053177145943062165,0.0034860140210081353
06069,CAISO,2030,19439.482163785833,0.04089671758837832,0.014827838732435194,0.030588297514995706,0.012458362683026396,0.010308420073382611,0.002369476049408797
06071,CAISO,2030,656677.2199618391,0.11173073394772814,0.08128710734259009,0.1091608952251468,0.07239491748386315,0.002569838722581347,0.008892189858726945
06073,CAISO,2030,1151147.260543026,0.050151990421404606,0.007861493855493059,0.048320709350983114,0.007861205881911084,0.0018312810704214921,2.879735819753121e-07
06075,CAISO,2030,459497.1048350375,0.005620501322401524,0.001459203379980774,0.0025398452497155835,0.0007147849857536012,0.0030806560726859404,0.0007444183942271727
06077,CAISO,2030,235130.40730529997,0.08988422610761418,0.06487367029758116,0.0820532677852216,0.05325004068944641,0.007830958322392584,0.011623629608134754
06079,CAISO,2030,106464.99714421,0.05626946536987532,0.010771153149800261,0.042408179211451534,0.009050468329306064,0.013861286158423788,0.001720684820494197
06081,CAISO,2030,382661.7877212617,0.011964867288678427,0.0016141678582844642,0.010666001978331032,0.0006136277114706531,0.001298865310347395,0.0010005401468138112
06083,CAISO,2030,148875.68897707833,0.04799840724738389,0.00903198632298988,0.025194521932674317,0.005292060086595486,0.022803885314709574,0.003739926236394394
06085,CAISO,2030,782531.4141694943,0.022491721031515397,0.001431807884393316,0.020232156625268418,0.0012758434983251488,0.002259564406246979,0.0001559643860681672
06087,CAISO,2030,101965.98027766668,0.04723572858652672,0.015105041710995177,0.03398794944893396,0.008044887876406124,0.013247779137592758,0.007060153834589054
06089,CAISO,2030,69760.9470298175,0.15503173170578768,0.08781318215581702,0.13071061997265035,0.07488883569291761,0.024321111733137335,0.012924346462899403
06095,CAISO,2030,153032.49048607083,0.06976242773789747,0.03357758376780371,0.05598689450767221,0.025781497307924825,0.013775533230225255,0.007796086459878886
06097,CAISO,2030,187467.15669390082,0.06098306785798413,0.032319421771478334,0.05649048278938903,0.014819397839161442,0.004492585068595102,0.017500023932316894
06101,CAISO,2030,32149.185855298332,0.088991508717817,0.04752948685567329,0.08073553032781501,0.04208000121337586,0.008255978390001986,0.005449485642297434
06103,CAISO,2030,24065.820242534166,0.15066451871376246,0.09621972835828,0.13113229318105948,0.07425758223298295,0.01953222553270298,0.02196214612529704
06107,CAISO,2030,138863.07986697168,0.17214459992387304,0.10232621763050542,0.14348349883897532,0.08948677876813459,0.028661101084897722,0.012839438862370836
06109,CAISO,2030,22172.969592025,0.13202227613283746,0.07365742593686767,0.1216408278708152,0.06624538012731084,0.010381448262022253,0.00741204580955683
06111,CAISO,2030,274917.98054455995,0.05687679977337423,0.01707180046514254,0.05518311284993492,0.015292014602473732,0.001693686923439311,0.0017797858626688087
06113,CAISO,2030,74453.37871047584,0.08601234999167717,0.03134835431189013,0.07145149670344178,0.02160519850964132,0.014560853288235392,0.009743155802248805
06115,CAISO,2030,26616.08514604417,0.12727982812234995,0.05500358766395257,0.1003190701901933,0.045435351662892254,0.026960757932156645,0.00956823600106032
11001,PJM,2030,313307.97592506,0.12879842607786707,0.05231819692890314,0.09695489267230083,0.03101421513242145,0.03184353340556624,0.02130398179648169
12086,CITY,2030,950441.7853134791,0.11841400879528496,0.04729613559743375,0.11841400879528496,0.04729613559743375,0.0,0.0
13097,CITY,2030,49488.96469927333,0.09167419381823554,0.07556507035574021,0.08910141890217693,0.07544526384865266,0.002572774916058604,0.00011980650708755258
13121,CITY,2030,448315.02978912415,0.11280674351776669,0.06672720939799368,0.11206849547927834,0.06242644832066169,0.0007382480384883483,0.004300761077331988
19001,MISO,2030,3193.9921721125,0.3388077195346626,0.1430842083621643,0.3181954806971694,0.1386080255556347,0.02061223883749319,0.004476182806529588
19003,MISO,2030,1506.5505336749998,0.22648061715926454,0.12368604261404174,0.21145498003944793,0.11475425452204699,0.01502563711981661,0.008931788091994755
19005,MISO,2030,5756.922564621667,0.24910849965883564,0.10437618802986665,0.2081476660317761,0.07534506292283938,0.040960833627059545,0.029031125107027267
19007,MISO,2030,4948.4480451375,0.3066148289479192,0.1288250501083355,0.2999554489885706,0.12105031261641863,0.006659379959348566,0.007774737491916872
19009,MISO,2030,2498.835012108333,0.3227370032947458,0.14959416708999618,0.27987301673528037,0.1301703354505283,0.04286398655946544,0.01942383163946787
19011,MISO,2030,9951.95766387,0.15453790955925398,0.0800553705340207,0.15319348117120182,0.07371146496431168,0.0013444283880521546,0.006343905569709027
19013,MISO,2030,52311.450991503334,0.08938666654031427,0.05907099660362903,0.08938666654031427,0.054737606739585325,0.0,0.004333389864043705
19015,MISO,2030,10642.453409129168,0.09199961506895456,0.04686383541165788,0.08408473825968327,0.03969418166109065,0.00791487680927129,0.007169653750567231
19017,MISO,2030,9367.821028923332,0.13445807321603298,0.06026343487387807,0.1303738534442343,0.058435047360163084,0.0040842197717986806,0.001828387513714988
19019,MISO,2030,7865.943378248334,0.13224935951568678,0.0658178888084781,0.13184069280883562,0.05823057021169835,0.0004086667068511629,0.007587318596779746
19021,MISO,2030,7353.454164331666,0.09404449245094144,0.043311764725688394,0.09304480574737967,0.040863944137194116,0.000999686703561778,0.0024478205884942775
19023,MISO,2030,5730.949974016667,0.19397865589071253,0.09480438571790029,0.173798474154523,0.07670577316292615,0.020180181736189517,0.018098612554974136
19025,MISO,2030,3808.955806745,0.2144177499518597,0.08637261456908568,0.19641258807734058,0.08070898514862032,0.018005161874519116,0.00566362942046536
19027,MISO,2030,8569.046708908332,0.16799750223616927,0.0699267133881302,0.15748275718314048,0.06954970009990666,0.010514745053028796,0.00037701328822353775
19029,MISO,2030,5647.117060671666,0.2934476218008311,0.11268030823548217,0.285701476388338,0.11190171178480454,0.007746145412493133,0.0007785964506776266
19031,MISO,2030,7380.572937450001,0.1469195006585506,0.06116375190821354,0.14442991845663714,0.05480477911602603,0.002489582201913476,0.006358972792187514
19033,MISO,2030,18881.69574681917,0.15967292999850885,0.06513341749696987,0.15855438240353317,0.06377254171311297,0.0011185475949756774,0.0013608757838568936
19035,MISO,2030,5061.64134519,0.1420366896852928,0.0749182521825699,0.14065932021106908,0.07085306059976043,0.0013773694742237053,0.004065191582809463
19037,MISO,2030,4853.718021243334,0.19029332487745174,0.07437368894252232,0.17522646595131244,0.07383877529722264,0.015066858926139293,0.0005349136452996728
19039,MISO,2030,3683.5561754608334,0.25206403296369995,0.15175504458859868,0.23873334906450386,0.14559861761745405,0.013330683899196089,0.0061564269711446296
19041,MISO,2030,6999.421007154167,0.2015123032483707,0.0680515912849288,0.1829249323776911,0.06794658602817273,0.018587370870679576,0.00010500525675606609
19043,MISO,2030,7151.523380911667,0.23177886487620325,0.10535225472417047,0.20557601325857885,0.07278012869224267,0.026202851617624395,0.0325721260319278
19045,MISO,2030,18489.533118716667,0.1300556558866428,0.07435151608398667,0.12682049730763673,0.07378978929871234,0.003235158579006081,0.0005617267852743302
19047,MISO,2030,5956.947536412499,0.26787079338766284,0.11792950060693426,0.2631063385926781,0.116293037243708,0.004764454794984718,0.0016364633632262593
19049,MISO,2030,38727.0949427975,0.0427268734331416,0.01954008547224904,0.04137809642562734,0.019319303290868554,0.0013487770075142555,0.00022078218138048625
19051,MISO,2030,3069.8355934375004,0.18217004137685988,0.1059991098043228,0.1755200379373791,0.09780025509894215,0.006650003439480773,0.008198854705380648
19053,MISO,2030,2982.9013591858334,0.2847759736156752,0.17570599288932595,0.2700180541643879,0.16655768760059583,0.014757919451287294,0.009148305288730119
19055,MISO,2030,6926.360256900833,0.13804564772178915,0.07348006119273488,0.13569224688372372,0.0726592261092095,0.002353400838065428,0.0008208350835253869
19057,MISO,2030,16603.724540199997,0.1546319442441742,0.11278605986943878,0.15252937366146288,0.10621799156458563,0.0021025705827113217,0.006568068304853153
19059,MISO,2030,8076.162193749167,0.12352446544200957,0.05112768996140155,0.1151522401478387,0.05092436318803995,0.008372225294170865,0.00020332677336160065
19061,MISO,2030,38674.36023221667,0.10518127586619372,0.06422255935077187,0.10234471416636719,0.06318182385422262,0.0028365616998265314,0.0010407354965492471
19063,MISO,2030,3723.5945551833333,0.24748599147890513,0.10027478633208756,0.24316614745186355,0.09933030092033103,0.0043198440270415805,0.0009444854117565266
19065,MISO,2030,8063.283419083334,0.26497580312899727,0.13177018489809236,0.2513341990454375,0.12907176686301433,0.013641604083559744,0.002698418035078032
19067,MISO,2030,6434.938304494999,0.15412810552519635,0.08060677411328186,0.15325412667196142,0.08039636525838202,0.0008739788532349246,0.00021040885489984062
19069,MISO,2030,4011.243871820833,0.2728071138086726,0.11652502694951512,0.25453578712331765,0.11652502694951512,0.01827132668535497,0.0
19071,MISO,2030,2689.836087641667,0.14044051920943337,0.05622268208020257,0.1377853299870069,0.05352541772519831,0.0026551892224264684,0.00269726435500426
19073,MISO,2030,3807.4497336266663,0.24213444977320622,0.11431868461606827,0.23467503892728012,0.09887044520123707,0.007459410845926107,0.0154482394148312
19075,MISO,2030,4992.340281999166,0.20090924731964563,0.06710967784765463,0.194266618394609,0.06526176813436234,0.006642628925036642,0.001847909713292295
19077,MISO,2030,4468.077056948333,0.28762382413925186,0.15197342593626598,0.2636358775112969,0.15197342593626598,0.023987946627954948,0.0
19079,MISO,2030,5989.22493403,0.2575381363345214,0.08528394313140376,0.2495140073318511,0.0844030744762031,0.008024129002670272,0.0008808686552006645
19081,MISO,2030,4428.295769292499,0.20784913085959478,0.10593152691314321,0.2058809813407806,0.09446810495361355,0.0019681495188141884,0.011463421959529665
19083,MISO,2030,6926.159841225833,0.24845693368574737,0.11025981795560755,0.2360487072873141,0.10990949078216326,0.012408226398433253,0.0003503271734442842
19085,MISO,2030,5862.3108993000005,0.2004935733000807,0.07886629954270645,0.1661827655830504,0.07886629954270645,0.034310807717030295,0.0
19087,MISO,2030,7396.6231464625,0.174677976898655,0.08193198921769697,0.1594535268879061,0.07826004891640023,0.015224450010748902,0.003671940301296736
19089,MISO,2030,3555.410977683334,0.24127318801194758,0.12854621697099333,0.21763539596460058,0.1278341872602538,0.023637792047347006,0.0007120297107395257
19091,MISO,2030,4164.4668065000005,0.16628034633189478,0.09226408716604088,0.13151612175360486,0.09191940918763569,0.034764224578289926,0.00034467797840519176
19093,MISO,2030,2970.882855070833,0.15364842278562899,0.08367539872528552,0.14727411811801916,0.0812686253354174,0.006374304667609826,0.002406773389868125
19095,MISO,2030,6514.240270395832,0.17427788140074474,0.06440297381977088,0.16933247844028934,0.06132162296057899,0.004945402960455397,0.003081350859191888
19097,MISO,2030,7892.528724070833,0.15656898885593165,0.09057479777845123,0.15575013038535182,0.08864294544910858,0.0008188584705798307,0.0019318523293426482
19099,MISO,2030,14288.030765910833,0.09763842547428433,0.05766640817693832,0.09378773052701884,0.05732467185138513,0.00385069494726549,0.0003417363255531908
19101,MISO,2030,6579.557378854166,0.24044485863786833,0.12448807802797458,0.2182837975095599,0.12078247085774788,0.02216106112830843,0.0037056071702267074
19103,MISO,2030,59600.63231272083,0.062050971564927386,0.017299836154030173,0.046091950351400415,0.017186961512621973,0.01595902121352697,0.00011287464140819978
19105,MISO,2030,7732.309341340833,0.15671323572997925,0.09026554763077232,0.1500497177973493,0.07270201889291185,0.006663517932629953,0.017563528737860476
19107,MISO,2030,4022.2128164391665,0.31652304132233505,0.14152379692304362,0.29516404555126535,0.14109868366374237,0.0213589957710697,0.0004251132593012519
19109,MISO,2030,6217.297858424166,0.26536019360799346,0.11567225517200494,0.2486125257717836,0.11565913049921972,0.016747667836209845,1.3124672785219671e-05
19111,MISO,2030,13838.460774424999,0.15227681286457184,0.09915128502953119,0.14938599309286724,0.09408667845882111,0.002890819771704606,0.005064606570710076
19113,MISO,2030,92234.9682831625,0.07447672537651503,0.03412398473406565,0.06693668717581934,0.03300845913769829,0.007540038200695695,0.0011155255963673644
19115,MISO,2030,4002.869632358333,0.18082195284221508,0.10034270389249686,0.17648040106907847,0.09753190589671723,0.004341551773136609,0.002810797995779629
19117,MISO,2030,3495.3714277283334,0.28345319512884437,0.12226017595295569,0.27684901474373746,0.1216476920407501,0.006604180385106906,0.0006124839122055858
19119,MISO,2030,4358.6488735933335,0.2956237649853539,0.12096646766103471,0.2886452226423861,0.10804134340758936,0.006978542342967797,0.012925124253445344
19121,MISO,2030,6330.657835554166,0.1258248953905023,0.05990983303240449,0.10954336710532835,0.05944088168846567,0.016281528285173943,0.00046895134393882404
19123,MISO,2030,8646.124434914167,0.14058601424875283,0.06958773184901232,0.1276363603520458,0.06339492938284412,0.01294965389670702,0.0061928024661681985
19125,MISO,2030,12901.031590516666,0.12878032422309807,0.06576583074872189,0.12603930063373944,0.053216899787340025,0.0027410235893586266,0.012548930961381863
19127,MISO,2030,14703.392720484166,0.16478454180733806,0.08260346990366857,0.16149791035655667,0.07891152601264809,0.0032866314507813965,0.0036919438910204827
19129,MISO,2030,5145.318319035,0.09026044397264192,0.03828541049985264,0.08142736870267028,0.03652322214962817,0.008833075269971638,0.0017621883502244653
19131,MISO,2030,4418.491638785834,0.2560501390326769,0.12052744876107548,0.22121447705121328,0.11937292655560436,0.03483566198146365,0.0011545222054711174
19133,MISO,2030,3772.80232529,0.17527369930608205,0.08072036616020987,0.17502531629546994,0.07917472461919653,0.0002483830106121132,0.0015456415410133456
19135,MISO,2030,2958.9371419,0.22951662373737292,0.11162979820277744,0.22119515225087288,0.11105210388732163,0.008321471486500032,0.000577694315455804
19137,MISO,2030,4378.322850708333,0.1383686744739839,0.09607222264387125,0.13769270029370595,0.09284390468241409,0.0006759741802779551,0.0032283179614571583
19139,MISO,2030,16598.72085411667,0.10250187714312338,0.05513404758147561,0.10047305794011745,0.05476909560395635,0.0020288192030059327,0.00036495197751926223
19141,MISO,2030,5471.7526595966665,0.1476683677418927,0.07521294689277906,0.13233695635681553,0.07147454478759793,0.015331411385077182,0.0037384021051811295
19143,MISO,2030,2571.9474435916663,0.34791704322907857,0.10664879696127061,0.3279634639217451,0.10617280416715258,0.01995357930733349,0.00047599279411802975
19145,MISO,2030,5945.947354387499,0.14917185155709603,0.07585949985001127,0.14723203521033862,0.07345812591428948,0.0019398163467574114,0.00240137393572179
19147,MISO,2030,3555.418396299167,0.15379882680732704,0.07098383283625147,0.14349241080207084,0.07098383283625147,0.010306416005256197,0.0
19149,MISO,2030,9826.32694981,0.1003877637832999,0.055223818438468075,0.09496745259662298,0.030158181193777264,0.005420311186676921,0.02506563724469081
19151,MISO,2030,3056.4066516908333,0.22758918400801958,0.09261090031466977,0.2211259622751048,0.08926088492072046,0.006463221732914776,0.0033500153939493155
19153,MISO,2030,195895.70377844418,0.05087342272287896,0.013150483680669348,0.049942946617562455,0.008347493692363475,0.000930476105316505,0.0048029899883058735
19155,MISO,2030,36287.03382602,0.1043596746288632,0.053097922821908686,0.10233183771216169,0.04985832978810978,0.0020278369167015114,0.003239593033798907
19157,MISO,2030,7419.507041704167,0.20843139568483132,0.09975427578833711,0.17952345250025248,0.09975427578833711,0.028907943184578844,0.0
19159,MISO,2030,1808.17678674,0.261112453591753,0.12113189560217541,0.24618064302267822,0.0850872495662981,0.014931810569074777,0.036044646035877315
19161,MISO,2030,4151.319331815001,0.16115371154849367,0.0809740974474811,0.16012083789822884,0.07909098430316362,0.0010328736502648317,0.0018831131443174803
19163,MISO,2030,69410.50060869167,0.07200546998325234,0.037890363428488755,0.06925937616298294,0.03407313898583976,0.002746093820269399,0.003817224442648995
19165,MISO,2030,4879.281450329167,0.25679729206448443,0.11456996320102707,0.24113789919906314,0.1145355849286576,0.015659392865421284,3.437827236946189e-05
19167,MISO,2030,12140.2536764675,0.12117392226502856,0.0663992381665967,0.10853471208657085,0.05918597960679031,0.012639210178457705,0.007213258559806382
19169,MISO,2030,37117.20284699084,0.108147701607866,0.05951497703804181,0.10700530614841296,0.04454243074216555,0.0011423954594530494,0.014972546295876257
19171,MISO,2030,6619.036125834166,0.26678658882652484,0.13504495453618887,0.2524865892925184,0.13338746466534296,0.014299999534006458,0.0016574898708459074
19173,MISO,2030,2396.5139848,0.26395040129762626,0.11444090791019866,0.2530061379573386,0.10684955276251806,0.010944263340287641,0.007591355147680598
19175,MISO,2030,4890.497120233333,0.26429271737409765,0.09882047672935589,0.2510509044020093,0.0981491327815699,0.013241812972088374,0.0006713439477859795
19177,MISO,2030,2746.9208525833333,0.33063316105347473,0.1735274653600063,0.3018998302432918,0.1567890106073843,0.028733330810182922,0.016738454752622006
19179,MISO,2030,13710.180649156666,0.21719718816687048,0.1048210491187121,0.18389673186448882,0.10231225196666417,0.033300456302381654,0.002508797152047923
19181,MISO,2030,19285.782274384997,0.08849182804699528,0.04721843256147476,0.08593944477834356,0.04249035367399765,0.0025523832686517173,0.004728078887477109
19183,MISO,2030,8717.926417358332,0.11080014420229879,0.062002406613237165,0.1053818460422439,0.060324717190148584,0.005418298160054888,0.001677689423088581
19185,MISO,2030,2494.207823693333,0.2832660487270346,0.11171278850936893,0.2621112202792586,0.10803565450598861,0.021154828447775997,0.0036771340033803224
19187,MISO,2030,15140.735243213332,0.14223812264370203,0.060456184185768834,0.10953467466361706,0.0581285849796825,0.03270344798008497,0.002327599206086335
19189,MISO,2030,4435.345312133333,0.24419892572258578,0.11419715051747484,0.2274245445198105,0.11229907957653366,0.016774381202775274,0.001898070940941174
19191,MISO,2030,8069.707902095,0.19290055456158955,0.07645984960762747,0.181785936232379,0.06650339525907854,0.011114618329210568,0.00995645434854893
19193,MISO,2030,38908.18087979416,0.09435733240859129,0.04493173331480227,0.08971761126669171,0.04493173331480227,0.004639721141899575,0.0
19195,MISO,2030,3150.8684884241666,0.20891577288903285,0.08660593892817253,0.20208670976805987,0.08621913763688488,0.006829063120972978,0.00038680129128765284
19197,MISO,2030,5300.012526961666,0.18697638167120142,0.07146801838104529,0.16191631687305133,0.07131234233390339,0.025060064798150095,0.00015567604714189498
17001,MISO,2030,26822.3870105325,0.15796390517780584,0.07755541219665303,0.15796390517780584,0.07755541219665303,0.0,0.0
17003,MISO,2030,1660.5668982308334,0.5359276558398893,0.3149535974635362,0.5359276558398893,0.3149535974635362,0.0,0.0
17005,MISO,2030,6107.751612714167,0.17526499030019246,0.08916675287673001,0.17526499030019246,0.08916675287673001,0.0,0.0
17007,PJM,2030,18281.08847431167,0.08102457256468723,0.052401743850543324,0.06867828097348964,0.047797807412808736,0.012346291591197586,0.004603936437734588
17009,MISO,2030,2014.51421517,0.17830160110983487,0.07685920089355171,0.17830160110983487,0.07685920089355171,0.0,0.0
17011,MISO,2030,13690.881273222501,0.204194059838778,0.09626831988659672,0.204194059838778,0.09626831988659672,0.0,0.0
17013,MISO,2030,1176.8719189316666,0.2159877134073181,0.09604001437636141,0.2159877134073181,0.09604001437636141,0.0,0.0
17015,PJM,2030,6165.398735520834,0.18429796361416434,0.08198988637658057,0.13919390696188333,0.07865734415483824,0.04510405665228101,0.0033325422217423267
17017,MISO,2030,4911.1977952975,0.17389622150549106,0.11243637743024698,0.17389622150549106,0.11243637743024698,0.0,0.0
17019,MISO,2030,80560.12149991667,0.1738258733839172,0.10279282543063482,0.1738258733839172,0.10279282543063482,0.0,0.0
17021,MISO,2030,13278.740522779166,0.18084875606114523,0.09874337284416206,0.18084875606114523,0.09874337284416206,0.0,0.0
17023,MISO,2030,6302.749188533333,0.1925434698603955,0.0686905742556997,0.1925434698603955,0.0686905742556997,0.0,0.0
17025,MISO,2030,5374.900578375,0.34890893393873285,0.19097207061214078,0.34890893393873285,0.19097207061214078,0.0,0.0
17027,MISO,2030,14365.250226815831,0.1145699638219234,0.061662218719179915,0.1145699638219234,0.061662218719179915,0.0,0.0
17029,MISO,2030,19991.86584141,0.1742706470732105,0.07842847399502237,0.1742706470732105,0.07842847399502237,0.0,0.0
17031,PJM,2030,2062011.4190941264,0.12552342966241672,0.06985606756957118,0.11839343222222527,0.06199167304074143,0.007129997440191452,0.007864394528829748
17033,MISO,2030,7382.795641805833,0.2105514368246524,0.10261921553807046,0.2105514368246524,0.10261921553807046,0.0,0.0
17035,MISO,2030,4027.260827270834,0.1520440062019243,0.08898917922073922,0.1520440062019243,0.08898917922073922,0.0,0.0
17037,PJM,2030,38173.533714445,0.12232671243948327,0.08341340948921443,0.11763509158995133,0.07478927740171464,0.004691620849531938,0.008624132087499792
17039,MISO,2030,6594.475965108334,0.1533870428115789,0.07740643036320692,0.1533870428115789,0.07740643036320692,0.0,0.0
17041,MISO,2030,7443.014766884167,0.16199674354722815,0.0682591180635734,0.16199674354722815,0.0682591180635734,0.0,0.0
17043,PJM,2030,346636.3820633292,0.04805112810618637,0.029745097573017982,0.045109683431099196,0.02794384933910949,0.002941444675087175,0.0018012482339084916
17045,MISO,2030,7450.795874725,0.19809936746515378,0.10339334185760388,0.19809936746515378,0.10339334185760388,0.0,0.0
17047,MISO,2030,2559.8595359366664,0.1473484358938925,0.09065737250113776,0.1473484358938925,0.09065737250113776,0.0,0.0
17049,MISO,2030,13902.61393332083,0.09805982605448982,0.05663424430779643,0.09805982605448982,0.05663424430779643,0.0,0.0
17051,MISO,2030,7585.0859734825,0.18254664515019084,0.11391971819546491,0.18254664515019084,0.11391971819546491,0.0,0.0
17053,MISO,2030,5555.675413168334,0.20299869863140535,0.09444255277939426,0.20299869863140535,0.09444255277939426,0.0,0.0
17055,MISO,2030,15858.620901304168,0.23344414130805974,0.13847684252729714,0.23344414130805974,0.13847684252729714,0.0,0.0
17057,MISO,2030,13840.230393375,0.17188547067356436,0.09556953096386422,0.17188547067356436,0.09556953096386422,0.0,0.0
17059,MISO,2030,2130.1405579616667,0.22144940486449446,0.14507253953421717,0.22144940486449446,0.14507253953421717,0.0,0.0
17061,MISO,2030,4472.67277964,0.28558107864483867,0.12110184519808831,0.28558107864483867,0.12110184519808831,0.0,0.0
17063,PJM,2030,19886.960108770832,0.05857681791629042,0.030554474726482296,0.05425640431561615,0.029735440097212018,0.004320413600674269,0.000819034629270278
17065,MISO,2030,3182.7426590333334,0.23428687835299591,0.11188865506377206,0.23428687835299591,0.11188865506377206,0.0,0.0
17067,MISO,2030,7414.223594595833,0.24386317001794733,0.09245750365605676,0.24386317001794733,0.09245750365605676,0.0,0.0
17069,MISO,2030,1470.2696296333334,0.13661467764822524,0.07253046936698804,0.13661467764822524,0.07253046936698804,0.0,0.0
17071,MISO,2030,2708.118064745833,0.16594026425401678,0.051258158567898865,0.16594026425401678,0.051258158567898865,0.0,0.0
17073,MISO,2030,19956.843237517496,0.110314255780633,0.07522417100947662,0.10644271464661657,0.07496193494566729,0.003871541134016429,0.00026223606380933184
17075,MISO,2030,11094.799559195,0.18320576758899226,0.09066004500284529,0.18320576758899226,0.09066004500284529,0.0,0.0
17077,MISO,2030,22722.225898830002,0.1839704897991638,0.08732385852951004,0.1839704897991638,0.08732385852951004,0.0,0.0
17079,MISO,2030,3593.4476463216665,0.17063989703156995,0.0874878558045251,0.17063989703156995,0.0874878558045251,0.0,0.0
17081,MISO,2030,14594.887241395001,0.18547953560822364,0.09371981571478914,0.18547953560822364,0.09371981571478914,0.0,0.0
17083,MISO,2030,7687.279900851667,0.13277462480761065,0.08492042945463835,0.13277462480761065,0.08492042945463835,0.0,0.0
17085,PJM,2030,9865.557352065,0.13592550759901875,0.06830436205332938,0.11862313951426609,0.06747820273705309,0.017302368084752662,0.0008261593162762898
17087,MISO,2030,4071.420646796667,0.12388428078992753,0.0790633194038219,0.12388428078992753,0.0790633194038219,0.0,0.0
17089,PJM,2030,180280.96191613498,0.07497725694716618,0.04012366516334268,0.0725159338431044,0.032279635304968024,0.0024613231040617883,0.007844029858374658
17091,PJM,2030,39542.58158577417,0.14365361223760512,0.0952444502966712,0.12202760874636327,0.08133322334823731,0.021626003491241844,0.013911226948433886
17093,PJM,2030,43071.48295960833,0.06099218872461955,0.0287757578255579,0.057756020939179836,0.026570138388467973,0.0032361677854397114,0.0022056194370899257
17095,MISO,2030,20418.920608480003,0.2231002666914451,0.11295810592882737,0.2231002666914451,0.11295810592882737,0.0,0.0
17097,PJM,2030,252830.35704764916,0.0784076988818756,0.04873022742036225,0.0759772542294921,0.04625162235561563,0.0024304446523834983,0.0024786050647466196
17099,PJM,2030,44124.492720480834,0.11902946371809152,0.08144752192550918,0.10657750638605164,0.07587912071245786,0.012451957332039881,0.005568401213051313
17101,MISO,2030,5329.157866826667,0.1407674209325938,0.08114333074995986,0.1407674209325938,0.08114333074995986,0.0,0.0
17103,PJM,2030,13493.193607267498,0.15825746085739092,0.09519320075949379,0.13779885273158862,0.08662941525919317,0.020458608125802302,0.008563785500300625
17105,PJM,2030,14471.009260992498,0.16548919041272311,0.06512571149555027,0.11559958267671888,0.060630866947089315,0.04988960773600423,0.004494844548460955
17107,MISO,2030,10976.580139691667,0.14313541125257984,0.08135979031884691,0.14313541125257984,0.08135979031884691,0.0,0.0
17109,MISO,2030,11274.753214779166,0.26075800380398106,0.12555743160163949,0.26075800380398106,0.12555743160163949,0.0,0.0
17111,PJM,2030,114060.28730408667,0.05985651959863059,0.040208683989800126,0.05701596292150342,0.038533246854607565,0.002840556677127175,0.0016754371351925604
17113,MISO,2030,66825.56237275168,0.12700338078659593,0.07512655908709677,0.12700338078659593,0.07512655908709677,0.0,0.0
17115,MISO,2030,42283.16534315833,0.15617769053975322,0.0984796371449108,0.15617769053975322,0.0984796371449108,0.0,0.0
17117,MISO,2030,17314.7359936875,0.18620944281499763,0.09312702663222996,0.18620944281499763,0.09312702663222996,0.0,0.0
17119,MISO,2030,107600.06819375584,0.12121571987794108,0.08640980458818975,0.12121571987794108,0.08640980458818975,0.0,0.0
17121,MISO,2030,15084.621377220832,0.1783211494591775,0.10425982695782378,0.1783211494591775,0.10425982695782378,0.0,0.0
17123,MISO,2030,4914.7000300875,0.18249096076246837,0.11670260453104167,0.18249096076246837,0.11670260453104167,0.0,0.0
17125,MISO,2030,5664.325459991667,0.18294894763983502,0.09109512365704103,0.18294894763983502,0.09109512365704103,0.0,0.0
17127,MISO,2030,5326.249361768333,0.2687888160255716,0.09982457372971054,0.2687888160255716,0.09982457372971054,0.0,0.0
17129,MISO,2030,5036.026547350833,0.09968556769951574,0.056998824510631846,0.09968556769951574,0.056998824510631846,0.0,0.0
17131,MISO,2030,6365.181087763333,0.12647182561036535,0.06636250275273224,0.12294342151779744,0.06578160380437265,0.0035284040925679105,0.0005808989483595955
17133,MISO,2030,13421.574100064165,0.08460449257373158,0.049521871776586596,0.08460449257373158,0.049521871776586596,0.0,0.0
17135,MISO,2030,11133.625784646667,0.23787268791070487,0.11699848835330147,0.23787268791070487,0.11699848835330147,0.0,0.0
17137,MISO,2030,13078.547721016668,0.15735543374625452,0.08419676847711446,0.15735543374625452,0.08419676847711446,0.0,0.0
17139,MISO,2030,5678.895158770833,0.1652961608333647,0.08431456089608516,0.1652961608333647,0.08431456089608516,0.0,0.0
17141,PJM,2030,20199.999757489168,0.112854377482677,0.07281822068816209,0.10391124113719147,0.060435709981335684,0.008943136345485533,0.012382510706826402
17143,MISO,2030,75060.21123840415,0.1258378761613313,0.10848012779699694,0.1258378761613313,0.10848012779699694,0.0,0.0
17145,MISO,2030,8073.546717079166,0.19415919358224432,0.09336715005216155,0.19415919358224432,0.09336715005216155,0.0,0.0
17147,MISO,2030,6674.663314891667,0.11659049679286541,0.07420695612065825,0.11659049679286541,0.07420695612065825,0.0,0.0
17149,MISO,2030,5626.690490049999,0.31600831795353174,0.15850991199128042,0.31600831795353174,0.15850991199128042,0.0,0.0
17151,MISO,2030,1324.3782965583332,0.23059126849263412,0.19526238904978643,0.23059126849263412,0.19526238904978643,0.0,0.0
17153,MISO,2030,1861.3923274833332,0.3425324340500747,0.17553407874707821,0.3425324340500747,0.17553407874707821,0.0,0.0
17155,MISO,2030,2371.3893202541667,0.09924713528928603,0.057572646357101326,0.09924713528928603,0.057572646357101326,0.0,0.0
17157,MISO,2030,11507.196893771667,0.16885225286424893,0.07714018257047942,0.16885225286424893,0.07714018257047942,0.0,0.0
17159,MISO,2030,6398.037132719166,0.198840440563915,0.10074678747882156,0.198840440563915,0.10074678747882156,0.0,0.0
17161,MISO,2030,59800.418968787504,0.09023161319635602,0.04941874339222131,0.08646389010368671,0.033151346807908426,0.0037677230926693034,0.016267396584312886
17163,MISO,2030,99332.56845519916,0.16802419887144188,0.10128203987202362,0.16802419887144188,0.10128203987202362,0.0,0.0
17165,MISO,2030,10040.235713340833,0.16045121636381973,0.12028718555733395,0.16045121636381973,0.12028718555733395,0.0,0.0
17167,MISO,2030,82864.89094026583,0.1276182906208514,0.09731003537255282,0.1276182906208514,0.09731003537255282,0.0,0.0
17169,MISO,2030,2666.1755106083333,0.16898272355472285,0.1027357472855075,0.16898272355472285,0.1027357472855075,0.0,0.0
17171,MISO,2030,1924.2264134375,0.2737639324204767,0.1305196017974511,0.2737639324204767,0.1305196017974511,0.0,0.0
17173,MISO,2030,8659.403996709167,0.1775622889967556,0.08816120616789838,0.1775622889967556,0.08816120616789838,0.0,0.0
17175,MISO,2030,2311.3504983775,0.20009052655275786,0.11070518649722423,0.20009052655275786,0.11070518649722423,0.0,0.0
17177,PJM,2030,18878.466850854165,0.17044696215339528,0.09415379816597293,0.14942381245147038,0.0914113858764041,0.021023149701924898,0.002742412289568827
17179,MISO,2030,52811.993328945835,0.08328437397547721,0.0649414430458586,0.08328437397547721,0.0649414430458586,0.0,0.0
17181,MISO,2030,6690.624029808333,0.2775479146347325,0.10833301413128382,0.2775479146347325,0.10833301413128382,0.0,0.0
17183,MISO,2030,29598.197123142505,0.17775584323573382,0.08568329880596254,0.17775584323573382,0.08568329880596254,0.0,0.0
17185,MISO,2030,4676.778898763334,0.1371983360060066,0.09176231885585738,0.1371983360060066,0.09176231885585738,0.0,0.0
17187,MISO,2030,6756.7494031108345,0.16731690558152681,0.0774788761053221,0.16731690558152681,0.0774788761053221,0.0,0.0
17189,MISO,2030,5698.072004243333,0.15135507272215643,0.07625848798355125,0.15135507272215643,0.07625848798355125,0.0,0.0
17191,MISO,2030,6717.640932045833,0.2776181386954849,0.13040833250989786,0.2776181386954849,0.13040833250989786,0.0,0.0
17193,MISO,2030,5602.319347495833,0.2763930447958965,0.13494451116267117,0.2763930447958965,0.13494451116267117,0.0,0.0
17195,MISO,2030,22825.037960458336,0.19937424493544137,0.08627074038381835,0.19308648024846492,0.08533842307346534,0.006287764686976449,0.0009323173103530091
17197,PJM,2030,237303.76448483331,0.06626527373625668,0.05358189570653719,0.063504994612583,0.05006684919090001,0.0027602791236736868,0.0035150465156371796
17199,MISO,2030,28170.239563674168,0.14913344458084513,0.08496510612195012,0.14913344458084513,0.08496510612195012,0.0,0.0
17201,PJM,2030,113627.18732917416,0.13946204348104385,0.09704367390101275,0.12436592551874887,0.09380349295177025,0.015096117962294986,0.0032401809492424993
17203,MISO,2030,14497.905692679999,0.08688500174029722,0.06794585587563155,0.08688500174029722,0.06794585587563155,0.0,0.0
18001,PJM,2030,12064.162854345834,0.0949878024551201,0.04855264632333481,0.07268405125937055,0.044492780830966805,0.022303751195749552,0.004059865492368003
18003,PJM,2030,150594.52466268084,0.09742883191569399,0.06065106653254004,0.07993313219113585,0.02367500428785641,0.01749569972455814,0.03697606224468364
18005,MISO,2030,32054.848923212503,0.10105263740839686,0.07680679626877882,0.09323590446709074,0.07393852810212544,0.007816732941306123,0.002868268166653379
18007,MISO,2030,3348.658924879167,0.2545913410716888,0.10738971863653632,0.24173203009247726,0.10576352116176767,0.01285931097921153,0.0016261974747686508
18009,PJM,2030,4858.7458247375,0.20348616833338504,0.12668559286162867,0.1644203938030984,0.1033750964122796,0.039065774530286645,0.023310496449349072
18011,MISO,2030,26441.131442360835,0.07404626345162138,0.04247366843402598,0.0731790501839144,0.04154110573121256,0.0008672132677069871,0.0009325627028134234
18013,MISO,2030,6389.133802711666,0.10064899821950934,0.07236636636755046,0.10014706005010691,0.06955157917490046,0.00050193816940243,0.002814787192650006
18015,MISO,2030,7810.796181008333,0.1048001965692047,0.052758985763126307,0.10085758427296486,0.05179528938370955,0.003942612296239836,0.000963696379416755
18017,MISO,2030,14725.671740562499,0.11637508611511212,0.06568464272458281,0.11096395802734019,0.05271503732571644,0.00541112808777193,0.012969605398866373
18019,MISO,2030,46483.18936268167,0.09048853920134005,0.05216069994022866,0.07693625786772712,0.047299649846677914,0.013552281333612928,0.004861050093550742
18021,MISO,2030,10247.153466958334,0.14144388165831043,0.06655099352906044,0.13742175979096477,0.06613369715365354,0.004022121867345657,0.00041729637540689757
18023,MISO,2030,12249.280481119167,0.082485819304372,0.04328477975547919,0.07880726471883634,0.041789718512639004,0.003678554585535662,0.0014950612428401844
18025,MISO,2030,4212.3228507525,0.21773235362198232,0.12023243615978416,0.2150117065096764,0.10035349232537673,0.0027206471123059073,0.019878943834407428
18027,MISO,2030,11306.198297789168,0.16189829454237772,0.06308741907653218,0.14349265245114015,0.061536398562109657,0.018405642091237573,0.0015510205144225186
18029,MISO,2030,19437.27076599667,0.19018197444409157,0.0776885843890356,0.17364919521141403,0.07371069730606122,0.01653277923267754,0.003977887082974377
18031,MISO,2030,9851.131472270834,0.13935788391813447,0.058424063611293514,0.12239072896072489,0.057938453310575046,0.01696715495740958,0.0004856103007184684
18033,PJM,2030,16752.970829214166,0.0850781728861792,0.045284534577416574,0.06548256486735962,0.024004254198031687,0.019595608018819585,0.021280280379384887
18035,PJM,2030,44944.26829246583,0.17706529107802177,0.09067757483551425,0.12397713538061013,0.06979885532834547,0.05308815569741164,0.020878719507168783
18037,MISO,2030,17214.945456575,0.09248634307761162,0.06720803835550002,0.09168043123384018,0.06159899121812127,0.000805911843771448,0.005609047137378746
18039,MISO,2030,70088.42852258167,0.08866376491326938,0.06883681696965926,0.08653277321047764,0.06883681696965926,0.00213099170279174,0.0
18041,MISO,2030,9479.0942160625,0.1937530336065242,0.10234107340809842,0.1760585922929808,0.10163703777474734,0.01769444131354342,0.0007040356333510855
18043,MISO,2030,30394.90303189417,0.10257921800540004,0.04946607634775653,0.1013134794715534,0.049204062483404226,0.001265738533846636,0.00026201386435230345
18045,MISO,2030,6713.131005055833,0.21672901452046062,0.1055326650652695,0.19516661306499208,0.10454127990857869,0.021562401455468533,0.0009913851566908105
18047,MISO,2030,8778.967683028333,0.15019716866795507,0.06431254074067551,0.13877661790788953,0.06369059882254367,0.01142055076006554,0.0006219419181318353
18049,MISO,2030,7529.580916141666,0.22549337432248867,0.08682977166300045,0.19813416280359653,0.08550048121357544,0.027359211518892146,0.001329290449425008
18051,MISO,2030,12701.527738012499,0.1298819278500016,0.06865323103340702,0.10711214518103992,0.06820251682657448,0.02276978266896168,0.00045071420683254204
18053,PJM,2030,26249.913848633332,0.157156264708901,0.11037938835451398,0.12936605233798892,0.09305988477773036,0.027790212370912087,0.01731950357678362
18055,MISO,2030,12373.283432700833,0.16267498137690972,0.08523294144047852,0.14149734324052463,0.07898033240754652,0.021177638136385096,0.006252609032931997
18057,MISO,2030,128813.5997337125,0.04742201229584497,0.031290315195423614,0.043313977463752304,0.02988933903007258,0.004108034832092669,0.0014009761653510332
18059,MISO,2030,30706.08130827917,0.054735224358586736,0.03855345331800152,0.054559225443396496,0.0378378232392433,0.0001759989151902397,0.000715630078758224
18061,MISO,2030,14510.867182948334,0.10282802752191057,0.051198185613355186,0.09782786635348678,0.048414636813290085,0.005000161168423792,0.0027835488000651012
18063,MISO,2030,63085.435009508335,0.05835730829379955,0.028885762631136833,0.05349987907168491,0.028885762631136833,0.0048574292221146426,0.0
18065,MISO,2030,18129.249073875,0.170665815913301,0.08196415085868874,0.1680425117910304,0.07999238137974697,0.0026233041222705755,0.0019717694789417733
18067,MISO,2030,34237.438920358334,0.11224195306379281,0.06322189020784907,0.09702550515418536,0.055936499233359985,0.015216447909607453,0.007285390974489089
18069,MISO,2030,14858.700787421667,0.12075810044076009,0.056221378892561374,0.10959641239962066,0.05100833145939873,0.011161688041139428,0.005213047433162643
18071,MISO,2030,17263.168160066663,0.14012907880359346,0.08393025449416724,0.11259321012772668,0.08225122387063145,0.027535868675866784,0.0016790306235357905
18073,MISO,2030,12247.333503781667,0.16706051106334555,0.08449439361886163,0.13155296954006443,0.08318513091322462,0.035507541523281116,0.0013092627056370126
18075,PJM,2030,7854.248365906667,0.25179084250752615,0.10220174431185101,0.16611412177931004,0.07889284027988215,0.08567672072821611,0.023308904031968863
18077,MISO,2030,12434.4861421875,0.1820330477194374,0.0681699820002945,0.17965025208602484,0.06731325886126129,0.0023827956334125655,0.0008567231390332192
18079,MISO,2030,10233.564243744167,0.16689820750167803,0.07580374262670819,0.15291989402616737,0.0724378937221043,0.01397831347551065,0.0033658489046038964
18081,MISO,2030,58950.08059936083,0.06284098858871619,0.04396026262209665,0.06284098858871619,0.04396026262209665,0.0,0.0
18083,MISO,2030,14658.6915587875,0.14741713500038855,0.07685549000691441,0.12114036371943301,0.07648574249830514,0.02627677128095554,0.0003697475086092694
18085,MISO,2030,30455.066074058333,0.08638566428162574,0.05062915432193851,0.08045958321481328,0.05062915432193851,0.005926081066812458,0.0
18087,MISO,2030,12495.096932287499,0.0909605968996615,0.04186041904172282,0.08665191878315029,0.039267356085729004,0.004308678116511214,0.002593062955993819
18089,MISO,2030,190073.95527551667,0.13209507205355375,0.09471648780889363,0.131924491762812,0.09410464458344264,0.00017058029074173975,0.000611843225450992
18091,MISO,2030,41944.053696351664,0.09041198593683343,0.06101670998941723,0.08877422839950043,0.05840416325202281,0.0016377575373330011,0.0026125467373944236
18093,MISO,2030,18591.5889339875,0.14973820317651493,0.06621887935388097,0.11039004792797019,0.06558938883311083,0.039348155248544736,0.0006294905207701457
18095,MISO,2030,50680.391666468335,0.14116485830489006,0.07538897667945776,0.1304634090211262,0.06962799953253734,0.010701449283763875,0.005760977146920421
18097,MISO,2030,390003.18406776746,0.13313559244349504,0.09747747079321932,0.13247305763091577,0.08616083840270074,0.000662534812579274,0.011316632390518583
18099,MISO,2030,16546.954554620832,0.19566120868497716,0.07909435548828439,0.18486635773861665,0.07683148572869204,0.010794850946360512,0.002262869759592348
18101,MISO,2030,3856.2444906666665,0.16206083505490929,0.06754615239851383,0.12296663380486428,0.06338992923144249,0.03909420125004501,0.004156223167071343
18103,MISO,2030,12799.7333866,0.13316006447155204,0.09828586742155873,0.13152463728195804,0.0961118119034077,0.001635427189594002,0.00217405551815103
18105,MISO,2030,56310.05220479584,0.1641326150649146,0.11120553262285338,0.15503747422240538,0.09599479684439523,0.00909514084250923,0.015210735778458148
18107,MISO,2030,15113.623129614165,0.10064734414037223,0.049965426209493666,0.08988233346040256,0.0447507388774686,0.01076501067996967,0.005214687332025063
18109,MISO,2030,26635.664693646668,0.09542244182551164,0.06505626991248532,0.09432732956398215,0.06417546159514695,0.0010951122615294878,0.0008808083173383746
18111,MISO,2030,5340.259438659166,0.2069040742832818,0.10723981575081006,0.205364564061709,0.1034349173249822,0.0015395102215728096,0.00380489842582786
18113,PJM,2030,17409.817878798334,0.08653452553265033,0.04259700972895457,0.05993899344791384,0.02755101588114796,0.026595532084736487,0.01504599384780661
18115,MISO,2030,2476.125442108333,0.19396493365432674,0.08553159190028929,0.18043592294994865,0.07821154938880533,0.013529010704378092,0.007320042511483965
18117,MISO,2030,7814.180188525001,0.18308518233611193,0.10823565754455863,0.1759581620076136,0.100396193950119,0.0071270203284983236,0.007839463594439627
18119,MISO,2030,8298.568918558332,0.2017610413093618,0.09487929083531885,0.14997202245629798,0.07713796699353563,0.051789018853063806,0.017741323841783216
18121,MISO,2030,5525.7190609625,0.15896027269713095,0.08003000227668791,0.15390274026711048,0.07526089111952211,0.005057532430020467,0.004769111157165801
18123,MISO,2030,7453.888688513334,0.28830082535396795,0.13568573412630153,0.2633316556810321,0.13181158477709434,0.02496916967293583,0.0038741493492071843
18125,MISO,2030,4959.2239898875,0.11897947950825508,0.0695940282743032,0.11250769839987079,0.06110578995012102,0.0064717811083842836,0.008488238324182176
18127,MISO,2030,66843.00570510249,0.06488248594109232,0.05228843873986951,0.06226073459675848,0.046485428822701916,0.0026217513443338378,0.005803009917167597
18129,MISO,2030,10005.591652614168,0.10868738856296146,0.06297768468381369,0.10784140021025987,0.05993961966423457,0.000845988352701596,0.0030380650195791226
18131,MISO,2030,4695.670588962501,0.297511871844344,0.11735637628794086,0.269505554219739,0.10324864223378592,0.028006317624605037,0.014107734054154941
18133,MISO,2030,13348.007685399167,0.12829664377677663,0.056973250161659474,0.10302106763150332,0.055196290392279176,0.025275576145273315,0.0017769597693802971
18135,PJM,2030,10010.771171316666,0.1955061966380042,0.09425382630562774,0.1383125951755445,0.08539923724228507,0.05719360146245969,0.008854589063342674
18137,MISO,2030,10858.689773408334,0.15970926463916196,0.07401283132056974,0.14285172114345063,0.06505189676288924,0.016857543495711336,0.008960934557680503
18139,MISO,2030,6574.217830666667,0.1318268756498518,0.07701525978571404,0.12834704583433848,0.07537937634966485,0.0034798298155133134,0.0016358834360491875
18141,PJM,2030,106135.16905772999,0.09876373580798373,0.08164131425029197,0.08919306464665717,0.03540287540054569,0.009570671161326552,0.04623843884974629
18143,MISO,2030,9366.735802039168,0.2888544070290539,0.11059088949503482,0.27423575042136034,0.09231422281060343,0.01461865660769357,0.018276666684431384
18145,MISO,2030,17569.4329209025,0.15583861438014407,0.06908092422765122,0.14627134070650033,0.06604504723282749,0.00956727367364374,0.00303587699482373
18147,MISO,2030,7745.402981591667,0.10408858636937256,0.05675731407861853,0.09369879367292726,0.05597627892597669,0.010389792696445299,0.000781035152641843
18149,MISO,2030,8434.391590066667,0.12125131655912955,0.08657521908199209,0.11898082284848811,0.08500655269287373,0.002270493710641433,0.0015686663891183589
18151,MISO,2030,13597.80539329,0.11281883019571777,0.06329057335786552,0.10400162204780124,0.06285972055578583,0.008817208147916533,0.0004308528020796898
18153,MISO,2030,7446.7399553625,0.1666923764915785,0.08402003108469086,0.1508858936036891,0.08389958895090127,0.01580648288788941,0.0001204421337895889
18155,MISO,2030,3680.0865773666665,0.15693133077476465,0.08348942290347477,0.1401015730046857,0.08113303755283309,0.016829757770078946,0.002356385350641685
18157,MISO,2030,72001.39653594917,0.1525495089688083,0.09751064878991025,0.1458490174910846,0.094737790739854,0.0067004914777237246,0.002772858050056254
18159,MISO,2030,5956.743496755833,0.14282035852839162,0.06029219608369315,0.10821166573134969,0.058695134447272555,0.03460869279704193,0.0015970616364205936
18161,MISO,2030,2855.617117870833,0.1166356371750461,0.057392850208924005,0.11175605682959366,0.05689429720225849,0.004879580345452439,0.0004985530066655142
18163,MISO,2030,75781.092209295,0.15460569200907617,0.06963028532601152,0.14914876307162797,0.06807936078040851,0.005456928937448202,0.0015509245456030163
18165,MISO,2030,6403.190863745833,0.18233964353508056,0.09788351906682737,0.16904104076624393,0.09722809115763259,0.013298602768836626,0.0006554279091947751
18167,MISO,2030,41401.204050897504,0.19301119754700563,0.09921614115437673,0.19194344526668575,0.09921614115437673,0.0010677522803198836,0.0
18169,MISO,2030,12312.629839320833,0.1413359287004271,0.08074158789654672,0.13393747869810343,0.07769456521214921,0.00739845000232367,0.0030470226843975073
18171,MISO,2030,3233.3598344066663,0.22264372603421317,0.09007489194108757,0.21427987880975813,0.0877942958315241,0.008363847224455045,0.002280596109563479
18173,MISO,2030,24081.581261166666,0.06433399492381493,0.04293481798441127,0.06243069454376149,0.04293481798441127,0.0019033003800534437,0.0
18175,MISO,2030,10716.238118070833,0.1785588691974496,0.07493400013045438,0.17094620421352527,0.0708319129980736,0.007612664983924322,0.004102087132380777
18177,MISO,2030,26649.330911242498,0.17140540203570903,0.095460916207504,0.16190263957689624,0.09092405539590062,0.009502762458812791,0.004536860811603385
18179,PJM,2030,10815.712845131666,0.09806560057226518,0.050727039433678144,0.07130288055882754,0.0392833293083631,0.026762720013437644,0.011443710125315046
18181,MISO,2030,9722.022653041666,0.10838721908247378,0.0535155973680597,0.10248188223319811,0.05197270855414533,0.005905336849275675,0.0015428888139143657
18183,PJM,2030,13470.611549026667,0.08540635839597759,0.04962472741713061,0.05853704808650474,0.03664535752726595,0.026869310309472844,0.012979369889864659
21001,PJM,2030,6719.996593766667,0.13855428053358765,0.09314386983738902,0.12184272595916489,0.06370076698916308,0.016711554574422763,0.029443102848225947
21005,PJM,2030,9021.093088383333,0.09401765707007337,0.041667544568485246,0.07251560611234457,0.03468335721269059,0.021502050957728794,0.0069841873557946535
21009,PJM,2030,17407.093875666666,0.1897474286860344,0.08570129970246775,0.16290961252186964,0.07232992602765023,0.02683781616416475,0.013371373674817513
21011,PJM,2030,4759.348223170833,0.1894831311374776,0.08432533885633295,0.16612287056904726,0.06545459521992861,0.023360260568430352,0.01887074363640434
21015,PJM,2030,48267.626115080835,0.03614153240723162,0.016571356409462137,0.030927491423703022,0.016419452605812897,0.0052140409835285985,0.00015190380364923928
21017,PJM,2030,7840.4438576708335,0.16185894437405782,0.11674798713737516,0.14596656055557977,0.09176188444094822,0.015892383818478045,0.02498610269642694
21019,PJM,2030,18144.680229775,0.24365493845335676,0.09104078453653837,0.16325531816077823,0.0667486470336574,0.08039962029257852,0.024292137502880964
21021,PJM,2030,11354.319316545834,0.14461966440116292,0.10182494550284384,0.1151701717680466,0.09148470447413574,0.029449492633116317,0.010340241028708091
21023,PJM,2030,3066.7403727941664,0.16539721315497363,0.07628217715145377,0.11594507173133477,0.04241851686643071,0.049452141423638865,0.033863660285023064
21025,PJM,2030,5258.062579345833,0.3188223467228234,0.18385398385801852,0.24681084754205335,0.14809092681707414,0.07201149918077004,0.035763057040944374
21029,PJM,2030,30497.8248441325,0.08141654391382094,0.04779657777212855,0.06172351002961761,0.03126458037307465,0.019693033884203334,0.0165319973990539
21037,PJM,2030,37818.431530366666,0.11041118401051385,0.065462352797219,0.10918886724028463,0.06284110199753769,0.0012223167702292148,0.002621250799681313
21041,PJM,2030,3870.2058537208336,0.18963934867815455,0.08312147394215534,0.16597973888001774,0.07025182972100515,0.023659609798136805,0.012869644221150195
21043,PJM,2030,9434.651924462501,0.34140304052783976,0.1626447652408496,0.2789420422925775,0.15127831411028042,0.062460998235262244,0.011366451130569166
21045,PJM,2030,5876.762157945834,0.18794028763114468,0.12941079956773305,0.15261683556973607,0.10539661670316243,0.035323452061408606,0.02401418286457062
21049,PJM,2030,14427.592676434168,0.13145114962585472,0.07396054115820087,0.10436808568096657,0.05838421515173301,0.027083063944888144,0.015576326006467862
21051,PJM,2030,6789.596523095833,0.33306485758936577,0.20081855231005677,0.25666655896837737,0.17650003969225828,0.0763982986209884,0.024318512617798493
21053,PJM,2030,3588.0956469124994,0.17301024422384131,0.1137343767871187,0.14846195140799637,0.0698688858250068,0.024548292815844946,0.0438654909621119
21063,PJM,2030,2095.0077117375,0.28375369254344085,0.17288443551023808,0.2618573321101793,0.1447845271188064,0.02189636043326154,0.02809990839143167
21065,PJM,2030,5421.782523666667,0.29946100253242475,0.16164232212059382,0.24106111060782198,0.12750015779696616,0.058399891924602765,0.034142164323627655
21067,PJM,2030,134865.24657096583,0.0997426736564104,0.04608432536636675,0.0745740763176298,0.03729385580933738,0.0251685973387806,0.00879046955702937
21069,PJM,2030,5660.835739425,0.1873136145506444,0.07944868878139356,0.14411229017122676,0.06899125370025957,0.04320132437941765,0.01045743508113399
21071,PJM,2030,14003.588588229166,0.3634520227538176,0.19253303887699724,0.24332183068785676,0.16825419655683777,0.12013019206596084,0.024278842320159477
21073,PJM,2030,21916.23096850417,0.10636241663761922,0.049614563889968974,0.06546198810020967,0.03819360930530313,0.04090042853740955,0.01142095458466584
21077,PJM,2030,3067.5448566749997,0.1381008443222958,0.05592529325801555,0.0988298790367517,0.05001113518068879,0.03927096528554411,0.005914158077326759
21079,PJM,2030,6304.824585404167,0.10695105976689237,0.07608610273784724,0.08605854899282414,0.041674540435659595,0.02089251077406823,0.03441156230218765
21081,PJM,2030,8661.789302204166,0.16325499652808367,0.09758416715565242,0.13633241256316797,0.08219520115997607,0.026922583964915703,0.015388965995676351
21087,PJM,2030,4310.6458820749995,0.1822192277427488,0.08950241910290001,0.1431169170337182,0.07597686022320968,0.039102310709030585,0.013525558879690328
21089,PJM,2030,14206.5848341,0.24380141750644663,0.10660901047317856,0.16113337260962854,0.09175383514120115,0.08266804489681809,0.014855175331977402
21093,PJM,2030,41960.43985528583,0.08380805850869805,0.051873996087014394,0.0719468782835507,0.03801706710512986,0.011861180225147344,0.013856928981884536
21097,PJM,2030,7023.788876795832,0.222106362672426,0.1505860374629934,0.19078591172937942,0.11067816845048711,0.031320450943046585,0.039907869012506286
21099,PJM,2030,7031.387800541666,0.21508948376689263,0.1301502047031174,0.17798170392471124,0.11663335422906468,0.03710777984218139,0.01351685047405271
21103,PJM,2030,5827.137300858333,0.15829714253013996,0.11507541185982129,0.13709230041607723,0.09425460682425167,0.021204842114062733,0.020820805035569614
21109,PJM,2030,4952.208809825,0.2795654979869661,0.1862356856498864,0.23789029552416985,0.1362496497057395,0.04167520246279627,0.04998603594414691
21111,PJM,2030,325392.4317025325,0.10992083670775993,0.07104183963710307,0.08553530477502205,0.058064502648289315,0.024385531932737875,0.012977336988813759
21113,PJM,2030,18842.44632072,0.10890494395386212,0.07739487105661602,0.09086351160901587,0.06067302854634405,0.018041432344846245,0.01672184251027197
21115,PJM,2030,8227.108196329167,0.30534173971967754,0.1420025334464343,0.1741983515217558,0.12701215909563546,0.13114338819792173,0.014990374350798835
21117,PJM,2030,66237.62728063832,0.08515626973593456,0.05063843080138195,0.08002782096125605,0.04869910453134891,0.00512844877467851,0.0019393262700330427
21119,PJM,2030,5425.947719604167,0.351715576138876,0.1582349867981775,0.23060232138035536,0.14098996962598362,0.12111325475852064,0.01724501717219387
21121,PJM,2030,10900.856105929168,0.3252563040882634,0.20706544657814602,0.2799685776849232,0.16458218195121066,0.04528772640334017,0.04248326462693536
21123,PJM,2030,5862.945893416667,0.1693152690125725,0.12959412678087215,0.15838470853040493,0.11470462564464487,0.010930560482167562,0.014889501136227279
21125,PJM,2030,22870.712844995833,0.18641009598291386,0.1306846720362414,0.16038469393194235,0.11063652385618479,0.026025402050971508,0.02004814818005661
21127,PJM,2030,5504.1003831625,0.3529295205899195,0.15491111686555523,0.22845792843383217,0.13008077946281074,0.12447159215608733,0.024830337402744485
21129,PJM,2030,2564.4527658708334,0.3709027915901213,0.23658079464982626,0.3119422744755385,0.2129812513780221,0.05896051711458278,0.023599543271804163
21131,PJM,2030,3623.095316883333,0.32916736890715825,0.1940599614261102,0.22690218676715504,0.12800112708340325,0.10226518214000321,0.06605883434270696
21133,PJM,2030,8187.411032958333,0.35283558514156194,0.20527229347760045,0.2459075268975298,0.16590470335071628,0.10692805824403215,0.03936759012688418
21135,PJM,2030,4674.1656656791665,0.3795013828572595,0.15937022989091273,0.288315060461709,0.13878851573732987,0.09118632239555047,0.02058171415358287
21137,PJM,2030,9409.322011045833,0.18239903669044916,0.0890028425100012,0.1345244114986782,0.0659394172963944,0.047874625191770964,0.02306342521360681
21147,PJM,2030,5194.244980875001,0.22744678044321226,0.188742414270768,0.2125282153858938,0.16041572518183436,0.01491856505731845,0.028326689088933626
21151,PJM,2030,35464.0141138425,0.1074645833824243,0.05586742988112527,0.09058755337687155,0.030218930134872344,0.016877030005552754,0.02564849974625293
21153,PJM,2030,4416.3139147875,0.4356274523571552,0.24555543264591823,0.312681555993915,0.2257230619237958,0.12294589636324021,0.019832370722122433
21155,PJM,2030,7389.035779070833,0.1810799743562644,0.12365852810544012,0.15224193797310204,0.09950704215913161,0.028838036383162374,0.024151485946308504
21159,PJM,2030,3714.5544251833335,0.3697697144184058,0.21392670094003177,0.280396184271889,0.1930375839520626,0.08937353014651678,0.020889116987969164
21161,PJM,2030,6490.7516516666665,0.15317406273761477,0.09451371410081252,0.12956646326917406,0.08357700297094328,0.02360759946844071,0.010936711129869242
21165,PJM,2030,2166.1096165416666,0.28810093983363705,0.1657309325111562,0.236642181441578,0.13860200173841244,0.051458758392059045,0.027128930772743753
21167,PJM,2030,8905.203229449999,0.15346685901961243,0.07004513178960038,0.12410655570386785,0.061241499076604027,0.029360303315744588,0.008803632712996355
21169,PJM,2030,4115.2881773291665,0.21657441015044562,0.10700828526139845,0.17469382919474621,0.10279135860530152,0.04188058095569941,0.0042169266560969365
21173,PJM,2030,10475.015938570832,0.17576652280305424,0.07934470916113599,0.10151713141124999,0.06372722165353989,0.07424939139180425,0.015617487507596103
21175,PJM,2030,4600.240194837499,0.2552628948051731,0.11795769386504862,0.19473410505125685,0.10086434701729538,0.06052878975391626,0.017093346847753238
21179,PJM,2030,18073.633613956667,0.098497610168179,0.03973478864563247,0.08985392000653217,0.029055291928420983,0.00864369016164683,0.010679496717211488
21181,PJM,2030,2475.1288244458333,0.21084370847687464,0.13693311517871548,0.17694328682321792,0.09989379798289537,0.033900421653656726,0.03703931719582011
21185,PJM,2030,21817.85155746583,0.039951649763687556,0.020972251579468255,0.026784869270581105,0.012818699416852732,0.013166780493106451,0.008153552162615523
21187,PJM,2030,4052.409011941666,0.18812471632905534,0.11000029390618762,0.1506228945623402,0.08649520712978456,0.03750182176671513,0.02350508677640306
21189,PJM,2030,1295.7421177291667,0.3489946227276113,0.19487334555494593,0.2730855514156102,0.16965794650000646,0.07590907131200109,0.02521539905493947
21191,PJM,2030,5047.784425419167,0.21495769176541188,0.16657673001526999,0.19238655737119584,0.1479266508453678,0.02257113439421604,0.01865007916990219
21193,PJM,2030,11007.486605766668,0.29863243394867145,0.15070127735057057,0.1795933793106029,0.1279145210686146,0.11903905463806855,0.022786756281955978
21195,PJM,2030,23578.32168849583,0.3624955273404896,0.1751103321728153,0.21763986227670162,0.15761612408273784,0.144855665063788,0.017494208090077457
21197,PJM,2030,4472.505325766667,0.2770848121488974,0.14691410896752055,0.22017478804556428,0.097098865212208,0.05691002410333312,0.04981524375531256
21199,PJM,2030,25119.22749265,0.15384304251500489,0.1277562200689296,0.14513079484862254,0.09932822203731766,0.008712247666382344,0.02842799803161193
21201,PJM,2030,747.75950715,0.17614507949935237,0.13035514752353847,0.16657017121461729,0.1209251076075291,0.00957490828473509,0.009430039916009367
21203,PJM,2030,6201.754472070834,0.2766785626521605,0.16042993915563322,0.212245153490892,0.13731131214185555,0.0644334091612685,0.023118627013777676
21205,PJM,2030,8799.926772183335,0.1798195647412825,0.08216454268523501,0.1397484873093683,0.07449873707725688,0.04007107743191418,0.007665805607978138
21207,PJM,2030,6853.610359333334,0.1352906403848575,0.0913834052219044,0.12433581944118921,0.08646206568601038,0.010954820943668286,0.00492133953589402
21209,PJM,2030,21050.396041445834,0.07069576689024229,0.04545193800706679,0.06380345077462103,0.03047545837626614,0.006892316115621258,0.014976479630800649
21211,PJM,2030,17147.353828435836,0.09154098749590284,0.05350553970880677,0.07408715067014811,0.03461694145992981,0.01745383682575473,0.01888859824887696
21215,PJM,2030,6745.632096014167,0.0740577350038378,0.05675197056989475,0.06787195794503227,0.0332700252539628,0.006185777058805533,0.02348194531593195
21217,PJM,2030,9545.6912555,0.1135946646556612,0.06363307423606974,0.09757016447918643,0.056966906729953366,0.016024500176474776,0.006666167506116379
21223,PJM,2030,3156.3592741975,0.18277229534228953,0.10911267009574808,0.16144373393548234,0.1045898250201888,0.021328561406807195,0.004522845075559279
21229,PJM,2030,4501.3313152,0.164953438969498,0.10565839417103685,0.15169989923740151,0.08110168650840868,0.013253539732096475,0.02455670766262817
21231,PJM,2030,7736.626328412501,0.19658144222615437,0.13262420026706578,0.1894336186579867,0.10188247392162361,0.007147823568167677,0.030741726345442172
21235,PJM,2030,12644.394234570833,0.2489240290329203,0.13416214670973084,0.1950362965365131,0.09056082185107008,0.05388773249640719,0.043601324858660764
21237,PJM,2030,2433.114459516667,0.3641414118252517,0.1837736727565722,0.2988982909766059,0.10002978523152353,0.06524312084864581,0.08374388752504866
21239,PJM,2030,10302.613649768333,0.09195111064685696,0.04356290930862566,0.06774754829007507,0.04073064632255745,0.024203562356781894,0.0028322629860682083
22001,MISO,2030,20873.484652258332,0.2948198491503445,0.13953016041381933,0.24839180436793443,0.13034495966300663,0.046428044782410055,0.009185200750812694
22003,MISO,2030,7457.858676020834,0.2589867589453373,0.12260008807642264,0.23761367402810196,0.10814500128589999,0.02137308491723533,0.014455086790522653
22005,MISO,2030,45223.479956426665,0.10822296425077496,0.058708745203998804,0.07823607063577756,0.03928662680784074,0.0299868936149974,0.019422118396158067
22007,MISO,2030,8192.409223595834,0.2304381833353269,0.12924880742603773,0.1783003788287765,0.09178379663092491,0.052137804506550395,0.037465010795112816
22009,MISO,2030,14311.596296920832,0.3982839090112924,0.22412323910239,0.3552418229269329,0.1843949280883351,0.0430420860843595,0.039728311014054885
22011,MISO,2030,13304.595621633334,0.16298390724492332,0.09657374677569715,0.1388580653938506,0.08849524280433993,0.02412584185107272,0.008078503971357218
22013,MISO,2030,5332.168409179167,0.38671244041641717,0.16289493867474758,0.36033717856555414,0.13056178595370035,0.02637526185086303,0.032333152721047226
22017,MISO,2030,93305.01487788332,0.2992429143131272,0.14550621281072512,0.2765873942451103,0.140142116089423,0.02265552006801691,0.005364096721302114
22019,MISO,2030,76126.724592115,0.188497892312813,0.1062069451869045,0.13035557910085788,0.09810008115400408,0.05814231321195512,0.008106864032900424
22021,MISO,2030,3419.7550940708334,0.3089871372011024,0.15154044001771994,0.26786218712485177,0.13608998466203037,0.04112495007625061,0.015450455355689563
22023,MISO,2030,2150.2608660958335,0.10608620777371612,0.029340836765332348,0.04939976837610324,0.026835387701014075,0.05668643939761288,0.002505449064318273
22025,MISO,2030,2991.8011168833336,0.32742919467231185,0.14569381340313792,0.2831126537941024,0.13863496123936173,0.044316540878209465,0.007058852163776191
22027,MISO,2030,5001.650851170833,0.40346716705097624,0.22652648821300844,0.38362764237814984,0.2154952737358421,0.019839524672826403,0.011031214477166346
22029,MISO,2030,6221.051018958333,0.4858883924987165,0.3032544581301403,0.4259257720828561,0.2405375575569641,0.059962620415860424,0.06271690057317619
22031,MISO,2030,10083.513777304166,0.33137220064183065,0.15257034511085257,0.26307250011067396,0.14785502215274662,0.06829970053115669,0.00471532295810595
22033,MISO,2030,171905.64957644584,0.241887426447293,0.14859600874649434,0.19024524672359033,0.1284938738061108,0.051642179723702664,0.020102134940383543
22035,MISO,2030,2225.8914738458334,0.43031466328226453,0.25939210949710906,0.3909139223912582,0.25208997366405167,0.039400740891006314,0.007302135833057388
22037,MISO,2030,6454.29251908,0.23484151902539646,0.13533342199544027,0.1791300179204562,0.1149211398420464,0.05571150110494025,0.02041228215339387
22039,MISO,2030,11910.370517995834,0.41816627845663984,0.17030681988105967,0.3621628468113211,0.16519464227327646,0.056003431645318735,0.005112177607783208
22041,MISO,2030,7092.4968741125,0.35869085537982764,0.17801811097961526,0.3398237400576826,0.16146111366597724,0.018867115322145023,0.016556997313638022
22043,MISO,2030,6640.967086129167,0.27873325810728117,0.12148199312304324,0.23530554372390292,0.10326041317571169,0.04342771438337825,0.018221579947331548
22045,MISO,2030,26488.2379976,0.30001556497434967,0.14818614971567054,0.25069306662520663,0.12830465391813772,0.04932249834914304,0.019881495797532817
22047,MISO,2030,10652.287171670832,0.23720191939809246,0.1367169147288615,0.22378435581441367,0.12069007615627837,0.013417563583678793,0.01602683857258312
22049,MISO,2030,5376.886951579167,0.310863830555788,0.1499926219088792,0.28193778339461645,0.14238130738924243,0.02892604716117153,0.007611314519636758
22051,MISO,2030,174894.42816830752,0.13691321492680603,0.09682965003435963,0.1253131210764789,0.08764680248558318,0.01160009385032712,0.009182847548776449
22053,MISO,2030,11557.360428804168,0.2018170586659356,0.11898968534892286,0.1589759574199569,0.09041620536754537,0.0428411012459787,0.028573479981377492
22055,MISO,2030,96835.59030830249,0.19416752138752394,0.11349180365899247,0.15692853292593878,0.11011688280644742,0.03723898846158516,0.003374920852545052
22057,MISO,2030,36074.23585443916,0.15724749895858023,0.09405307587638016,0.13852245148377573,0.0906223424160962,0.018725047474804496,0.003430733460283969
22059,MISO,2030,4594.687798645834,0.23390642188646957,0.10650430245918438,0.2194657578524036,0.08470711008693725,0.014440664034065964,0.02179719237224713
22061,MISO,2030,17726.185636933333,0.21663265097478357,0.1495077588542614,0.18799442685341397,0.1450241155114204,0.0286382241213696,0.004483643342841015
22063,MISO,2030,49127.8272322125,0.18028636733811268,0.1014789211798504,0.11979442163088626,0.09078835929338937,0.06049194570722642,0.01069056188646103
22065,MISO,2030,2981.4473331416666,0.3797354969662215,0.24250716523383622,0.3590413117134775,0.2395396240802549,0.020694185252744024,0.0029675411535813323
22067,MISO,2030,9320.472893491666,0.3555433276099108,0.21643994874626982,0.3272739524882379,0.18989553121665143,0.028269375121672935,0.02654441752961839
22069,MISO,2030,13666.707907737498,0.32535631678405563,0.1694685702180872,0.3118200074723037,0.15664952884706232,0.013536309311751926,0.01281904137102488
22071,MISO,2030,154637.87520439,0.2832693906733019,0.18482009298093768,0.22641053648604706,0.1679419460280953,0.056858854187254865,0.01687814695284237
22073,MISO,2030,58739.92179112083,0.2783243786218256,0.16970503253012517,0.2534207577535766,0.1447597918392674,0.024903620868248988,0.024945240690857767
22075,MISO,2030,7979.912065813334,0.12968284698066088,0.11271757177731798,0.12840165176000176,0.10767513501007787,0.0012811952206591148,0.005042436767240102
22077,MISO,2030,8014.921662595834,0.24662875177744314,0.20099968188313375,0.24318545738292316,0.1755967089570006,0.0034432943945199856,0.02540297292613314
22079,MISO,2030,48119.28366633333,0.27529980276289445,0.12007954904506775,0.23410731578384406,0.11146323458473668,0.0411924869790504,0.008616314460331065
22081,MISO,2030,2906.333299875,0.3493832689966562,0.2080516920413108,0.3313800589746271,0.15707665826976366,0.018003210022029148,0.050975033771547135
22083,MISO,2030,7127.485098641667,0.3430796154130414,0.1699186591579087,0.30155114341178213,0.15669275271972735,0.04152847200125925,0.013225906438181362
22085,MISO,2030,8247.93302435,0.3364149979359428,0.1572177640482871,0.29720628752891104,0.1495662841369542,0.03920871040703178,0.007651479911332915
22087,MISO,2030,15325.546456348333,0.22222232428059746,0.15498408596850455,0.18805560240873678,0.151206482072624,0.03416672187186068,0.0037776038958805547
22089,MISO,2030,18180.386979896666,0.10645985324676338,0.054575508250896035,0.0779279433432364,0.053518916385099057,0.028531909903526984,0.0010565918657969783
22091,MISO,2030,3809.5234495199998,0.2973799089059489,0.1403275571954695,0.277536005282555,0.11896886073955133,0.019843903623393888,0.02135869645591816
22093,MISO,2030,7358.2519694041675,0.12954638421589978,0.056539444028944834,0.12338393277971466,0.03112454293863288,0.006162451436185129,0.025414901090311953
22095,MISO,2030,15002.419264269169,0.15104000967970227,0.08350836345795173,0.12331839413030106,0.0634623666288763,0.02772161554940121,0.02004599682907543
22097,MISO,2030,30351.252312166667,0.3637862277620014,0.18178068504334832,0.3058012226544466,0.16155155766467738,0.05798500510755483,0.02022912737867094
22099,MISO,2030,19606.880385749166,0.2504195863392096,0.15466367750934615,0.18911263778653842,0.15306261500565402,0.06130694855267116,0.00160106250369213
22101,MISO,2030,18279.428146924998,0.336411919748538,0.1822829870000895,0.29320184093564017,0.1368360004982762,0.043210078812897845,0.04544698650181328
22103,MISO,2030,99979.66344572583,0.13803967253288285,0.06340891881077194,0.09602344036227353,0.05760797843938492,0.04201623217060932,0.005800940371387023
22105,MISO,2030,47801.259121925,0.22781783950312154,0.11096284771172775,0.19513473385481045,0.10822111669025582,0.03268310564831109,0.0027417310214719326
22107,MISO,2030,1562.0736233416665,0.3599427786527914,0.19674935776022898,0.3240676662193685,0.17307557471318527,0.035875112433422895,0.023673783047043706
22109,MISO,2030,40227.246393074995,0.1725439517864282,0.09572402922714647,0.1231004953671766,0.08941411610210355,0.0494434564192516,0.006309913125042921
22111,MISO,2030,8086.4980405999995,0.34267452771891044,0.17397802076156152,0.2938128273734233,0.15177567075188061,0.04886170034548715,0.022202350009680905
22113,MISO,2030,21023.655567395832,0.2513569358024864,0.13075865218903432,0.2184045024338392,0.12155165280325576,0.03295243336864723,0.009206999385778555
22115,MISO,2030,17448.096772616664,0.23189612372293744,0.1209511728118897,0.19666201334574374,0.10822630787475135,0.035234110377193706,0.012724864937138355
22117,MISO,2030,16652.220901566667,0.3141563776661859,0.11005947874636991,0.25488544728668466,0.08402161257071118,0.05927093037950126,0.02603786617565873
22119,MISO,2030,14477.2410151125,0.46280567555321367,0.2730033582920532,0.3952725938821107,0.18463957934828887,0.06753308167110295,0.08836377894376432
22121,MISO,2030,9796.648335094167,0.16258498109068062,0.08044634406682429,0.13834211496207996,0.07596515177550398,0.02424286612860066,0.00448119229132031
22123,MISO,2030,3741.6769968124995,0.32555152087113054,0.14446185112708523,0.2851183055520243,0.13035463946571876,0.040433215319106264,0.01410721166136647
22125,MISO,2030,3747.7440598124995,0.24021372374257247,0.08169695294160104,0.12751351216841336,0.05996263456455003,0.1127002115741591,0.021734318377051004
22127,MISO,2030,4803.580561041667,0.3618760755427778,0.2133803992415806,0.3000361740957865,0.1450715732971664,0.06183990144699131,0.06830882594441418
24001,PJM,2030,26666.477862033338,0.17402581866097064,0.09194957544459535,0.1301663072641343,0.08021954606676178,0.04385951139683633,0.011730029377833573
24003,PJM,2030,193069.99673910916,0.06534969303785267,0.03620968454320106,0.058910710289712176,0.01770327478106445,0.00643898274814049,0.01850640976213661
24005,PJM,2030,326322.6920135475,0.10748519507500419,0.05200045106012381,0.09202549267958442,0.04223242717878838,0.015459702395419772,0.009768023881335429
24013,PJM,2030,61989.40874574917,0.05884816942889169,0.03296389493968931,0.04234213129832961,0.026161141878604223,0.016506038130562083,0.00680275306108509
24017,PJM,2030,58193.22883095333,0.10332313499335861,0.059629679160099515,0.0784424691739842,0.035253973040510145,0.024880665819374412,0.02437570611958937
24021,PJM,2030,98652.08427072334,0.05669151213624928,0.02752979272720729,0.04037901125706031,0.02086474512285106,0.016312500879188972,0.006665047604356229
24023,PJM,2030,12019.210306415833,0.15150906317444246,0.058245602099552186,0.13088593916733926,0.05206518341441771,0.0206231240071032,0.006180418685134477
24025,PJM,2030,97132.84759477916,0.0871655006727962,0.04689816834972706,0.07594242291210748,0.02860818255089804,0.011223077760688718,0.01828998579882902
24027,PJM,2030,117643.62089344251,0.04695754056264281,0.021764003711294444,0.03331536365620991,0.01674184297209481,0.0136421769064329,0.005022160739199633
24031,PJM,2030,369549.9565311633,0.05689706667388978,0.026922367027638953,0.045246020971664365,0.014788069583728454,0.011651045702225415,0.012134297443910499
24033,PJM,2030,339223.0202935833,0.07618575786635333,0.03559326021729623,0.06749842742968994,0.02674147933933203,0.008687330436663393,0.008851780877964201
24043,PJM,2030,57734.388594695,0.10059927474520523,0.049176996469527876,0.09587989019853947,0.04081043504399096,0.004719384546665761,0.008366561425536913
24510,PJM,2030,245315.75649944998,0.2201419980656858,0.14297855047286226,0.18679506353327902,0.12486461903317926,0.03334693453240678,0.018113931439682998
26001,MISO,2030,4772.9626107683325,0.2660196469383771,0.11849580949764782,0.25228110396814896,0.11849580949764782,0.01373854297022814,0.0
26003,MISO,2030,3199.976778483333,0.168829112622829,0.09275794137164008,0.16106866215503834,0.08516519195284096,0.007760450467790642,0.007592749418799116
26005,MISO,2030,43264.0290925175,0.09318432337950586,0.03701947142773544,0.07731846878111348,0.030523746198896227,0.015865854598392376,0.006495725228839216
26007,MISO,2030,12353.209613345833,0.14813546848144704,0.08544647807363995,0.14028852531911215,0.08526646282770224,0.00784694316233489,0.00018001524593770635
26009,MISO,2030,10446.604142879167,0.14905766012798027,0.06206643720919569,0.1417955900380351,0.055149633318582095,0.007262070089945172,0.006916803890613596
26011,MISO,2030,6255.6274351525,0.18671656506477877,0.09381613427902717,0.17939995474679485,0.08978632329342692,0.007316610317983918,0.004029810985600249
26013,MISO,2030,3176.378249525,0.164504429484998,0.08306182706996171,0.15992323483413756,0.08223608599192979,0.004581194650860432,0.0008257410780319191
26015,MISO,2030,23913.083137375834,0.13053230201383972,0.07356929376553789,0.12063004855842635,0.07169823707293317,0.009902253455413373,0.0018710566926047195
26017,MISO,2030,44123.78348309584,0.1342459691180717,0.08123522839622793,0.12386878428821495,0.08007754229474248,0.010377184829856764,0.00115768610148545
26019,MISO,2030,7057.721204854166,0.14269034060819671,0.0789526039443748,0.13801357131535025,0.07196469099506766,0.004676769292846467,0.006987912949307132
26021,PJM,2030,62051.45464497749,0.1619032509799214,0.08173895071054338,0.11915589791313289,0.07099854698958172,0.04274735306678851,0.010740403720961661
26023,MISO,2030,16378.5006125875,0.10435086538481124,0.07331412704100998,0.10297311298928218,0.06923218730755121,0.0013777523955290638,0.004081939733458773
26025,MISO,2030,51966.72735397167,0.13521300619593432,0.07261378927321661,0.12814624391972054,0.06843782722096291,0.007066762276213778,0.004175962052253707
26029,MISO,2030,11976.329161432499,0.11904462555128498,0.05124323992937867,0.11213902734417058,0.04443160978653203,0.006905598207114394,0.006811630142846636
26031,MISO,2030,10523.1627943725,0.1583571419606364,0.07736327288435203,0.13977604535887156,0.07705543489115867,0.01858109660176485,0.00030783799319336613
26033,MISO,2030,13371.240413542502,0.16336460341369186,0.08751768975597744,0.1467307623437637,0.08625053117711892,0.016633841069928157,0.001267158578858521
26035,MISO,2030,11718.4228140125,0.2333597724093934,0.10492578398367976,0.21252640282973695,0.09576921971456494,0.020833369579656452,0.00915656426911482
26037,MISO,2030,30529.477480433336,0.0848874081842747,0.05171131685620293,0.08131490781071818,0.050733238439396165,0.0035725003735565253,0.000978078416806763
26039,MISO,2030,5763.50051304,0.22744680204719803,0.1248082487141857,0.21543618590239483,0.12442018813235015,0.012010616144803199,0.0003880605818355476
26041,MISO,2030,15602.127367045832,0.18441011397156745,0.09714988978376929,0.17434244486766662,0.09615644808265628,0.010067669103900834,0.0009934417011130126
26043,MISO,2030,11423.631379325,0.11484745651540117,0.0676296513726429,0.10819060036228997,0.06571113222093088,0.006656856153111193,0.0019185191517120254
26045,MISO,2030,44110.34210547167,0.07869093932003146,0.04418533806731081,0.07228992122262305,0.04377237340572546,0.006401018097408409,0.0004129646615853508
26047,MISO,2030,14161.784488406665,0.1358297182515301,0.06056449513180896,0.11915215463669411,0.06006814412422556,0.01667756361483598,0.0004963510075834052
26049,MISO,2030,164746.13215435419,0.2136249276139875,0.09325944055020878,0.18709730649665013,0.091635469812304,0.026527621117337363,0.0016239707379047813
26051,MISO,2030,10715.294369055,0.20234470464517118,0.11168341281810322,0.19879218896939102,0.10300690122857305,0.00355251567578016,0.008676511589530173
26053,MISO,2030,6806.012627445833,0.1948974080142821,0.10361565635342519,0.16819003785768546,0.10265694994207443,0.026707370156596633,0.0009587064113507626
26055,MISO,2030,37328.721364569166,0.07305002508144366,0.04259242058299069,0.06899267471814526,0.0421207672995029,0.0040573503632984065,0.00047165328348779123
26057,MISO,2030,14412.389597995834,0.17918114093249382,0.0755651621963239,0.15853118289369048,0.06885505130747577,0.020649958038803345,0.006710110888848139
26059,MISO,2030,17247.045537029167,0.20099650628333798,0.07659852200513341,0.1677466435801607,0.06848013612008141,0.033249862703177285,0.008118385885051996
26061,MISO,2030,13829.0145499375,0.1369637862403021,0.0764506085516613,0.1280418716888136,0.07097425126304,0.008921914551488497,0.0054763572886213085
26063,MISO,2030,13463.038620816667,0.2153443141136862,0.09807169742263638,0.2039691151519868,0.0841896074148486,0.011375198961699418,0.013882090007787784
26065,MISO,2030,113184.50817140666,0.10825071000617217,0.05319912397304098,0.1006233374732255,0.052067608652681195,0.00762737253294668,0.001131515320359787
26067,MISO,2030,22314.507808831666,0.12234631174437757,0.06190405188703964,0.11643232204364562,0.05713611539165234,0.005913989700731953,0.004767936495387301
26069,MISO,2030,11281.318642333334,0.18662681536568176,0.11751085403892479,0.18089493355143912,0.11034686242922727,0.00573188181424264,0.007163991609697523
26071,MISO,2030,5086.898056770833,0.19720119471625416,0.11214195178973013,0.19468345050136485,0.11181316595967523,0.002517744214889317,0.0003287858300548979
26073,MISO,2030,24239.595666850833,0.19826883231038983,0.09236646169491891,0.17362715008405005,0.08902097665216574,0.02464168222633978,0.0033454850427531713
26075,MISO,2030,60563.02439104667,0.15377468525669374,0.07166057759520678,0.10709004663551466,0.0634055189728827,0.04668463862117908,0.008255058622324077
26079,MISO,2030,7262.089770320832,0.20538616914443242,0.08798487351551587,0.20238852494395707,0.0840069745077499,0.0029976442004753523,0.003977899007765975
26081,MISO,2030,250297.79169441081,0.0714111573980677,0.02738978580646058,0.06694471673400104,0.016784806528587312,0.004466440664066665,0.010604979277873267
26083,MISO,2030,1055.7583443583335,0.20086070279231585,0.08956185102343237,0.1770809334484843,0.08758832219432042,0.023779769343831553,0.001973528829111948
26085,MISO,2030,4496.436935646667,0.3488386030588798,0.15535081965950887,0.3102024582082203,0.13363822650672788,0.038636144850659526,0.021712593152780985
26087,MISO,2030,33694.92542939916,0.1192206684475999,0.07916347849264942,0.11604205248164148,0.07661568644663715,0.00317861596595842,0.0025477920460122705
26089,MISO,2030,9045.722980177501,0.10943975191887581,0.05506310707352948,0.10543067099195932,0.054486675315512316,0.004009080926916486,0.0005764317580171652
26091,MISO,2030,37653.17002485834,0.12338546362299224,0.05814782021319963,0.09731298511734764,0.056489957675761523,0.026072478505644606,0.001657862537438104
26093,MISO,2030,73713.66943356584,0.06650409422641948,0.029962327762951154,0.05999832763859722,0.027195077216784262,0.006505766587822259,0.002767250546166892
26095,MISO,2030,2054.0939317958337,0.19149366064746737,0.09669049911649363,0.17293106699942612,0.0868475286042719,0.018562593648041248,0.00984297051222173
26097,MISO,2030,5041.095834520834,0.17876813480571854,0.08569792319326743,0.16349104355187744,0.08138962033933093,0.015277091253841107,0.004308302853936491
26099,MISO,2030,351532.2330202642,0.0944656777158632,0.07023238950906331,0.08913954126131396,0.06684319135143285,0.005326136454549241,0.0033891981576304603
26101,MISO,2030,9760.880229179165,0.17487085864670085,0.08424500669222101,0.15650959123464575,0.08391931885205096,0.0183612674120551,0.0003256878401700497
26103,MISO,2030,26780.265042620835,0.11671992405596557,0.061462701815512596,0.10701910836989813,0.058678098780790895,0.00970081568606744,0.0027846030347217013
26105,MISO,2030,11981.90325629,0.16727085230953326,0.06898346262792272,0.15202163772468985,0.06255372082567132,0.015249214584843407,0.006429741802251407
26107,MISO,2030,15792.003570425,0.2110401682757772,0.09206203917654891,0.18940903526116043,0.08705458813110786,0.021631133014616777,0.00500745104544105
26109,MISO,2030,9790.747282441665,0.15209844999776087,0.08773412118505652,0.1470620724130525,0.07912509904003666,0.005036377584708374,0.008609022145019865
26111,MISO,2030,33784.81317012167,0.13267358840610863,0.07768842826645259,0.12765199455241313,0.06881393892128665,0.005021593853695494,0.008874489345165937
26113,MISO,2030,5715.342433398333,0.20806977164657417,0.07866912517774072,0.2064812741631256,0.07660552852467825,0.001588497483448581,0.002063596653062466
26115,MISO,2030,60919.73485117416,0.08586676135001015,0.042622097592319955,0.08334714843510962,0.04091042499140104,0.002519612914900521,0.0017116726009189162
26117,MISO,2030,23685.637822812503,0.17768600168442036,0.08250829108467632,0.1533582397389153,0.07891682001812972,0.024327761945505066,0.0035914710665466004
26119,MISO,2030,4616.966919534167,0.24704828086918948,0.1319488250984262,0.22031846458611803,0.13084432630234621,0.026729816283071445,0.001104498796079989
26121,MISO,2030,65119.7732379275,0.09486856931778603,0.055096813527899115,0.09138856189701881,0.05400116638593736,0.00348000742076722,0.001095647141961753
26123,MISO,2030,18804.3867408725,0.2168015232670655,0.0904575870000911,0.18715144691113406,0.08740560021330987,0.02965007635593145,0.00305198678678123
26125,MISO,2030,521526.56082772743,0.0669624261707816,0.050676781218793744,0.06571568821937593,0.046838358635823404,0.0012467379514056742,0.0038384225829703397
26127,MISO,2030,9786.312969478333,0.23650419194416414,0.09854500236480866,0.20694011397605244,0.09215481755950568,0.029564077968111696,0.006390184805302984
26129,MISO,2030,8879.656253620833,0.22286654345268575,0.11122730839240139,0.21584264441966844,0.10663828558365802,0.007023899033017311,0.004589022808743362
26131,MISO,2030,2846.0360218083333,0.22516415737522116,0.12090874322385539,0.2243163126469711,0.12029688076000872,0.0008478447282500579,0.0006118624638466741
26133,MISO,2030,8784.525878295834,0.22364472998943397,0.1113041968600451,0.2066067956079711,0.09103319960452273,0.017037934381462866,0.020270997255522366
26135,MISO,2030,3435.683997983334,0.24636777911016894,0.11517626899736379,0.22383551083027467,0.11414645259047748,0.02253226827989427,0.0010298164068863053
26137,MISO,2030,10488.044794161666,0.11737166222045393,0.06451243291750734,0.1154937466701888,0.06445240266283583,0.001877915550265133,6.003025467150869e-05
26139,MISO,2030,106091.79930614916,0.04991567649775038,0.018599798025503878,0.04845366542296028,0.017964298897004394,0.0014620110747901038,0.0006354991284994831
26141,MISO,2030,6044.054568874167,0.14260724868445146,0.0805278137343424,0.14237803443609992,0.0796482966916976,0.00022921424835153914,0.0008795170426448007
26143,MISO,2030,11213.417281721668,0.16441962775346963,0.08911812670201176,0.16053278650821617,0.08628197149792365,0.0038868412452534584,0.0028361552040881144
26145,MISO,2030,75801.60213027333,0.21693566397641223,0.08705490058591682,0.20969304175427259,0.08670384762614429,0.007242622222139644,0.0003510529597725298
26147,MISO,2030,64617.187098355,0.12019106458013418,0.07895379574157,0.11519001671256315,0.06407433857738656,0.0050010478675710235,0.01487945716418343
26151,MISO,2030,16995.631359,0.20283948870917415,0.09505086692505887,0.1937979566951079,0.07731446808128352,0.00904153201406624,0.017736398843775356
26153,MISO,2030,3738.894939258333,0.17300280790273034,0.07642108778603775,0.1618000056238992,0.07499270076613947,0.011202802278831137,0.0014283870198982807
26155,MISO,2030,27376.201479037503,0.1565814084206741,0.06986361975359083,0.13146295139539202,0.06917264668289347,0.025118457025282093,0.0006909730706973621
26157,MISO,2030,21243.2838350375,0.17312709719117875,0.09859786437241139,0.15985207415751246,0.0802705108214024,0.013275023033666289,0.018327353551008993
26161,MISO,2030,146913.13311006164,0.09347057441780336,0.030904661545349488,0.07969802748703189,0.026352713257883107,0.01377254693077147,0.004551948287466381
26163,MISO,2030,684578.9827358675,0.18568199216551368,0.1381745247451645,0.15806058100665835,0.1327716639384,0.02762141115885533,0.005402860806764498
26165,MISO,2030,12885.423899991665,0.16907879291788316,0.08168502783862736,0.16260925914038854,0.07723667363372323,0.006469533777494624,0.004448354204904123
27001,MISO,2030,6703.48411718,0.30092007453510033,0.13646292523051315,0.27423103153110745,0.1332075595104583,0.026689043003992885,0.003255365720054859
27003,MISO,2030,132001.03064151,0.05660773245277384,0.014352982605204555,0.035905463335813514,0.013409318973226607,0.020702269116960326,0.0009436636319779482
27005,MISO,2030,13758.14815455,0.21057672092932625,0.09754450655091779,0.18426435788755463,0.08302724179287355,0.02631236304177162,0.01451726475804424
27007,MISO,2030,17216.9731836675,0.22702982666297766,0.11025394316662211,0.19822910928473056,0.10079706731647049,0.028800717378247104,0.00945687585015162
27009,MISO,2030,15407.020123136666,0.06980221735853447,0.039292236114501805,0.06594928579548316,0.03907070722879117,0.003852931563051304,0.0002215288857106354
27011,MISO,2030,2171.8248583575,0.26311982444938387,0.14167755189494055,0.23351957019578573,0.09869469536957631,0.029600254253598135,0.04298285652536424
27013,MISO,2030,25572.92111600917,0.08273627818823798,0.03905294248238208,0.08140195597405396,0.038648466197236137,0.0013343222141840166,0.0004044762851459424
27015,MISO,2030,10587.389143488334,0.26289258897429574,0.09861412026515928,0.19034792662050984,0.07343165440853715,0.0725446623537859,0.025182465856622135
27017,MISO,2030,13447.770504454998,0.14942917138936104,0.06562894062570618,0.13002597592025145,0.060151713457534894,0.019403195469109596,0.005477227168171284
27019,MISO,2030,37792.48906580084,0.055646673615447846,0.019933173109654513,0.04266324006906213,0.019668570268000212,0.012983433546385717,0.000264602841654301
27021,MISO,2030,12219.805739558335,0.2529369720007824,0.10370633737675139,0.23054345517594865,0.09474888702760291,0.02239351682483376,0.00895745034914848
27023,MISO,2030,5048.486212538333,0.27923449739525186,0.11535153173777464,0.2058001919010116,0.07855699445179419,0.07343430549424027,0.03679453728598045
27025,MISO,2030,20511.817690471667,0.08407557338922561,0.029202614709840438,0.06394712807742255,0.024082044926933107,0.020128445311803064,0.005120569782907331
27027,MISO,2030,24334.185865260835,0.07364313249681392,0.04336318949040333,0.069693203523926,0.030021437459769422,0.003949928972887928,0.01334175203063391
27029,MISO,2030,3113.704150904167,0.3159322986501499,0.1628150391400506,0.274232281164343,0.13196609868849635,0.04170001748580687,0.030848940451554258
27031,MISO,2030,2544.8674825141666,0.18632982836852305,0.08193696347559788,0.16590247182257742,0.06829898844148,0.02042735654594563,0.013637975034117886
27033,MISO,2030,4479.658464800001,0.29569771402854916,0.11315210755937924,0.249274893547758,0.11069472216497175,0.04642282048079116,0.0024573853944074853
27035,MISO,2030,27458.026502777502,0.13190384698852278,0.06253120711635946,0.11667456725371127,0.05557992882581321,0.015229279734811516,0.006951278290546245
27037,MISO,2030,166105.97013297916,0.038564045253717365,0.009461945617387654,0.035324758284380406,0.00938964559668168,0.003239286969336959,7.230002070597423e-05
27039,MISO,2030,7695.352213774166,0.07401627504246278,0.03287984699090284,0.06583827425465975,0.023183043007527705,0.008178000787803022,0.009696803983375139
27041,MISO,2030,16714.538395331667,0.1067702292941239,0.0467476569605157,0.09809878022723567,0.04602271279832946,0.008671449066888229,0.0007249441621862418
27043,MISO,2030,5913.530371708333,0.2054024763083169,0.10680154024375359,0.19627880424295902,0.10612402599059251,0.009123672065357885,0.0006775142531610795
27045,MISO,2030,8275.499122130834,0.1451807705632758,0.07326189233089919,0.11900629285424306,0.05876702694678198,0.026174477709032737,0.014494865384117213
27047,MISO,2030,12455.7295177175,0.112103133064157,0.06978761785223989,0.10957650393856187,0.06869426559369667,0.002526629125595134,0.0010933522585432204
27049,MISO,2030,18838.428201214167,0.11319212043524238,0.06230381923199336,0.09122905732992093,0.055116160535786086,0.02196306310532145,0.007187658696207272
27051,MISO,2030,2486.0468851125,0.24569625432762468,0.13523812445440628,0.2067341757394393,0.09383152919879223,0.03896207858818537,0.04140659525561405
27053,MISO,2030,523940.52848666743,0.047389218817074495,0.024425634868530038,0.041562220928513506,0.021503568575837004,0.005826997888560989,0.002922066292693034
27055,MISO,2030,7744.60119808,0.12255660242952754,0.06780918733085016,0.10334173111286214,0.055949768521856263,0.019214871316665397,0.011859418808993896
27057,MISO,2030,8534.585263393332,0.2233613065051147,0.10006779474137409,0.1739867925908374,0.09631114401859651,0.0493745139142773,0.003756650722777574
27059,MISO,2030,15302.368952738334,0.1266939289419457,0.04741743398757584,0.08277974256310522,0.04015446735356904,0.04391418637884048,0.007262966634006801
27061,MISO,2030,17541.640615383334,0.22572249629310434,0.09089677159145182,0.1888678169539104,0.08301984911707048,0.03685467933919395,0.007876922474381334
27063,MISO,2030,4292.5669838625,0.2258195609944267,0.0722716127741939,0.1772384117270276,0.06972264585933838,0.04858114926739912,0.0025489669148555244
27065,MISO,2030,6400.016274328333,0.23831937630737837,0.09620678708033738,0.20583238096165377,0.08959772102431307,0.032486995345724606,0.006609066056024307
27067,MISO,2030,16434.820742305834,0.10005882399177993,0.037398771455381945,0.08308865109735365,0.02981905143004167,0.016970172894426275,0.007579720025340273
27069,MISO,2030,1688.2253223508333,0.3284384866260403,0.1607085751561296,0.25170035542162966,0.1428666052802978,0.07673813120441064,0.01784196987583181
27071,MISO,2030,5448.476537095834,0.18157213623176988,0.10035920854963,0.1547214318622792,0.09540144244606798,0.026850704369490663,0.004957766103562022
27073,MISO,2030,2796.577682125,0.13137861337509987,0.06829030853163467,0.11441314837719987,0.046449058342610546,0.0169654649979,0.02184125018902413
27075,MISO,2030,4837.513022858333,0.18740295183333136,0.09907728578960406,0.1795960351453114,0.09582896566607185,0.007806916688019971,0.0032483201235322112
27077,MISO,2030,1585.4579707958333,0.36607924698691025,0.21234879720863184,0.3184198626884808,0.1767026778111568,0.04765938429842942,0.03564611939747503
27079,MISO,2030,11093.983852969166,0.0933468654622362,0.04749632109424565,0.08893563132546554,0.04420363660304217,0.00441123413677065,0.0032926844912034778
27081,MISO,2030,2395.3585170983333,0.2649159910936274,0.14352588160642618,0.23906264589097093,0.1318970437486137,0.025853345202656475,0.01162883785781249
27083,MISO,2030,9592.486386540833,0.12532029335828648,0.06318503133422056,0.08944751781896948,0.048229703760205314,0.035872775539317,0.014955327574015242
27085,MISO,2030,14334.583948630001,0.12590758305027938,0.060672298013559556,0.1067461284347502,0.04581299350020064,0.019161454615529178,0.014859304513358915
27087,MISO,2030,1827.9864781633332,0.34026877715426374,0.2013443139888371,0.3103785568657827,0.1660082467166653,0.02989022028848104,0.035336067272171784
27089,MISO,2030,3687.84991045,0.23817355325599154,0.1360701368629637,0.18835254996166803,0.11844890973704639,0.04982100329432351,0.01762122712591732
27091,MISO,2030,8508.624117628335,0.23634540085064487,0.08753503034960766,0.2062138806383466,0.0846297648252888,0.030131520212298257,0.0029052655243188563
27093,MISO,2030,8791.259916250834,0.22465818529188106,0.08947206129400607,0.18273723684070975,0.062350154203922224,0.04192094845117131,0.02712190709008385
27095,MISO,2030,10276.049393975833,0.18316566555480818,0.06438084456183855,0.1607485744028611,0.05796530918625136,0.022417091151947066,0.006415535375587193
27097,MISO,2030,13440.4913057475,0.14993146942601734,0.06742382484311776,0.14293454265607716,0.06165205167945173,0.006996926769940182,0.005771773163666033
27099,MISO,2030,15099.276745869167,0.08417756497643,0.04686512052220815,0.07902952718870841,0.04628333106647124,0.0051480377877215905,0.0005817894557369058
27101,MISO,2030,3480.3904792825,0.34158006422986686,0.16319821241066457,0.3048460883850003,0.1452751693738787,0.03673397584486654,0.01792304303678588
27103,MISO,2030,12393.936346718334,0.1282191333530561,0.053467433621990135,0.1044689021836606,0.04526057191710499,0.023750231169395494,0.008206861704885146
27105,MISO,2030,7390.174486243333,0.1675348194919331,0.10878861549456448,0.16194869058137584,0.10671789555732625,0.005586128910557264,0.00207071993723823
27107,MISO,2030,2608.6238727708333,0.22315220248036338,0.1269591562373143,0.202821880865107,0.1050737165644703,0.020330321615256386,0.021885439672843995
27109,MISO,2030,63411.11019054,0.057150046221260964,0.01912033866439404,0.049632767724254304,0.015599216276417891,0.00751727849700666,0.0035211223879761493
27111,MISO,2030,24172.569129024167,0.145437211000794,0.05232063947713652,0.12181277732584848,0.049209735609949234,0.023624433674945503,0.0031109038671872855
27113,MISO,2030,5958.7097808416665,0.23320271675650467,0.09829432716902722,0.1792216907192038,0.07761411206169,0.05398102603730087,0.020680215107337224
27115,MISO,2030,11172.209202523332,0.2014014561124249,0.10077846129982085,0.19575549108006415,0.09420696516426531,0.005645965032360756,0.006571496135555535
27117,MISO,2030,3833.3826632333335,0.23418781061140556,0.12253803958650288,0.22360514003151377,0.11073289229912943,0.01058267057989179,0.011805147287373446
27119,MISO,2030,11996.109640995834,0.25965087255694375,0.12183213318525006,0.18824041459001511,0.11346462072879777,0.07141045796692863,0.008367512456452286
27121,MISO,2030,4804.753283909166,0.17587423696896773,0.07640592282547956,0.1467186280575165,0.05691619072547645,0.02915560891145122,0.019489732100003113
27123,MISO,2030,212464.01918350667,0.06220400452649578,0.02077049267338207,0.045173611259547,0.006626216717628685,0.01703039326694878,0.014144275955753386
27125,MISO,2030,1610.1242651966666,0.20075103117668516,0.12389008334125996,0.19758142888657254,0.1200513664606646,0.003169602290112622,0.0038387168805953664
27127,MISO,2030,5931.407547675,0.30927363155856563,0.15314364178073137,0.26734444317280853,0.13013939021819096,0.0419291883857571,0.023004251562540406
27129,MISO,2030,5807.616984971666,0.415402089529056,0.179007998700131,0.3097107200709177,0.1249568579312123,0.10569136945813828,0.054051140768918704
27131,MISO,2030,22053.813363566667,0.08010239739268389,0.040890267529527055,0.07682426644484366,0.038621510877552376,0.003278130947840227,0.0022687566519746794
27133,MISO,2030,3816.4257702,0.28009484170813076,0.1216659430054455,0.2448652815376328,0.1202329758456047,0.03522956017049797,0.0014329671598408006
27135,MISO,2030,5664.0760651049995,0.2948870700235209,0.13066474045129434,0.21866500382036097,0.10950976367025561,0.07622206620315991,0.021154976781038726
27137,MISO,2030,83681.71071696334,0.13057941192450354,0.08036442339925082,0.11740029465688055,0.07388571353359835,0.013179117267622983,0.0064787098656524655
27139,MISO,2030,51303.06033918666,0.03658798194032048,0.014094579613171352,0.03102730678860647,0.013787529199397736,0.0055606751517140104,0.00030705041377361575
27141,MISO,2030,33288.806698390836,0.05709147647964611,0.0169990428993265,0.054817806623616336,0.016019971096143622,0.002273669856029774,0.0009790718031828793
27143,MISO,2030,5718.503368596666,0.21848487693874946,0.09333884879176912,0.18188838639119606,0.075840916243049,0.0365964905475534,0.01749793254872012
27145,MISO,2030,58867.05061957417,0.1023678419515195,0.04421378557777705,0.08525798680349228,0.03940576684560443,0.017109855148027223,0.004808018732172618
27147,MISO,2030,14541.437418163332,0.06609770850159871,0.036286074105662876,0.0639002179084918,0.03141788192050944,0.002197490593106907,0.004868192185153435
27149,MISO,2030,3691.2856137991666,0.13929035291694647,0.05032663359585824,0.12332442955846938,0.02852398463507117,0.015965923358477088,0.02180264896078707
27151,MISO,2030,4024.677264665,0.22335267618135085,0.10322652221645426,0.1715281307909945,0.07052925992778389,0.05182454539035636,0.03269726228867037
27153,MISO,2030,9560.50066513,0.23509578059819852,0.10256043233885741,0.20015128486638173,0.07221019233826698,0.034944495731816794,0.03035024000059043
27155,MISO,2030,1392.2160205333334,0.45067042466260065,0.19931560416502866,0.35722293847304515,0.17370690429853192,0.0934474861895555,0.025608699866496748
27157,MISO,2030,8954.798220530833,0.14077724661899427,0.06213176052860502,0.1294910428930464,0.0591088958010368,0.01128620372594788,0.003022864727568221
27159,MISO,2030,5647.303586095833,0.25286499301543547,0.11795356678525531,0.21591915472332837,0.09502424847917385,0.0369458382921071,0.02292931830608147
27161,MISO,2030,7279.8464098475,0.10206007529178503,0.04351157849679169,0.09271559639550224,0.03773468057903087,0.009344478896282787,0.005776897917760822
27163,MISO,2030,98412.09299001333,0.035524950278991045,0.0248305470725836,0.033894393141215125,0.014868901425103899,0.0016305571377759204,0.009961645647479702
27165,MISO,2030,4077.5457652249997,0.24511395678735753,0.11338315853568079,0.20611641690843344,0.11135937805183102,0.0389975398789241,0.0020237804838497686
27167,MISO,2030,2584.059975643333,0.13222856605747565,0.06837408836754237,0.11887744111480573,0.05785446312100927,0.01335112494266992,0.010519625246533104
27169,MISO,2030,19611.862048659998,0.1236390282652012,0.052618676642588826,0.0943270268333461,0.04091459982262753,0.02931200143185511,0.011704076819961294
27171,MISO,2030,49541.01582731833,0.058546602854102923,0.017677368404614285,0.04665712465998537,0.011599557247433738,0.01188947819411755,0.006077811157180547
27173,MISO,2030,3926.09278723,0.17643465193089777,0.08358516230454763,0.15173591080216806,0.05875093543261367,0.024698741128729718,0.024834226871933957
29001,MISO,2030,8659.371190841666,0.30203873550689664,0.18882926410457623,0.29202317232142433,0.1876130337175317,0.01001556318547231,0.0012162303870445201
29007,MISO,2030,8813.9755704375,0.18679353730251805,0.0988730492020651,0.1570161217114052,0.0933719391779885,0.029777415591112855,0.005501110024076605
29019,MISO,2030,73115.60655890833,0.11982246569387517,0.05318863704677623,0.11473852346670492,0.04830764352438141,0.005083942227170249,0.004880993522394822
29025,MISO,2030,3410.7252178758336,0.1993281210999771,0.1149710731129252,0.19729106237116117,0.111110135728998,0.0020370587288159325,0.0038609373839272043
29027,MISO,2030,15641.421081412498,0.14811833056304902,0.06121841573490814,0.14316054616946947,0.05558570858990126,0.004957784393579551,0.005632707145006882
29029,MISO,2030,16123.793881664165,0.13769206561726346,0.09804579304808765,0.1369488856257587,0.08517793077431206,0.0007431799915047776,0.012867862273775593
29031,MISO,2030,30889.718558529166,0.15146935628644934,0.0853689945198138,0.1419884282897518,0.08411839147767848,0.00948092799669753,0.001250603042135326
29045,MISO,2030,2277.90236405,0.2912076848846771,0.09327809649680963,0.27219245025869054,0.08163372667645132,0.019015234625986532,0.01164436982035831
29047,MISO,2030,98151.435979195,0.06334686044341656,0.040756700507227184,0.061432420240627984,0.032002387695317505,0.001914440202788574,0.008754312811909679
29049,MISO,2030,7889.981707896666,0.16143497945673754,0.10969834613499997,0.15980177932539,0.0938783796628249,0.0016332001313475453,0.015819966472175068
29051,MISO,2030,29325.42986180833,0.07366184349193243,0.04278601270766262,0.06909539570985802,0.03597246041050701,0.0045664477820744065,0.006813552297155613
29053,MISO,2030,6051.345182225833,0.17533722847452826,0.09042589928719402,0.16603347634014887,0.08991467774771113,0.009303752134379395,0.0005112215394828951
29063,MISO,2030,3586.2714617166666,0.17834527840246298,0.06884824101412107,0.16299562652326122,0.05734626866056841,0.015349651879201759,0.011501972353552659
29069,MISO,2030,11030.351996854166,0.32635249268125355,0.14476632010372326,0.29644962523816837,0.12817270589512555,0.02990286744308518,0.0165936142085977
29071,MISO,2030,40581.811151104164,0.11540067989784417,0.044547218245806305,0.11389990022018119,0.04017587288274521,0.001500779677662975,0.004371345363061094
29073,MISO,2030,5865.083543488333,0.19912874486942758,0.08135055831609782,0.17768274849759144,0.08037687464941924,0.02144599637183614,0.0009736836666785764
29089,MISO,2030,3300.402380708333,0.21974789999374117,0.08696466805891916,0.19867942553773363,0.08683400571073982,0.02106847445600754,0.0001306623481793362
29093,MISO,2030,3784.1450945541665,0.1975537409957786,0.10347851311058168,0.19040287926905927,0.1020690008792697,0.007150861726719332,0.0014095122313119712
29099,MISO,2030,84897.97339057083,0.08517263532780757,0.0386628741995926,0.08088564129045926,0.0347810296709386,0.004286994037348307,0.003881844528653998
29103,MISO,2030,1144.3478573375,0.3214116667264316,0.1815324786672212,0.3133475895688641,0.15761665628825572,0.008064077157567517,0.023915822378965473
29111,MISO,2030,3285.099256775,0.2704247232348832,0.1509915940952769,0.2620716258292038,0.12935842558468513,0.00835309740567941,0.02163316851059177
29113,MISO,2030,21753.277692804164,0.1307890990984378,0.10020297731757656,0.12848143773889906,0.09821063739933351,0.0023076613595387485,0.001992339918243047
29115,MISO,2030,4724.187923395833,0.24526027345167578,0.10367772571543422,0.23239266975663264,0.10174717742641863,0.01286760369504314,0.0019305482890155934
29121,MISO,2030,5788.0863867875,0.254984569106723,0.13024059445550157,0.23297855057630032,0.10941204094668892,0.022006018530422694,0.020828553508812644
29125,MISO,2030,3499.4314773625,0.24657184966523,0.1035279776782642,0.23142419732596523,0.1011376639789931,0.015147652339264767,0.0023903136992711044
29131,MISO,2030,9893.68748085,0.1959201407637652,0.07837905648223938,0.1593359282115103,0.07603293930702758,0.03658421255225491,0.002346117175211798
29133,MISO,2030,4555.9590927624995,0.34617274931867265,0.165780713414951,0.33211218306177553,0.162167124670014,0.014060566256897111,0.003613588744936974
29135,MISO,2030,5557.2832588158335,0.12360190518907707,0.06484711405763215,0.11659475973512536,0.06484711405763215,0.007007145453951716,0.0
29137,MISO,2030,3369.9941472749997,0.2981258387977893,0.1716120882388801,0.28129494697338336,0.16982909806518542,0.016830891824405947,0.0017829901736946818
29139,MISO,2030,4587.795988941667,0.23335656900423818,0.1288541795232204,0.21342467952787958,0.1268274387914153,0.0199318894763586,0.002026740731805088
29141,MISO,2030,7616.959287412499,0.3023716152714338,0.13245218555429006,0.2644582726611176,0.12829560535701623,0.0379133426103162,0.004156580197273829
29143,MISO,2030,6677.431249050001,0.2554856143877999,0.12248626070462279,0.25102857614360463,0.10890514980956084,0.004457038244195244,0.013581110895061949
29151,MISO,2030,5131.1008674458335,0.14486281532293677,0.047233768557215984,0.13587559789069503,0.041687863548693874,0.008987217432241734,0.00554590500852211
29155,MISO,2030,6160.221796025,0.3819735627636024,0.2073690210322663,0.37469154602751453,0.19095763943459904,0.00728201673608786,0.01641138159766725
29163,MISO,2030,6195.6307191375,0.22695817334530413,0.10533040056372407,0.21360969325856977,0.10533040056372407,0.013348480086734366,0.0
29173,MISO,2030,3944.5235981958335,0.248575390904444,0.14159590207178951,0.2335005885331604,0.13641447628414438,0.015074802371283585,0.005181425787645133
29175,MISO,2030,8970.142810403333,0.18685425182624663,0.07028437556038407,0.17197246157516538,0.06187203468745129,0.014881790251081245,0.008412340872932779
29183,MISO,2030,154828.42191664083,0.043241973808634974,0.026042990475370145,0.041775835581622504,0.025114629918434498,0.00146613822701247,0.0009283605569356465
29187,MISO,2030,23490.154750766666,0.15137481449065857,0.07688122495408667,0.13225806407516758,0.07688122495408667,0.01911675041549099,0.0
29189,MISO,2030,410925.59580792,0.10072764655351037,0.06838397121276799,0.09849608828668982,0.06610608446380642,0.0022315582668205464,0.002277886748961566
29197,MISO,2030,1242.8722417333333,0.31242936543712846,0.15323945297886635,0.3012321011560269,0.14337944702437178,0.011197264281101571,0.009860005954494572
29199,MISO,2030,1512.9525292791666,0.2396301027018343,0.08359970965255255,0.2295189905046866,0.08349893007781424,0.010111112197147692,0.00010077957473830779
29201,MISO,2030,14884.598840016668,0.20975675181855763,0.11272198219030322,0.19254021377055963,0.10834727554582368,0.017216538047997998,0.004374706644479531
29205,MISO,2030,2330.7936294249994,0.31088560076620453,0.15075992924029075,0.2948262822977562,0.13560837841585668,0.016059318468448325,0.015151550824434062
29219,MISO,2030,12819.59942883,0.11091389151863976,0.06526910565967385,0.10089798584419449,0.0593756983095118,0.010015905674445269,0.0058934073501620485
29221,MISO,2030,8760.055973083334,0.2191697891428228,0.10092361721534968,0.1704513202646362,0.10092361721534968,0.04871846887818662,0.0
28001,MISO,2030,11424.408591629166,0.3878170546760018,0.20084049655478028,0.36551676154244694,0.18549949868618315,0.02230029313355486,0.015340997868597134
28005,MISO,2030,5729.492320525,0.4032254973633755,0.182311464363906,0.32623485656905926,0.16806151430302776,0.07699064079431622,0.01424995006087823
28007,MISO,2030,6227.723299333333,0.4381881794307494,0.23187093987400617,0.3925627250878143,0.1963040554091203,0.04562545434293508,0.03556688446488587
28011,MISO,2030,11504.9766223125,0.39916181095473663,0.23605986384365304,0.38491894500961693,0.2155554088779795,0.014242865945119698,0.020504454965673546
28015,MISO,2030,3928.287986595833,0.35666758051938446,0.16585947102101684,0.28851570176176305,0.1550619735788151,0.06815187875762141,0.010797497442201737
28021,MISO,2030,2477.1981455,0.3937837617761934,0.1835224963638259,0.3590728430572504,0.18011868672160955,0.034710918718942996,0.0034038096422163433
28027,MISO,2030,8108.285159758334,0.5289455316882516,0.3363130376887578,0.4841934515087832,0.2969645354637189,0.04475208017946847,0.039348502225038884
28029,MISO,2030,9577.368846284166,0.2780277136331069,0.16254026615782258,0.24696008508721715,0.15343927364805293,0.031067628545889764,0.009100992509769645
28031,MISO,2030,6749.850779720833,0.4032066612219333,0.23699822030910073,0.35653029322035346,0.1973054869772614,0.04667636800157987,0.039692733331839314
28033,MISO,2030,67433.12293039085,0.11940731312118194,0.07575133675716733,0.10059105844222221,0.07167238385932466,0.018816254678959726,0.004078952897842672
28035,MISO,2030,28772.339570124997,0.2379023884528204,0.11516076135145997,0.21677744341960734,0.10251250240424992,0.021124945033213077,0.012648258947210056
28037,MISO,2030,2909.037181220833,0.3759027280331696,0.15703787513409606,0.33097746095299646,0.14096241054330852,0.04492526708017314,0.01607546459078754
28039,MISO,2030,8748.133655420834,0.21378795406447534,0.11384584651897273,0.16793410757748586,0.11063908942597649,0.04585384648698948,0.0032067570929962402
28041,MISO,2030,3821.801201308333,0.25589098904862173,0.1523460667677274,0.21493259010907292,0.1494761018651194,0.04095839893954881,0.0028699649026080187
28043,MISO,2030,8231.2616513875,0.3215955766563788,0.17176892100678198,0.290607888068627,0.16151828780667263,0.030987688587751805,0.010250633200109355
28045,MISO,2030,19017.921029404166,0.16640547205744266,0.07610819952180553,0.11623524770608201,0.0710957321468168,0.05017022435136065,0.005012467374988727
28047,MISO,2030,78774.84373903833,0.17128417878780908,0.11652708872084983,0.1462099703577773,0.1081380308461148,0.025074208430031775,0.008389057874735026
28049,MISO,2030,88550.03062125834,0.27724599622878293,0.13941795175866986,0.22486945721440912,0.13369772394465412,0.05237653901437381,0.005720227814015738
28051,MISO,2030,5613.9320853875,0.5440341202558718,0.3450092152372929,0.49862265224840474,0.31863220756211974,0.04541146800746709,0.026377007675173147
28053,MISO,2030,2918.7746465875,0.5573973104682651,0.25956561898127384,0.5036077081573922,0.2199242075424784,0.05378960231087293,0.03964141143879543
28055,MISO,2030,356.9229337875,0.6068091326164178,0.4043452935863275,0.5999808416345583,0.29022706600347864,0.006828290981859442,0.11411822758284884
28059,MISO,2030,53980.201243744166,0.15183873908278323,0.10734652521436969,0.14244146151380682,0.09865361682864222,0.009397277568976403,0.008692908385727463
28061,MISO,2030,6276.837016183334,0.2742930846543713,0.1245064095853646,0.24743034173566805,0.11615390988517134,0.026862742918703247,0.008352499700193264
28063,MISO,2030,2495.7167553166664,0.44870988940426,0.16365577047017194,0.36970257667338036,0.1467301678712343,0.07900731273087963,0.016925602598937634
28065,MISO,2030,4319.2742489,0.39465419430724646,0.15616606845296196,0.34504814497973124,0.15221838393161544,0.04960604932751522,0.003947684521346528
28067,MISO,2030,23606.575387004166,0.27772240409519827,0.11041062772323504,0.22385958899245537,0.09833171241448836,0.053862815102742906,0.012078915308746677
28073,MISO,2030,24256.470963825,0.13172862583292172,0.08576003172764507,0.11199699087519743,0.08367272788919683,0.019731634957724287,0.00208730383844824
28077,MISO,2030,4411.067687491666,0.2920435980336413,0.14268201210326337,0.2513991163888169,0.140219966954694,0.040644481644824426,0.002462045148569375
28083,MISO,2030,9534.412847866668,0.42404933409066414,0.273945749096941,0.40368054945638504,0.2289697701893762,0.020368784634279102,0.04497597890756483
28085,MISO,2030,12862.8369668875,0.2951890306359149,0.15504141746267242,0.25442961086881277,0.1498580206090751,0.04075941976710212,0.005183396853597311
28089,MISO,2030,41319.586381170826,0.12316377118890776,0.05996112384417974,0.09772259339522016,0.055855311854437546,0.025441177793687597,0.004105811989742192
28091,MISO,2030,8926.573698170832,0.28856743176587885,0.14384012129944562,0.22712070409767357,0.12535367335520453,0.061446727668205275,0.01848644794424109
28097,MISO,2030,3754.3679577625,0.347600224395983,0.18870107367811617,0.3095179477972762,0.17036624902536046,0.03808227659870678,0.01833482465275571
28109,MISO,2030,20822.5998506375,0.2156650822727762,0.09264142404445112,0.16742936302239722,0.08793437330616403,0.04823571925037898,0.0047070507382870885
28111,MISO,2030,4442.217694966667,0.20502006633389466,0.0925417970602372,0.16769107143316686,0.0856835879196722,0.0373289949007278,0.006858209140564994
28113,MISO,2030,14339.243297016666,0.335479724358143,0.20705831825962237,0.312480078571259,0.19129569545956202,0.022999645786884015,0.015762622800060355
28119,MISO,2030,2602.5199830625,0.48309712837267627,0.2635697524409211,0.42878016622509363,0.23197084566426882,0.05431696214758264,0.03159890677665231
28121,MISO,2030,58122.153365274164,0.09993314265992816,0.06300380609593907,0.0900570722493191,0.05284987890832499,0.009876070410609061,0.010153927187614084
28125,MISO,2030,1309.4856947541666,0.41618199817548324,0.19574042194083402,0.3835918135803942,0.15542250543373928,0.032590184595089056,0.040317916507094737
28127,MISO,2030,9292.243053975002,0.21747721047401225,0.10411757919179686,0.18048062657524036,0.08855293184993354,0.03699658389877189,0.015564647341863316
28129,MISO,2030,5394.015598929167,0.3232558162312297,0.16197283018504416,0.32140306886626396,0.14006268651611187,0.0018527473649657122,0.02191014366893229
28131,MISO,2030,6352.8924760875,0.2143684023899745,0.0664070180965533,0.17169396531406206,0.06555575220147389,0.04267443707591245,0.0008512658950794172
28133,MISO,2030,8045.0999023625,0.39169467565173277,0.1984372789430734,0.37181224513921335,0.1800779779942487,0.019882430512519422,0.01835930094882468
28137,MISO,2030,10289.61831355,0.2550447171772942,0.09646624634361306,0.199622944023114,0.09158137526109585,0.055421773154180204,0.004884871082517214
28143,MISO,2030,3415.004187841667,0.3401736162379472,0.20558749664556816,0.3090926935669807,0.1812693136035575,0.03108092267096646,0.024318183042010666
28147,MISO,2030,5215.031036279167,0.34699207044002545,0.17614065925522407,0.32574703680710027,0.17271216128932187,0.02124503363292518,0.003428497965902194
28149,MISO,2030,16463.005836895834,0.21637721402713606,0.12404421756869888,0.18627212563570872,0.11252341701062196,0.030105088391427337,0.011520800558076916
28151,MISO,2030,16941.00142145,0.4455997524158687,0.22500283292916923,0.406068190234404,0.19625183411843047,0.0395315621814647,0.028750998810738754
28153,MISO,2030,7194.901463620834,0.3986962573688563,0.16634883619810018,0.3224879585244277,0.16226700237704964,0.07620829884442859,0.00408183382105054
28157,MISO,2030,3179.0358022291666,0.3528269895181184,0.09197311444871953,0.2698334441801493,0.08645052851631534,0.0829935453379691,0.005522585932404192
28163,MISO,2030,8279.773387408335,0.42459088485899543,0.22524141980679058,0.3655849225318159,0.182686408395588,0.05900596232717953,0.042555011411202576
30017,MISO,2030,4707.411732578334,0.1545479467297819,0.11230805472595286,0.1477079919136709,0.10358682082402394,0.0068399548161109935,0.008721233901928915
30019,MISO,2030,698.5705627291667,0.547320506482463,0.3739607387599693,0.5086515573759246,0.3288536404635636,0.0386689491065384,0.045107098296405745
30021,MISO,2030,3700.7947277041667,0.08812735672359012,0.04717664920267267,0.08269044241316517,0.04004774301643302,0.005436914310424951,0.007128906186239653
30025,MISO,2030,1137.9200489,0.29198002643171456,0.20939576866904552,0.27132080466179165,0.18639176087549467,0.02065922176992291,0.023004007793550857
30055,MISO,2030,772.2936121758332,0.2882526061325006,0.13401034589800093,0.2581515385352884,0.1256530450337404,0.030101067597212205,0.008357300864260536
30079,MISO,2030,471.57148462500004,0.37609455947285586,0.22844320509505114,0.36443999127017823,0.21951608666460934,0.011654568202677629,0.008927118430441805
30083,MISO,2030,4322.628225803333,0.16226039616356722,0.10336641323507816,0.15261758754071367,0.09229308004603873,0.00964280862285355,0.011073333189039428
30085,MISO,2030,2994.8861414325,0.31391570280347364,0.20418988570380106,0.30423997667265,0.1967753599339793,0.009675726130823625,0.007414525769821767
30091,MISO,2030,1385.2617410025,0.46394685184661205,0.2909267701947161,0.4330100776864071,0.248084957142921,0.03093677416020496,0.042841813051795075
30105,MISO,2030,2730.441276639167,0.21336331977673778,0.1286806217400046,0.18678132342533812,0.12523933916678423,0.026581996351399656,0.0034412825732203778
30109,MISO,2030,457.70992948,0.27084817258244986,0.16078326337295604,0.23572623991009103,0.15263451054259758,0.03512193267235883,0.008148752830358458
37013,PJM,2030,18548.7561029,0.25648978350774765,0.141416895560626,0.17862161500744322,0.10278473809075303,0.07786816850030442,0.038632157469872974
37015,PJM,2030,6850.2691866458335,0.4544147337325317,0.28251755066031364,0.3463043352332205,0.1895103379467558,0.1081103984993112,0.09300721271355783
37029,PJM,2030,3842.0881747000003,0.11166073962505164,0.05075804332329274,0.07278163912696628,0.033549501519894595,0.038879100498085364,0.017208541803398147
37041,PJM,2030,5999.616533479167,0.3349334824385647,0.20089322616552718,0.23644104083930212,0.14334091380691844,0.09849244159926257,0.05755231235860875
37049,PJM,2030,40161.6283435,0.1519700525271482,0.09460104402838304,0.10229018443759691,0.06511844508930634,0.0496798680895513,0.029482598939076704
37053,PJM,2030,10942.13104403,0.10759713232131518,0.0652936293737897,0.09373104447811448,0.035457489775876996,0.013866087843200703,0.029836139597912703
37055,PJM,2030,15926.182558133334,0.07231544575121682,0.04286806331238533,0.05379018114843261,0.021158812484931715,0.018525264602784204,0.021709250827453615
37065,PJM,2030,18899.6650035875,0.3278999424528332,0.17936865979779792,0.22429310277520872,0.10689738053579287,0.10360683967762449,0.07247127926200506
37073,PJM,2030,4069.8050302583333,0.2941429379990093,0.14474356185049841,0.17790647645182342,0.0914563838591404,0.1162364615471859,0.053287177991358015
37083,PJM,2030,19661.826498008333,0.40454941510146886,0.21682979646089096,0.2956621049207387,0.1773910354841637,0.10888731018073017,0.039438760976727244
37091,PJM,2030,8251.081728816665,0.4003980093204262,0.20885306227413206,0.2620363466590269,0.13526681778053756,0.13836166266139927,0.0735862444935945
37095,PJM,2030,1772.983998275,0.3620292877005661,0.17889256057880742,0.24452295520628997,0.13971963721623154,0.11750633249427611,0.039172923362575884
37117,PJM,2030,9063.328460570834,0.3561331216483582,0.17015206509495429,0.24461045912968069,0.12968375966870108,0.11152266251867751,0.04046830542625321
37119,CITY,2030,444854.9140359084,0.08051166367228353,0.038139006266562574,0.06665439705126695,0.03145188365367578,0.013857266621016578,0.006687122612886794
37131,PJM,2030,7396.048073116666,0.41696881654174817,0.23745012923524902,0.289086127376808,0.1587351088257519,0.12788268916494017,0.07871502040949713
37137,PJM,2030,5060.681303905,0.2609283525550683,0.1439441534475272,0.1586190876550408,0.09756581079356622,0.10230926490002751,0.046378342653960986
37139,PJM,2030,15052.069630233333,0.2036165220067585,0.08924301195554883,0.11186338907793762,0.06865193604668313,0.09175313292882088,0.020591075908865705
37143,PJM,2030,5381.987204675,0.2242053488962231,0.1160834823502819,0.14055284902270837,0.08190214259142191,0.08365249987351472,0.034181339758859994
37177,PJM,2030,1342.946513375,0.29903065147889235,0.11328401747996633,0.1640813687300611,0.06689221956246946,0.13494928274883125,0.04639179791749687
37187,PJM,2030,4799.359612825,0.4300235747610538,0.19942061386532292,0.28148570305225984,0.17658504799827116,0.14853787170879396,0.022835565867051766
38001,MISO,2030,982.8829442158333,0.25311145824878967,0.14461986477281494,0.23457237486939728,0.13134669722343967,0.01853908337939239,0.01327316754937527
38003,MISO,2030,4666.479500219167,0.12229698370542433,0.07061559294421489,0.1128998410986818,0.06388361091718046,0.009397142606742528,0.006731982027034428
38005,MISO,2030,1785.0475647399999,0.3929713041188192,0.20456884772228537,0.31886019307347535,0.19716688519609846,0.07411111104534385,0.0074019625261869115
38007,MISO,2030,313.5195177933333,0.16072800613713983,0.08687819775425114,0.13353042535594103,0.07947297948265032,0.0271975807811988,0.007405218271600816
38009,MISO,2030,2533.1964515125,0.17324964776371496,0.057031654385538456,0.12793225588261653,0.05280619882643947,0.04531739188109843,0.004225455559098985
38011,MISO,2030,1173.7892680925002,0.0862722949775284,0.029367143771344202,0.06468960788710858,0.024898856367260226,0.021582687090419828,0.004468287404083976
38013,MISO,2030,940.3621605583332,0.13897229247549386,0.07802809461349904,0.11930496816430959,0.06364233811733383,0.019667324311184273,0.014385756496165206
38015,MISO,2030,38501.18236611833,0.03987094202421761,0.023362072658186194,0.03746023499144661,0.009820211558127588,0.0024107070327709992,0.013541861100058606
38017,MISO,2030,77201.52990198751,0.05433452815655073,0.01213295804853239,0.03902701717055956,0.009367405620088826,0.015307510985991174,0.002765552428443563
38019,MISO,2030,1498.4478340041667,0.23563536528538562,0.12399342989594972,0.21369511846201264,0.0809322502256221,0.021940246823372977,0.04306117967032762
38021,MISO,2030,1871.1293430458334,0.2912835169130882,0.10958120824350245,0.21469942777680706,0.09648024369708756,0.07658408913628112,0.013100964546414892
38023,MISO,2030,873.9692380583333,0.3119884338682342,0.10211038152013716,0.20976377055496595,0.08865273097841983,0.10222466331326827,0.013457650541717325
38025,MISO,2030,1457.8300404249999,0.14233548911241678,0.06967265026225036,0.12039573770810198,0.06792707938217385,0.021939751404314797,0.0017455708800765135
38027,MISO,2030,1047.6177943683333,0.2151052560100968,0.1076618256419299,0.15504760668268186,0.09852511543318625,0.06005764932741495,0.009136710208743654
38029,MISO,2030,1435.9576901758332,0.2568501847675172,0.13437824039558235,0.21453606740479758,0.11732084187501679,0.04231411736271962,0.017057398520565564
38031,MISO,2030,1456.7548195516667,0.18695840146455553,0.1034044631526896,0.15128096435975705,0.08391878689828092,0.03567743710479848,0.019485676254408682
38033,MISO,2030,645.5233436833333,0.2776304323763536,0.1319675080618872,0.20579482522711326,0.1048347174230118,0.07183560714924034,0.0271327906388754
38035,MISO,2030,29156.009784589998,0.1023980206199645,0.04458175715875925,0.07434277183083385,0.03139439166113605,0.028055248789130655,0.013187365497623199
38037,MISO,2030,1027.83723035,0.3616231569354925,0.23266901892487962,0.34556264686389404,0.19324601592059854,0.016060510071598477,0.03942300300428109
38039,MISO,2030,893.3418977833333,0.1844512934788652,0.10710325604423743,0.16733263330562914,0.10005660240324427,0.017118660173236072,0.007046653640993161
38041,MISO,2030,1042.6464601233333,0.23918765070552633,0.13298000984462727,0.20373912315385617,0.11059535656796513,0.03544852755167016,0.022384653276662142
38043,MISO,2030,1046.9481251166667,0.25704875531759924,0.11988345027220294,0.21264145104469728,0.10560802061485049,0.04440730427290196,0.014275429657352456
38045,MISO,2030,1677.4349564575,0.2580075418884349,0.11578368886812977,0.18243756488654064,0.09681299100341471,0.07556997700189425,0.018970697864715058
38047,MISO,2030,742.3977873325,0.45154447181139223,0.2382403247036058,0.35998634818057623,0.19319104211683755,0.091558123630816,0.04504928258676824
38049,MISO,2030,2259.9656230858336,0.24117879855067398,0.1225484947385331,0.20691207480028115,0.10956394932469692,0.03426672375039283,0.012984545413836188
38051,MISO,2030,1145.2925591083333,0.42511945501424103,0.22626552607375136,0.31408509602128143,0.20241016238140563,0.1110343589929596,0.023855363692345727
38053,MISO,2030,5248.002428741666,0.09626056227571676,0.06669878169065482,0.08359133406280057,0.06084398091127193,0.01266922821291619,0.005854800779382892
38055,MISO,2030,4108.86439691,0.1294638661037447,0.07414118100671065,0.11202866076723499,0.05806617735411868,0.017435205336509704,0.016075003652591964
38057,MISO,2030,3464.6751419800003,0.2022238343709275,0.07698797698559903,0.1959202325492036,0.06466623143931878,0.006303601821723903,0.012321745546280252
38059,MISO,2030,12825.401206399165,0.084793784100939,0.031094320457802836,0.048500740001513755,0.017043308164837012,0.03629304409942525,0.014051012292965823
38061,MISO,2030,3449.8607125424996,0.135193790012835,0.06147477280477421,0.12155548710862163,0.05317806566644293,0.013638302904213362,0.008296707138331277
38063,MISO,2030,1272.6705460733333,0.3051464494063618,0.1505332749490908,0.2754505734090172,0.13565052097286373,0.029695875997344634,0.01488275397622707
38065,MISO,2030,654.5842533666666,0.20644095054988287,0.06554728519564004,0.20556604438302273,0.060835270685458624,0.0008749061668601454,0.004712014510181418
38067,MISO,2030,2856.890848135833,0.18991200122498939,0.09226498236022236,0.17692137642592973,0.07357254189304602,0.012990624799059658,0.018692440467176344
38069,MISO,2030,1646.0866367066667,0.247797695744464,0.12199591087650154,0.19232771586883138,0.11375316157495435,0.055469979875632625,0.008242749301547184
38071,MISO,2030,4847.34856619,0.10746059143203411,0.05818375508668649,0.08257940388284493,0.0471681230376996,0.02488118754918918,0.011015632048986888
38073,MISO,2030,2281.5420184591667,0.16783781209346743,0.060787115425848186,0.13862806420659424,0.05713171969092076,0.029209747886873194,0.0036553957349274233
38075,MISO,2030,834.8072658266667,0.14723162008333568,0.07161918890239669,0.12645285980327323,0.0704182434374489,0.020778760280062453,0.0012009454649477835
38077,MISO,2030,6607.268241288333,0.14291798383495635,0.07131851153684224,0.1107190574654229,0.05711952671705228,0.03219892636953345,0.014198984819789956
38079,MISO,2030,3591.2635256608332,0.32896214934271933,0.1899298628443466,0.26607629220159634,0.15931087602416724,0.06288585714112299,0.030618986820179356
38081,MISO,2030,1681.8736181966665,0.14852613995971678,0.06202440090901956,0.10987721967320703,0.05468131183182597,0.03864892028650975,0.007343089077193589
38083,MISO,2030,632.8953209625,0.19581340234358124,0.060396079592122925,0.16690384931959212,0.05303097391728385,0.02890955302398912,0.007365105674839077
38085,MISO,2030,984.8430361999999,0.46336796194443824,0.29856705927260063,0.44189675678678814,0.28590615638079414,0.02147120515765011,0.012660902891806491
38087,MISO,2030,345.71504106833333,0.21194782220130123,0.10834964123221193,0.19560880938539613,0.10065714872417646,0.016339012815905107,0.00769249250803547
38089,MISO,2030,12657.979312165,0.09403400891136521,0.0345136033551955,0.08037265345232474,0.02747433679487647,0.013661355459040472,0.007039266560319033
38091,MISO,2030,672.0915820433333,0.15292606732630254,0.06933673779743221,0.13956592049279004,0.06595237462316862,0.013360146833512498,0.003384363174263591
38093,MISO,2030,8530.547973094166,0.11527279229558411,0.06081627763983971,0.10709201497251213,0.052797175530483936,0.008180777323071986,0.008019102109355775
38095,MISO,2030,946.6758600225,0.2915174331987728,0.17379186296432692,0.2494604018152392,0.16138569950053322,0.042057031383533616,0.012406163463793696
38097,MISO,2030,3151.958879558333,0.1872938339467555,0.07125718414452747,0.13668660069693017,0.05618340786269427,0.05060723324982533,0.015073776281833207
38099,MISO,2030,4339.4189757325,0.23047739605650205,0.10844810988159119,0.1623748960599179,0.08326515570397879,0.06810249999658416,0.025182954177612404
38101,MISO,2030,27342.414979945002,0.08244880377758064,0.04316989590187158,0.06759878680061826,0.03297362919666335,0.01485001697696238,0.010196266705208228
38103,MISO,2030,1761.0028403666668,0.25642031327216896,0.09911826368604264,0.20367491287066058,0.08677864273149864,0.05274540040150838,0.012339620954543995
38105,MISO,2030,15112.788824708334,0.06860305949289336,0.04729136659375816,0.061577762437544474,0.04020503734359962,0.007025297055348885,0.007086329250158542
34003,PJM,2030,348084.2841913567,0.04798904686487839,0.011238611436139271,0.0422844078966478,0.00700028927645327,0.005704638968230591,0.0042383221596860015
34013,PJM,2030,309404.1963075908,0.09120363175743454,0.03662918164813726,0.07326102672471971,0.019484457826874763,0.01794260503271483,0.0171447238212625
34017,PJM,2030,286717.64669785084,0.04117492875824267,0.009922122369699462,0.03159682607137753,0.007989237712008037,0.00957810268686514,0.001932884657691425
34019,PJM,2030,48554.30528268,0.07213034009604014,0.0243485727701621,0.06985866975789311,0.022531263357818892,0.0022716703381470277,0.0018173094123432078
34021,PJM,2030,137521.0539162408,0.08115428373146231,0.028543990350754982,0.07576924292870847,0.01665970670164005,0.005385040802753843,0.011884283649114931
34023,PJM,2030,299613.03604104335,0.04929889836659156,0.008922532323995595,0.02225634906114874,0.007326987971241931,0.027042549305442823,0.001595544352753664
34025,PJM,2030,245439.1402574325,0.07611339135282555,0.04970194192898536,0.06989263495254816,0.046611926059635704,0.0062207564002773885,0.0030900158693496563
34027,PJM,2030,187331.392106565,0.06437091719096114,0.03048935986320649,0.06174661483059107,0.02246389168429907,0.002624302360370062,0.008025468178907421
34029,PJM,2030,237582.00231037583,0.11867059876906214,0.049889471233980576,0.10112675915024083,0.025330636980116516,0.017543839618821305,0.02455883425386406
34035,PJM,2030,126026.80030045667,0.04308763124193187,0.011737114014533727,0.038514864057284784,0.010762762857685213,0.004572767184647088,0.0009743511568485134
34037,PJM,2030,54692.66996840249,0.09305073394518566,0.044732392379791146,0.07321330041316977,0.04350196934707254,0.01983743353201589,0.001230423032718607
34039,PJM,2030,197501.46860815416,0.04553324565568343,0.01493679532194393,0.03821827089968296,0.006297085692060447,0.007314974756000472,0.008639709629883485
34041,PJM,2030,42999.22465213333,0.08855433063470174,0.03506374149815119,0.08142930789351145,0.03125270365295593,0.0071250227411902844,0.0038110378451952573
32003,CAISO,2030,829555.1195999675,0.11783833575226041,0.08901600896428895,0.11268411695324594,0.08416677630028205,0.005154218799014468,0.0048492326640069
32031,CITY,2030,190307.79448148998,0.06985791789961639,0.03147726092458767,0.06675393050737928,0.03072810310691422,0.0031039873922371064,0.0007491578176734501
39001,PJM,2030,9937.460833983332,0.272411190631319,0.15354023370073147,0.22718079065911612,0.10628652806406003,0.045230399972202906,0.047253705636671445
39003,PJM,2030,39719.68821121083,0.12036683624108666,0.07491588505359828,0.10612567459190791,0.052436083871049824,0.01424116164917874,0.022479801182548456
39005,PJM,2030,20099.770798415833,0.10348084960947738,0.06250494884083546,0.08116507703972155,0.050443930855333184,0.022315772569755837,0.012061017985502277
39007,PJM,2030,37560.46681889667,0.1474377842013113,0.08555396885522684,0.13094337829854322,0.06571415480082785,0.016494405902768072,0.019839814054398996
39009,PJM,2030,21861.093704383333,0.22858436710452434,0.122937415658415,0.15057412766258274,0.08183143167964216,0.0780102394419416,0.04110598397877284
39013,PJM,2030,25547.076800837494,0.17164155111272528,0.07895013804477803,0.12090955629929732,0.07280335557728838,0.05073199481342795,0.006146782467489648
39015,PJM,2030,16502.384022916667,0.1523618053663767,0.05813906677545175,0.12775008486066178,0.048484358944071354,0.024611720505714918,0.009654707831380394
39017,PJM,2030,142865.12714328,0.09400733665335953,0.04578737930557341,0.0896273540536,0.03980852013786332,0.004379982599759524,0.005978859167710092
39019,PJM,2030,10846.25764018,0.15064128302079666,0.07996794722612169,0.12102749144503219,0.06323820663812088,0.029613791575764464,0.016729740588000808
39023,PJM,2030,54545.63829557,0.10984420556763887,0.07373322809485401,0.10589985358598572,0.04373412574500466,0.003944351981653146,0.02999910234984935
39025,PJM,2030,81499.75702188333,0.07612614383080235,0.02542874115359061,0.058369952333776134,0.023754179775491185,0.017756191497026216,0.0016745613780994248
39029,PJM,2030,40131.807047154165,0.15858324665492401,0.08759679646367811,0.14146933312957888,0.07693634071518295,0.017113913525345137,0.010660455748495168
39031,PJM,2030,14297.018359116668,0.19033089303277584,0.11122849067617888,0.14706867307354032,0.09332722554023534,0.043262219959235515,0.017901265135943534
39033,PJM,2030,17744.830162354167,0.16871631466948608,0.07843506557562063,0.09609561236907561,0.062349989927942565,0.07262070230041047,0.016085075647678068
39035,PJM,2030,549422.9050802941,0.11506857065869082,0.09492010834321722,0.10889324431175322,0.08977370585304115,0.0061753263469375985,0.005146402490176075
39039,PJM,2030,15017.661376231667,0.09714216568259473,0.04814220799379989,0.0773214468039257,0.030096628597047304,0.019820718878669027,0.018045579396752585
39041,PJM,2030,77543.742773315,0.05048566674862914,0.03300176588760152,0.040154574076025365,0.024443498394073837,0.010331092672603778,0.008558267493527685
39043,PJM,2030,31439.500230145,0.09449276698297669,0.0768908225900739,0.08381221778132723,0.07171337205321944,0.010680549201649459,0.005177450536854464
39045,PJM,2030,57610.312161141665,0.08060690530211331,0.048776385895001315,0.06841812468486526,0.017640468066186698,0.012188780617248055,0.031135917828814617
39049,PJM,2030,539731.5016235625,0.12213713985322835,0.06673879603556655,0.10117486614056795,0.029436640017884395,0.020962273712660406,0.03730215601768216
39051,PJM,2030,16495.739586393334,0.09769249111328736,0.06015913427429662,0.09189095973157596,0.04019076797149867,0.005801531381711397,0.019968366302797955
39053,PJM,2030,10980.326909891666,0.2099794905281572,0.12453400740751026,0.15195732209767412,0.07967821496387778,0.05802216843048308,0.04485579244363248
39055,PJM,2030,34443.65100254666,0.07162093243340953,0.03912258205608637,0.06398861751561634,0.033225912748681946,0.00763231491779319,0.005896669307404422
39059,PJM,2030,15937.1703288125,0.1681716225415534,0.08201428046270737,0.11605428916922299,0.07291317639493522,0.05211733337233042,0.009101104067772148
39061,PJM,2030,346201.34034202003,0.10200917229201313,0.054142968598317257,0.09282108203594762,0.04074124852096858,0.009188090256065512,0.013401720077348675
39063,PJM,2030,30713.06562359583,0.0878722182879637,0.04822007751538834,0.06104568573074678,0.026061772372050377,0.02682653255721692,0.022158305143337966
39065,PJM,2030,11268.620367062502,0.1981250006968385,0.10777253930072259,0.14073056092905978,0.09334152975655623,0.05739443976777872,0.01443100954416636
39067,PJM,2030,5637.9790544,0.1941912486129331,0.10207664069820604,0.14831345955942982,0.07031549985668686,0.04587778905350329,0.03176114084151918
39069,PJM,2030,11008.776976639165,0.1363939086221484,0.06658870926993687,0.1191637216315761,0.055078908356261794,0.0172301869905723,0.01150980091367508
39071,PJM,2030,16319.201603666665,0.14452478426099857,0.07533541217066057,0.11492956802353155,0.04266855150419136,0.029595216237467026,0.03266686066646921
39073,PJM,2030,10902.528608229168,0.16973607597980037,0.07165557002310158,0.10626758484048733,0.05232487009529541,0.06346849113931304,0.019330699927806165
39075,PJM,2030,12995.759167403332,0.09061078906252817,0.04987100216031463,0.060959911799952665,0.03633286824252359,0.02965087726257551,0.013538133917791038
39077,PJM,2030,22509.573150874166,0.12224036033644828,0.06719354527477694,0.09360963074059164,0.05524800776142383,0.028630729595856635,0.011945537513353116
39079,PJM,2030,12105.183988316667,0.2940830719915151,0.15063761223496888,0.23293348937417555,0.10017614632551017,0.061149582617339576,0.050461465909458714
39081,PJM,2030,26471.78587156,0.23884442024537664,0.10410806263997348,0.17070720762386285,0.08681130226788288,0.06813721262151379,0.017296760372090603
39083,PJM,2030,22602.045420754166,0.11594755952368832,0.05686579732122229,0.08959025654851997,0.042447654662368196,0.026357302975168348,0.014418142658854091
39085,PJM,2030,97769.25229359916,0.05735266767851484,0.03586566890950067,0.052519193785285474,0.025119625375350448,0.004833473893229363,0.010746043534150224
39087,PJM,2030,21824.584897670837,0.22875941151727552,0.11011426775302872,0.16061711837410952,0.08570351436995492,0.068142293143166,0.024410753383073802
39089,PJM,2030,65802.06018899,0.11376385025034075,0.059598855847695524,0.08930108979259899,0.031636625887512655,0.02446276045774176,0.02796222996018287
39093,PJM,2030,122666.5619024875,0.11517901893952752,0.08353582159515037,0.10420273462107846,0.05259054667878088,0.010976284318449062,0.03094527491636949
39095,PJM,2030,179779.2774490625,0.13571214558549163,0.09271263814311162,0.12639628947167345,0.08637051156134777,0.009315856113818188,0.006342126581763849
39097,PJM,2030,15074.081890725,0.09543316213507787,0.038974797081438924,0.0722529846924528,0.03757755420769817,0.023180177442625072,0.0013972428737407533
39099,PJM,2030,96450.65849027917,0.11869930689157873,0.10091501194329304,0.11159426783411357,0.09701922123721364,0.007105039057465165,0.0038957907060793995
39101,PJM,2030,23757.39312447,0.13619600305412372,0.08251003850166314,0.11217810034135584,0.062052070111629894,0.02401790271276788,0.020457968390033242
39103,PJM,2030,70654.64009956917,0.06357072197945737,0.037233021671510026,0.05656323491709881,0.028806059575636332,0.0070074870623585625,0.008426962095873694
39105,PJM,2030,8692.9380479875,0.25074141581899156,0.14286107729806508,0.18154276368653688,0.1138066777338343,0.06919865213245469,0.029054399564230782
39111,PJM,2030,5506.324975691667,0.1851374445550434,0.08230258048407456,0.13530785078507138,0.0708905467898095,0.049829593769972036,0.011412033694265064
39115,PJM,2030,5548.147261845833,0.2151126443918093,0.11436796715099493,0.1496678213678257,0.09074537421104173,0.0654448230239836,0.023622592939953196
39117,PJM,2030,12713.403073814166,0.10798373000847512,0.05444358554940998,0.10201536509840473,0.036087483595296954,0.005968364910070398,0.018356101954113024
39119,PJM,2030,33748.6758002125,0.1651482831995018,0.08836393903284315,0.1125470509912644,0.06474695013323775,0.05260123220823741,0.023616988899605396
39121,PJM,2030,4394.7815789,0.24409669476247478,0.13047412664822086,0.17043229792130926,0.10328198388935107,0.07366439684116552,0.02719214275886979
39123,PJM,2030,17420.938717123332,0.08993834849840529,0.055949136294741166,0.08040340044017791,0.044726603130794455,0.009534948058227383,0.01122253316394671
39125,PJM,2030,7419.330523008332,0.12069518333040137,0.05948583293124137,0.09517125209571603,0.04651512597460977,0.02552393123468534,0.012970706956631599
39127,PJM,2030,13147.990028625,0.18992647071187474,0.0928328469283259,0.12337592250621812,0.08082592745574478,0.06655054820565662,0.012006919472581118
39129,PJM,2030,20662.543863555835,0.13263956190649748,0.06537896086789916,0.10454434836631442,0.051470493212719355,0.02809521354018306,0.0139084676551798
39131,PJM,2030,10136.66309175,0.24544303814033952,0.11267331747207042,0.1895963312395019,0.07380895916606822,0.05584670690083762,0.0388643583060022
39133,PJM,2030,61809.29252762333,0.09050309253217607,0.058764639858751404,0.08193668657336818,0.0440674519345298,0.008566405958807893,0.014697187924221602
39137,PJM,2030,13044.660089434165,0.09963318867505085,0.05716789222401381,0.07566939087968344,0.039749103524231784,0.023963797795367406,0.01741878869978203
39139,PJM,2030,48206.966053891665,0.12418472867453385,0.07787935886609455,0.10199951904189342,0.06972047421016872,0.022185209632640437,0.008158884655925833
39141,PJM,2030,28657.027342004167,0.16393780726914162,0.08821858820815717,0.1167628677825377,0.06011851593697713,0.04717493948660392,0.02810007227118004
39143,PJM,2030,23398.933184610836,0.10894787668571075,0.08241861836789581,0.09852905445259559,0.07947545994595719,0.01041882223311516,0.002943158421938624
39145,PJM,2030,27268.451790681665,0.2759339328664995,0.11340003347363488,0.18448092163413135,0.08565993876890027,0.09145301123236813,0.02774009470473461
39147,PJM,2030,21483.683070835,0.1624601779283515,0.07999497069920722,0.09316008429712318,0.05835107503777951,0.06930009363122831,0.021643895661427708
39151,PJM,2030,153341.1091914508,0.09924532707170891,0.0692148992675403,0.09153745889675338,0.049248009713628686,0.007707868174955529,0.01996688955391162
39153,PJM,2030,226618.57879262502,0.09696612970363527,0.07888262309226839,0.09106731767374236,0.05775852813498509,0.005898812029892911,0.021124094957283297
39155,PJM,2030,83914.33990548333,0.12736171947550293,0.08067311741249017,0.12201789152372794,0.07785284684530747,0.005343827951774988,0.0028202705671827033
39157,PJM,2030,36965.95206284334,0.11819660934336633,0.06981205838452668,0.09211293439824435,0.05328838199510404,0.026083674945121982,0.016523676389422648
39161,PJM,2030,11537.517912320001,0.10077256959114363,0.06783562193333036,0.0850846708573043,0.05916304301821376,0.01568789873383933,0.008672578915116594
39163,PJM,2030,4948.4696811124995,0.25088131641084666,0.10759112890977066,0.15084167139234084,0.08660086670713722,0.10003964501850582,0.020990262202633433
39165,PJM,2030,87599.20519917666,0.040680525400628796,0.021819617508561196,0.03602645996213896,0.01799919890347916,0.004654065438489834,0.0038204186050820356
39167,PJM,2030,24268.08368910833,0.13980528565787473,0.07703017912651068,0.10890141884562775,0.060276945083767915,0.03090386681224698,0.016753234042742766
39169,PJM,2030,43274.7397173575,0.07878564227194673,0.028560436766977535,0.0634795561900627,0.013478299419465956,0.015306086081884038,0.01508213734751158
39171,PJM,2030,15193.791718587501,0.21371959761718462,0.09315091278928248,0.14379696016984625,0.07810994363725095,0.06992263744733837,0.015040969152031528
39173,PJM,2030,52824.90248141666,0.09269670303718872,0.047457199733627775,0.07827982607776134,0.04286613140074601,0.01441687695942738,0.0045910683328817675
39175,PJM,2030,8806.428065695833,0.19715433339046376,0.0748950346990526,0.10131966426952226,0.054677376436517836,0.0958346691209415,0.02021765826253477
41049,CITY,2030,4119.683899154167,0.08556005643354568,0.0454020173046697,0.0811205375869043,0.04311150700558161,0.004439518846641385,0.00229051029908809
41067,CITY,2030,228650.33984817832,0.04107003403264269,0.010542990211060496,0.03691725506729987,0.007287206237617473,0.004152778965342822,0.003255783973443023
42001,PJM,2030,38964.120155635,0.1148340798610867,0.05883664634569681,0.10642719071916773,0.04798926447244776,0.008406889141918963,0.010847381873249053
42003,PJM,2030,542294.3013433216,0.11270286260696542,0.08160142107822826,0.10382518514784816,0.0725270846658837,0.008877677459117259,0.009074336412344564
42005,PJM,2030,27349.4438608075,0.1216116190868728,0.061913988902192296,0.10963441155419668,0.05978151432805381,0.011977207532676129,0.002132474574138489
42007,PJM,2030,70913.51201457917,0.15384483211106842,0.09893941270429832,0.14233516460124512,0.08587503990007828,0.011509667509823296,0.013064372804220042
42009,PJM,2030,19151.26309593,0.3098948899292412,0.16143706024297247,0.2818507953654051,0.1535883691798604,0.02804409456383611,0.007848691063112062
42011,PJM,2030,159281.066223455,0.15143403444113465,0.07632542215616954,0.14121761202317595,0.07028907595582361,0.010216422417958698,0.006036346200345932
42013,PJM,2030,49363.52028206,0.20807039131984503,0.09286350072349826,0.18836945949997105,0.08155464412735079,0.01970093181987398,0.01130885659614747
42015,PJM,2030,23930.726442330833,0.18963310504524314,0.07249669606753577,0.16768889660316605,0.06802840919771665,0.02194420844207709,0.004468286869819121
42017,PJM,2030,244047.49310211584,0.08692537725046497,0.03638012579305623,0.08239328698546805,0.031868064302279474,0.004532090264996916,0.004512061490776757
42019,PJM,2030,78347.46916074501,0.09354100655050622,0.06013956753780007,0.08889797614934344,0.05295210175834203,0.004643030401162776,0.007187465779458044
42021,PJM,2030,54334.73020092333,0.2680987267852479,0.12434055373025223,0.2357688552181733,0.10643290577202608,0.032329871567074564,0.01790764795822615
42023,PJM,2030,2166.3748014541666,0.1620921441106548,0.07897005929144749,0.14568557445976055,0.07361586437841545,0.016406569650894265,0.0053541949130320315
42025,PJM,2030,25654.178993325,0.2871533284290673,0.17020979646127635,0.24603370077875453,0.14480371091788066,0.041119627650312796,0.025406085543395684
42027,PJM,2030,56358.449735345,0.13201699601102038,0.05305300253814188,0.11565579612147278,0.038733594587727425,0.016361199889547595,0.014319407950414455
42029,PJM,2030,197713.225915565,0.07508882940858556,0.03151153391036003,0.06612799507813495,0.026583221114603407,0.008960834330450612,0.0049283127957566245
42031,PJM,2030,14593.316895366666,0.13409096231814316,0.08065611709028535,0.11831267586807828,0.06764608356754684,0.015778286450064877,0.01301003352273851
42033,PJM,2030,31110.390454083332,0.2388698293040747,0.1558701156130201,0.230170218135277,0.14208819621349822,0.008699611168797694,0.013781919399521891
42035,PJM,2030,14502.197450050833,0.25794996276743937,0.11869357818199473,0.19916423440641243,0.10537692650143697,0.05878572836102694,0.013316651680557762
42037,PJM,2030,25073.771027224167,0.2517846123217581,0.1291799068767193,0.2208432068271752,0.11666105934523505,0.03094140549458288,0.012518847531484245
42039,PJM,2030,32579.541294758335,0.19816581336489078,0.09630346029518194,0.15164040447473032,0.07410890537942556,0.04652540889016046,0.02219455491575638
42041,PJM,2030,102570.14297850334,0.1013706825811383,0.03985181633919383,0.078288169612936,0.033096900709195395,0.023082512968202296,0.006754915629998436
42043,PJM,2030,115280.8177370525,0.16961220844741148,0.09439302979628185,0.1341731067859773,0.06950143619714684,0.035439101661434186,0.02489159359913501
42045,PJM,2030,213122.5725412717,0.10106419896144385,0.06483832786191937,0.090961893070962,0.04099261506542907,0.010102305890481847,0.023845712796490302
42047,PJM,2030,13300.500897613334,0.09949545693506893,0.056776000919296604,0.08369394352394274,0.046147857341608804,0.015801513411126192,0.0106281435776878
42049,PJM,2030,107591.79994200001,0.13218581520555883,0.08526523837887319,0.11705003871288426,0.07822294759641159,0.015135776492674571,0.007042290782461602
42051,PJM,2030,53759.596494557496,0.24006317975778912,0.1525407936713563,0.2172268056980876,0.12694522210707504,0.022836374059701514,0.025595571564281272
42053,PJM,2030,1778.1717570333333,0.21545502168756553,0.11792823643848693,0.18581948410620983,0.10347053994583137,0.029635537581355703,0.014457696492655561
42055,PJM,2030,61438.9183846125,0.08785219067199039,0.04348793189227384,0.07982649315724004,0.038545566710987536,0.008025697514750352,0.004942365181286303
42057,PJM,2030,6026.0943925575,0.24300298412880533,0.12555320943325465,0.211195948292008,0.10804459374009392,0.03180703583679734,0.01750861569316073
42059,PJM,2030,13472.857840743334,0.17750794760814595,0.10086331434081433,0.1589743054486077,0.09958943078894478,0.01853364215953826,0.0012738835518695535
42061,PJM,2030,15402.091567344167,0.2594462984840601,0.1547130147490671,0.22125810741609714,0.12109200437129983,0.03818819106796295,0.03362101037776727
42063,PJM,2030,31209.14829945667,0.1806507723610533,0.090865562430302,0.1589455985558363,0.07399158768908268,0.021705173805217026,0.016873974741219322
42065,PJM,2030,17724.424013042502,0.16050938522778263,0.0960933049854466,0.14653536037910994,0.0774011212073142,0.01397402484867269,0.018692183778132407
42067,PJM,2030,8681.919199849166,0.2428344160806781,0.09374561773516697,0.20720799873215293,0.06427230440396495,0.035626417348525174,0.029473313331202025
42069,PJM,2030,86523.48281601083,0.189314909655878,0.08439325066498549,0.14099448300371387,0.07571110645546777,0.04832042665216413,0.008682144209517711
42071,PJM,2030,205877.59101733746,0.11378487204270211,0.051142282648333454,0.0897582528919963,0.037918784210067745,0.024026619150705808,0.013223498438265709
42075,PJM,2030,53291.00012383083,0.11590564987865007,0.05353250305122239,0.11091963036642642,0.05066083549626817,0.004986019512223647,0.002871667554954223
42077,PJM,2030,140553.07962910415,0.16459026521539655,0.07740471501087529,0.13047705010649166,0.052881120179840396,0.03411321510890489,0.02452359483103489
42079,PJM,2030,130796.93700919166,0.24850082511358831,0.11885488615523435,0.1930667756993325,0.09939096988770794,0.05543404941425581,0.0194639162675264
42083,PJM,2030,15651.368924708333,0.11985141100546194,0.07584111943616802,0.11203708203334325,0.06808155923267631,0.007814328972118686,0.007759560203491708
42087,PJM,2030,18176.54001336333,0.25131232471141174,0.12024525004950277,0.23702291327910874,0.09415185255289607,0.014289411432303,0.026093397496606704
42089,PJM,2030,56801.89835905416,0.1993037892338412,0.10668283440250097,0.15500085400690244,0.0990450298755123,0.04430293522693876,0.007637804526988673
42091,PJM,2030,326751.52739142335,0.0855286153091707,0.034373337390903175,0.07530218803027955,0.028340009785647893,0.010226427278891156,0.0060333276052552814
42093,PJM,2030,7306.640095440001,0.18919274644491552,0.08851359424084519,0.1577891477167486,0.068641578531607,0.03140359872816692,0.01987201570923819
42095,PJM,2030,118019.7143086625,0.12968814316670832,0.06232866784274259,0.10593123167709789,0.05705716492745096,0.023756911489610427,0.0052715029152916315
42097,PJM,2030,36838.75379670583,0.27203715648081006,0.12460785369981253,0.22075699227963688,0.11214372973567004,0.05128016420117318,0.012464123964142496
42099,PJM,2030,17749.594657343332,0.1905593315651104,0.08420444570678268,0.15291450863341816,0.067046466578754,0.037644822931692246,0.017157979128028675
42101,PJM,2030,653828.4583636142,0.21646526065703436,0.1046400574608652,0.21247404406284104,0.03996453863489653,0.003991216594193325,0.06467551882596867
42103,PJM,2030,23251.053622618332,0.24584909185015616,0.08865057366109518,0.20166271776287273,0.08415799891306804,0.04418637408728343,0.004492574748027139
42105,PJM,2030,6486.627933525,0.11329368874378153,0.06379489141313976,0.10736106763524289,0.049598705839470666,0.0059326211085386354,0.014196185573669098
42107,PJM,2030,55526.53589875417,0.3090226911869325,0.1914130059385138,0.2846941228475413,0.15576130337145197,0.024328568339391177,0.03565170256706182
42109,PJM,2030,14120.274438856668,0.2298276319424546,0.09511545419878412,0.19607346938500275,0.07674062157706948,0.03375416255745184,0.018374832621714632
42111,PJM,2030,28289.547144090833,0.29639993353454264,0.13487833753460016,0.25331274895087413,0.11424007740441085,0.0430871845836685,0.02063826013018931
42113,PJM,2030,2414.562962045833,0.2680226635382511,0.11863488129088154,0.24402816269316047,0.08072760375229346,0.02399450084509064,0.03790727753858808
42115,PJM,2030,15301.885318367498,0.284490464937543,0.1009704875725079,0.23251378437739326,0.0988477995666377,0.05197668056014973,0.0021226880058702047
42117,PJM,2030,16412.169380716667,0.15871545942039791,0.07301457556963581,0.13259075512965346,0.06471944055181841,0.026124704290744455,0.008295135017817395
42119,PJM,2030,13827.3944491575,0.2370337625178088,0.08856491036877515,0.20152033914945422,0.07705714090624792,0.035513423368354585,0.011507769462527226
42121,PJM,2030,21005.742384981666,0.14727506960045963,0.08059335403400822,0.12995687801763844,0.06754699528787471,0.01731819158282119,0.01304635874613351
42123,PJM,2030,15977.938262944166,0.14737135126893278,0.08291253459084015,0.11641341386237941,0.07112041718979223,0.030957937406553365,0.011792117401047922
42125,PJM,2030,85994.92760354333,0.12110493292857759,0.08128942404552124,0.11404260956680627,0.07730236866359576,0.007062323361771317,0.003987055381925481
42127,PJM,2030,19273.603654770835,0.33642379963978064,0.11797172849171234,0.28650150806527114,0.09235403127199103,0.0499222915745095,0.025617697219721305
42129,PJM,2030,151042.31128823,0.1435500905097682,0.07291920105611445,0.13323886074958755,0.05983354543655549,0.010311229760180646,0.013085655619558961
42131,PJM,2030,10469.730111383333,0.22935569087361998,0.1094127296665319,0.2044493278346483,0.09124461919737854,0.024906363038971674,0.018168110469153356
42133,PJM,2030,176000.00324903917,0.12422566216093349,0.062105249688272406,0.11292401455871469,0.06057042895627445,0.0113016476022188,0.0015348207319979545
45015,CITY,2030,86432.94698288248,0.11600458651723064,0.08617735085836896,0.1121269630250218,0.08615344131840605,0.00387762349220884,2.390953996291023e-05
46013,MISO,2030,15470.532433975,0.08368413509652915,0.053238021935683666,0.08042255936589339,0.04211945737857464,0.003261575730635763,0.011118564557109023
46025,MISO,2030,1344.253360565,0.28649896800441055,0.1408923070663275,0.2441495958063953,0.11170051118579502,0.04234937219801524,0.029191795880532473
46029,MISO,2030,11742.593656112502,0.09844566010308842,0.04301080365299845,0.08068124610359562,0.03656043371984158,0.0177644139994928,0.006450369933156869
46037,MISO,2030,2286.1724341575,0.30367180734882326,0.14980386504268345,0.24976387224538446,0.12041442208139876,0.0539079351034388,0.029389442961284692
46039,MISO,2030,1760.3477855666667,0.16019516821551794,0.09012972263826062,0.12706539720104015,0.0602672100639374,0.03312977101447778,0.02986251257432322
46051,MISO,2030,2958.2844113641668,0.16654637353629895,0.07655173786200316,0.1347402935139667,0.060189894285009246,0.031806080022332234,0.016361843576993912
46057,MISO,2030,2123.612657165,0.18742333991266175,0.07368917578590288,0.11685383621054538,0.051768017684745295,0.07056950370211637,0.021921158101157585
46091,MISO,2030,1623.7136760875,0.3408364565929439,0.1667116720052471,0.29761469024888926,0.13690273303642544,0.04322176634405467,0.02980893896882167
46109,MISO,2030,3586.69417409,0.3183371245369756,0.16294455104607466,0.26840162456353805,0.12362337547011441,0.04993549997343755,0.03932117557596025
46115,MISO,2030,2459.357029025,0.16496360527444015,0.0772367985025633,0.1279101411713474,0.058225927238295394,0.03705346410309274,0.019010871264267912
48001,ERCOT,2030,16595.962284733334,0.22959355335640655,0.07989480676190704,0.09489144927605932,0.05255770048346122,0.13470210408034722,0.027337106278445815
48003,ERCOT,2030,6417.608014058333,0.11293091781611564,0.08857216877427795,0.09124724560389931,0.013533084281518504,0.02168367221221633,0.07503908449275945
48005,ERCOT,2030,31115.99629586667,0.13833848701884455,0.08562760159955927,0.10016550969468234,0.04924435995506626,0.03817297732416221,0.03638324164449302
48007,ERCOT,2030,11060.232739404168,0.16728705501790145,0.10198191472256764,0.1101391047222325,0.08316534145965775,0.05714795029566895,0.01881657326290989
48009,ERCOT,2030,3328.686593325,0.19582355595060294,0.10017241345590105,0.12458400645165318,0.07884302984334539,0.07123954949894976,0.021329383612555666
48011,ERCOT,2030,719.9015003583334,0.09629043047971969,0.051824787531946304,0.0874018834317579,0.022901163967284068,0.008888547047961784,0.028923623564662236
48013,ERCOT,2030,15608.718580187498,0.14761031746270512,0.0772381278045964,0.10980512988083134,0.032618764851475975,0.037805187581873775,0.04461936295312042
48015,ERCOT,2030,11709.677801323332,0.116836017695157,0.0647305298967611,0.09973039803648769,0.03181432237682058,0.017105619658669316,0.032916207519940524
48019,ERCOT,2030,8313.181521926668,0.11033244646197653,0.05126762231473857,0.08164916156424258,0.03555526746533701,0.028683284897733946,0.01571235484940156
48021,ERCOT,2030,32639.032730906663,0.10853652235979096,0.038916239424294036,0.0668967498875187,0.027357782393914582,0.041639772472272255,0.011558457030379454
48023,ERCOT,2030,1425.5456137916667,0.28308354700881266,0.13292992710417315,0.1990116367792545,0.07864993928075885,0.08407191022955815,0.0542799878234143
48025,ERCOT,2030,8400.861877899999,0.1511361861040246,0.09876947662302432,0.12462530604548876,0.06721163487675917,0.026510880058535843,0.03155784174626515
48027,ERCOT,2030,133078.21627167083,0.12307334543660069,0.08884212560890398,0.1020582155643873,0.06459060664195619,0.021015129872213392,0.024251518966947785
48029,ERCOT,2030,727993.1745364708,0.11010771440963346,0.05932319126307359,0.0756107702340437,0.013076909546744534,0.03449694417558977,0.04624628171632905
48031,ERCOT,2030,4798.2356229625,0.07823042190243858,0.04484377565827352,0.07312675815338456,0.03923725640539226,0.0051036637490540215,0.005606519252881262
48033,ERCOT,2030,201.16121905,0.06955894883424515,0.004624407748139465,0.019500526518939222,9.94227420894127e-07,0.05005842231530593,0.0046234135207185705
48035,ERCOT,2030,7229.245985641667,0.16650364809412782,0.06368858597163916,0.07877638391072837,0.044286874421051066,0.08772726418339945,0.019401711550588098
48039,ERCOT,2030,125767.74438047418,0.08378234918537336,0.03392666523533872,0.07484378232518459,0.02056664414823981,0.008938566860188776,0.013360021087098911
48041,ERCOT,2030,84963.75731312417,0.17579529030702956,0.08268493497106869,0.09132711417419359,0.048305918453059725,0.08446817613283597,0.03437901651800896
48043,ERCOT,2030,4596.1697132,0.17046522089992147,0.05490831440131049,0.07612010434457658,0.03664831025939033,0.09434511655534489,0.01826000414192016
48045,ERCOT,2030,570.3261832416666,0.2795948221717266,0.22185062201598552,0.23125385481956787,0.15199525668618036,0.04834096735215873,0.06985536532980516
48047,ERCOT,2030,2528.1770866666666,0.33838650382363905,0.16106836706478286,0.2297624296873819,0.12310035228202093,0.10862407413625716,0.03796801478276193
48049,ERCOT,2030,14829.084563187502,0.1617667164502546,0.0712277237672223,0.08337697656070975,0.04386656152412386,0.07838973988954484,0.027361162243098446
48051,MISO,2030,7328.8799791941665,0.16225275676922035,0.0947822177310207,0.12860411936030916,0.09088645218234369,0.03364863740891119,0.003895765548677016
48053,ERCOT,2030,18317.56928241917,0.07504252112402145,0.053027890874815714,0.06565927100615242,0.021061590490081036,0.00938325011786903,0.03196630038473468
48055,ERCOT,2030,14820.9210885375,0.09681180942838782,0.038762915262465475,0.051718674365510614,0.02972509657361246,0.04509313506287721,0.009037818688853016
48057,ERCOT,2030,7804.667790308333,0.0866230126256864,0.04452873976667627,0.0656909851390457,0.018942536309307718,0.020932027486640706,0.02558620345736855
48059,ERCOT,2030,5224.679145041668,0.11818574961730823,0.054103496567809294,0.07956578742310845,0.035329389009819204,0.038619962194199775,0.01877410755799009
48061,ERCOT,2030,131451.24040519583,0.17089295115607675,0.11928953953868657,0.1361286587360865,0.06169301759298539,0.03476429241999024,0.057596521945701175
48065,ERCOT,2030,2250.1854555500004,0.0629881127347745,0.0104986782997074,0.036925565564338896,0.0012753477687458246,0.02606254717043561,0.009223330530961575
48069,ERCOT,2030,2319.537838933333,0.1879508495575197,0.0954502357738271,0.12033873547019232,0.07825157366806958,0.06761211408732738,0.017198662105757517
48071,ERCOT,2030,15544.92783228,0.1293526766998662,0.09915751086982826,0.11920718666050405,0.09170009155912075,0.010145490039362146,0.007457419310707508
48073,ERCOT,2030,17637.875633883334,0.19301391428729534,0.09314422934446989,0.12813417811520453,0.07957256045642008,0.06487973617209081,0.01357166888804981
48075,ERCOT,2030,1833.3407499374998,0.15835458341412917,0.11422545485546305,0.1484998228762336,0.07360059249556676,0.00985476053789558,0.04062486235989629
48077,ERCOT,2030,4164.252358661667,0.1819533374129726,0.08880970026686623,0.11581801197482415,0.06500670282872434,0.06613532543814844,0.02380299743814189
48081,ERCOT,2030,1434.5148946166664,0.16587998195509898,0.10952347505390246,0.12257244605930202,0.07002042249748908,0.04330753589579696,0.039503052556413384
48083,ERCOT,2030,3186.435902520833,0.18449707999562986,0.07745355092260055,0.12389428182132368,0.04992819291034204,0.06060279817430618,0.027525358012258506
48085,ERCOT,2030,382112.815984065,0.06515692397290145,0.0360243035508368,0.03803689390106137,0.02396522474807602,0.02712003007184008,0.012059078802760779
48087,ERCOT,2030,1001.7264475499999,0.26962408892309114,0.07496307329410426,0.18253273507340442,0.0416436700046142,0.08709135384968672,0.03331940328949006
48089,ERCOT,2030,7176.585909070833,0.1548539086356526,0.09216863867988914,0.10449383024380075,0.07373051630969393,0.050360078391851845,0.01843812237019521
48091,ERCOT,2030,62978.71527398667,0.06382077920370595,0.0356538502702538,0.061683571098219835,0.023385126120538564,0.0021372081054861145,0.012268724149715235
48093,ERCOT,2030,5281.110908166666,0.1911829066086278,0.09631463619016796,0.13019248511222542,0.07886185639735285,0.06099042149640238,0.017452779792815107
48095,ERCOT,2030,810.18299035,0.14783050314648793,0.07315241995440643,0.1310444361978452,0.04754034268648479,0.016786066948642736,0.025612077267921633
48097,ERCOT,2030,16038.586869205832,0.10932533832292188,0.07166592200901602,0.08711508058326113,0.026454000621128838,0.022210257739660746,0.04521192138788718
48099,ERCOT,2030,24832.4944713625,0.08381773241338401,0.04624257921105235,0.05472156087579475,0.019003778800563944,0.029096171537589262,0.027238800410488404
48101,ERCOT,2030,677.8679763875,0.3159888993795565,0.13683797415487972,0.1737259356326556,0.08693160898484556,0.1422629637469009,0.04990636517003416
48103,ERCOT,2030,1662.427542275,0.10160546019728932,0.04883891474084427,0.06866175361371109,0.0024072862715709244,0.03294370658357823,0.046431628469273345
48105,ERCOT,2030,1207.1415118749999,0.08318661379975668,0.037185449724346974,0.08171800822819751,0.002382322181542035,0.0014686055715591728,0.034803127542804936
48107,ERCOT,2030,1953.9248952183334,0.1571275721001346,0.1133041873607576,0.1352881571029519,0.06755046303963394,0.0218394149971827,0.045753724321123665
48109,ERCOT,2030,612.3182841875,0.42065163613552076,0.13262044176543594,0.19256161412680384,0.0800301958401006,0.22809002200871692,0.052590245925335344
48113,ERCOT,2030,956521.8012762899,0.11124255255476379,0.05975838534644232,0.06531999236680344,0.015327523049092353,0.04592256018796034,0.04443086229734997
48115,ERCOT,2030,4077.7430667958333,0.32341142645207505,0.11815234869704036,0.1480621247223608,0.0858979541317034,0.17534930172971425,0.032254394565336963
48117,ERCOT,2030,5942.035569257499,0.10905744420498453,0.0648082379935086,0.07953824141023959,0.036800037425108185,0.029519202794744945,0.028008200568400414
48119,ERCOT,2030,2083.828528575,0.16512799589304056,0.07627723547045483,0.1125870487880001,0.06515063077047242,0.05254094710504045,0.011126604699982404
48121,ERCOT,2030,333100.7398704933,0.05310361826139227,0.03194419931392823,0.035904762412485906,0.01699780863613411,0.01719885584890636,0.01494639067779412
48123,ERCOT,2030,6438.374165186666,0.1977892131164679,0.09931580960545097,0.14253965094825968,0.06410489238598543,0.05524956216820823,0.03521091721946554
48125,ERCOT,2030,630.3606324333333,0.21852467252476837,0.1292552395530776,0.1502195328137786,0.10535679991409327,0.06830513971098978,0.02389843963898433
48127,ERCOT,2030,2760.8558184708336,0.31187942004769936,0.1694354261546558,0.25919554044315135,0.02199427568573027,0.05268387960454801,0.14744115046892553
48129,ERCOT,2030,1180.2964998291666,0.14664799264426553,0.10690384957078955,0.11625534286923693,0.09922125865572787,0.030392649775028605,0.007682590915061682
48131,ERCOT,2030,2764.7175894291668,0.2586452671862747,0.10934686494956573,0.15054029274533126,0.04795757892486074,0.10810497444094341,0.061389286024704996
48133,ERCOT,2030,6940.362789408333,0.19423942232935615,0.09373129145728577,0.11313422185315923,0.08132799030737495,0.08110520047619692,0.012403301149910825
48135,ERCOT,2030,58972.90042473583,0.14814898499826448,0.10364615585895268,0.11649558106545808,0.06818426336062326,0.0316534039328064,0.035461892498329414
48137,ERCOT,2030,516.910506325,0.21142692779225417,0.059950476186522106,0.18535145921970117,0.05770166911880672,0.026075468572552996,0.0022488070677153874
48139,ERCOT,2030,64854.96021097749,0.09313609678116698,0.05295334399167573,0.06429362261941353,0.01819619347098016,0.02884247416175345,0.03475715052069557
48143,ERCOT,2030,15598.0594063925,0.13839792147094215,0.07670880853147277,0.08681606388901356,0.048272574047133344,0.0515818575819286,0.028436234484339427
48145,ERCOT,2030,5360.806461808334,0.30197751065762046,0.11473001371747524,0.16836609544217182,0.09300365260375737,0.13361141521544864,0.021726361113717868
48147,ERCOT,2030,12570.771529041667,0.18338364839952212,0.10149212120539564,0.11702865857726334,0.07633302962052314,0.06635498982225878,0.025159091584872492
48149,ERCOT,2030,9085.973624478333,0.15161455607634552,0.09628673981726381,0.11431259701420274,0.0871532117684451,0.03730195906214279,0.009133528048818715
48151,ERCOT,2030,1497.33519475,0.1650890775214423,0.10380509779082427,0.12501529341793136,0.09705677928777387,0.04007378410351095,0.006748318503050396
48153,ERCOT,2030,1909.9988972458332,0.266235371845811,0.1601398401347518,0.1766863244742132,0.143744812106557,0.08954904737159777,0.016395028028194786
48155,ERCOT,2030,449.3318451458333,0.4310116487692463,0.19794228385622972,0.3285282802837836,0.15398322970530637,0.10248336848546269,0.043959054150923355
48157,ERCOT,2030,268092.4235456425,0.059871337087309816,0.04290463653898593,0.053670466855641454,0.029451187244153663,0.006200870231668362,0.013453449294832266
48159,ERCOT,2030,3714.143319775,0.0600512946428729,0.02609605236011866,0.029383536341056248,0.015830031837210247,0.03066775830181665,0.010266020522908412
48161,ERCOT,2030,6573.847062434999,0.20533536575639097,0.104906242953481,0.13116193991827074,0.07870441297517115,0.07417342583812023,0.026201829978309846
48163,ERCOT,2030,4547.433310641667,0.18944941919044217,0.06731853775263039,0.11463939748184518,0.018907153360291477,0.07481002170859699,0.04841138439233891
48167,ERCOT,2030,133760.41670378167,0.11598077608863142,0.07228594752016526,0.10501900633121197,0.0569626487611432,0.010961769757419443,0.01532329875902206
48169,ERCOT,2030,1639.431297975,0.13110750528175594,0.029895008837640263,0.11684941670217391,0.01773276073848017,0.014258088579582023,0.012162248099160094
48171,ERCOT,2030,10782.002056604168,0.07449746399391317,0.03200532463992913,0.05689516274616687,0.024303718923842546,0.017602301247746303,0.007701605716086586
48173,ERCOT,2030,404.2329694,0.053298153727982384,0.011734740506299732,0.022295950084702153,0.008741869831263693,0.03100220364328023,0.002992870675036039
48175,ERCOT,2030,2690.616056575,0.16804700521531402,0.09885383620882511,0.11750592625490551,0.08874426004279075,0.050541078960408506,0.010109576166034362
48177,ERCOT,2030,7203.691815020834,0.15470419285352371,0.0732505415619737,0.10928646624176225,0.05514448864562526,0.045417726611761466,0.018106052916348446
48179,ERCOT,2030,7957.785858016666,0.15113874188143317,0.0972122656187523,0.10514543959208421,0.0565745818015188,0.04599330228934896,0.040637683817233504
48181,ERCOT,2030,51371.311606589166,0.11205143653700304,0.07326014151282853,0.08163145010759502,0.05116650979109624,0.03041998642940802,0.022093631721732288
48185,ERCOT,2030,9510.460451895833,0.1370732714201514,0.0750375114736856,0.09009180873922541,0.041220079508280126,0.046981462680926,0.03381743196540548
48187,ERCOT,2030,59717.390320494174,0.06935588316128424,0.048938450791199094,0.05942415046521467,0.025646342047469982,0.009931732696069576,0.023292108743729112
48189,ERCOT,2030,10777.9567022875,0.13651540275643229,0.09608030493821552,0.10514005486628945,0.06885609548221,0.03137534789014283,0.027224209456005524
48191,ERCOT,2030,1141.6957560375,0.22538933877308837,0.08702350226225239,0.11999191910779687,0.05576495810141982,0.1053974196652915,0.03125854416083257
48193,ERCOT,2030,3092.2850037574995,0.1524078145623687,0.08161534266515874,0.14965056039445093,0.049625310737378,0.0027572541679177776,0.03199003192778074
48197,ERCOT,2030,1283.7368665541667,0.2124558442569211,0.0900567772294494,0.13163404234682116,0.06919351003509203,0.08082180191009994,0.02086326719435737
48199,MISO,2030,20467.434345385835,0.14671058761701186,0.0879442424318784,0.10703443305106816,0.08672735296653539,0.0396761545659437,0.001216889465343013
48201,ERCOT,2030,1689581.6048509032,0.11983014917298394,0.055973017680356646,0.10079920353340505,0.03555804367762984,0.019030945639578897,0.020414974002726807
48207,ERCOT,2030,2066.8511858083334,0.19338114782536553,0.09161489543659522,0.13002609046648042,0.07107327858208416,0.06335505735888511,0.020541616854511058
48209,ERCOT,2030,88316.07816050833,0.07852590885953145,0.031932667931459484,0.05203647047080578,0.027073335214940566,0.026489438388725674,0.004859332716518918
48213,ERCOT,2030,31457.92366482083,0.21602072368665562,0.09748484136434286,0.11473543794213063,0.056171203930020425,0.10128528574452499,0.04131363743432244
48215,ERCOT,2030,256156.51268276252,0.1887593708852195,0.14579397822817142,0.17016849648067375,0.01942346800651529,0.018590874404545737,0.12637051022165613
48217,ERCOT,2030,13134.2688466125,0.21888323942725346,0.07394093195695027,0.09820248634155941,0.06332614094004306,0.12068075308569405,0.01061479101690721
48221,ERCOT,2030,24511.452958741665,0.10517460205185156,0.053069659471583853,0.07150092261125889,0.04125201313743645,0.03367367944059267,0.011817646334147405
48223,ERCOT,2030,13625.0473094125,0.15787958820167114,0.09224611698798042,0.10904034066328155,0.06019403776400763,0.048839247538389585,0.032052079223972796
48225,ERCOT,2030,7287.8031081624995,0.17505358185495234,0.09578979179001364,0.13975385126361686,0.05482456123368571,0.03529973059133548,0.040965230556327926
48227,ERCOT,2030,11789.721341108334,0.1598582099423189,0.06785323255498273,0.07373670507606828,0.04911218714144496,0.08612150486625061,0.018741045413537764
48231,ERCOT,2030,35996.54932157667,0.1243907687401181,0.08709968682497701,0.10055248220365517,0.02663807123815261,0.02383828653646293,0.060461615586824405
48235,ERCOT,2030,628.1030482833332,0.12368383032156466,0.06857086288661282,0.09679053404319099,0.03341405054450984,0.02689329627837367,0.03515681234210298
48237,ERCOT,2030,2965.2672251249996,0.26568412141454,0.11668217361154742,0.14214323651124974,0.06909433414825873,0.12354088490329027,0.04758783946328869
48239,ERCOT,2030,5145.0448173075,0.11069778125804945,0.07574745215140483,0.09223684298018373,0.06545901434465023,0.018460938277865727,0.010288437806754591
48241,MISO,2030,12897.54388127,0.24371215911895922,0.11307199021366943,0.18887922176913136,0.09924743906607193,0.05483293734982786,0.013824551147597494
48243,ERCOT,2030,1000.0414167083334,0.38658293741556776,0.12257335541508932,0.19993063503953498,0.08284936865186295,0.18665230237603278,0.039723986763226374
48245,MISO,2030,91939.06843412668,0.18710430533959402,0.13379841329685915,0.15099912074239852,0.12552846232503048,0.0361051845971955,0.008269950971828671
48247,ERCOT,2030,1284.8730032624999,0.1950349208030925,0.07583194038964548,0.15724039517226207,0.04979171547503491,0.03779452563083044,0.026040224914610575
48249,ERCOT,2030,12489.274854220834,0.22354410001419128,0.13241825441993146,0.1552176550705839,0.11555060559385585,0.06832644494360737,0.01686764882607561
48251,ERCOT,2030,61558.36293696,0.09682924001697568,0.061906781295677685,0.06704953338270983,0.02228028885782017,0.02977970663426585,0.03962649243785751
48253,ERCOT,2030,5866.3572187875,0.16066747218682145,0.10556073604262357,0.12300812676274665,0.07072598637965692,0.0376593454240748,0.03483474966296665
48255,ERCOT,2030,4231.530832958333,0.1280551358969626,0.09149021195858996,0.11201462324418972,0.060046110741053864,0.016040512652772884,0.031444101217536095
48257,ERCOT,2030,47243.0147138775,0.10281430664051577,0.07317126283153771,0.0831727012339831,0.03925958039122572,0.019641605406532675,0.033911682440311994
48259,ERCOT,2030,16590.771535372503,0.048665672256023376,0.033436233359246934,0.04289968684021298,0.03270704668614938,0.005765985415810394,0.0007291866730975566
48261,ERCOT,2030,38.0,0.0,0.0,0.0,0.0,0.0,0.0
48263,ERCOT,2030,243.61681404999996,0.19596905983071794,0.115051996962112,0.13097740810472602,0.071428862649967,0.06499165172599192,0.043623134312145
48265,ERCOT,2030,21706.867646718332,0.07498380285479553,0.03454586339245657,0.055887899061601305,0.028197109474976088,0.019095903793194223,0.006348753917480483
48267,ERCOT,2030,1686.0956339166664,0.14904576136273923,0.10412022983122797,0.12942650054576849,0.09483326372739787,0.01961926081697074,0.009286966103830105
48269,ERCOT,2030,48.58326610833333,0.12479260715299519,0.0795408327025553,0.09870041736128077,0.018712204279820226,0.026092189791714418,0.06082862842273507
48271,ERCOT,2030,1080.6003157374998,0.2181017357907057,0.022671703721722145,0.06551151051782293,0.01159193275957073,0.15259022527288274,0.011079770962151415
48273,ERCOT,2030,11435.294809233335,0.2268758913366051,0.14503947025433356,0.17747572330795008,0.1332768531193509,0.04940016802865502,0.011762617134982667
48275,ERCOT,2030,1238.8279526708334,0.30654432740069987,0.1254439701204083,0.15801589289064116,0.07600255223523425,0.1485284345100587,0.04944141788517406
48277,ERCOT,2030,19861.330013975,0.2210857143113189,0.12115488269156838,0.160699578001367,0.09936553147345623,0.060386136309951904,0.021789351218112152
48281,ERCOT,2030,7845.178242441666,0.09681470167595294,0.059050914610681605,0.07582139167028062,0.034690313793979244,0.02099331000567231,0.02436060081670236
48283,ERCOT,2030,1654.3013076291668,0.15831556526846158,0.10257509059913746,0.1430838619805167,0.07213381139095548,0.015231703287944875,0.030441279208181973
48285,ERCOT,2030,8031.177411908334,0.1713264404841753,0.07958702606945914,0.10011148063674187,0.05847452601453752,0.07121495984743344,0.021112500054921615
48287,ERCOT,2030,6197.958363283334,0.13985137606721856,0.07310358685019355,0.1104405672339367,0.04833542453601318,0.029410808833281857,0.024768162314180373
48289,ERCOT,2030,6244.162901249167,0.14760871821208338,0.08202974389316425,0.11793221366166094,0.052105998849727476,0.029676504550422436,0.029923745043436777
48291,MISO,2030,28052.580398653336,0.19567401231068238,0.13692903748530258,0.16844199283556824,0.1280694322558339,0.02723201947511414,0.008859605229468687
48293,ERCOT,2030,8101.7911394,0.19659494792351026,0.09469189198978148,0.10912872409682285,0.0718941019310375,0.08746622382668741,0.02279779005874398
48297,ERCOT,2030,4088.1849416125006,0.16509977651425506,0.10853077017250284,0.13232924121414275,0.07082615601675611,0.03277053530011231,0.03770461415574673
48299,ERCOT,2030,9497.624504620833,0.07296306679593229,0.03416850701373938,0.05965440542432622,0.02432115813671261,0.013308661371606065,0.00984734887702677
48301,ERCOT,2030,32.644645625,0.0330988429898142,0.0,0.0012253157978644774,0.0,0.03187352719194972,0.0
48303,ERCOT,2030,120546.17202550083,0.12908081445702535,0.07956522755934288,0.09284189070452153,0.04594687560384178,0.036238923752503815,0.0336183519555011
48305,ERCOT,2030,2039.404590825,0.14153174112404526,0.08324147029501021,0.11553032649904658,0.04942929659029591,0.02600141462499868,0.0338121737047143
48307,ERCOT,2030,3069.576891591667,0.22367095840142223,0.08625471361930209,0.12760611466451768,0.07613358307301457,0.09606484373690455,0.010121130546287521
48309,ERCOT,2030,93756.77204378333,0.16204973419866592,0.08760339907564506,0.09896503271652007,0.05980687313541244,0.06308470148214584,0.027796525940232616
48311,ERCOT,2030,188.624679985,0.257025679692898,0.15623478593757467,0.21689391058610888,0.04469968617399639,0.040131769106789145,0.11153509976357828
48313,ERCOT,2030,4017.3921663249994,0.14533644129850487,0.07430463136377585,0.09052647829462916,0.05950622787705557,0.05480996300387571,0.014798403486720284
48317,ERCOT,2030,1794.415093775,0.10954889165292646,0.06338364307097236,0.0795600056263056,0.0492383424845095,0.029988886026620865,0.014145300586462857
48319,ERCOT,2030,1467.0391245833332,0.08879854808996052,0.046696692577614086,0.06406242284780647,0.04295459196965708,0.024736125242154045,0.0037421006079570093
48323,ERCOT,2030,17544.834424254168,0.22264639494544886,0.13403273446964808,0.1719447418578251,0.060738591919596734,0.050701653087623755,0.07329414255005134
48325,ERCOT,2030,17081.612182930832,0.1282603393050509,0.040506952070352785,0.08386401866679903,0.02311064929063387,0.04439632063825187,0.017396302779718913
48327,ERCOT,2030,879.10531055,0.2171982674698449,0.14156710661563185,0.14837922950045437,0.08396338305739519,0.06881903796939054,0.05760372355823666
48329,ERCOT,2030,63384.95252029417,0.11917034178143258,0.06717876529790984,0.07975321264177763,0.019967991028703006,0.03941712913965495,0.047210774269206834
48331,ERCOT,2030,9530.169052665833,0.16485902976109115,0.06549676247221413,0.10276713831091026,0.0474887230474577,0.06209189145018089,0.018008039424756428
48333,ERCOT,2030,1814.9311121041667,0.17899407142559073,0.0786426586927163,0.10847135503952628,0.0589496203390112,0.07052271638606446,0.019693038353705103
48335,ERCOT,2030,2390.2925563791664,0.15766058798817617,0.10325519099345584,0.12395747375396429,0.022295158599355887,0.03370311423421188,0.08096003239409996
48337,ERCOT,2030,7789.070835604167,0.200178403239102,0.08613427924493391,0.12245930242870201,0.06030248630486795,0.07771910081039998,0.025831792940065962
48339,ERCOT,2030,222522.55217636,0.07535035415586945,0.05266687934942433,0.06933882660974698,0.03070911254042605,0.006011527546122469,0.021957766808998278
48345,ERCOT,2030,449.519486875,0.19231989274851316,0.08990513043372944,0.12220906664373998,0.061296513064542764,0.07011082610477318,0.028608617369186677
48347,ERCOT,2030,24480.730278670835,0.20330015504151674,0.12550912724906893,0.13187019750268703,0.08611919834536898,0.07142995753882972,0.03938992890369995
48349,ERCOT,2030,17838.0160901875,0.19121215635009825,0.10018361113504388,0.1138311492239208,0.08454639373080909,0.07738100712617745,0.015637217404234793
48351,MISO,2030,4669.62130675,0.314669495962156,0.15703752463163623,0.20725485317482376,0.14370872294218648,0.10741464278733223,0.013328801689449749
48353,ERCOT,2030,5620.9837341075,0.24636541289820707,0.10297112402577845,0.11622553107875128,0.07179697276659092,0.1301398818194558,0.03117415125918753
48355,ERCOT,2030,128885.09157245833,0.14279166211963998,0.09419795424077092,0.10178124957758802,0.05588685828125589,0.041010412542051955,0.038311095959515026
48359,ERCOT,2030,606.4624610941667,0.13637843513421413,0.1092529713223454,0.1186854974339851,0.09018175651189708,0.017692937700229033,0.019071214810448323
48361,MISO,2030,30687.23657340917,0.1187741226725501,0.07749494508089688,0.09527606059463398,0.07425988733818732,0.023498062077916118,0.00323505774270956
48363,ERCOT,2030,10353.108008004168,0.14789387350353142,0.08811014686473069,0.10677784794586954,0.055045383677803886,0.041116025557661876,0.033064763186926804
48365,MISO,2030,7970.9649578125,0.22081996340666937,0.09449902045517836,0.15618424779724788,0.08474251864998886,0.0646357156094215,0.0097565018051895
48367,ERCOT,2030,51791.3287702575,0.08349690774069772,0.05479017188915216,0.07330271540481385,0.0385901117904464,0.010194192335883867,0.01620006009870576
48369,ERCOT,2030,3141.1914726666673,0.06218408961738406,0.03749504920739937,0.05340706568318415,0.014294317424044774,0.008777023934199907,0.0232007317833546
48371,ERCOT,2030,4893.759953208333,0.11550586849046106,0.08482150809785108,0.08795621922590224,0.05669360096383722,0.027549649264558815,0.028127907134013856
48373,MISO,2030,17807.738023004167,0.2609336139141651,0.1278546779362419,0.1836806730777886,0.11771620757061921,0.07725294083637649,0.010138470365622682
48375,ERCOT,2030,42074.39888402917,0.15074098549717982,0.10435165834191114,0.1309263754328051,0.07783654083512324,0.01981461006437471,0.026515117506787894
48377,ERCOT,2030,2167.0105961625,0.2937770689868966,0.16539125464731105,0.1910773274789669,0.15240170625946253,0.10269974150792968,0.01298954838784852
48379,ERCOT,2030,4671.6879081725,0.1405368769928878,0.09948617173558388,0.12207069716812145,0.08809728876652018,0.01846617982476635,0.011388882969063707
48381,ERCOT,2030,54161.704288617504,0.06760637473444552,0.044495593402264326,0.0504278055247576,0.03038331912952448,0.017178569209687918,0.014112274272739846
48383,ERCOT,2030,1057.6239814291666,0.10112335076354632,0.029951821778089655,0.054650776652739666,0.012554472320169562,0.04647257411080666,0.017397349457920094
48385,ERCOT,2030,965.9926120750001,0.09724984328800738,0.028127414013000517,0.060683203431286095,0.026637104651067677,0.03656663985672129,0.00149030936193284
48387,ERCOT,2030,4586.007116424999,0.20861926036251932,0.12404844386670727,0.16998851726038655,0.09447043151074128,0.03863074310213277,0.029578012355965994
48389,ERCOT,2030,3826.1766068083334,0.20610092708914587,0.09959639647433276,0.11653440901636936,0.05360028074699203,0.08956651807277652,0.045996115727340726
48391,ERCOT,2030,2197.1311113,0.21766736481512583,0.07791121589707137,0.10386405872890464,0.0562000003352584,0.11380330608622119,0.02171121556181297
48393,ERCOT,2030,308.945342125,0.041810913152097194,0.022590068490204243,0.035489448110524194,0.009935340289927666,0.006321465041573,0.012654728200276577
48395,MISO,2030,6190.628363314167,0.2353983108860618,0.12414528350832792,0.1899974244778415,0.11651078748243535,0.04540088640822032,0.00763449602589257
48397,ERCOT,2030,37422.478881970834,0.04845485470532972,0.03909884363269923,0.04329789349924095,0.018751685521708646,0.005156961206088766,0.020347158110990582
48399,ERCOT,2030,3773.4164340500006,0.17481730952132316,0.0936089800203199,0.10608842135079215,0.04757633112132175,0.06872888817053101,0.046032648898998156
48401,ERCOT,2030,17588.140959266668,0.15261285256306675,0.08077961416343486,0.09098396640560705,0.05956435120931321,0.061628886157459706,0.021215262954121655
48403,MISO,2030,4431.202133125,0.2662909452079859,0.1187817727004644,0.1679793122987669,0.11073779734965006,0.09831163290921902,0.008043975350814345
48405,MISO,2030,2964.804751875,0.24701539590120153,0.14606667559540246,0.21782274770929932,0.14113010275310073,0.029192648191902204,0.0049365728423017285
48407,MISO,2030,9941.708882366667,0.26913628598976946,0.12348197570547777,0.182765034136662,0.11090192138200408,0.08637125185310746,0.012580054323473686
48409,ERCOT,2030,23466.064519636668,0.11886228338015264,0.08403110266671442,0.10540960063883342,0.060590096781824906,0.013452682741319222,0.02344100588488951
48411,ERCOT,2030,1985.4730003458333,0.08703883501306696,0.04629085008156298,0.07506735154706505,0.03687885354635699,0.011971483466001909,0.00941199653520599
48413,ERCOT,2030,891.3764118125,0.2046818213548126,0.13319758962274914,0.15958752919534214,0.09421176888587524,0.04509429215947047,0.0389858207368739
48415,ERCOT,2030,5620.071735733333,0.10325030870641543,0.0671277902144855,0.08446029866759268,0.01888089535559769,0.018790010038822746,0.04824689485888782
48417,ERCOT,2030,1317.2537410291668,0.15703747265254722,0.08754535464878209,0.09452271636320199,0.08119964007448205,0.06251475628934523,0.00634571457430004
48419,MISO,2030,8766.652161479165,0.25009770997500114,0.1497964684259538,0.20545211776243238,0.12264309579689356,0.04464559221256875,0.02715337262906023
48423,ERCOT,2030,80309.24582365416,0.14847517473379898,0.08904229650158305,0.09563121566053347,0.05298406554659787,0.052843959073265515,0.03605823095498518
48425,ERCOT,2030,3311.3357597458335,0.16432671329669077,0.06506779842848213,0.07533159303235787,0.03394451203667556,0.0889951202643329,0.031123286391806573
48427,ERCOT,2030,18265.381709579164,0.2873554033704211,0.2025640701275137,0.26541619635342933,0.13145713422133143,0.021939207016991757,0.07110693590618228
48429,ERCOT,2030,3330.750181295833,0.2265642767782053,0.13009543565815695,0.14412225502401432,0.08674811665853872,0.08244202175419096,0.04334731899961823
48431,ERCOT,2030,382.09693582499995,0.03149290272990986,0.02215318210213758,0.023980165456922678,0.017486303535970003,0.00751273727298718,0.004666878566167577
48433,ERCOT,2030,443.4751823133333,0.20186265661968067,0.11667313767164185,0.1275856978433797,0.039363988552725715,0.07427695877630097,0.07730914911891613
48435,ERCOT,2030,1039.149541,0.1577271704246463,0.07174751734072124,0.10142308807586081,0.05229386325639536,0.05630408234878548,0.01945365408432588
48437,ERCOT,2030,2364.9239702791665,0.41665493268493986,0.19378154344185364,0.21875241342033436,0.18920598836299166,0.1979025192646055,0.004575555078861981
48439,ERCOT,2030,752141.9851587999,0.09177512333144824,0.046770875445763666,0.050246844824618865,0.011112340310267829,0.04152827850682938,0.035658535135495835
48441,ERCOT,2030,52899.3985984375,0.13073681814653512,0.07537048207105893,0.09054627594338682,0.05816159639146088,0.0401905422031483,0.017208885679598045
48443,ERCOT,2030,398.15226376666664,0.13905422643562476,0.08388175338762462,0.12562371857477506,0.08388175338762462,0.013430507860849705,0.0
48447,ERCOT,2030,631.1895315208334,0.14738881415171687,0.08559319603758377,0.11459416788259258,0.04996296487049564,0.03279464626912429,0.035630231167088126
48449,ERCOT,2030,10684.5831636625,0.13606373429421337,0.09395058550784299,0.10472294067325306,0.07420049896132219,0.0313407936209603,0.0197500865465208
48451,ERCOT,2030,44526.80892817417,0.09953410875417669,0.0638382574231905,0.07526480016698382,0.03353396418994689,0.024269308587192867,0.030304293233243615
48453,ERCOT,2030,535951.8215886718,0.042726460234090345,0.016516227263213328,0.0346601429871776,0.00796085329626797,0.008066317246912744,0.008555373966945357
48455,MISO,2030,5862.4867342541675,0.2586543752440426,0.10460245730569077,0.18583185611909092,0.09365178945387388,0.07282251912495169,0.010950667851816892
48457,MISO,2030,6620.093509345833,0.21729619472028897,0.1162336324380514,0.17346849691694322,0.10302255275165954,0.04382769780334575,0.01321107968639186
48461,ERCOT,2030,1322.9715390666665,0.14205888324142504,0.03404247685613326,0.08614201517925264,0.026251929821938424,0.0559168680621724,0.007790547034194833
48463,ERCOT,2030,8192.901974391667,0.196219365333942,0.11402117593211279,0.15075487306143143,0.05886635625864143,0.045464492272510565,0.05515481967347136
48465,ERCOT,2030,16346.990904591667,0.19880598530723984,0.12432421477923569,0.13766695057679063,0.04265748418337129,0.06113903473044921,0.0816667305958644
48467,ERCOT,2030,22090.817554684167,0.13986039544508408,0.1088517988909508,0.11474961350860736,0.06460550220329186,0.025110781936476714,0.044246296687658934
48469,ERCOT,2030,33246.9774956225,0.10867089143569139,0.07045285538387384,0.0821101395286816,0.04095237337527205,0.026560751907009794,0.029500482008601794
48471,MISO,2030,23865.46634880833,0.19810776450548645,0.1311166688464375,0.1888587355699234,0.12021317990422402,0.009249028935563036,0.010903488942213477
48473,ERCOT,2030,17535.533612283332,0.1084571245794759,0.08644660026711787,0.09823079559495501,0.06923500604516707,0.010226328984520888,0.0172115942219508
48475,ERCOT,2030,4226.302527579167,0.13108158914674922,0.05762792512935436,0.07864061063174982,0.03226867486257554,0.0524409785149994,0.025359250266778814
48477,ERCOT,2030,14165.969649559167,0.09878514756631675,0.05014787655514333,0.078712960002332,0.031642980491910715,0.020072187563984753,0.018504896063232613
48479,ERCOT,2030,77011.57103454584,0.16602470076750375,0.10176759351495403,0.12540453546001717,0.07537467530983476,0.04062016530748658,0.02639291820511927
48481,ERCOT,2030,14898.1846929,0.13531765281493804,0.08590585448546392,0.11499040448731752,0.06033658882056437,0.02032724832762052,0.025569265664899553
48483,ERCOT,2030,1871.6318661249998,0.27293098745122046,0.0759786130726928,0.18334056337315133,0.06350116306760709,0.08959042407806914,0.01247745000508571
48485,ERCOT,2030,47575.9013893775,0.13657352697387018,0.09969720363222306,0.10745403693223066,0.05726886845654886,0.029119490041639523,0.0424283351756742
48487,ERCOT,2030,4591.848305416666,0.22614383556708986,0.08847497632378824,0.13816839372573667,0.06859068158787691,0.0879754418413532,0.01988429473591133
48489,ERCOT,2030,5333.207498758334,0.32611765569326945,0.14958497305528332,0.19380325195622064,0.1333185975166984,0.1323144037370488,0.016266375538584926
48491,ERCOT,2030,228605.08627990916,0.0524022236652198,0.017413328112324603,0.04221803913141191,0.005319297053898793,0.010184184533807893,0.012094031058425811
48493,ERCOT,2030,17096.289350361665,0.08550831820721423,0.06708900485915888,0.07868793434484123,0.05797022717558498,0.006820383862373006,0.009118777683573893
48495,ERCOT,2030,2613.3526329666665,0.10145685535901497,0.03357519489453422,0.054579900852522796,0.01663625315296458,0.04687695450649217,0.01693894174156964
48497,ERCOT,2030,23863.444919196663,0.08705493169075108,0.05534996729027579,0.06779492762213181,0.03505502691753278,0.019260004068619274,0.020294940372743007
48499,ERCOT,2030,17630.570772051666,0.13419808977520153,0.09539253854367906,0.10160727214580147,0.0711096020690509,0.03259081762940007,0.02428293647462816
48503,ERCOT,2030,7461.319969349999,0.18828940463721391,0.10004864987694195,0.11312110735048607,0.0807098521763473,0.07516829728672784,0.019338797700594657
48505,ERCOT,2030,4508.491494858334,0.28712182599056724,0.19109044271959333,0.21599354307637783,0.16733114964514426,0.0711282829141894,0.023759293074449073
48507,ERCOT,2030,3319.6653967791663,0.19399262921316848,0.12131683010103207,0.15887858853537512,0.04940596988101925,0.03511404067779336,0.07191086022001282
51003,PJM,2030,43510.70471643834,0.09892982956372934,0.05136529186745103,0.07036179773001244,0.023526613197554766,0.028568031833716895,0.027838678669896262
51005,PJM,2030,6130.3951323833335,0.274155760737225,0.14096548560305153,0.1820043388915383,0.12029032592661631,0.09215142184568667,0.020675159676435212
51007,PJM,2030,5082.612224698333,0.2394223991767788,0.1466759252438505,0.17500796198558982,0.10350576926111213,0.06441443719118897,0.04317015598273838
51009,PJM,2030,12399.452094741666,0.12329952844314389,0.069326456549066,0.10558904282057396,0.044378938655686734,0.017710485622569924,0.024947517893379262
51011,PJM,2030,6427.303180707499,0.2037687878740303,0.12859992598233333,0.1518650240705188,0.11049280338706947,0.0519037638035115,0.018107122595263855
51013,PJM,2030,109634.49345004333,0.028314942062048383,0.01176115900902619,0.021561704508297086,0.0069579215905037645,0.006753237553751297,0.004803237418522425
51015,PJM,2030,29535.908504791667,0.16112450766887518,0.06638751275807976,0.10745650706619608,0.04759340490001456,0.053668000602679095,0.0187941078580652
51017,PJM,2030,1825.2426645166665,0.28810945102793745,0.16787842553680826,0.2192170174635135,0.12643421427077836,0.06889243356442395,0.0414442112660299
51019,PJM,2030,32079.413564569164,0.08764693817715974,0.05570394326582403,0.07428476190517518,0.04007291422418073,0.013362176271984563,0.015631029041643298
51021,PJM,2030,2192.7315815624997,0.12634382220839566,0.05541599346376869,0.11129788990988296,0.03499602209419482,0.015045932298512699,0.020419971369573867
51023,PJM,2030,12766.472553851665,0.12986829530982108,0.08195238912602737,0.10470645187617149,0.04333676024756067,0.02516184343364959,0.0386156288784667
51025,PJM,2030,6081.6847774,0.34053456098975743,0.15318998378534737,0.1941565974565588,0.10951080316660128,0.14637796353319862,0.043679180618746094
51027,PJM,2030,7361.266680583333,0.2838970892830852,0.15672682845486985,0.17880919387275812,0.1418453479627807,0.10508789541032709,0.01488148049208915
51029,PJM,2030,5841.638007979167,0.3390759764496344,0.14807927158831435,0.19867725252712584,0.11185627538942221,0.14039872392250854,0.036222996198892146
51031,PJM,2030,21900.176734456665,0.1424857320185648,0.10092006227028744,0.1329104804987874,0.05520341845519786,0.009575251519777395,0.045716643815089573
51033,PJM,2030,11154.246799158333,0.1455503329296221,0.06532659240200632,0.07816900302156297,0.05573121721198666,0.06738132990805913,0.009595375190019663
51035,PJM,2030,11915.080149533333,0.20184779597720082,0.11596387302592198,0.16362049995432523,0.06457576359905019,0.038227296022875584,0.05138810942687179
51036,PJM,2030,2866.7122071125004,0.19881618616357324,0.13709927279523024,0.148747772403533,0.07261090044379817,0.05006841376004023,0.06448837235143207
51037,PJM,2030,4480.609341945834,0.38391267747814173,0.20539466561342065,0.24769401361185436,0.13856347065628766,0.13621866386628737,0.066831194957133
51041,PJM,2030,132780.84631940752,0.0897868741103522,0.059481080759843145,0.06457437370256669,0.03916931146633423,0.025212500407785512,0.020311769293508912
51043,PJM,2030,5542.518938076666,0.10244766543946911,0.04768397133374743,0.06801547594124832,0.03990169301795433,0.034432189498220786,0.007782278315793104
51045,PJM,2030,1758.6145008150002,0.21717631180189553,0.08536622594401816,0.11194484913858699,0.03897680462085384,0.10523146266330854,0.04638942132316432
51047,PJM,2030,17780.684221904165,0.15222887564372922,0.0745616945247691,0.10219350533362512,0.04622009987731072,0.050035370310104105,0.028341594647458383
51049,PJM,2030,3999.62056115,0.23359810371729248,0.11156905061014812,0.15221465940945486,0.07168268555102593,0.08138344430783762,0.039886365059122186
51051,PJM,2030,5500.278171679166,0.27109102747491165,0.19186004386186684,0.21073792470880964,0.1311675634565675,0.06035310276610201,0.06069248040529934
51053,PJM,2030,10301.523405283333,0.19189865151525087,0.14373563343462353,0.16024491289689957,0.09787740318707434,0.0316537386183513,0.04585823024754919
51057,PJM,2030,4178.94374985,0.3201452841378131,0.17634672378471683,0.19479313066750076,0.126552570084801,0.12535215347031237,0.04979415369991583
51059,PJM,2030,408974.12880427,0.040162128678016204,0.013351931578896293,0.024135727754107935,0.0018595432433591297,0.01602640092390827,0.011492388335537163
51061,PJM,2030,25583.265332286668,0.09238526938612437,0.03653313068734038,0.060624651499664714,0.027995214164059857,0.03176061788645966,0.008537916523280526
51063,PJM,2030,6448.611346516666,0.18020425056683634,0.11855677755795278,0.1411619665656205,0.11158413380753436,0.03904228400121584,0.0069726437504184224
51065,PJM,2030,10091.6100039225,0.14254845491775053,0.08602176558176343,0.11144048823655243,0.03322157822782375,0.0311079666811981,0.05280018735393968
51067,PJM,2030,21634.931033683333,0.1495259132198127,0.09743742700371834,0.14299873013095474,0.0567160290961693,0.0065271830888579685,0.040721397907549035
51069,PJM,2030,32795.0355383875,0.07089462755158574,0.04544993709676345,0.06333456625959169,0.033641482059362945,0.007560061291994047,0.011808455037400502
51071,PJM,2030,6711.8505741291665,0.13313889509577495,0.0825136180706301,0.09813750360217081,0.06763081322467143,0.035001391493604136,0.014882804845958664
51073,PJM,2030,14660.140419330834,0.10030664065747892,0.0619254018519675,0.07210409498791939,0.03424612480834953,0.02820254566955953,0.027679277043617972
51075,PJM,2030,9713.8666571825,0.09061518747720541,0.06265556057483829,0.07224596472398835,0.040330413349215596,0.018369222753217063,0.02232514722562269
51077,PJM,2030,6087.62467125,0.2660003596896904,0.1272327510726433,0.2341718520770683,0.0717445681092424,0.03182850761262207,0.05548818296340091
51079,PJM,2030,7308.493079968333,0.08826849176038286,0.051616939487928094,0.0803990764845712,0.04597085655831564,0.007869415275811656,0.005646082929612453
51085,PJM,2030,40897.41786501583,0.07987771247667096,0.045261444412976026,0.054995066161433376,0.01866467029808015,0.02488264631523758,0.026596774114895878
51087,PJM,2030,132717.59875681333,0.09527683329730612,0.06491460402992999,0.0761277940603411,0.027932430128547816,0.01914903923696501,0.03698217390138217
51089,PJM,2030,20216.878799620834,0.27253447709429157,0.13443535007124707,0.17734455145184147,0.11528228445936198,0.0951899256424501,0.019153065611885095
51091,PJM,2030,983.5035311958334,0.14855020226501747,0.04909955493461061,0.10580968366238189,0.04250564675062258,0.042740518602635585,0.006593908183988029
51093,PJM,2030,14966.821161513333,0.18979857469181327,0.08639677144447949,0.09973376151249272,0.0600403108869516,0.09006481317932055,0.02635646055752789
51095,PJM,2030,30207.85573826917,0.07127054352603504,0.03803801888314712,0.0434226975270128,0.021618568853962336,0.027847845999022243,0.01641945002918478
51097,PJM,2030,2780.708449183333,0.25906642505284494,0.13322959170367926,0.150385578249366,0.10219265511520657,0.10868084680347895,0.03103693658847269
51099,PJM,2030,9626.247947252497,0.10147105795189829,0.07017027523076905,0.08224872437025808,0.028153987644516584,0.019222333581640202,0.04201628758625246
51101,PJM,2030,6791.3176256108345,0.12254801373726698,0.07395275931251909,0.08189717154530934,0.056716980524137296,0.04065084219195764,0.01723577878838179
51103,PJM,2030,5202.526917668334,0.26733712830985357,0.13795231065169744,0.15088200346130512,0.08684534499775241,0.11645512484854845,0.05110696565394503
51107,PJM,2030,137216.82943131332,0.041500485820610396,0.022953741964549735,0.030391732427890755,0.0101352132362366,0.01110875339271964,0.012818528728313135
51109,PJM,2030,14359.651912971665,0.17564330719824864,0.08858060290770665,0.10398305051417484,0.055399291400572113,0.0716602566840738,0.03318131150713454
51111,PJM,2030,4489.897774529167,0.36963148922301864,0.18921233194388729,0.2433829674649462,0.13432648359328822,0.12624852175807244,0.054885848350599065
51113,PJM,2030,5228.747172925001,0.2053868210236252,0.1102978512127432,0.1304610042565387,0.07439723188650332,0.07492581676708651,0.03590061932623988
51115,PJM,2030,3689.8841678991666,0.12906833739882712,0.07422205476328765,0.09259125979497947,0.024803959120964947,0.03647707760384765,0.049418095642322704
51119,PJM,2030,4673.629298998334,0.23093762389445155,0.10880619568443754,0.13213376796626136,0.07914997148132435,0.09880385592819019,0.029656224203113188
51121,PJM,2030,35401.223473624166,0.17655309035519828,0.12854859029370108,0.1462362268082468,0.07217291968676226,0.030316863546951484,0.05637567060693882
51125,PJM,2030,5978.378385621667,0.1861200491356367,0.12940371527959427,0.15440669993334272,0.12105469687017997,0.03171334920229399,0.008349018409414294
51127,PJM,2030,8593.8624013875,0.0793254196597643,0.04708633719160639,0.056422130844804734,0.02654649408433241,0.022903288814959573,0.02053984310727398
51133,PJM,2030,5119.261494512501,0.2405252088688082,0.14183080895700742,0.1707706950158607,0.12362947235896886,0.06975451385294751,0.01820133659803856
51135,PJM,2030,5366.664995041667,0.3579520077428307,0.18466561027639455,0.2472253417751047,0.1349210937189391,0.11072666596772601,0.04974451655745546
51137,PJM,2030,14064.271875955,0.12471219619377319,0.07466181882797952,0.09552828997688659,0.06537918587384363,0.0291839062168866,0.009282632954135894
51139,PJM,2030,9042.649432920833,0.17029683714113544,0.10820956154990201,0.1545392847829647,0.09172511965348334,0.01575755235817075,0.016484441896418664
51141,PJM,2030,7614.840194291667,0.21313562729676838,0.1329423810168132,0.17946839714370705,0.11714967018037088,0.033667230153061334,0.015792710836442306
51145,PJM,2030,10945.285253904167,0.07774006571031637,0.05657457482366272,0.0619487100107609,0.02905487372366395,0.01579135569955547,0.027519701099998767
51147,PJM,2030,7304.025442054167,0.2731692630436947,0.14078335596461736,0.1743733700261192,0.12443779169990822,0.09879589301757552,0.016345564264709136
51149,PJM,2030,12679.451224816665,0.1250706019593207,0.08185728280273742,0.09567522694336537,0.05632971407919331,0.029395375015955336,0.025527568723544114
51153,PJM,2030,151187.90185902664,0.05892876770453534,0.013985376370424789,0.035473082435176766,0.00818611625129034,0.023455685269358574,0.005799260119134449
51155,PJM,2030,14071.582653054167,0.1486300313298016,0.10584913652031311,0.12731551345188055,0.07052063977925171,0.021314517877921046,0.035328496741061394
51157,PJM,2030,2781.0655193166667,0.12702931608390752,0.06380037034939409,0.10835876114755415,0.02960450574482081,0.018670554936353376,0.03419586460457329
51159,PJM,2030,2808.2528053666665,0.2288946649523262,0.10673777084236882,0.13298107800236794,0.0712525461742421,0.09591358694995825,0.035485224668126716
51161,PJM,2030,38517.717460768334,0.07954879471204818,0.036698060821700025,0.059803976528278874,0.027331268076409714,0.019744818183769303,0.009366792745290311
51163,PJM,2030,9171.825566041665,0.23437381811086164,0.1058701999481807,0.14391503302829717,0.07434111173928487,0.09045878508256447,0.03152908820889583
51165,PJM,2030,30994.956849151666,0.12406620957153389,0.07286605491196163,0.09811997266481344,0.04469066407283649,0.025946236906720446,0.02817539083912514
51167,PJM,2030,10292.158846416667,0.23961957613573337,0.1331209630598557,0.15614293673158886,0.108951119720094,0.08347663940414451,0.024169843339761715
51169,PJM,2030,8727.960170725,0.2739406330662971,0.1561866464029626,0.18857045724579116,0.12577462756308003,0.08537017582050596,0.030412018839882565
51171,PJM,2030,17181.927165177498,0.13869253205385215,0.0840860774149996,0.12488243609562719,0.0791058963009593,0.013810095958224966,0.004980181114040305
51173,PJM,2030,12480.335794775001,0.23642101785249772,0.12222799387947086,0.16959687894765169,0.07275660694937548,0.06682413890484604,0.04947138693009538
51175,PJM,2030,6713.844140190833,0.2544192233771379,0.11888172089052698,0.15412540694293225,0.09421303741488421,0.10029381643420565,0.024668683475642772
51177,PJM,2030,48805.73033688333,0.11329725048319897,0.03111984255174362,0.053177865362091646,0.02021395605181854,0.06011938512110732,0.01090588649992508
51179,PJM,2030,49571.15836846,0.07046852456473111,0.028624666726828438,0.032200236020419395,0.01952088196730585,0.03826828854431172,0.009103784759522587
51181,PJM,2030,2700.6224401333334,0.28808384434852313,0.14611936688276356,0.19253005386300107,0.09268848294814147,0.09555379048552207,0.053430883934622087
51183,PJM,2030,3644.1733882375,0.2525823390576035,0.16304032763765536,0.20066429643651068,0.07081600334513169,0.05191804262109284,0.09222432429252367
51185,PJM,2030,15432.223377133334,0.22517275706870057,0.12918231678137854,0.15632108554993068,0.10013655681563183,0.06885167151876989,0.02904575996574671
51187,PJM,2030,15081.494536732502,0.15779215999983065,0.0952299449666808,0.12432341736921076,0.07652345371203775,0.033468742630619885,0.01870649125464305
51191,PJM,2030,21771.920584220832,0.1147307008102379,0.06167547716800975,0.09211927053491392,0.036313836358048975,0.022611430275323974,0.025361640809960777
51193,PJM,2030,7692.57339239,0.22130569328030544,0.16234296784442728,0.18234184101200188,0.11252278702832592,0.03896385226830357,0.04982018081610136
51197,PJM,2030,12155.355013454166,0.16511995108967328,0.09674756003650314,0.13689382369813205,0.06761601947511607,0.028226127391541234,0.029131540561387073
51199,PJM,2030,25470.238740225832,0.060023179264989936,0.03948694874821117,0.04386225606049925,0.02735822593335803,0.01616092320449069,0.012128722814853138
51510,PJM,2030,73646.97024392,0.04510456871266747,0.015695010368586875,0.019851839816597196,0.006702623495826499,0.025252728896070276,0.008992386872760376
51530,PJM,2030,2624.5863998583336,0.25459019183088555,0.11530246405351126,0.14473574360281583,0.08362912654041316,0.10985444822806972,0.0316733375130981
51540,PJM,2030,19009.233979491666,0.1932666762144077,0.13367418762366234,0.15181175392268514,0.05947683478372165,0.04145492229172257,0.0741973528399407
51550,PJM,2030,90032.33919734416,0.09727531867513128,0.052340189465524184,0.06247449643852627,0.02977674516350249,0.034800822236605015,0.022563444302021694
51570,PJM,2030,7384.669586001666,0.20709119527982653,0.1048820697419116,0.15538131706755662,0.06707772464963221,0.05170987821226991,0.03780434509227938
51580,PJM,2030,2413.55132315,0.326098959947171,0.09262929953976881,0.17607280633821532,0.05767147965320035,0.15002615360895566,0.03495781988656846
51590,PJM,2030,18344.662240391666,0.2891342284605939,0.14969035981460718,0.22762276161895953,0.12696378402927952,0.06151146684163436,0.022726575785327663
51595,PJM,2030,2184.4932891541666,0.3698523522360343,0.21101443330372954,0.26052774241390764,0.14851284418103378,0.10932460982212666,0.06250158912269577
51600,PJM,2030,8810.027058226668,0.03363449459518215,0.014845365406440166,0.020404210951748217,0.013139020102317354,0.01323028364343393,0.0017063453041228117
51610,PJM,2030,5605.6600278000005,0.014110115698729279,0.006865141326650041,0.012957850040810851,0.006820623999740738,0.0011522656579184276,4.451732690930344e-05
51620,PJM,2030,3311.2606778125,0.3417805019326188,0.16048866591582744,0.21212040866456738,0.12351247450568693,0.1296600932680514,0.03697619141014051
51630,PJM,2030,10786.61526428,0.11149536544078054,0.03864743531060694,0.05070972172070985,0.020377153607632467,0.060785643720070684,0.01827028170297447
51640,PJM,2030,2530.4276880541665,0.2052520304974161,0.12254314036076981,0.16394049557810822,0.060428392143694734,0.04131153491930789,0.06211474821707508
51650,PJM,2030,56154.5096907025,0.1831659830928145,0.09366511409170376,0.10461254475398442,0.06537475661860313,0.07855343833883009,0.02829035747310063
51660,PJM,2030,16632.553152537505,0.12504055229800218,0.0935910785875556,0.10389382869924588,0.03787236043216244,0.0211467235987563,0.05571871815539316
51670,PJM,2030,9088.151801186665,0.2804120750139479,0.17774578393897522,0.19508200571559955,0.08476657165828558,0.08533006929834833,0.09297921228068964
51678,PJM,2030,1888.8015510250002,0.10842492975534199,0.05318553792949721,0.09163485199441639,0.03533102615453999,0.0167900777609256,0.01785451177495722
51680,PJM,2030,28035.634291165836,0.15016804564170708,0.08433791230202538,0.1266574341120072,0.06604717722260124,0.023510611529699882,0.018290735079424136
51683,PJM,2030,13553.35711638,0.027323622842179256,0.01273249815020184,0.016431287497338118,0.0030334622618070927,0.010892335344841138,0.009699035888394748
51685,PJM,2030,4976.962107493334,0.01172020172014369,0.008031057667317567,0.008529477535989096,0.0036692461315920234,0.003190724184154595,0.004361811535725544
51690,PJM,2030,5500.001513225,0.3772797914096887,0.16088126705992933,0.26603197976750137,0.11405727706088066,0.11124781164218733,0.046823989999048674
51700,PJM,2030,74532.18302123834,0.15596488014305263,0.09529297339015912,0.11186831389056821,0.05513094531453314,0.04409656625248441,0.04016202807562597
51710,PJM,2030,92542.2898563525,0.16431617707165133,0.10925827259182093,0.1124499248614857,0.06480835855860667,0.051866252210165636,0.04444991403321426
51730,PJM,2030,14046.044144674166,0.31235888166249787,0.20152036620668487,0.2445334517464367,0.09929275800537883,0.06782542991606116,0.10222760820130604
51735,PJM,2030,4548.48764045,0.08113347808818565,0.048971028546379955,0.059211910915519445,0.035328474382187294,0.021921567172666204,0.01364255416419266
51740,PJM,2030,38066.930964584164,0.2618490625469501,0.14238539990828342,0.1687893260768859,0.1153519464419206,0.09305973647006421,0.027033453466362822
51750,PJM,2030,5359.690737330833,0.33282288389678494,0.2251572827625466,0.2672373069784559,0.19497165606929748,0.06558557691832906,0.030185626693249118
51760,PJM,2030,99595.73962371917,0.21901716946489008,0.10188617924181445,0.1439543462956156,0.05896972702323925,0.07506282316927448,0.0429164522185752
51770,PJM,2030,41987.42435299,0.18387292005390388,0.09978523614285419,0.1380688950559671,0.06505996120468081,0.04580402499793679,0.03472527493817337
51775,PJM,2030,9836.636384811667,0.08971471915975435,0.05231151929988231,0.06309000386909683,0.035706355490817986,0.02662471529065752,0.01660516380906432
51790,PJM,2030,10807.0713987,0.17768003191326967,0.08225732943388048,0.11868872150885965,0.06517234258700812,0.058991310404410024,0.01708498684687236
51800,PJM,2030,35643.85399555917,0.15365665537747958,0.07344157201391506,0.09342732127306518,0.045833988008803464,0.0602293341044144,0.027607584005111596
51810,PJM,2030,177294.6065238525,0.09283532166820678,0.05416108322262917,0.062370913868713566,0.03178218810002876,0.030464407799493214,0.022378895122600412
51820,PJM,2030,9214.857520541667,0.17985193129660895,0.10666775424820187,0.1523864375746518,0.06316587338644515,0.02746549372195714,0.043501880861756714
51830,PJM,2030,4737.210071578333,0.08121180956871113,0.03383551082348272,0.042230406002102074,0.014026932339072066,0.038981403566609056,0.01980857848441065
51840,PJM,2030,10772.8827765675,0.1000033392005182,0.052118856470845645,0.09144929939910969,0.03286339251915356,0.008554039801408508,0.019255463951692087
53025,CITY,2030,33395.2029098525,0.03800923944031036,0.029136185738559143,0.03547286572134696,0.020881680592691645,0.0025363737189633973,0.008254505145867497
53033,CITY,2030,912580.8553112857,0.02916746544383338,0.0029293978219777804,0.02916746544383338,0.0029293978219777804,0.0,0.0
55001,MISO,2030,9041.531678331667,0.23414260946518017,0.1031710350935942,0.2247310027926883,0.09357102406913291,0.009411606672491885,0.009600011024461286
55003,MISO,2030,6693.392502022501,0.17716890708062855,0.10561591396013185,0.1647811360858334,0.08815300312535244,0.012387770994795155,0.01746291083477941
55005,MISO,2030,18732.44472072,0.19771641449175875,0.08408709651381215,0.16321801541964726,0.06413411770365318,0.034498399072111496,0.019952978810158964
55007,MISO,2030,7432.693875579166,0.15761616166077436,0.07045442326824315,0.1383421047316052,0.06451788743005375,0.01927405692916917,0.0059365358381893996
55009,MISO,2030,106386.66578452082,0.05058727658362912,0.030138035346796047,0.04703373497940482,0.022160633374081126,0.003553541604224296,0.007977401972714921
55011,MISO,2030,5519.3363185641665,0.18673605477559577,0.10829636896732821,0.15815484447631628,0.0920851221185507,0.028581210299279486,0.016211246848777505
55013,MISO,2030,6929.077616925833,0.20317499941686715,0.09805923877447494,0.1690169673677172,0.08892422874196368,0.03415803204914994,0.009135010032511257
55015,MISO,2030,20197.3657959475,0.07242354416692448,0.028260266246676817,0.06863270813545731,0.02341955592891761,0.003790836031467168,0.004840710317759206
55017,MISO,2030,25997.082372176665,0.14363239971791344,0.05633405455217806,0.11258596511811586,0.03980107915529265,0.031046434599797584,0.016532975396885412
55019,MISO,2030,12423.100704460001,0.19407770257879986,0.08780179204080701,0.1552427678179638,0.06978832354902703,0.03883493476083605,0.018013468491779983
55021,MISO,2030,23384.644934854998,0.08535538540156629,0.043407982689117004,0.08391490632428403,0.04228626785987439,0.0014404790772822584,0.001121714829242615
55023,MISO,2030,6435.822690589167,0.154132324761761,0.09043827564880444,0.14328153449339098,0.07046290995914396,0.01085079026837002,0.019975365689660476
55025,MISO,2030,237670.85810985666,0.043034381996287424,0.009009741670741783,0.036093780622892035,0.005889588901918815,0.006940601373395389,0.003120152768822968
55027,MISO,2030,34832.67311111833,0.06953903048294931,0.0426794446126782,0.06583646857346723,0.04043281558566214,0.00370256190948208,0.002246629027016056
55029,MISO,2030,13529.68187288,0.13047698092395915,0.05717752804648874,0.10555753018894358,0.05455241743164178,0.024919450735015572,0.002625110614846965
55031,MISO,2030,18410.509316494165,0.10509118506695929,0.05222540171735421,0.08823809373484234,0.04535262093149227,0.016853091332116946,0.00687278078586194
55033,MISO,2030,16533.935842560833,0.15239614154905126,0.08228941645910832,0.13443030806389733,0.07164741564380735,0.01796583348515393,0.010642000815300978
55035,MISO,2030,41026.647419998335,0.08440020184557259,0.03879413411954419,0.06769586912361733,0.030360565328478993,0.016704332721955262,0.008433568791065195
55037,MISO,2030,2048.4226553541666,0.1540488935747854,0.08478650492581315,0.1518269133657191,0.07324591655494656,0.0022219802090663043,0.011540588370866592
55039,MISO,2030,41323.749355471664,0.06772050040592754,0.038402658697761015,0.059715703875982455,0.03515957588101296,0.00800479652994509,0.0032430828167480524
55041,MISO,2030,3650.6426816450003,0.1930614817142043,0.09941517239547039,0.182378179698345,0.08942611617165831,0.01068330201585932,0.009989056223812076
55043,MISO,2030,19341.494856175832,0.1313615235559417,0.058277339933910134,0.10684468601480124,0.048165495595903815,0.02451683754114045,0.01011184433800632
55045,MISO,2030,15207.788797207499,0.0740468831381616,0.0323470833945517,0.07183300610291622,0.030321949169209536,0.002213877035245379,0.0020251342253421664
55047,MISO,2030,7838.8248636275,0.11722098886449427,0.07040244974301524,0.11478968810684724,0.062432822836324765,0.002431300757647026,0.007969626906690473
55049,MISO,2030,9589.519922513335,0.10125961408735122,0.057719533103933,0.08919098308303701,0.05327344745631848,0.012068631004314212,0.00444608564761452
55051,MISO,2030,2902.885013735,0.1943933869644647,0.08831925608670974,0.1637006308367613,0.07238263544111845,0.03069275612770339,0.015936620645591287
55053,MISO,2030,7909.781121005,0.23888257157107312,0.13888266507351296,0.20096337475461418,0.1201459440364708,0.037919196816458944,0.01873672103704216
55055,MISO,2030,33322.00916161666,0.061761305733397116,0.037376949594363565,0.05702572027941132,0.03515169517947034,0.004735585453985794,0.002225254414893227
55057,MISO,2030,10395.987570584999,0.1813006120263127,0.0812080725139959,0.16103914767497735,0.078868793216586,0.020261464351335357,0.002339279297409888
55059,MISO,2030,64033.521431497495,0.06767123066692989,0.038065671690011,0.06613157680601474,0.03642361025641508,0.0015396538609151467,0.0016420614335959233
55061,MISO,2030,8064.565605010834,0.0956138723804989,0.0415137289961799,0.09339803078589437,0.0415137289961799,0.0022158415946045285,0.0
55063,MISO,2030,48211.34906561333,0.06479310356261501,0.03030014922631405,0.0432074077990437,0.022699780547188696,0.021585695763571312,0.007600368679125353
55065,MISO,2030,6536.249962886666,0.1946155339935485,0.08289645077221602,0.1858242635447019,0.07329833492017782,0.008791270448846589,0.009598115852038208
55067,MISO,2030,8076.2150365649995,0.1591232137621596,0.08102160737269191,0.15534516181432814,0.07820017203487165,0.0037780519478314567,0.002821435337820269
55069,MISO,2030,11798.605530907498,0.12236671810131437,0.054213085942606445,0.10080470405897081,0.049780154776462346,0.021562014042343564,0.0044329311661440995
55071,MISO,2030,33766.7590197175,0.08895300392666455,0.040977455350453586,0.08490006596781516,0.04069806867332265,0.004052937958849395,0.0002793866771309342
55073,MISO,2030,54721.32047213,0.07958107687459025,0.04480925086661911,0.07658595591605134,0.03828201990036504,0.002995120958538905,0.006527230966254072
55075,MISO,2030,18099.252043031665,0.13260872518204764,0.07080460829600363,0.12076176193276313,0.0683540526216375,0.011846963249284512,0.0024505556743661255
55077,MISO,2030,6752.968778093334,0.17489692323874528,0.07521546988702019,0.16620343051342537,0.0702109935260013,0.008693492725319912,0.005004476361018889
55078,MISO,2030,1276.6230045666666,0.22921158601633665,0.11180402589051608,0.22636053252966631,0.10629211043740609,0.002851053486670335,0.005511915453109986
55079,MISO,2030,384825.1751244275,0.11673040035136008,0.0637736474686195,0.10390020399122876,0.04397666998690967,0.012830196360131316,0.019796977481709825
55081,MISO,2030,17710.193055913333,0.11904370667260392,0.062200062520334325,0.10438157081327,0.048869575803561584,0.014662135859333916,0.013330486716772741
55083,MISO,2030,16080.728289741666,0.11721174139922073,0.059509588163655244,0.11051328441886234,0.057116755226404935,0.006698456980358397,0.0023928329372503096
55085,MISO,2030,15858.853859720833,0.11032347000800002,0.051531403994657006,0.09622565171444844,0.051531403994657006,0.014097818293551584,0.0
55087,MISO,2030,74698.14707240416,0.0515707016511543,0.016570162480227496,0.04431391691492011,0.01585477840318736,0.007256784736234194,0.0007153840770401376
55089,MISO,2030,36635.504094388336,0.05126798908066703,0.02084717663250753,0.03827549433162084,0.020266227372326338,0.012992494749046186,0.0005809492601811933
55091,MISO,2030,3022.8151432216664,0.14926397592161544,0.07045674173876604,0.13583119804118438,0.06051131367510157,0.013432777880431068,0.009945428063664469
55093,MISO,2030,15523.289282843334,0.09461245852690521,0.0363095052687781,0.06696911882424303,0.03446093033154608,0.02764333970266218,0.0018485749372320198
55095,MISO,2030,18234.2732177725,0.12891212946501804,0.056301615318072894,0.096237879948858,0.046609378564096984,0.032674249516160034,0.00969223675397591
55097,MISO,2030,28774.55326925333,0.07190248513208934,0.03195376288210314,0.06313089241751663,0.029214130027950907,0.008771592714572715,0.0027396328541522304
55099,MISO,2030,6561.054796079166,0.19227187071856688,0.09304493531916247,0.17610502790859361,0.08621969942923201,0.01616684280997327,0.006825235889930462
55101,MISO,2030,75921.58150764916,0.08226748200427557,0.039592208359211005,0.06945591416524591,0.03364995262584557,0.012811567839029661,0.005942255733365438
55103,MISO,2030,7080.581791423333,0.196471921687411,0.08739926604424811,0.14542005501660227,0.0688148535889902,0.05105186667080874,0.01858441245525791
55105,MISO,2030,64199.0805461275,0.09069081577245736,0.04331379319583156,0.07801302556155439,0.04311833186066519,0.01267779021090297,0.00019546133516637476
55107,MISO,2030,6112.864945164166,0.21368453025232895,0.09111586639675744,0.1879262256408015,0.08461128199320564,0.02575830461152745,0.006504584403551797
55109,MISO,2030,34782.802242227495,0.06481438943993566,0.0271428227130828,0.0546106540321794,0.019688763423636013,0.010203735407756258,0.0074540592894467884
55111,MISO,2030,26365.950493061668,0.0827511702943343,0.048944787119107595,0.06547176487098127,0.03618968472741372,0.01727940542335303,0.012755102391693876
55113,MISO,2030,8031.799480254166,0.19553199266575014,0.09246065469646157,0.16971963130662754,0.08574480501678809,0.0258123613591226,0.00671584967967348
55115,MISO,2030,16369.697342675834,0.15532670818300978,0.07232183411022952,0.14827960602624443,0.060368382690887984,0.00704710215676535,0.011953451419341538
55117,MISO,2030,47419.373747415826,0.07112582426528008,0.027736596910912938,0.06149187642984366,0.024015521471581223,0.009633947835436418,0.003721075439331714
55119,MISO,2030,7620.995402823333,0.26463052007259574,0.1106931957378091,0.19680399501391774,0.09461904458760408,0.067826525058678,0.016074151150205024
55121,MISO,2030,12183.146334637499,0.1307263333868417,0.06370570517773888,0.10886363597466082,0.060131271000486125,0.021862697412180873,0.0035744341772527555
55123,MISO,2030,11814.648978430832,0.1733174648125374,0.09150216219671801,0.1585226115361137,0.0851032688538277,0.014794853276423714,0.006398893342890316
55125,MISO,2030,10406.0294350525,0.12365275443058638,0.07433686143720747,0.11014877090093654,0.07433521815913423,0.013503983529649835,1.643278073240606e-06
55127,MISO,2030,40610.23520634667,0.06976775859136632,0.02539328435914855,0.06500524624645447,0.025026255728945724,0.004762512344911846,0.00036702863020282583
55129,MISO,2030,7161.930192894166,0.21013582443689888,0.09613997305081547,0.18075387963909606,0.08745139162992892,0.029381944797802817,0.008688581420886549
55131,MISO,2030,54604.04755696084,0.05548872818808562,0.0250957486737076,0.05230324256532015,0.024800074954804404,0.003185485622765466,0.00029567371890319716
55133,MISO,2030,163567.09468500415,0.04333335336936601,0.031183912840300403,0.04203032002754105,0.026852750788028835,0.0013030333418249593,0.0043311620522715685
55135,MISO,2030,21854.204710461665,0.13243152608970846,0.07577528811361554,0.13046484219297413,0.07135578316420424,0.0019666838967343225,0.004419504949411304
55137,MISO,2030,10046.285865709167,0.1808534917423181,0.09250907369995112,0.1762949821559065,0.08576808550389012,0.004558509586411602,0.006740988196061004
55139,MISO,2030,69779.61963483167,0.05049074463486073,0.028669014599807453,0.04881796123202028,0.024190182923230143,0.0016727834028404526,0.004478831676577311
55141,MISO,2030,31352.904349871667,0.09265709716090118,0.04566454924422422,0.07680829340713663,0.030110842270386476,0.015848803753764545,0.015553706973837747
54001,PJM,2030,5664.600238941666,0.22486327699954584,0.12037868486136409,0.20409383591003405,0.10984085032708002,0.020769441089511786,0.010537834534284071
54003,PJM,2030,47407.1086198625,0.08701091641113949,0.04661552852256773,0.07580143553578927,0.039339097934396286,0.011209480875350217,0.0072764305881714425
54005,PJM,2030,7793.946163537501,0.24554088186189957,0.10684323449225303,0.153005949181406,0.07976335271973066,0.09253493268049356,0.027079881772522366
54007,PJM,2030,4456.646636991667,0.15750450770510852,0.09096926960861748,0.14727415099552288,0.06920070644281819,0.010230356709585636,0.021768563165799296
54009,PJM,2030,9324.98577585,0.16235979000768613,0.07414872895649433,0.0999408528086164,0.06975197517203477,0.06241893719906973,0.004396753784459556
54011,PJM,2030,37850.83539883333,0.20704338882966594,0.12142633307011493,0.15430129949492083,0.09104233073980052,0.05274208933474511,0.030384002330314408
54013,PJM,2030,2390.5344339875,0.1822123705698987,0.08340827718033585,0.12754773258996183,0.06393831236273498,0.05466463797993687,0.01946996481760087
54015,PJM,2030,2798.6708101875,0.30954761127906993,0.14572785543363326,0.20924802829970293,0.12553914185955822,0.100299582979367,0.020188713574075035
54017,PJM,2030,2317.1860796916662,0.13154276068241316,0.04923078240052817,0.12357572228680741,0.03438455088658018,0.007967038395605752,0.01484623151394799
54019,PJM,2030,15595.554492675,0.30131458862836813,0.14761972294105655,0.22848057932194418,0.12615220867554908,0.07283400930642395,0.02146751426550747
54021,PJM,2030,2090.0772429833332,0.13701190075974476,0.07992448030846871,0.12515157547955716,0.05928897488885206,0.0118603252801876,0.020635505419616652
54023,PJM,2030,4067.8432781166666,0.17845205060323382,0.10539630001494626,0.1604026451195431,0.09083667376341885,0.018049405483690717,0.014559626251527416
54025,PJM,2030,14431.388297925,0.26323770401594365,0.11480106266964019,0.20086819938436792,0.09219588002721629,0.06236950463157573,0.022605182642423893
54027,PJM,2030,7941.182401270833,0.2061633364492842,0.11706076262810712,0.17891096050393798,0.08269782233960167,0.027252375945346213,0.03436294028850545
54029,PJM,2030,12543.1333672,0.13357853509120315,0.07548983603227084,0.11945557716508404,0.06914555955283132,0.014122957926119117,0.006344276479439526
54031,PJM,2030,5590.6749591875,0.15150101644923056,0.08299927011197057,0.12844567159386341,0.08226194357624955,0.023055344855367144,0.0007373265357210196
54033,PJM,2030,25345.271370065,0.11676981084791899,0.08543373685426225,0.10909041262429021,0.07222374169468754,0.007679398223628772,0.013209995159574717
54035,PJM,2030,10903.992229366668,0.21489290539097033,0.11280048263423424,0.1502170549372543,0.08498087104206613,0.06467585045371604,0.027819611592168114
54037,PJM,2030,21210.483391213333,0.09565291076835164,0.03696690731220279,0.08785997887497446,0.024801515876244608,0.007792931893377181,0.012165391435958184
54039,PJM,2030,76215.42144532083,0.21848959858226982,0.08975284199842169,0.12828132366543846,0.08528843945191814,0.09020827491683137,0.004464402546503557
54041,PJM,2030,6668.754188283332,0.17503022957058023,0.08704819543779978,0.14145896362146038,0.08426109811043758,0.033571265949119855,0.002787097327362195
54043,PJM,2030,7483.027618075,0.30730591834519566,0.14188026760748296,0.2158839107312525,0.12412692175754363,0.09142200761394317,0.01775334584993933
54045,PJM,2030,11977.786093437498,0.3328468461529916,0.14080043245316454,0.18849838464788202,0.12773846805225694,0.14434846150510958,0.013061964400907594
54047,PJM,2030,5918.683558466666,0.4547754559457006,0.22921631530941858,0.3000051822217779,0.2071986700185581,0.1547702737239227,0.022017645290860477
54049,PJM,2030,22711.828154225,0.09246694378097994,0.0582573351643145,0.07683630400643757,0.05464030519903985,0.015630639774542376,0.0036170299652746526
54051,PJM,2030,11793.3110316375,0.2790404096149807,0.11743635748911174,0.16944384432123322,0.10230847507652562,0.1095965652937475,0.015127882412586127
54053,PJM,2030,9940.0680051,0.2598733992052481,0.12989067159802706,0.19108664797368166,0.10027910562720263,0.06878675123156644,0.029611565970824427
54055,PJM,2030,23821.579945925,0.26189470040992757,0.10347596931733592,0.1793885263893957,0.08760058087349795,0.08250617402053187,0.01587538844383797
54057,PJM,2030,10223.784925470834,0.15245918387231236,0.09313885938768222,0.12849925474945031,0.07852366825029121,0.023959929122862045,0.014615191137391015
54059,PJM,2030,8784.743335254167,0.3788100665729793,0.20172304262826385,0.24406952033861548,0.1713537532992834,0.1347405462343638,0.030369289328980448
54061,PJM,2030,43293.28153737416,0.10493352688815079,0.0438658384352058,0.09125198195220044,0.03326962482873721,0.013681544935950349,0.01059621360646859
54063,PJM,2030,4528.599276391666,0.2576286670552526,0.13913487387198126,0.22816911410923296,0.11256256960511275,0.02945955294601965,0.026572304266868504
54065,PJM,2030,6923.024825049999,0.14522176295801054,0.07274279653181745,0.1394107059736512,0.06935009977446757,0.005811056984359325,0.003392696757349878
54067,PJM,2030,9387.969754716667,0.229591280975626,0.12223709696818261,0.16425118849182294,0.09732586861668853,0.06534009248380307,0.024911228351494077
54069,PJM,2030,16929.741576009168,0.21353490498015318,0.0829604876514255,0.1288062259818249,0.06839724592080643,0.08472867899832828,0.01456324173061907
54071,PJM,2030,2314.684700433333,0.1647054683478608,0.0892656703735149,0.13422084149308586,0.08272224133521096,0.030484626854774932,0.006543429038303947
54073,PJM,2030,2651.3623402666667,0.09927111219177777,0.042265352085145744,0.06436122069211547,0.04029881365382157,0.034909891499662296,0.0019665384313241746
54075,PJM,2030,2849.8247515666662,0.2977790566435052,0.13998484009172513,0.27007159838432926,0.13093299059116006,0.02770745825917592,0.009051849500565062
54077,PJM,2030,12275.9808574125,0.1982584034240661,0.12133697795620593,0.17639797068862725,0.1065090464060286,0.021860432735438834,0.014827931550177337
54079,PJM,2030,21961.971986682503,0.12699431070873687,0.07254508818877706,0.08681236859275615,0.05207918691227869,0.04018194211598072,0.020465901276498367
54081,PJM,2030,28850.486562554164,0.2909074380000211,0.14841941373195147,0.18096494360894824,0.14110211556681404,0.10994249439107287,0.007317298165137431
54083,PJM,2030,10110.549346737502,0.18014433686206052,0.10402174055435515,0.16259115535650426,0.09567177149805042,0.017553181505556265,0.008349969056304724
54085,PJM,2030,3209.6026172,0.1401527398145925,0.055885226039232225,0.12399344911910463,0.0386470275459038,0.01615929069548787,0.017238198493328423
54087,PJM,2030,5395.543520345833,0.20604752669098583,0.12755603721165432,0.16956899064940867,0.10406198919060497,0.036478536041577164,0.023494048021049346
54089,PJM,2030,4735.803687308334,0.29553088728563914,0.14087434440563137,0.22146299275856127,0.10526695986737791,0.07406789452707788,0.03560738453825346
54091,PJM,2030,6501.4538977708335,0.15865898793248032,0.0801840555380098,0.1264394725824616,0.07098803426490663,0.03221951535001871,0.009196021273103164
54093,PJM,2030,2794.437782308333,0.17200218844305834,0.07812689472775584,0.1343295236960889,0.07382856336892415,0.03767266474696945,0.004298331358831689
54095,PJM,2030,2908.4020658625,0.13296721397779498,0.08742337532789872,0.12170485913342804,0.084973721587233,0.01126235484436694,0.0024496537406657193
54097,PJM,2030,9351.106407758332,0.16767051287276796,0.11003521763527827,0.15047161523306568,0.09457005976761146,0.017198897639702282,0.015465157867666807
54099,PJM,2030,14611.889310808332,0.290263132717392,0.14443940113244066,0.18557942872806293,0.11929518731781097,0.10468370398932908,0.025144213814629696
54101,PJM,2030,2871.9898857041667,0.3139165173190656,0.15271884668126554,0.26494649004225174,0.13377328288563986,0.04897002727681388,0.018945563795625675
54103,PJM,2030,5684.012100529168,0.172615285964467,0.10792316320990776,0.11909053284729657,0.09093363190841569,0.05352475311717045,0.01698953130149207
54105,PJM,2030,2076.7978979833333,0.14983177492723812,0.07987398542057422,0.13628469730324144,0.058496723108991525,0.013547077623996678,0.021377262311582698
54107,PJM,2030,34818.539696006665,0.11328989663943521,0.06119128781874284,0.10168152377819897,0.05431280424099911,0.01160837286123624,0.0068784835777437325
54109,PJM,2030,7352.608123954167,0.31081988453417886,0.1529425867149854,0.19004451528025024,0.12149697685704765,0.12077536925392862,0.03144560985793775
