county_fips,iso,year,total_units_counted,share_bench_gt6,share_bench_gt10,share_dc_gt6,share_dc_gt10,share_diff_gt6,share_diff_gt10
01089,CITY,2027,158041.78312081832,0.10515775684476229,0.06392557976745061,0.09729124391460518,0.052972128978575214,0.00786651293015711,0.010953450788875399
05001,MISO,2027,6459.491017858333,0.2533448293630799,0.1117660367995525,0.20587603385443173,0.1073218044683002,0.04746879550864816,0.00444423233125231
05003,MISO,2027,7050.319913174999,0.336215347111346,0.16350123136434397,0.3098964716569737,0.15116926029543404,0.02631887545437228,0.01233197106890993
05005,MISO,2027,18670.85956237083,0.2362299761521141,0.07602571477761264,0.19870816247607168,0.06913839583105144,0.03752181367604243,0.006887318946561194
05009,MISO,2027,14760.545961116666,0.18169631515426043,0.08007816870936703,0.17096860585997264,0.0758417384847403,0.01072770929428779,0.004236430224626733
05011,MISO,2027,3464.6187361875,0.3278720670190333,0.18065787846050987,0.31249964345636433,0.1533657436940301,0.015372423562668991,0.027292134766479764
05013,MISO,2027,1469.333236083333,0.23761699207117912,0.11665605975145316,0.19826930396610024,0.1016656760772371,0.03934768810507888,0.014990383674216054
05017,MISO,2027,3894.1840080541665,0.41491855179305265,0.24412013581462744,0.3744974557572015,0.22955350124728005,0.040421096035851145,0.014566634567347386
05019,MISO,2027,7735.691436825,0.20228603332523712,0.09524344400889538,0.18299526247404332,0.09183637329342347,0.019290770851193795,0.003407070715471916
05021,MISO,2027,5960.521219045833,0.3309421104897558,0.1389817414559838,0.29913809697872273,0.11744726259924815,0.03180401351103307,0.02153447885673565
05023,MISO,2027,10473.382977425,0.23847152064907404,0.09737009751909165,0.2133278066925343,0.09454479350187185,0.02514371395653975,0.0028253040172197957
05025,MISO,2027,2684.024265520833,0.3277844425461801,0.13814718153378858,0.2848424544428046,0.12866896219005866,0.04294198810337552,0.009478219343729916
05027,MISO,2027,7669.765738129166,0.2547099706400576,0.13195558121670875,0.21358971184491365,0.11161524959763378,0.04112025879514397,0.020340331619074975
05029,MISO,2027,8218.630946899999,0.19526894421574362,0.09835339470132744,0.16501148031776133,0.08325532058451797,0.030257463897982284,0.015098074116809468
05031,MISO,2027,41845.58747212916,0.15816912461449226,0.07750604071152443,0.13415289873099412,0.07142859810037577,0.024016225883498138,0.006077442611148662
05035,MISO,2027,18346.199880426666,0.2444052168615397,0.10558486960343114,0.2131964674029742,0.10451159057407707,0.0312087494585655,0.0010732790293540712
05037,MISO,2027,6454.8330351125005,0.26835239700081726,0.12654439171819679,0.24209354359805385,0.1149457326234933,0.026258853402763405,0.011598659094703492
05039,MISO,2027,2207.299146370833,0.2768283637288839,0.12362323548342598,0.24314135027637762,0.11905044500819956,0.0336870134525063,0.004572790475226421
05041,MISO,2027,4388.7474376166665,0.3407397973221633,0.170258950718207,0.32104475033754126,0.1656329101002582,0.019695046984622044,0.004626040617948801
05043,MISO,2027,6673.7223832624995,0.29622635420572613,0.14429970696254657,0.29296205286162624,0.1407571536772226,0.0032643013440998847,0.0035425532853239627
05045,MISO,2027,46761.21858657584,0.1417216939469009,0.09410536879995439,0.13032229794758035,0.08382540857800241,0.01139939599932055,0.010279960221951975
05049,MISO,2027,4729.7905249791675,0.35113014564103023,0.16523103677939496,0.3121969282478256,0.12556814494586577,0.038933217393204655,0.039662891833529196
05051,MISO,2027,42042.13965917917,0.172023763472299,0.07818840356451258,0.14592085467084215,0.07555971326631625,0.026102908801456853,0.0026286902981963317
05053,MISO,2027,6674.6441586125,0.14077161334175464,0.08642431621576967,0.1338633694769733,0.08326970274879844,0.006908243864781338,0.003154613466971226
05055,MISO,2027,17315.1632092875,0.2074481476810929,0.08696713960973769,0.18425381037685376,0.07721774375741026,0.023194337304239143,0.009749395852327425
05059,MISO,2027,11744.49658625,0.2053868556315193,0.10521342818034034,0.18956643944675655,0.09556471607531607,0.015820416184762737,0.00964871210502427
05063,MISO,2027,14030.427683962498,0.23906771483172362,0.10879512757290846,0.1969707891715888,0.10640285726124153,0.042096925660134815,0.0023922703116669303
05065,MISO,2027,4783.789584029167,0.30869683620286015,0.15573902412269175,0.28943766299700846,0.13997900723025417,0.019259173205851687,0.015760016892437584
05067,MISO,2027,6006.0821724874995,0.34266424354979425,0.1425236321941029,0.3319974695125019,0.13537067107701575,0.010666774037292326,0.007152961117087159
05069,MISO,2027,23635.280538966665,0.27753018837657006,0.1266310388689461,0.25035131272959277,0.10193592100565778,0.027178875646977296,0.024695117863288332
05075,MISO,2027,6212.944492291666,0.29324261562727283,0.1189625501859335,0.2491801554647876,0.09631584611919534,0.04406246016248522,0.02264670406673816
05077,MISO,2027,2500.593965225,0.448554481053028,0.24209640673798674,0.4162248109446067,0.24063561141763515,0.03232967010842125,0.0014607953203515933
05079,MISO,2027,3321.279749145833,0.326732764773604,0.11983117862495296,0.28610647607754686,0.1114085235352913,0.04062628869605717,0.008422655089661654
05085,MISO,2027,27230.276562455838,0.14785928921545563,0.08216669476106411,0.09884531879064343,0.07759056136878925,0.0490139704248122,0.0045761333922748615
05089,MISO,2027,7014.390231924999,0.2757832572964009,0.1239987726516373,0.24737772063005561,0.11262807165335376,0.028405536666345294,0.01137070099828355
05093,MISO,2027,14643.747071570833,0.36247518872582146,0.21300631097360487,0.3504141053353515,0.18598570880979765,0.012061083390469962,0.027020602163807222
05095,MISO,2027,2752.2094874666664,0.331648208034608,0.17589975468816732,0.32016439467249636,0.1647268575598054,0.011483813362111628,0.01117289712836192
05097,MISO,2027,3494.1762848749995,0.3369325271429315,0.145966187399275,0.3091984567977085,0.13619554634305592,0.02773407034522296,0.009770641056219082
05099,MISO,2027,3078.3910972916665,0.5951902878407189,0.3080488503356398,0.537895891706808,0.2702980423844533,0.05729439613391096,0.03775080795118646
05103,MISO,2027,8188.612995804167,0.2332393305917986,0.11846542975099214,0.21935747777375572,0.1115395170409813,0.013881852818042884,0.006925912710010834
05105,MISO,2027,3751.442242175,0.18640721035164623,0.11901158885126531,0.16850917498359047,0.10962130733838524,0.01789803536805576,0.009390281512880072
05107,MISO,2027,6046.003242866667,0.41441406282632315,0.20337754183047999,0.38699655815981826,0.19947782989703844,0.02741750466650489,0.0038997119334415464
05109,MISO,2027,3927.9709829208336,0.2742525148630181,0.14460726440014576,0.24910948056908147,0.1382810837885664,0.025143034293936634,0.006326180611579357
05111,MISO,2027,8989.969893104168,0.31215531806156593,0.15786282636138327,0.2817272625533015,0.1538999957699638,0.03042805550826444,0.0039628305914194695
05115,MISO,2027,23288.075404625,0.1475257923164127,0.06441045483491385,0.1297474385424418,0.05800349408661598,0.017778353773970884,0.006406960748297871
05117,MISO,2027,3271.3852229500003,0.21772297665219134,0.10475416544752719,0.20806108870563392,0.09909347608722587,0.009661887946557424,0.005660689360301327
05119,MISO,2027,165203.6804400733,0.1585736677128558,0.10532255008549865,0.14186545313726545,0.0874724421390858,0.016708214575590352,0.017850107946412855
05121,MISO,2027,7016.4738577125,0.28769652651777605,0.08321332930700662,0.26356395550341327,0.07964687995878302,0.02413257101436278,0.003566449348223602
05123,MISO,2027,7819.575499487501,0.31716445245547065,0.16526829671376664,0.28599539133399754,0.15023352869265874,0.031169061121473107,0.015034768021107897
05125,MISO,2027,47351.23121746917,0.1152094371348128,0.05708947348066762,0.08123748144235193,0.05501892358902096,0.033971955692460865,0.002070549891646657
05129,MISO,2027,2915.542182875,0.2951572649121325,0.12285850779452001,0.2503804654386179,0.11254704605425876,0.044776799473514595,0.010311461740261249
05135,MISO,2027,6794.768088345833,0.2964869306364271,0.1437219415718484,0.2812882380818873,0.11111051980185567,0.015198692554539817,0.032611421769992724
05137,MISO,2027,4707.7088945333335,0.3825549026290616,0.17902020801444993,0.3493380726232276,0.1642513578283074,0.03321683000583403,0.014768850186142518
05139,MISO,2027,14633.797777129166,0.2636583522763029,0.12879653840866592,0.2333303325318685,0.1249355013110959,0.030328019744434415,0.0038610370975700192
05141,MISO,2027,6721.658807479167,0.27659811201756873,0.1292093687220167,0.23725296237895105,0.11833628259390523,0.03934514963861768,0.010873086128111456
05145,MISO,2027,28255.80070574167,0.20189816643616712,0.08596309617829831,0.15987166366510847,0.07661095783473204,0.042026502771058655,0.009352138343566269
05147,MISO,2027,2580.8743789666664,0.30358102316582614,0.1269217279224257,0.2680641293221329,0.10666992380481231,0.03551689384369322,0.02025180411761339
05149,MISO,2027,7513.4095315333325,0.1539703037508874,0.07763491518146041,0.11900127051972786,0.062203947214444014,0.034969033231159546,0.015430967967016401
04013,CITY,2027,1662605.5743934107,0.08802266195754281,0.054933398541867746,0.08735899381475683,0.050700713484819554,0.0006636681427859836,0.0042326850570481925
06001,CAISO,2027,586197.7406258592,0.05037664875288011,0.005026630661569143,0.04073634431111468,0.004242465494864095,0.009640304441765425,0.0007841651667050481
06005,CAISO,2027,15407.1254360475,0.14737730366836738,0.07472265845265562,0.11539387998049302,0.07426505857810851,0.03198342368787435,0.0004575998745471044
06007,CAISO,2027,81633.20338762252,0.14656191308725364,0.07635607436052705,0.12565636706648758,0.06852283204556697,0.020905546020766053,0.007833242314960076
06009,CAISO,2027,16757.213450531664,0.16108782927943716,0.0846536801922752,0.15302797516037134,0.07850274714458942,0.008059854119065818,0.006150933047685783
06011,CAISO,2027,7150.191002635,0.10992818826639353,0.0633581203826888,0.09468334441096415,0.05182875168604092,0.015244843855429374,0.011529368696647883
06013,CAISO,2027,408579.85062627494,0.06903485701248939,0.01904850826477671,0.060270725773947535,0.012547511211050438,0.008764131238541854,0.006500997053726271
06017,CAISO,2027,73033.55126193333,0.08787095715648555,0.054085900523647916,0.08291325427908135,0.049982759031250115,0.004957702877404199,0.004103141492397801
06019,CAISO,2027,315159.76795971167,0.1483305550977433,0.09014103697311325,0.1270370061799225,0.07196339679136472,0.021293548917820787,0.018177640181748528
06021,CAISO,2027,9416.891284420833,0.12691998222401424,0.07076070898116446,0.11774272972592706,0.06622157814065564,0.00917725249808718,0.004539130840508818
06023,CAISO,2027,52952.84376251249,0.14045568531252645,0.0738373360303294,0.11991731676389654,0.07143505229172896,0.020538368548629907,0.002402283738600436
06027,CAISO,2027,7326.757354973333,0.20542972965341386,0.11908778386574657,0.18730582241055097,0.1112682082348193,0.01812390724286289,0.007819575630927278
06029,CAISO,2027,275292.02611788665,0.16207341070220904,0.1195796017373771,0.15048600677415325,0.1100161947592901,0.011587403928055795,0.009563406978086997
06031,CAISO,2027,42520.36034568334,0.12085709626786358,0.06725262924175744,0.0951043849059564,0.06375049060938141,0.025752711361907182,0.0035021386323760284
06033,CAISO,2027,25597.30602067333,0.21563309889653934,0.10935423061415593,0.1928844654035703,0.08409262619481749,0.022748633492969045,0.025261604419338446
06037,CAISO,2027,3363982.2006075103,0.08245967743907748,0.03756199389645076,0.06909577285860101,0.017197444458150635,0.013363904580476468,0.020364549438300128
06039,CAISO,2027,42316.030875575,0.1389981549778738,0.08291944399217367,0.11077892537516104,0.06845262286178377,0.028219229602712753,0.014466821130389898
06041,CAISO,2027,140776.1263676975,0.05417762040581386,0.008069780440608436,0.05078232551976983,0.00438834027146349,0.00339529488604403,0.0036814401691449457
06043,CAISO,2027,7333.61498464,0.19689289240664729,0.0864844716576888,0.17109681427891252,0.0800049026088146,0.025796078127734767,0.006479569048874201
06045,CAISO,2027,33273.861457286665,0.17925294089771207,0.07787496506488432,0.14851065183467566,0.07141390904725599,0.030742289063036415,0.006461056017628336
06047,CAISO,2027,81462.55258348917,0.1301868921961307,0.07759754368474739,0.09922651139143343,0.0667872622951589,0.030960380804697263,0.010810281389588491
06051,CAISO,2027,4861.880706630834,0.1305565287587102,0.06528414025299134,0.11744569592577014,0.06386463823211269,0.013110832832940067,0.001419502020878649
06053,CAISO,2027,129885.58964476583,0.0456125603329808,0.009922034296231876,0.030882566094261942,0.009541354465093072,0.014729994238718857,0.0003806798311388037
06055,CAISO,2027,48369.2942781575,0.061886743504203395,0.0268626931089713,0.05694467591268568,0.021454771473899563,0.004942067591517718,0.005407921635071738
06057,CAISO,2027,40054.44241428583,0.15971153172086652,0.07595569036789894,0.14130423739934572,0.05994277468130895,0.0184072943215208,0.01601291568658999
06059,CAISO,2027,1078133.9799292367,0.06324052174566246,0.014902607767864859,0.05353198684161431,0.012677977491754288,0.009708534904048147,0.00222463027611057
06061,CAISO,2027,150960.93213538418,0.0664597649514317,0.05357722619186107,0.058019996544812505,0.04729510308051307,0.008439768406619197,0.006282123111347994
06063,CAISO,2027,7820.0828480841665,0.258111210163031,0.1038460596254789,0.22051654775285484,0.09207074634751372,0.03759466241017617,0.011775313277965174
06065,CAISO,2027,747430.95336431,0.12001908142994827,0.07514344132121614,0.10381530793087726,0.07167795779135826,0.01620377349907101,0.003465483529857885
06069,CAISO,2027,19439.482163785833,0.04241424682062759,0.015243971216409993,0.03410779681150761,0.012458362683026396,0.008306450009119982,0.002785608533383596
06071,CAISO,2027,656677.2199618391,0.12050146972907037,0.08677471165796097,0.11235386820263212,0.08128710734259009,0.008147601526438258,0.005487604315370875
06073,CAISO,2027,1151147.260543026,0.05535372557897429,0.017869150024289612,0.05329482303416117,0.017661744254686015,0.0020589025448131196,0.0002074057696035969
06075,CAISO,2027,459497.1048350375,0.011171843680874993,0.0018479592229527627,0.0036285885751233355,0.0009321157515318059,0.007543255105751657,0.0009158434714209568
06077,CAISO,2027,235130.40730529997,0.09309381168604433,0.06886355145466204,0.08633954271644759,0.059138450180988414,0.006754268969596744,0.009725101273673625
06079,CAISO,2027,106464.99714421,0.06590657262628091,0.016515488834857477,0.05397665851501433,0.010771153149800261,0.011929914111266586,0.0057443356850572155
06081,CAISO,2027,382661.7877212617,0.02056941301260392,0.002039587544868328,0.010666001978331032,0.0014719690323777357,0.009903411034272887,0.000567618512490592
06083,CAISO,2027,148875.68897707833,0.05543638077213103,0.01050169662507747,0.04533778479942115,0.008432682795912754,0.01009859597270988,0.002069013829164716
06085,CAISO,2027,782531.4141694943,0.03312549300649067,0.0040898123928438225,0.02275672789629529,0.0014732312961734072,0.01036876511019538,0.0026165810966704154
06087,CAISO,2027,101965.98027766668,0.06008809234384388,0.019101610954452185,0.04688186437970914,0.012475181239315222,0.013206227964134738,0.006626429715136963
06089,CAISO,2027,69760.9470298175,0.17734159593029583,0.08965136020446828,0.13873137813284767,0.0817000046335224,0.038610217797448165,0.007951355570945881
06095,CAISO,2027,153032.49048607083,0.07377050515712257,0.039249640463583216,0.06604058679204611,0.03118365160780043,0.0077299183650764575,0.008065988855782785
06097,CAISO,2027,187467.15669390082,0.06491345219622009,0.03697170458578161,0.06114013456162766,0.03115344991350162,0.0037733176345924324,0.0058182546722799905
06101,CAISO,2027,32149.185855298332,0.11649868489599459,0.0537465619241407,0.08521953079676962,0.047130789020051814,0.031279154099224965,0.006615772904088886
06103,CAISO,2027,24065.820242534166,0.1537955348019582,0.09723445346026673,0.14117693626412628,0.08575926201948583,0.012618598537831927,0.011475191440780894
06107,CAISO,2027,138863.07986697168,0.19418778510795173,0.1163947629769828,0.16664200526011982,0.10836394328302004,0.027545779847831908,0.008030819693962757
06109,CAISO,2027,22172.969592025,0.15511761844500052,0.07986965462008423,0.1355665673452603,0.0722597088612165,0.01955105109974023,0.0076099457588677255
06111,CAISO,2027,274917.98054455995,0.06329614056362602,0.027985007666882385,0.0572930068324397,0.017079815582944715,0.006003133731186321,0.01090519208393767
06113,CAISO,2027,74453.37871047584,0.10871069002354307,0.03721830519338281,0.08063967723128859,0.027422865495102856,0.028071012792254477,0.009795439698279954
06115,CAISO,2027,26616.08514604417,0.13599082358998324,0.06235200359089325,0.11854059159722419,0.050955550362117706,0.017450231992759052,0.011396453228775541
11001,PJM,2027,313307.97592506,0.13150447916690852,0.05231819692890314,0.1028790726452272,0.036599600666149146,0.02862540652168133,0.015718596262753994
12086,CITY,2027,950441.7853134791,0.13881325370268024,0.05119117946654597,0.13881325370268024,0.05119117946654597,0.0,0.0
13097,CITY,2027,49488.96469927333,0.09565434250788657,0.08091555914535964,0.0954299935026595,0.07556507035574021,0.00022434900522706747,0.005350488789619426
13121,CITY,2027,448290.8958891242,0.1212024076028379,0.06982573975823497,0.11543730096557854,0.0673448062326333,0.005765106637259362,0.002480933525601678
19001,MISO,2027,3192.1886761124997,0.36446753167386947,0.18798254837935066,0.3493191989875251,0.15955811552215293,0.015148332686344357,0.02842443285719773
19003,MISO,2027,1506.5505336749998,0.2512973988387557,0.13413078294851666,0.23822511114923536,0.1315212146695535,0.013072287689520318,0.0026095682789631647
19005,MISO,2027,5756.922564621667,0.3101956855858556,0.11195017536405252,0.22726289752390433,0.10338802254339192,0.08293278806195126,0.008562152820660598
19007,MISO,2027,4948.4480451375,0.3221558695098994,0.13195946677328857,0.310374836243193,0.13183184691262934,0.011781033266706376,0.0001276198606592338
19009,MISO,2027,2495.1470081083335,0.33516631651022016,0.15248907421228794,0.3286581167613092,0.15196766785996796,0.006508199748910981,0.0005214063523199808
19011,MISO,2027,9951.95766387,0.18184792065084496,0.08119863490983019,0.15557075485333285,0.08060419293839671,0.026277165797512103,0.0005944419714334764
19013,MISO,2027,52311.450991503334,0.09356103618713343,0.0610021642494677,0.09285162692211367,0.06075860556855729,0.0007094092650197642,0.00024355868091040928
19015,MISO,2027,10642.453409129168,0.11461972541542448,0.050668258785056805,0.09591113122267256,0.04686383541165788,0.01870859419275192,0.003804423373398924
19017,MISO,2027,9367.821028923332,0.14899048468180226,0.07268273313464321,0.13677032571688547,0.07264543481319564,0.012220158964916794,3.729832144756806e-05
19019,MISO,2027,7864.830278248332,0.16544248038155168,0.07176031690146448,0.14111475241402405,0.07176031690146448,0.024327727967527635,0.0
19021,MISO,2027,7353.454164331666,0.10144966641473616,0.04571058622677677,0.10144966641473616,0.045394248904476825,0.0,0.00031633732229994355
19023,MISO,2027,5730.949974016667,0.2013764069376102,0.09702068616679392,0.1940801406769993,0.09480438571790029,0.00729626626061089,0.002216300448893635
19025,MISO,2027,3808.955806745,0.226436414753361,0.09282750102373952,0.22303036050256267,0.08685191685978186,0.0034060542507983183,0.005975584163957659
19027,MISO,2027,8569.046708908332,0.18030444626924347,0.08455443836361567,0.16820197677453053,0.07240312305082224,0.012102469494712942,0.01215131531279344
19029,MISO,2027,5647.117060671666,0.31380867137955026,0.12029169277173396,0.30297508223275643,0.11542815960871976,0.010833589146793832,0.004863533163014203
19031,MISO,2027,7380.572937450001,0.14814094256891921,0.09168314382114333,0.1469195006585506,0.089475842673965,0.0012214419103686036,0.002207301147178334
19033,MISO,2027,18881.69574681917,0.1627715694719536,0.0662806887655113,0.16250079718176552,0.06612589864288727,0.0002707722901880705,0.00015479012262402392
19035,MISO,2027,5060.47461379,0.1471815152802796,0.07591087025905748,0.1436237638786742,0.0747403808381919,0.0035577514016053857,0.0011704894208655753
19037,MISO,2027,4853.718021243334,0.24839169436948452,0.10126665335668286,0.2201803813964816,0.09516375260643585,0.028211312973002917,0.006102900750247012
19039,MISO,2027,3683.5561754608334,0.26777114329015733,0.16083308535513677,0.2558298306437814,0.15663656649075444,0.011941312646375934,0.004196518864382326
19041,MISO,2027,6999.356107154166,0.2218100359974256,0.07396088410083013,0.20518786337556372,0.07387627631820927,0.016622172621861886,8.460778262085744e-05
19043,MISO,2027,7151.523380911667,0.2791542694300056,0.12491465791299038,0.22712613565063997,0.09582756154036426,0.05202813377936563,0.029087096372626117
19045,MISO,2027,18489.533118716667,0.1617146259080356,0.08515927294802461,0.15976503383179344,0.08465096806332818,0.0019495920762421515,0.0005083048846964283
19047,MISO,2027,5956.947536412499,0.2792082831620829,0.13396254004288086,0.2696915651679303,0.13179200984821338,0.009516717994152601,0.0021705301946674804
19049,MISO,2027,38727.0949427975,0.044860316363869335,0.019544532939849035,0.04385956018617052,0.01954008547224904,0.0010007561776988125,4.44746759999462e-06
19051,MISO,2027,3069.0700934375,0.20852961326249134,0.11300238490748218,0.19490404901332317,0.11294651277202113,0.013625564249168165,5.5872135461057515e-05
19053,MISO,2027,2982.9013591858334,0.31345644759108154,0.18235074368783816,0.30776943836506065,0.17981098957897246,0.005687009226020889,0.0025397541088656994
19055,MISO,2027,6926.360256900833,0.14229473513640123,0.07521996970090983,0.14229473513640123,0.07387667383724701,0.0,0.0013432958636628162
19057,MISO,2027,16503.344314200003,0.200404050752515,0.11085461712786687,0.1582405703282506,0.10929959243036245,0.042163480424264405,0.0015550246975044174
19059,MISO,2027,8076.162193749167,0.15485878915757328,0.05163508817027338,0.14745669479445245,0.051545772222587445,0.007402094363120837,8.93159476859362e-05
19061,MISO,2027,38674.36023221667,0.12001166276394208,0.06664027449775554,0.11636834434865884,0.06422255935077187,0.003643318415283245,0.002417715146983676
19063,MISO,2027,3723.5945551833333,0.27572448100697783,0.10162009269240546,0.2543864949572531,0.10062495502903074,0.021337986049724755,0.0009951376633747233
19065,MISO,2027,8063.283419083334,0.26585763233724574,0.1441170738522927,0.2653572425096414,0.1349190921932986,0.0005003898276043639,0.009197981658994103
19067,MISO,2027,6434.762384494999,0.19416152721875293,0.08204053760276195,0.1855694757759181,0.08157938319652978,0.008592051442834842,0.0004611544062321643
19069,MISO,2027,4011.243871820833,0.2805172745015355,0.12547757383460365,0.27952917011131284,0.12547757383460365,0.0009881043902226772,0.0
19071,MISO,2027,2689.836087641667,0.16729830290311298,0.07868505953916033,0.15832031889349757,0.056924063108090436,0.008977984009615414,0.021760996431069893
19073,MISO,2027,3807.4497336266663,0.2619414851895783,0.11902681567905984,0.25390116178238253,0.11733754558578395,0.008040323407195793,0.0016892700932758936
19075,MISO,2027,4983.103277999167,0.21261914963468606,0.07732477928921846,0.2061879286306666,0.06616941484501881,0.006431221004019466,0.01115536444419965
19077,MISO,2027,4468.077056948333,0.3233585725407004,0.1660918199502861,0.3093670970995038,0.16571309237275506,0.01399147544119661,0.00037872757753104613
19079,MISO,2027,5989.22493403,0.26118258950396456,0.09448173472243236,0.26036125160979895,0.08860962650797784,0.000821337894165608,0.0058721082144545245
19081,MISO,2027,4428.295769292499,0.21253444915454875,0.11462886152425329,0.21252135156508728,0.10607705650196808,1.3097589461469328e-05,0.008551805022285211
19083,MISO,2027,6926.159841225833,0.2652480172579322,0.11354340804083264,0.2589956723937683,0.11025981795560755,0.006252344864163872,0.0032835900852250938
19085,MISO,2027,5862.3108993000005,0.23199471931635862,0.09382860012462774,0.2287799682781204,0.09241026143996456,0.003214751038238234,0.0014183386846631785
19087,MISO,2027,7393.167746462499,0.21786909971437868,0.08403313816741148,0.21786909971437868,0.08295462405499797,0.0,0.0010785141124135117
19089,MISO,2027,3555.410977683334,0.24949887303642712,0.13978436945251085,0.2445337210795538,0.1367440838316598,0.0049651519568733316,0.003040285620851041
19091,MISO,2027,4164.4668065000005,0.1858993745617856,0.09235690649152972,0.18588654210667996,0.09235690649152972,1.2832455105638019e-05,0.0
19093,MISO,2027,2970.882855070833,0.15641883014033786,0.08624342323927064,0.15419388922183241,0.08367539872528552,0.002224940918505447,0.0025680245139851204
19095,MISO,2027,6514.240270395832,0.20081340588516727,0.0738142922368416,0.18870164545711066,0.0734050125834465,0.012111760428056617,0.0004092796533951004
19097,MISO,2027,7891.953624070833,0.16350467403989463,0.10819374197556357,0.16337309816956772,0.10145930421654913,0.00013157587032691653,0.006734437759014444
19099,MISO,2027,14288.030765910833,0.11197174711212526,0.0604966062051004,0.11193295309104932,0.05766640817693832,3.879402107594132e-05,0.002830198028162083
19101,MISO,2027,6579.557378854166,0.2607606452903658,0.13419563186565486,0.24543293195246701,0.1251564889478541,0.015327713337898785,0.009039142917800752
19103,MISO,2027,59600.63231272083,0.06905351142400126,0.018930225165511516,0.06535827891632544,0.01859520522989687,0.0036952325076758247,0.00033501993561464716
19105,MISO,2027,7732.309341340833,0.19060861334509915,0.0953331577955003,0.19013764632141883,0.09026554763077232,0.0004709670236803243,0.005067610164727981
19107,MISO,2027,4022.2128164391665,0.3254005066702803,0.14986832207459447,0.3253382472056286,0.14505047604032564,6.225946465171495e-05,0.0048178460342688245
19109,MISO,2027,6217.297858424166,0.2854299220663562,0.11840941734934457,0.2741130410487185,0.11709812421434486,0.011316881017637725,0.001311293134999711
19111,MISO,2027,13838.460774424999,0.15822325964730077,0.10463022564336916,0.15657129239379075,0.10301206455582598,0.0016519672535100227,0.001618161087543174
19113,MISO,2027,92132.6279741625,0.07807693710380191,0.0341131289556804,0.07516449226485826,0.033051096094812625,0.002912444838943651,0.0010620328608677773
19115,MISO,2027,4002.869632358333,0.21855850122005255,0.10946229655877772,0.21564972898428522,0.10906660080910953,0.0029087722357673262,0.0003956957496681901
19117,MISO,2027,3495.3714277283334,0.2880447626771027,0.13588474760235086,0.28607483800413547,0.1266410088863392,0.0019699246729672493,0.009243738716011668
19119,MISO,2027,4358.6488735933335,0.3270207565328011,0.12959063962391118,0.30519842294977534,0.12280916766576773,0.021822333583025766,0.006781471958143451
19121,MISO,2027,6330.657835554166,0.1407395524671158,0.06247611046575823,0.1365685283040813,0.05990983303240449,0.004171024163034498,0.0025662774333537405
19123,MISO,2027,8646.124434914167,0.15673986355484604,0.07992201950270218,0.15017112736664223,0.07515814791953676,0.006568736188203805,0.004763871583165422
19125,MISO,2027,12901.031590516666,0.13045167931193064,0.07095758091511181,0.12965515091589497,0.06900215017845579,0.0007965283960356673,0.001955430736656022
19127,MISO,2027,14703.392720484166,0.22332688515456267,0.08272633464092181,0.2162277571038024,0.08272633464092181,0.007099128050760267,0.0
19129,MISO,2027,5145.318319035,0.09170381528992765,0.03828541049985264,0.09170381528992765,0.03828541049985264,0.0,0.0
19131,MISO,2027,4418.491638785834,0.26799433565060593,0.12622244771821162,0.26778721039728043,0.12608715267889264,0.0002071252533255019,0.00013529503931897224
19133,MISO,2027,3772.80232529,0.19168470570618745,0.08566052725834017,0.19024614219767313,0.08277081867083944,0.0014385635085143178,0.0028897085875007333
19135,MISO,2027,2958.9371419,0.24223670716429963,0.12435431642313524,0.2323977028460218,0.1218514799805724,0.009839004318277833,0.002502836442562842
19137,MISO,2027,4378.322850708333,0.1523174772022066,0.1012974351449622,0.1423915132737351,0.09607222264387125,0.009925963928471504,0.005225212501090953
19139,MISO,2027,16598.72085411667,0.11784298122199657,0.060971963468939946,0.1044345665854473,0.05514046373853591,0.013408414636549279,0.00583149973040404
19141,MISO,2027,5471.7526595966665,0.1545045727380308,0.07709411334839612,0.1482728592269075,0.07545340135777133,0.00623171351112331,0.0016407119906247936
19143,MISO,2027,2571.9474435916663,0.3738687957099886,0.1264172423630936,0.3495582208697871,0.11471346233251724,0.024310574840201493,0.011703780030576358
19145,MISO,2027,5945.947354387499,0.16930959865077752,0.0854005446858924,0.16911909078340395,0.08150247956378916,0.00019050786737356828,0.0038980651221032364
19147,MISO,2027,3555.418396299167,0.1889991461800354,0.07776704578879835,0.1818772392511565,0.07711696753104044,0.007121906928878902,0.0006500782577579106
19149,MISO,2027,9826.32694981,0.10476074234244477,0.0552293851166663,0.10457005053974264,0.055223818438468075,0.0001906918027021337,5.566678198225261e-06
19151,MISO,2027,3056.4066516908333,0.2517935789489134,0.0927641521732668,0.2475865946660072,0.09261090031466977,0.004206984282906223,0.00015325185859703383
19153,MISO,2027,195895.70377844418,0.05376681071723426,0.020811389300745217,0.051121838157272746,0.014262864191430597,0.002644972559961517,0.006548525109314619
19155,MISO,2027,36287.03382602,0.1064443644231396,0.05975239638495635,0.10456185480457485,0.05402808095897667,0.0018825096185647594,0.005724315425979683
19157,MISO,2027,7416.943097704167,0.2303484126584453,0.11385970000910071,0.22188662936332648,0.1053968505139456,0.008461783295118819,0.00846284949515512
19159,MISO,2027,1808.17678674,0.2696337247001196,0.1349426714417564,0.2622559629074145,0.13466849042492463,0.0073777617927051065,0.00027418101683177043
19161,MISO,2027,4151.319331815001,0.1955416977643326,0.08585214539313976,0.1772217131816443,0.08585214539313976,0.018319984582688298,0.0
19163,MISO,2027,69410.50060869167,0.07704574115399782,0.03967575327414008,0.07370625610537718,0.03967575327414008,0.0033394850486206384,0.0
19165,MISO,2027,4879.281450329167,0.273966832894316,0.1332752281587412,0.26560588634266447,0.12737764740948446,0.008360946551651538,0.005897580749256753
19167,MISO,2027,12140.2536764675,0.14336667516611368,0.06713467538133189,0.13936781066209017,0.06676530176942026,0.003998864504023508,0.00036937361191162477
19169,MISO,2027,37117.20284699084,0.10961630911899888,0.07270520252508147,0.10914276319819076,0.06448770855719407,0.0004735459208081161,0.008217493967887401
19171,MISO,2027,6599.266129834166,0.27443189263096796,0.14588881680785618,0.2736348531037917,0.13943543373849204,0.0007970395271762465,0.0064533830693641325
19173,MISO,2027,2396.5139848,0.2723448189904063,0.11617450373230416,0.2710024846579536,0.11617450373230416,0.001342334332452677,0.0
19175,MISO,2027,4890.497120233333,0.2762389452445981,0.10308551916312074,0.26827059419419585,0.10286271318384883,0.007968351050402223,0.00022280597927190615
19177,MISO,2027,2746.4522525833336,0.3390442217794984,0.17450635001665338,0.3390442217794984,0.1736474801791089,0.0,0.0008588698375444903
19179,MISO,2027,13710.180649156666,0.22947444665424765,0.10999994200935397,0.22513358041723028,0.10603968601544966,0.004340866237017377,0.003960255993904302
19181,MISO,2027,19285.782274384997,0.09928546869627704,0.05514520308669103,0.09815751662824544,0.05190718224255125,0.0011279520680315958,0.00323802084413978
19183,MISO,2027,8717.926417358332,0.1261591892784757,0.06566576432825644,0.11548272381783499,0.062002406613237165,0.010676465460640702,0.003663357715019272
19185,MISO,2027,2494.207823693333,0.29402413289044654,0.12637286913335993,0.2879175549379941,0.12063027240561114,0.006106577952452452,0.005742596727748794
19187,MISO,2027,15140.735243213332,0.1484586543147482,0.07181466749326999,0.1484586543147482,0.07070540934099313,0.0,0.0011092581522768596
19189,MISO,2027,4435.345312133333,0.2563599510218139,0.12100877355593792,0.25252339658674366,0.12059135713856554,0.0038365544350702496,0.00041741641737237656
19191,MISO,2027,8069.707902095,0.2113135063957063,0.10294905264075978,0.18733601580073278,0.0690083521447859,0.023977490594973533,0.03394070049597388
19193,MISO,2027,38896.809651794174,0.09565389853359639,0.04918271091508635,0.09472473981277744,0.0455762790811104,0.0009291587208189456,0.003606431833975951
19195,MISO,2027,3150.8684884241666,0.22851187704523865,0.09058123648058303,0.22466938490024851,0.08878335757170062,0.003842492144990134,0.0017978789088824026
19197,MISO,2027,5300.012526961666,0.21448601960129338,0.07276440031694589,0.20874247052190076,0.0725235329617263,0.005743549079392618,0.00024086735521959557
17001,MISO,2027,26822.3870105325,0.16821182699076367,0.08303907272776995,0.16821182699076367,0.08303907272776995,0.0,0.0
17003,MISO,2027,1660.5668982308334,0.545336372696351,0.3695570293758162,0.545336372696351,0.3695570293758162,0.0,0.0
17005,MISO,2027,6107.751612714167,0.20798809636685367,0.09127712602503688,0.20798809636685367,0.09127712602503688,0.0,0.0
17007,PJM,2027,18281.08847431167,0.09050109969207552,0.05570915906007139,0.0791649290840613,0.051105222622336806,0.011336170608014229,0.004603936437734588
17009,MISO,2027,2014.51421517,0.19685946754159153,0.09038558197083812,0.19685946754159153,0.09038558197083812,0.0,0.0
17011,MISO,2027,13690.881273222501,0.22947232556434197,0.09913171872516098,0.22947232556434197,0.09913171872516098,0.0,0.0
17013,MISO,2027,1176.6411084316665,0.23596679827893707,0.1041927960798591,0.23596679827893707,0.1041927960798591,0.0,0.0
17015,PJM,2027,6165.398735520834,0.20801713591697238,0.09221207276160696,0.13955066856444778,0.08934036235319041,0.0684664673525246,0.00287171040841655
17017,MISO,2027,4911.1977952975,0.20450931956966553,0.11652295134185307,0.20450931956966553,0.11652295134185307,0.0,0.0
17019,MISO,2027,80560.12149991667,0.17875344849573907,0.1270382395093862,0.17875344849573907,0.1270382395093862,0.0,0.0
17021,MISO,2027,13278.740522779166,0.2439437463584365,0.10009767679044498,0.2439437463584365,0.10009767679044498,0.0,0.0
17023,MISO,2027,6302.749188533333,0.24204100481877605,0.08775828943311942,0.24204100481877605,0.08775828943311942,0.0,0.0
17025,MISO,2027,5374.900578375,0.39972259320491765,0.20856936174323162,0.39972259320491765,0.20856936174323162,0.0,0.0
17027,MISO,2027,14365.250226815831,0.1306656735376776,0.0635801056383072,0.1306656735376776,0.0635801056383072,0.0,0.0
17029,MISO,2027,19991.86584141,0.18972768587020583,0.08332464173409936,0.18972768587020583,0.08332464173409936,0.0,0.0
17031,PJM,2027,2061913.7111826267,0.12628111857383081,0.08379166767719508,0.12078983401377963,0.06910377972384177,0.005491284560051185,0.01468788795335331
17033,MISO,2027,7382.795641805833,0.23222832305260738,0.11432722347102794,0.23222832305260738,0.11432722347102794,0.0,0.0
17035,MISO,2027,4027.260827270834,0.17878773237779289,0.09064162396803158,0.17878773237779289,0.09064162396803158,0.0,0.0
17037,PJM,2027,38173.533714445,0.12479480118664447,0.08522023222716897,0.12158419538009785,0.08522023222716897,0.0032106058065466264,0.0
17039,MISO,2027,6590.045297108332,0.19682253384952383,0.08246293470549011,0.19682253384952383,0.08246293470549011,0.0,0.0
17041,MISO,2027,7443.014766884167,0.22243484284311085,0.0771730690114957,0.22243484284311085,0.0771730690114957,0.0,0.0
17043,PJM,2027,346636.3820633292,0.048539698748272214,0.03375706719342728,0.04606872077365353,0.030149177013072476,0.0024709779746186836,0.0036078901803548065
17045,MISO,2027,7450.795874725,0.23674602790359914,0.11404279998562727,0.23674602790359914,0.11404279998562727,0.0,0.0
17047,MISO,2027,2559.8595359366664,0.1947704600560821,0.09091785476223024,0.1947704600560821,0.09091785476223024,0.0,0.0
17049,MISO,2027,13902.61393332083,0.11418659526016961,0.06300623923502471,0.11418659526016961,0.06300623923502471,0.0,0.0
17051,MISO,2027,7576.6689064825,0.275022721271415,0.13077217312563785,0.275022721271415,0.13077217312563785,0.0,0.0
17053,MISO,2027,5555.675413168334,0.2358388485000513,0.10259633637594759,0.2358388485000513,0.10259633637594759,0.0,0.0
17055,MISO,2027,15858.620901304168,0.2392982442098994,0.14220685381693804,0.2392982442098994,0.14220685381693804,0.0,0.0
17057,MISO,2027,13840.230393375,0.2361290401549376,0.09662511080440359,0.2361290401549376,0.09662511080440359,0.0,0.0
17059,MISO,2027,2130.1405579616667,0.23506417915091596,0.15143373478462177,0.23506417915091596,0.15143373478462177,0.0,0.0
17061,MISO,2027,4471.39687964,0.30559586475860184,0.13720750898528933,0.30559586475860184,0.13720750898528933,0.0,0.0
17063,PJM,2027,19886.960108770832,0.06364315164899419,0.034736056671560836,0.06012283125695043,0.030036229859311547,0.003520320392043759,0.004699826812249289
17065,MISO,2027,3182.7426590333334,0.2852832344630319,0.11370300076137674,0.2852832344630319,0.11370300076137674,0.0,0.0
17067,MISO,2027,7414.223594595833,0.26424603843748334,0.09666299753286144,0.26424603843748334,0.09666299753286144,0.0,0.0
17069,MISO,2027,1470.2696296333334,0.1704492717020651,0.07805501943564382,0.1704492717020651,0.07805501943564382,0.0,0.0
17071,MISO,2027,2708.118064745833,0.24135805255645126,0.0600545513077291,0.24135805255645126,0.0600545513077291,0.0,0.0
17073,MISO,2027,19956.843237517496,0.16172209354721956,0.08562182520827492,0.12123002581399013,0.08547096502642311,0.04049206773322943,0.00015086018185181405
17075,MISO,2027,11094.799559195,0.2526066938870276,0.10222620495338557,0.2526066938870276,0.10222620495338557,0.0,0.0
17077,MISO,2027,22722.225898830002,0.22056287504340522,0.10411463131839624,0.22056287504340522,0.10411463131839624,0.0,0.0
17079,MISO,2027,3593.4476463216665,0.21325104997941882,0.09954569321618721,0.21325104997941882,0.09954569321618721,0.0,0.0
17081,MISO,2027,14594.887241395001,0.2304065060759078,0.09906568887990508,0.2304065060759078,0.09906568887990508,0.0,0.0
17083,MISO,2027,7687.279900851667,0.17557953435329765,0.09499991511636754,0.17557953435329765,0.09499991511636754,0.0,0.0
17085,PJM,2027,9865.557352065,0.17468330433430732,0.06899534795999383,0.12863277626624647,0.06816918864371753,0.04605052806806084,0.0008261593162763037
17087,MISO,2027,4071.420646796667,0.13441031997735098,0.08433089085955126,0.13441031997735098,0.08433089085955126,0.0,0.0
17089,PJM,2027,180280.96191613498,0.0754701409124533,0.04338534769718787,0.07492550786973075,0.03553118609788735,0.0005446330427225504,0.007854161599300517
17091,PJM,2027,39542.58158577417,0.15197388920389698,0.09932160788100723,0.14530727772318616,0.09538765566220142,0.006666611480710821,0.003933952218805811
17093,PJM,2027,43071.48295960833,0.06942002600171265,0.029302180360074835,0.0666583347195353,0.02833541647968908,0.0027616912821773476,0.0009667638803857563
17095,MISO,2027,20418.920608480003,0.24913280367971657,0.11774025844685918,0.24913280367971657,0.11774025844685918,0.0,0.0
17097,PJM,2027,252830.35704764916,0.07960790996785214,0.05104094479263004,0.07634515596763582,0.04883931336764351,0.0032627540002163197,0.0022016314249865346
17099,PJM,2027,44124.492720480834,0.12804323183518213,0.08154569329775455,0.11821275165981843,0.07802451243151236,0.009830480175363698,0.003521180866242188
17101,MISO,2027,5329.157866826667,0.20566533950422167,0.08944395659093171,0.20566533950422167,0.08944395659093171,0.0,0.0
17103,PJM,2027,13493.193607267498,0.20572093002615213,0.09635592626317911,0.1550329838416927,0.09507977403404888,0.05068794618445943,0.0012761522291302313
17105,PJM,2027,14471.009260992498,0.1728051779902939,0.07595683257642942,0.1584238434120292,0.07005024548529487,0.01438133457826471,0.005906587091134549
17107,MISO,2027,10976.580139691667,0.146344831073918,0.08877351786097425,0.146344831073918,0.08877351786097425,0.0,0.0
17109,MISO,2027,11274.753214779166,0.30491867584385113,0.14382116753705168,0.30491867584385113,0.14382116753705168,0.0,0.0
17111,PJM,2027,114060.28730408667,0.06058093761771478,0.044045341854323336,0.05860616210300973,0.040364567652161926,0.0019747755147050475,0.0036807742021614104
17113,MISO,2027,66825.56237275168,0.13549614559348688,0.09420962747770385,0.13549614559348688,0.09420962747770385,0.0,0.0
17115,MISO,2027,42283.16534315833,0.1677251181003219,0.09937787155313836,0.1677251181003219,0.09937787155313836,0.0,0.0
17117,MISO,2027,17314.7359936875,0.22513284697315925,0.09673830464509116,0.22513284697315925,0.09673830464509116,0.0,0.0
17119,MISO,2027,107600.06819375584,0.12329769939005691,0.08992128822702565,0.12329769939005691,0.08992128822702565,0.0,0.0
17121,MISO,2027,15084.621377220832,0.20250115673184707,0.10760536138952487,0.20250115673184707,0.10760536138952487,0.0,0.0
17123,MISO,2027,4914.7000300875,0.18955084842246506,0.1314656862035376,0.18955084842246506,0.1314656862035376,0.0,0.0
17125,MISO,2027,5664.325459991667,0.22672271939217914,0.10037613214981171,0.22672271939217914,0.10037613214981171,0.0,0.0
17127,MISO,2027,5326.249361768333,0.2794416146266424,0.10629716769626259,0.2794416146266424,0.10629716769626259,0.0,0.0
17129,MISO,2027,5033.684507850834,0.1330420547350572,0.05965595627516669,0.1330420547350572,0.05965595627516669,0.0,0.0
17131,MISO,2027,6365.181087763333,0.13356029846885784,0.0683590497990419,0.1300042476399431,0.06802071315624941,0.0035560508289147474,0.00033833664279248055
17133,MISO,2027,13421.574100064165,0.09462272459971208,0.053923962310168966,0.09462272459971208,0.053923962310168966,0.0,0.0
17135,MISO,2027,11133.625784646667,0.27442214992134856,0.1270206833476947,0.27442214992134856,0.1270206833476947,0.0,0.0
17137,MISO,2027,13078.547721016668,0.19108072097402065,0.09111158894284606,0.19108072097402065,0.09111158894284606,0.0,0.0
17139,MISO,2027,5678.895158770833,0.18677743254809104,0.09077833882317145,0.18677743254809104,0.09077833882317145,0.0,0.0
17141,PJM,2027,20199.999757489168,0.12473525654932266,0.07317646502332105,0.10854173621225477,0.07176947810131398,0.01619352033706789,0.0014069869220070669
17143,MISO,2027,75047.67113840417,0.142237910775699,0.11119717186588661,0.142237910775699,0.11119717186588661,0.0,0.0
17145,MISO,2027,8073.546717079166,0.24392168494783356,0.09691265497126306,0.24392168494783356,0.09691265497126306,0.0,0.0
17147,MISO,2027,6674.663314891667,0.12575030250250502,0.07752026704961443,0.12575030250250502,0.07752026704961443,0.0,0.0
17149,MISO,2027,5626.690490049999,0.33150408961792005,0.1699658812949034,0.33150408961792005,0.1699658812949034,0.0,0.0
17151,MISO,2027,1307.4352865583335,0.25856257948010536,0.19120010665413534,0.25856257948010536,0.19120010665413534,0.0,0.0
17153,MISO,2027,1861.3923274833332,0.39415176661885243,0.17944899825154717,0.39415176661885243,0.17944899825154717,0.0,0.0
17155,MISO,2027,2368.8935387541665,0.1104666877854389,0.05693864846219982,0.1104666877854389,0.05693864846219982,0.0,0.0
17157,MISO,2027,11507.196893771667,0.20730958563211804,0.0824661537324055,0.20730958563211804,0.0824661537324055,0.0,0.0
17159,MISO,2027,6398.037132719166,0.2317588836201355,0.10365822646085039,0.2317588836201355,0.10365822646085039,0.0,0.0
17161,MISO,2027,59800.418968787504,0.09527947180000376,0.05303209640422583,0.09408356845439911,0.05303209640422583,0.0011959033456046542,0.0
17163,MISO,2027,99332.56845519916,0.19803028225357683,0.10401197876494882,0.19803028225357683,0.10401197876494882,0.0,0.0
17165,MISO,2027,10040.235713340833,0.20603695241433714,0.12579953859998153,0.20603695241433714,0.12579953859998153,0.0,0.0
17167,MISO,2027,82857.68274026582,0.14265635597106985,0.10106367835102296,0.14265635597106985,0.10106367835102296,0.0,0.0
17169,MISO,2027,2666.1755106083333,0.18874390860188126,0.1143934529209134,0.18874390860188126,0.1143934529209134,0.0,0.0
17171,MISO,2027,1924.2264134375,0.30883526454753946,0.13902271967419333,0.30883526454753946,0.13902271967419333,0.0,0.0
17173,MISO,2027,8659.403996709167,0.2134487694821827,0.09302742978513738,0.2134487694821827,0.09302742978513738,0.0,0.0
17175,MISO,2027,2311.3504983775,0.21300228655091308,0.12192930105054611,0.21300228655091308,0.12192930105054611,0.0,0.0
17177,PJM,2027,18878.466850854165,0.20174597732333027,0.1024014983661592,0.15331770830500688,0.09821491541297707,0.048428269018323394,0.004186582953182125
17179,MISO,2027,52811.993328945835,0.0917908434580844,0.06770014878461385,0.0917908434580844,0.06770014878461385,0.0,0.0
17181,MISO,2027,6690.624029808333,0.32088213683856265,0.1162914474940672,0.32088213683856265,0.1162914474940672,0.0,0.0
17183,MISO,2027,29598.197123142505,0.18725717313920673,0.09723225875751516,0.18725717313920673,0.09723225875751516,0.0,0.0
17185,MISO,2027,4676.778898763334,0.2095137202988361,0.10310837202770279,0.2095137202988361,0.10310837202770279,0.0,0.0
17187,MISO,2027,6756.7494031108345,0.17432227334027595,0.08153676960941492,0.17432227334027595,0.08153676960941492,0.0,0.0
17189,MISO,2027,5698.072004243333,0.17915356344212424,0.08402825952885587,0.17915356344212424,0.08402825952885587,0.0,0.0
17191,MISO,2027,6717.640932045833,0.313786261045445,0.13811888259967353,0.313786261045445,0.13811888259967353,0.0,0.0
17193,MISO,2027,5602.319347495833,0.31936782262595403,0.14178363669237276,0.31936782262595403,0.14178363669237276,0.0,0.0
17195,MISO,2027,22825.037960458336,0.22892429404087802,0.09137385702397989,0.20909601551943402,0.09046160443381675,0.019828278521444004,0.0009122525901631429
17197,PJM,2027,237303.76448483331,0.06709978241899185,0.05433760350543922,0.06469023584216173,0.053496173827897106,0.002409546576830124,0.0008414296775421173
17199,MISO,2027,28170.239563674168,0.16265388087694993,0.08776581560526849,0.16265388087694993,0.08776581560526849,0.0,0.0
17201,PJM,2027,113627.18732917416,0.16478746423761145,0.09736501744732051,0.1380658901537852,0.09603611287322512,0.02672157408382625,0.001328904574095388
17203,MISO,2027,14497.905692679999,0.13603759909824736,0.06852462292673993,0.13603759909824736,0.06852462292673993,0.0,0.0
18001,PJM,2027,12064.162854345834,0.1330259974841706,0.05020240092838232,0.07889892304590798,0.04657556056732581,0.05412707443826262,0.0036268403610565034
18003,PJM,2027,150575.29323068084,0.10619335316496153,0.0753924434559188,0.08361289985555335,0.03931065756616826,0.02258045330940818,0.03608178588975055
18005,MISO,2027,32032.9380042125,0.12746459299283514,0.07771216031899117,0.10426558087321809,0.07771216031899117,0.023199012119617043,0.0
18007,MISO,2027,3348.658924879167,0.2690071488090828,0.11023508541780994,0.2608087669680127,0.10886692300729156,0.00819838184107008,0.0013681624105183754
18009,PJM,2027,4858.7458247375,0.2182560065190538,0.14542360290422077,0.1767296018264257,0.1182534211588869,0.04152640469262811,0.027170181745333866
18011,MISO,2027,26441.131442360835,0.09303854189885925,0.043768110547995676,0.0837579697673959,0.04374105131133278,0.009280572131463355,2.705923666289356e-05
18013,MISO,2027,6389.133802711666,0.14395788793930633,0.07727665890517399,0.13822020720349595,0.0728180820652415,0.00573768073581038,0.00445857683993249
18015,MISO,2027,7810.796181008333,0.12779818414260172,0.05342563348381503,0.11249973573093919,0.05335368237181446,0.01529844841166253,7.19511120005692e-05
18017,MISO,2027,14725.671740562499,0.12946193087202498,0.07626686532731082,0.11658349766020626,0.07626686532731082,0.012878433211818724,0.0
18019,MISO,2027,46483.18936268167,0.09832224911746028,0.05500132618591123,0.09569099309170959,0.054895064114230646,0.0026312560257506917,0.00010626207168058094
18021,MISO,2027,10247.153466958334,0.1869718679522753,0.07450904175480565,0.17888391980805102,0.06889761024258997,0.008087948144224283,0.005611431512215673
18023,MISO,2027,12248.051301119165,0.1042807627606681,0.04410726774938502,0.0842668057466027,0.0438264312378915,0.0200139570140654,0.00028083651149352074
18025,MISO,2027,4212.3228507525,0.2613652986077478,0.14081670362882293,0.22126295237598728,0.12023243615978416,0.04010234623176054,0.02058426746903877
18027,MISO,2027,11306.198297789168,0.21530707575995497,0.0666133558944039,0.19122118742294286,0.06591512891671056,0.024085888337012112,0.0006982269776933392
18029,MISO,2027,19437.27076599667,0.20866318214541946,0.07868436667930752,0.2059698079831245,0.0776885843890356,0.0026933741622949536,0.0009957822902719182
18031,MISO,2027,9851.131472270834,0.1553581620352903,0.06158962505850171,0.14872467953671226,0.05934219205425043,0.006633482498578036,0.00224743300425128
18033,PJM,2027,16752.970829214166,0.08763460144990094,0.04834262537798434,0.07718861799394999,0.03466166166644238,0.01044598345595095,0.013680963711541962
18035,PJM,2027,44944.26829246583,0.18209557492190334,0.10021721278235578,0.1419906088598647,0.07656027511100866,0.040104966062038644,0.02365693767134712
18037,MISO,2027,17161.470756575,0.11123217757018183,0.06629027782321482,0.09806454563523112,0.06430148267511111,0.013167631934950713,0.0019887951481037114
18039,MISO,2027,70088.42852258167,0.09260066100584047,0.07444917994157642,0.08866376491326938,0.07194293927242794,0.003936896092571085,0.0025062406691484795
18041,MISO,2027,9479.0942160625,0.24459078610463936,0.1154479878898257,0.19597273294826223,0.1104008034330454,0.04861805315637713,0.005047184456780304
18043,MISO,2027,30394.90303189417,0.11247527918681062,0.05273339660769588,0.10987384891596237,0.05155437363261365,0.0026014302708482484,0.001179022975082232
18045,MISO,2027,6710.113991055833,0.2296393914832296,0.10537210655449356,0.2217627411300538,0.10537210655449356,0.007876650353175807,0.0
18047,MISO,2027,8778.965683028333,0.16335932085588928,0.07222702084720672,0.15590257912511568,0.06517397972190632,0.007456741730773597,0.007053041125300405
18049,MISO,2027,7529.580916141666,0.24274514946177442,0.092549490127478,0.2331169397818592,0.09151935556624297,0.009628209679915206,0.0010301345612350327
18051,MISO,2027,12701.527738012499,0.16903594524128424,0.0722669862915743,0.15260671943756582,0.07070085231459865,0.016429225803718417,0.0015661339769756505
18053,PJM,2027,26249.913848633332,0.2138905911547966,0.1159297137355216,0.14381990198683595,0.10042738712834866,0.07007068916796066,0.015502326607172948
18055,MISO,2027,12370.641132700834,0.22052153820329717,0.09393562225740751,0.20508043017144298,0.09383713382928721,0.015441108031854195,9.84884281202969e-05
18057,MISO,2027,128813.5997337125,0.04862370530670197,0.032926467931152,0.04744434848399552,0.03206588431333139,0.001179356822706451,0.0008605836178206053
18059,MISO,2027,30706.08130827917,0.0584288927485055,0.04111613513470134,0.05831311841819259,0.03931659188599636,0.00011577433031290801,0.0017995432487049809
18061,MISO,2027,14510.867182948334,0.10831269961994958,0.05661631485369823,0.10282802752191057,0.05425784960358446,0.0054846720980390035,0.002358465250113774
18063,MISO,2027,63085.435009508335,0.06262356004535048,0.03625040884353077,0.05878648558323124,0.028885762631136833,0.0038370744621192415,0.007364646212393938
18065,MISO,2027,18122.983159875,0.2036318247135527,0.08705072131633074,0.19605802730177238,0.08684829410502098,0.007573797411780325,0.0002024272113097525
18067,MISO,2027,34237.438920358334,0.12275998311441974,0.07071712760540771,0.11224195306379281,0.06383948914827176,0.01051803005062693,0.0068776384571359594
18069,MISO,2027,14831.038097421668,0.16949912237787718,0.05732035340198411,0.15354131567747198,0.05732035340198411,0.015957806700405197,0.0
18071,MISO,2027,17263.168160066663,0.1670897162599495,0.08832357561702114,0.14619500624488815,0.08438000110226435,0.020894710015061352,0.003943574514756798
18073,MISO,2027,12247.333503781667,0.18038952982564135,0.10041606535566239,0.17093145137172872,0.08554106098903179,0.009458078453912638,0.014875004366630598
18075,PJM,2027,7854.248365906667,0.3007977730123779,0.11028087331710941,0.18365891296198092,0.09072989801735215,0.117138860050397,0.01955097529975726
18077,MISO,2027,12434.4861421875,0.19181254241744727,0.0693444300035205,0.19064543131538386,0.06910710275194866,0.0011671111020634117,0.0002373272515718422
18079,MISO,2027,10233.564243744167,0.17246594873992716,0.07748590352172807,0.17246594873992716,0.07748590352172807,0.0,0.0
18081,MISO,2027,58950.08059936083,0.07074161288483828,0.04396026262209665,0.06297753293128809,0.04396026262209665,0.00776407995355019,0.0
18083,MISO,2027,14658.6915587875,0.17224976511674775,0.0768672599068841,0.1554425823076422,0.07685549000691441,0.016807182809105536,1.17698999696908e-05
18085,MISO,2027,30455.066074058333,0.0972894906031365,0.05115882764330886,0.08993768645664285,0.05115882764330886,0.007351804146493654,0.0
18087,MISO,2027,12495.096932287499,0.09790016357341857,0.048257012142317604,0.09500341497412296,0.048257012142317604,0.0028967485992956177,0.0
18089,MISO,2027,190073.95527551667,0.1441563938746676,0.09814006954343521,0.14093239512383013,0.09543210528473962,0.0032239987508374812,0.002707964258695586
18091,MISO,2027,41944.053696351664,0.09760672450400128,0.06194963874931445,0.09140163333577518,0.06194963874931445,0.006205091168226096,0.0
18093,MISO,2027,18563.8514339875,0.21243467783225609,0.07917927555012791,0.18797043043263756,0.07265666866874303,0.024464247399618527,0.006522606881384882
18095,MISO,2027,50680.391666468335,0.18918760620368175,0.07977539480839625,0.15988997618188056,0.0784722240985489,0.02929763002180119,0.0013031707098473538
18097,MISO,2027,390003.18406776746,0.13800523980849794,0.10714575130819276,0.13467393202103145,0.10340852630710984,0.0033313077874664865,0.003737225001082922
18099,MISO,2027,16546.954554620832,0.21582286585072652,0.09407375294342613,0.20953348682724507,0.08621690174335471,0.006289379023481451,0.007856851200071416
18101,MISO,2027,3845.340132666667,0.2054431418442954,0.07227382875159857,0.17967406286329446,0.0716865753874597,0.025769078981000948,0.0005872533641388678
18103,MISO,2027,12799.7333866,0.14855391393137315,0.10123305217876824,0.13943944449533005,0.09951204146858464,0.009114469436043104,0.0017210107101836014
18105,MISO,2027,56310.05220479584,0.17621470958752852,0.11411290696526352,0.16944820516088402,0.11282724131294446,0.006766504426644504,0.0012856656523190652
18107,MISO,2027,15113.623129614165,0.13202653881881862,0.060292916201122045,0.10469319766182326,0.050389746824852984,0.02733334115699536,0.009903169376269061
18109,MISO,2027,26635.664693646668,0.10636056906659727,0.07139008306421447,0.10129395276264885,0.06884015248124685,0.005066616303948418,0.0025499305829676244
18111,MISO,2027,5340.259438659166,0.23749343987429425,0.11072247823134357,0.22590544114236916,0.10756303974766389,0.011587998731925092,0.00315943848367968
18113,PJM,2027,17375.174113298333,0.08578802380523076,0.04182107680327355,0.06942276012883,0.03511040079855028,0.01636526367640076,0.006710676004723269
18115,MISO,2027,2476.125442108333,0.20626537860165536,0.09902217203687451,0.20592127487188855,0.09667125580258087,0.0003441037297668148,0.0023509162342936346
18117,MISO,2027,7814.180188525001,0.2154712532348178,0.1115100518848513,0.2063851658893921,0.10886884340205898,0.009086087345425709,0.002641208482792326
18119,MISO,2027,8298.568918558332,0.22376864189616205,0.10011291940293518,0.21496892483651028,0.10011140612996929,0.008799717059651768,1.513272965894541e-06
18121,MISO,2027,5525.7190609625,0.2113045763261779,0.08847997081273462,0.19931583124567892,0.08773935914665992,0.011988745080498991,0.0007406116660746975
18123,MISO,2027,7452.150763513333,0.3176107599397422,0.16298118180100524,0.2891484687944135,0.15240592916744938,0.028462291145328666,0.010575252633555854
18125,MISO,2027,4959.2239898875,0.16942831138954614,0.07438663821794195,0.15342536014048716,0.07007481481567782,0.016002951249058983,0.004311823402264131
18127,MISO,2027,66843.00570510249,0.07106738868664775,0.05269095816778646,0.0707313256147321,0.052523834340860553,0.00033606307191565155,0.00016712382692590788
18129,MISO,2027,9979.379038614168,0.1100006341676254,0.0714964503284781,0.10635172540729403,0.06587518473841086,0.0036489087603313736,0.0056212655900672315
18131,MISO,2027,4695.670588962501,0.31474658308261977,0.13428190222208156,0.3066363049268897,0.1174786385234313,0.008110278155730066,0.01680326369865026
18133,MISO,2027,13348.007685399167,0.13426184556943294,0.07690906998412478,0.13223456998398359,0.07220353740537862,0.0020272755854493507,0.0047055325787461605
18135,PJM,2027,10010.771171316666,0.21667621224484976,0.10003991945140833,0.1633979731089681,0.0896018218780433,0.05327823913588167,0.01043809757336503
18137,MISO,2027,10858.689773408334,0.17801255668466098,0.07801016263339496,0.1743426786282475,0.07616908673775999,0.0036698780564134725,0.0018410758956349665
18139,MISO,2027,6574.217830666667,0.16614160088596255,0.08085120416463279,0.15455260601629595,0.07810240767994626,0.011588994869666608,0.002748796484686525
18141,PJM,2027,106127.94588372999,0.10004592315865926,0.08323866933435385,0.09078674380078716,0.07737980378644677,0.0092591793578721,0.005858865547907086
18143,MISO,2027,9366.735802039168,0.30497636645279025,0.14192922130422592,0.30421435526847634,0.1299252537729555,0.0007620111843139044,0.01200396753127042
18145,MISO,2027,17569.4329209025,0.15949446789066063,0.07310203983895525,0.1565656384000715,0.07266882858881042,0.002928829490589119,0.0004332112501448243
18147,MISO,2027,7745.402981591667,0.11082014671272504,0.06287757820713843,0.10500626313952376,0.05762060808874193,0.005813883573201284,0.005256970118396508
18149,MISO,2027,8434.391590066667,0.12804880541525385,0.09504149758935533,0.1266507293503419,0.0946620718932839,0.001398076064911935,0.0003794256960714254
18151,MISO,2027,13597.80539329,0.1429691698115974,0.06881347271610008,0.12053236970311194,0.06329057335786552,0.022436800108485463,0.005522899358234565
18153,MISO,2027,7445.5872843625,0.20008625681086506,0.09671544601658057,0.17007398068746463,0.09671544601658057,0.030012276123400433,0.0
18155,MISO,2027,3678.234477366667,0.16970463725150792,0.0838071549840923,0.16639593006901213,0.08303882957759913,0.0033087071824957903,0.0007683254064931727
18157,MISO,2027,72001.39653594917,0.15811362823732564,0.10235620536354753,0.15397969564656838,0.09985951256800925,0.0041339325907572555,0.002496692795538283
18159,MISO,2027,5936.952196755834,0.17090820541070234,0.05924149418599933,0.17043087226184941,0.058225802062584826,0.00047733314885292644,0.0010156921234145064
18161,MISO,2027,2855.617117870833,0.14765942337631205,0.061598144003628216,0.1421842170620084,0.059439034539250694,0.005475206314303649,0.002159109464377522
18163,MISO,2027,75781.092209295,0.1833631212272539,0.0718783518625757,0.16316111808318262,0.0697578238150756,0.02020200314407128,0.0021205280475000976
18165,MISO,2027,6397.796363745833,0.21025350638451581,0.11154909682495567,0.18626494269801194,0.1022385155370171,0.023988563686503872,0.009310581287938574
18167,MISO,2027,41401.204050897504,0.195997993441226,0.11132792973143214,0.19301119754700563,0.09926444892816856,0.0029867958942203787,0.012063480803263582
18169,MISO,2027,12312.629839320833,0.17686300099497018,0.08996482863562107,0.17508842630945315,0.0886076450328432,0.001774574685517033,0.0013571836027778672
18171,MISO,2027,3233.3598344066663,0.23021351201953683,0.10277527079330263,0.2236542785633699,0.09752598173896064,0.006559233456166935,0.0052492890543419934
18173,MISO,2027,24081.581261166666,0.07136308589653398,0.04641189543592508,0.06577101976137428,0.04356639400240832,0.005592066135159696,0.0028455014335167644
18175,MISO,2027,10716.238118070833,0.19332948607245315,0.07920902756967736,0.18783248542484113,0.07493400013045438,0.0054970006476120215,0.004275027439222978
18177,MISO,2027,26649.330911242498,0.19041507611247727,0.10893259254776733,0.17365487603543742,0.10349626811577009,0.01676020007703985,0.005436324431997236
18179,PJM,2027,10814.555437131667,0.10615075379506084,0.05501103746906525,0.08465907061204454,0.048991407531421415,0.021491683183016294,0.006019629937643836
18181,MISO,2027,9718.088419041667,0.12363447001443827,0.060724920397105,0.11843481962484553,0.05420201177334802,0.005199650389592733,0.0065229086237569844
18183,PJM,2027,13470.611549026667,0.09438139963896919,0.05287285016901327,0.0737016352907083,0.044937161153637856,0.02067976434826088,0.007935689015375412
21001,PJM,2027,6719.996593766667,0.14924564498618414,0.09564517676001327,0.12464504136769762,0.07745001761723685,0.024600603618486525,0.018195159142776418
21005,PJM,2027,9021.093088383333,0.09741323707488957,0.04235216226830179,0.07851448023018148,0.035988661113740376,0.018898756844708084,0.006363501154561413
21009,PJM,2027,17407.093875666666,0.19191956072259958,0.08802597196165517,0.1662675871269842,0.07947946021333482,0.025651973595615385,0.008546511748320343
21011,PJM,2027,4759.348223170833,0.2160408128387877,0.08496941559620591,0.1669256109820587,0.06807795632202543,0.04911520185672902,0.01689145927418048
21015,PJM,2027,48267.626115080835,0.0374896859469324,0.01812484030129246,0.029804801166038394,0.015456382910005421,0.007684884780894009,0.0026684573912870383
21017,PJM,2027,7840.4438576708335,0.16256982408969364,0.12065642836293398,0.1512450527952561,0.09513515009573097,0.011324771294437541,0.025521278267203018
21019,PJM,2027,18144.680229775,0.249538625636629,0.09245146711406856,0.1831217117479637,0.07826332672489737,0.0664169138886653,0.014188140389171183
21021,PJM,2027,11342.695052545834,0.17111284618613412,0.10168298153888027,0.11441263103703246,0.09558842545192239,0.05670021514910166,0.006094556086957872
21023,PJM,2027,3066.7403727941664,0.17216601133859252,0.08470027004329246,0.1475978219481903,0.04762815301357002,0.02456818939040223,0.03707211702972244
21025,PJM,2027,5258.062579345833,0.3514938614171906,0.18686181588004966,0.2610138002904383,0.1617766509053852,0.09048006112675228,0.025085164974664453
21029,PJM,2027,30497.8248441325,0.07931405636175093,0.053202397526245164,0.06354470010739739,0.033640035815233435,0.015769356254353536,0.01956236171101173
21037,PJM,2027,37818.431530366666,0.11041118401051385,0.0689912454984628,0.10918886724028463,0.06295632544345188,0.0012223167702292148,0.0060349200550109255
21041,PJM,2027,3871.7255337208335,0.1934060960231259,0.0988069121047748,0.17399820574705915,0.07145613117750031,0.019407890276066736,0.027350780927274485
21043,PJM,2027,9434.651924462501,0.35357252663104594,0.1626447652408496,0.28250634791456253,0.1532715278663959,0.07106617871648341,0.009373237374453697
21045,PJM,2027,5876.762157945834,0.1972136895249605,0.1357465408298367,0.1542317462543838,0.10930800972149662,0.042981943270576695,0.026438531108340074
21049,PJM,2027,14427.592676434168,0.12671056283782348,0.07745107801555598,0.11158440307604095,0.06836701264471,0.015126159761782526,0.009084065370845981
21051,PJM,2027,6789.596523095833,0.3412992832178234,0.2150014748380401,0.26144489607605975,0.17960432135734752,0.07985438714176363,0.035397153480692584
21053,PJM,2027,3588.0956469124994,0.18021775166740306,0.11909730879718315,0.15681738206101253,0.08140228133424933,0.023400369606390525,0.03769502746293382
21063,PJM,2027,2095.0077117375,0.3156042408080864,0.17357328834448524,0.2746980461379999,0.151416449245946,0.04090619467008649,0.022156839098539244
21065,PJM,2027,5421.782523666667,0.305027742049042,0.17019392234418793,0.24384463150722915,0.13124731639495807,0.06118311054181283,0.03894660594922986
21067,PJM,2027,134865.24657096583,0.10922193510512591,0.04618169696011599,0.08484952840892,0.03847569192392255,0.02437240669620591,0.007706005036193439
21069,PJM,2027,5660.835739425,0.2373700357020642,0.08424492146677401,0.14411229017122676,0.07117938590726443,0.09325774553083743,0.01306553555950958
21071,PJM,2027,14003.588588229166,0.3792897690118677,0.1995632887284116,0.286421144360614,0.17907512048967675,0.09286862465125367,0.02048816823873484
21073,PJM,2027,21916.23096850417,0.11059936839121283,0.050134190919651496,0.08061700426447715,0.04030173127510702,0.029982364126735675,0.009832459644544475
21077,PJM,2027,3067.5448566749997,0.15033215352983878,0.07672386491090258,0.1138571215592834,0.05001113518068879,0.03647503197055538,0.02671272973021379
21079,PJM,2027,6302.209717404166,0.1259329575187057,0.07708166689655287,0.09331255095668632,0.062117129495559274,0.03262040656201938,0.014964537400993592
21081,PJM,2027,8661.789302204166,0.1654862422846714,0.09845557482462902,0.14800925901442744,0.08219520115997607,0.017476983270243968,0.016260373664652952
21087,PJM,2027,4310.6458820749995,0.18354288680632286,0.10119440029986605,0.1431169170337182,0.08514167551073909,0.04042596977260465,0.016052724789126963
21089,PJM,2027,14206.5848341,0.25619173587885774,0.10660901047317856,0.175638253647344,0.09751516998738732,0.08055348223151373,0.009093840485791232
21093,PJM,2027,41960.43985528583,0.08491202064465496,0.05289526872912187,0.07664581591814182,0.046950259964906656,0.00826620472651314,0.005945008764215214
21097,PJM,2027,7023.788876795832,0.22275742133312604,0.1541713821311959,0.19617680672767462,0.14195462588370297,0.026580614605451414,0.012216756247492938
21099,PJM,2027,7031.387800541666,0.2170807215153526,0.13196796776249736,0.1817964669218444,0.11728271238986022,0.0352842545935082,0.014685255372637138
21103,PJM,2027,5827.137300858333,0.1615022326173855,0.11591472621736688,0.1413768038885323,0.10208080850993173,0.0201254287288532,0.013833917707435153
21109,PJM,2027,4952.208809825,0.3118359895240843,0.18148971846331083,0.24018766497405963,0.1360840595758619,0.07164832455002468,0.045405658887448935
21111,PJM,2027,325392.4317025325,0.11565455045396836,0.0712818746258642,0.08848994741919675,0.05885449274745978,0.02716460303477161,0.01242738187840442
21113,PJM,2027,18842.44632072,0.1162525020408089,0.07888007534079787,0.0970015679967801,0.06475523428495968,0.019250934044028806,0.014124841055838194
21115,PJM,2027,8227.108196329167,0.3136894943917234,0.14830829147975486,0.20333258786439684,0.12907538918145997,0.11035690652732655,0.019232902298294885
21117,PJM,2027,66237.62728063832,0.08505341681109871,0.05277129220735348,0.08323227093899618,0.04987278186841022,0.0018211458721025253,0.0028985103389432623
21119,PJM,2027,5425.947719604167,0.3699132034433652,0.17177422465664557,0.28276247373385305,0.14663858705354627,0.08715072970951215,0.02513563760309931
21121,PJM,2027,10900.856105929168,0.37537705415588046,0.21569188217285612,0.2815497915558036,0.18007529151607674,0.09382726260007684,0.035616590656779384
21123,PJM,2027,5862.945893416667,0.1745863795080718,0.12976725749339327,0.15901583596484958,0.11568743343596982,0.01557054354322221,0.014079824057423446
21125,PJM,2027,22870.712844995833,0.20838093086086032,0.13114648839394522,0.16167305082967884,0.10972689547288969,0.04670788003118148,0.021419592921055525
21127,PJM,2027,5504.1003831625,0.35742319415581153,0.15491111686555523,0.2887318916599323,0.1350100538504709,0.06869130249587924,0.01990106301508432
21129,PJM,2027,2564.4527658708334,0.42390962561168954,0.2355153231115328,0.3310445732022346,0.22233029196830906,0.09286505240945492,0.013185031143223752
21131,PJM,2027,3623.095316883333,0.3617777404160891,0.19651048265822546,0.22690218676715504,0.16506988687400437,0.13487555364893408,0.03144059578422109
21133,PJM,2027,8187.411032958333,0.37682611406519184,0.20527229347760045,0.25998222243959895,0.17348663941696624,0.11684389162559289,0.031785654060634216
21135,PJM,2027,4674.1656656791665,0.3915221867339237,0.15893321820880688,0.28888804893260667,0.1511599069265489,0.10263413780131703,0.007773311282257972
21137,PJM,2027,9406.268476045832,0.20830788955150942,0.08988336812074643,0.14291418798609923,0.08002549761898435,0.06539370156541019,0.009857870501762081
21147,PJM,2027,5194.244980875001,0.24201532714238733,0.19094199958914765,0.21667091852739548,0.17719684839048916,0.025344408614991848,0.01374515119865849
21151,PJM,2027,35464.0141138425,0.11567826009891034,0.06609180994808643,0.09639332982845678,0.042129125682508706,0.019284930270453568,0.023962684265577724
21153,PJM,2027,4416.3139147875,0.44882461905346127,0.24661492820947697,0.33981409493352194,0.22953188464044577,0.10901052411993933,0.017083043569031203
21155,PJM,2027,7389.0219790708325,0.1896023733809499,0.12425047820667277,0.15963503361690198,0.0998124428066833,0.029967339764047918,0.02443803539998947
21159,PJM,2027,3714.5544251833335,0.38279604318015087,0.22076984150246376,0.3194675812787687,0.19906039708499865,0.0633284619013822,0.021709444417465112
21161,PJM,2027,6490.7516516666665,0.15726256081777973,0.09256152989935007,0.14048453623793467,0.08855235133064226,0.016778024579845063,0.004009178568707805
21165,PJM,2027,2166.1096165416666,0.2918997580638693,0.1662545717542204,0.2495560095202143,0.13892622826053155,0.042343748543654997,0.027328343493688845
21167,PJM,2027,8905.203229449999,0.1542133364641716,0.07062397528897757,0.13912623061568463,0.06272202473038495,0.015087105848486965,0.007901950558592621
21169,PJM,2027,4115.2881773291665,0.2175365795418011,0.10828147575541157,0.18428003634985157,0.10205302923384416,0.03325654319194954,0.006228446521567413
21173,PJM,2027,10475.015938570832,0.18162038674277817,0.07929746340963525,0.13353785472250854,0.07051407404755157,0.04808253202026963,0.008783389362083685
21175,PJM,2027,4600.240194837499,0.2826204777525954,0.12000673958348268,0.20884333829709312,0.10930286508501798,0.0737771394555023,0.010703874498464702
21179,PJM,2027,18073.633613956667,0.10049973708145359,0.04323073347607366,0.09177583005126587,0.031088547327183514,0.008723907030187716,0.012142186148890146
21181,PJM,2027,2475.1288244458333,0.21717591288722182,0.13372132075419166,0.19034055261971278,0.09359524412069099,0.026835360267509045,0.040126076633500665
21185,PJM,2027,21817.85155746583,0.04007385461245451,0.02148729935905381,0.03255973196355262,0.01808090577056281,0.007514122648901889,0.0034063935884909996
21187,PJM,2027,4052.409011941666,0.18918574211536243,0.11056210175758938,0.16964080265673404,0.09490821403494508,0.019544939458628396,0.015653887722644297
21189,PJM,2027,1295.7421177291667,0.35458365207360887,0.1952642973479265,0.2926883259974186,0.18121630466601799,0.06189532607619025,0.014047992681908511
21191,PJM,2027,5047.784425419167,0.22154384598472687,0.17079294674978301,0.1983202477887522,0.15388157462314064,0.023223598195974665,0.01691137212664237
21193,PJM,2027,11007.486605766668,0.2979055005181272,0.1513569759908232,0.21886114785167224,0.13251072283295093,0.07904435266645496,0.018846253157872278
21195,PJM,2027,23578.32168849583,0.383700649090551,0.18492315513907928,0.31124057171927116,0.16451826163784222,0.07246007737127985,0.02040489350123706
21197,PJM,2027,4472.505325766667,0.29476615736315814,0.15519900731890446,0.2299302719506291,0.097098865212208,0.06483588541252905,0.058100142106696465
21199,PJM,2027,25119.22749265,0.16610187909043045,0.13007269329713794,0.14513079484862254,0.11360293689521893,0.020971084241807908,0.016469756401919014
21201,PJM,2027,747.75950715,0.18026073152905775,0.13155944247584506,0.16832734914072342,0.12035137144962745,0.01193338238833433,0.011208071026217611
21203,PJM,2027,6201.754472070834,0.30395560685381745,0.16431297350302906,0.21577028069658097,0.14655537706262575,0.08818532615723648,0.01775759644040331
21205,PJM,2027,8799.926772183335,0.1974923427286628,0.08795560317719138,0.14405750180251867,0.07905132461998934,0.053434840926144145,0.008904278557202036
21207,PJM,2027,6853.610359333334,0.14919808449559016,0.0958505800968674,0.12447864927082301,0.08667202752600715,0.024719435224767147,0.00917855257086024
21209,PJM,2027,21050.396041445834,0.07180024124688736,0.04670975840806392,0.0635248175596314,0.03870294468027699,0.008275423687255964,0.00800681372778693
21211,PJM,2027,17147.353828435836,0.09186347282252096,0.05439900166149557,0.07655653979341023,0.043485113123992995,0.015306933029110723,0.010913888537502574
21215,PJM,2027,6745.632096014167,0.07438985888312907,0.05675197056989475,0.06787195794503227,0.05675197056989475,0.006517900938096802,0.0
21217,PJM,2027,9545.6912555,0.1219160513092189,0.0655733637870573,0.09759788033779586,0.05682029272718427,0.02431817097142304,0.008753071059873031
21223,PJM,2027,3156.3592741975,0.18277229534228953,0.11427987781298321,0.16129307757783828,0.10801614984905344,0.021479217764451247,0.006263727963929766
21229,PJM,2027,4501.3313152,0.1669338749044322,0.11617061179508681,0.15814364789061774,0.08138941182716639,0.008790227013814461,0.03478119996792042
21231,PJM,2027,7736.626328412501,0.1965717873556941,0.1530773779549779,0.19377935202713323,0.122261250342683,0.0027924353285608827,0.030816127612294894
21235,PJM,2027,12644.394234570833,0.2518822859781388,0.1199074569540363,0.2090689647684462,0.09214053920481943,0.042813321209692584,0.02776691774921687
21237,PJM,2027,2433.114459516667,0.3926608084687554,0.19897340263584248,0.31578374990017055,0.10502337480659579,0.07687705856858484,0.09395002782924669
21239,PJM,2027,10302.613649768333,0.09229726410974515,0.0486209305808464,0.06972623696976347,0.04073064632255745,0.022571027139981673,0.00789028425828895
22001,MISO,2027,20873.484652258332,0.32610963725101044,0.15564667198221413,0.25773887668801093,0.13623177176204473,0.06837076056299951,0.019414900220169395
22003,MISO,2027,7457.858676020834,0.2674355076640449,0.12260008807642264,0.24546088296576968,0.11634796750014324,0.021974624698275214,0.006252120576279399
22005,MISO,2027,45223.479956426665,0.11035610264133992,0.062413041604041625,0.07831394883098486,0.057250606067790435,0.032042153810355065,0.005162435536251189
22007,MISO,2027,8192.409223595834,0.23378889842423345,0.13074016213214915,0.1835029096161272,0.12795866191309657,0.05028598880810625,0.002781500219052574
22009,MISO,2027,14311.596296920832,0.4086794206597386,0.2300623285948589,0.3871542926131946,0.2128244791368001,0.021525128046543995,0.017237849458058785
22011,MISO,2027,13304.595621633334,0.17270559566572885,0.09782164537633836,0.15102218525369684,0.08883209881465812,0.021683410412032006,0.008989546561680245
22013,MISO,2027,5332.168409179167,0.4016730470635192,0.16441974122633932,0.37530642976176437,0.14935397231950795,0.026366617301754824,0.015065768906831367
22017,MISO,2027,93305.01487788332,0.31408459461392974,0.15610769274545447,0.2898034054993167,0.14347144819336438,0.024281189114613022,0.012636244552090087
22019,MISO,2027,76126.724592115,0.20439489213143755,0.10720615173787892,0.156072664190594,0.10347272398103256,0.04832222794084354,0.003733427756846361
22021,MISO,2027,3403.5680720708333,0.31503101258359434,0.14793737261055565,0.2679702141154018,0.1355075868386809,0.047060798468192555,0.012429785771874757
22023,MISO,2027,2150.2608660958335,0.10608620777371612,0.03088317541934949,0.10601317467768137,0.029340836765332348,7.303309603474972e-05,0.0015423386540171433
22025,MISO,2027,2991.8011168833336,0.34546149530989595,0.1535476105121442,0.3130248929783789,0.14152681329586236,0.03243660233151707,0.012020797216281826
22027,MISO,2027,5000.859199170834,0.4083809639287149,0.24009082318525884,0.39376293381608535,0.22266900351202906,0.014618030112629576,0.017421819673229783
22029,MISO,2027,6221.051018958333,0.4924459339543076,0.31204525696983926,0.44509471688600744,0.2781050760049909,0.047351217068300144,0.033940180964848354
22031,MISO,2027,10083.513777304166,0.33834823484141957,0.15508245240725435,0.31083900461866615,0.15053230841347415,0.027509230222753422,0.0045501439937802035
22033,MISO,2027,171905.64957644584,0.24849224155537214,0.14938399648473188,0.21673500584125077,0.13069306808350353,0.03175723571412137,0.01869092840122835
22035,MISO,2027,2225.8914738458334,0.46079962911010275,0.28222466052838485,0.4104035815857438,0.2593360780928536,0.050396047524358945,0.02288858243553127
22037,MISO,2027,6454.29251908,0.2348773516126733,0.13533342199544027,0.1845973249602829,0.1170199269608445,0.050280026652390425,0.01831349503459577
22039,MISO,2027,11910.370517995834,0.41909134480043536,0.17623846473185767,0.38467439021054217,0.16880732597589398,0.03441695458989319,0.007431138755963684
22041,MISO,2027,7092.4968741125,0.36364375521870085,0.18190338139365614,0.35386371457946114,0.167199316796558,0.009780040639239707,0.014704064597098138
22043,MISO,2027,6640.967086129167,0.3038571766493546,0.12469927942430493,0.2582139738073655,0.12074650291456614,0.04564320284198908,0.003952776509738798
22045,MISO,2027,26488.2379976,0.30415228704327674,0.15620029656590273,0.26789993327577916,0.13511059947906937,0.03625235376749758,0.021089697086833364
22047,MISO,2027,10652.287171670832,0.24224859245527733,0.14909345236035568,0.22785514779327828,0.12519286768689852,0.014393444661999044,0.023900584673457154
22049,MISO,2027,5376.886951579167,0.3210984112511606,0.15150861982243138,0.29857702959038973,0.1499177551389511,0.02252138166077089,0.0015908646834802975
22051,MISO,2027,174894.42816830752,0.13825512201412513,0.09684051042608219,0.13140354268971982,0.09420701388863524,0.006851579324405305,0.002633496537446947
22053,MISO,2027,11557.360428804168,0.2273008054639324,0.12110920720262823,0.17704878067323143,0.09645461783716389,0.050252024790700955,0.024654589365464344
22055,MISO,2027,96625.15246430249,0.20790304566300635,0.11419344787630654,0.16015032023739334,0.10817882548060367,0.04775272542561301,0.0060146223957028705
22057,MISO,2027,35954.49883643917,0.1658643419186727,0.09611266294435829,0.13631343158363957,0.0910360575150813,0.029550910335033126,0.005076605429276987
22059,MISO,2027,4587.510111645834,0.24018867947439923,0.12609912430815226,0.2300790610929018,0.09280808713514821,0.010109618381497432,0.03329103717300405
22061,MISO,2027,17726.185636933333,0.24418631258848222,0.15432431888389206,0.20448663280935228,0.1495035109014563,0.03969967977912994,0.004820807982435754
22063,MISO,2027,49127.8272322125,0.1954049095249088,0.10175799869604493,0.14064837539414657,0.10095716050331621,0.05475653413076223,0.00080083819272872
22065,MISO,2027,2981.4473331416666,0.40194809763324346,0.24737074991287658,0.3731714346694897,0.2431887257556043,0.028776662963753752,0.004182024157272285
22067,MISO,2027,9314.779313491666,0.37202980935601604,0.23830239301642964,0.3382375369290763,0.21193463097794296,0.03379227242693972,0.026367762038486675
22069,MISO,2027,13665.6694077375,0.339442055662813,0.17490663168385734,0.3191193169494487,0.16371156740163897,0.02032273871336432,0.011195064282218364
22071,MISO,2027,154637.87520439,0.2961803166433862,0.18594421260409105,0.23583534786813565,0.1784625847430588,0.06034496877525053,0.007481627861032264
22073,MISO,2027,58661.32019112083,0.29761761780886015,0.16969846406940306,0.26120541241910405,0.15749743252984183,0.03641220538975609,0.01220103153956123
22075,MISO,2027,7979.912065813334,0.15221772087988492,0.11271757177731798,0.1295631429673683,0.11271757177731798,0.022654577912516627,0.0
22077,MISO,2027,8014.921662595834,0.25256103581192835,0.20506688645134932,0.2452604695747803,0.19274791339628122,0.0073005662371480595,0.0123189730550681
22079,MISO,2027,48119.28366633333,0.28869970298516157,0.1256377862824076,0.2593855791927755,0.11287050947934152,0.02931412379238607,0.01276727680306608
22081,MISO,2027,2906.333299875,0.3624465407779644,0.2745798889320399,0.34598483321232104,0.1951415283074126,0.016461707565643358,0.07943836062462728
22083,MISO,2027,7127.485098641667,0.35432371231270005,0.175781818654325,0.3315589960102057,0.1680922052008207,0.022764716302494326,0.0076896134535043015
22085,MISO,2027,8247.93302435,0.3432553825652518,0.1735205440158694,0.3054449711349799,0.15357034575336176,0.03781041143027186,0.01995019826250763
22087,MISO,2027,15325.546456348333,0.22424537134703054,0.15624829883394364,0.18985781872580815,0.1548291029141146,0.034387552621222395,0.0014191959198290305
22089,MISO,2027,18180.386979896666,0.11821776922987048,0.05659717286346134,0.08698843853688361,0.053518916385099057,0.031229330692986876,0.0030782564783622818
22091,MISO,2027,3809.5234495199998,0.30427119752893245,0.15309622457724634,0.2893094119967163,0.11896886073955133,0.014961785532216165,0.034127363837695004
22093,MISO,2027,7358.2519694041675,0.12954638421589978,0.08130882414229781,0.12338393277971466,0.04800598061112652,0.006162451436185129,0.03330284353117129
22095,MISO,2027,15002.419264269169,0.15654050051741694,0.09806958704364489,0.14867408777139132,0.06461611654714612,0.00786641274602562,0.03345347049649877
22097,MISO,2027,30351.252312166667,0.36403677125155676,0.20045037740278082,0.33935343560177256,0.16860109398787543,0.0246833356497842,0.031849283414905394
22099,MISO,2027,19606.880385749166,0.2669708470679876,0.15770063498695075,0.2042933862658497,0.15306261500565402,0.06267746080213793,0.0046380199812967315
22101,MISO,2027,18279.428146924998,0.34939862745101247,0.1831597613968967,0.3073784984364708,0.15047556944545587,0.04202012901454166,0.032684191951440816
22103,MISO,2027,99979.66344572583,0.15006670766199282,0.06362896356029187,0.10813594742831366,0.05967858542449825,0.04193076023367916,0.003950378135793617
22105,MISO,2027,47801.259121925,0.24114978216404256,0.11198740032602353,0.21074640892876714,0.11096284771172775,0.03040337323527542,0.001024552614295779
22107,MISO,2027,1561.5364993416665,0.36514175445331254,0.2036347591570181,0.3363991022201292,0.18732971582422747,0.02874265223318334,0.01630504333279062
22109,MISO,2027,40227.246393074995,0.18299799550659182,0.09572402922714647,0.14223625932953043,0.09003417912496793,0.040761736177061386,0.00568985010217854
22111,MISO,2027,8086.4980405999995,0.34328081953918316,0.1769385755762829,0.3247836257741548,0.16420722012738848,0.01849719376502834,0.012731355448894421
22113,MISO,2027,21023.655567395832,0.27359100042819734,0.13113955459557958,0.22683170230572675,0.12664135968083984,0.046759298122470594,0.004498194914739739
22115,MISO,2027,17448.096772616664,0.24779619650539692,0.12219003281779921,0.21371196090436329,0.11406027300247923,0.03408423560103363,0.008129759815319978
22117,MISO,2027,16652.220901566667,0.3416249832020777,0.12357579968295589,0.28982805705439585,0.09424630902225065,0.05179692614768183,0.02932949066070524
22119,MISO,2027,14477.2410151125,0.4807161426782569,0.2812054624470769,0.44899772887708295,0.19754690116585324,0.03171841380117396,0.08365856128122365
22121,MISO,2027,9795.310435094167,0.1640950962844988,0.08352761662376737,0.14578694919326515,0.07641640024511764,0.018308147091233656,0.007111216378649726
22123,MISO,2027,3741.6769968124995,0.3395437446751272,0.16240322800471385,0.3153694354310221,0.14098707388742973,0.02417430924410513,0.02141615411728412
22125,MISO,2027,3747.7440598124995,0.24803216889713994,0.08445284257418093,0.23574287890118142,0.07823176406813344,0.012289289995958519,0.006221078506047487
22127,MISO,2027,4796.283017041666,0.36641548597924745,0.22600081412927525,0.33694046887533663,0.16552627349397225,0.029475017103910817,0.060474540635303
24001,PJM,2027,26666.477862033338,0.18235144770162073,0.09545894569154645,0.1589597137033923,0.08863944894582462,0.023391733998228442,0.006819496745721826
24003,PJM,2027,193069.99673910916,0.06576696263624016,0.03626655303745414,0.058910710289712176,0.01874810038528604,0.00685625234652798,0.017518452652168098
24005,PJM,2027,326322.6920135475,0.10824773940796568,0.05225190263860183,0.09270744551680062,0.0430053684365466,0.015540293891165069,0.009246534202055227
24013,PJM,2027,61989.40874574917,0.06149298624180533,0.03296389493968931,0.04873794647098502,0.026161141878604223,0.012755039770820313,0.00680275306108509
24017,PJM,2027,58193.22883095333,0.10540744645851231,0.059876451967093645,0.0813824897818285,0.03818448518815869,0.02402495667668382,0.021691966778934958
24021,PJM,2027,98652.08427072334,0.062260152613819994,0.029157549567694598,0.04492917513163354,0.023745211400889244,0.017330977482186455,0.005412338166805353
24023,PJM,2027,12019.210306415833,0.15210435945785808,0.058366972508212725,0.1482326408752465,0.05662479856268412,0.0038717185826115663,0.0017421739455286064
24025,PJM,2027,97132.84759477916,0.09012075383877491,0.04923696076607895,0.07904771624457858,0.029603624550121343,0.011073037594196325,0.019633336215957604
24027,PJM,2027,117643.62089344251,0.047310789231668746,0.025815063257750185,0.03331536365620991,0.016811811094229166,0.013995425575458832,0.00900325216352102
24031,PJM,2027,369549.9565311633,0.05695715314598257,0.02902601148001701,0.04525594561523469,0.014941806979704063,0.011701207530747881,0.014084204500312947
24033,PJM,2027,339223.0202935833,0.07729781987934267,0.03561676994252978,0.06790571471320161,0.03549997549277306,0.009392105166141057,0.00011679444975672137
24043,PJM,2027,57734.388594695,0.10618828676597428,0.05099066535544534,0.09734562416573192,0.04216919326336079,0.008842662600242357,0.008821472092084545
24510,PJM,2027,245315.75649944998,0.223021943429767,0.14620077778387797,0.19060973535197284,0.12797779665296546,0.03241220807779416,0.018222981130912502
26001,MISO,2027,4772.9626107683325,0.29592349041646177,0.13623729355633712,0.2695806305819505,0.1360998692030602,0.02634285983451129,0.0001374243532769326
26003,MISO,2027,3199.976778483333,0.17920601842725326,0.10748992145203205,0.17515550700256,0.10636626611047542,0.004050511424693259,0.0011236553415566314
26005,MISO,2027,43264.0290925175,0.09586936033524307,0.04159073652181806,0.09434886922226804,0.03848101354512467,0.001520491112975031,0.003109722976693388
26007,MISO,2027,12353.209613345833,0.18852965800919583,0.09090342862643444,0.15175068732668426,0.08631155754390074,0.03677897068251157,0.0045918710825336995
26009,MISO,2027,10446.604142879167,0.1652860560509967,0.0657836376207415,0.1505659036056696,0.06357987159303262,0.014720152445327095,0.0022037660277088866
26011,MISO,2027,6255.6274351525,0.2086579343733748,0.10332351398178759,0.19961388356022286,0.09555403569142723,0.009044050813151933,0.007769478290360357
26013,MISO,2027,3176.378249525,0.2249449960546572,0.08750157508263695,0.1775092144334459,0.08448058464021455,0.047435781621211315,0.0030209904424224054
26015,MISO,2027,23913.083137375834,0.14307730408515856,0.07893055711115049,0.1335849603030548,0.0786264292846289,0.009492343782103757,0.00030412782652158854
26017,MISO,2027,44123.78348309584,0.18053370407056332,0.08192797463390517,0.13489940295066782,0.08171974394118772,0.0456343011198955,0.00020823069271744266
26019,MISO,2027,7057.721204854166,0.16569547588035263,0.09871076421770646,0.1453470476327819,0.09817446760154136,0.020348428247570743,0.0005362966161650967
26021,PJM,2027,62051.45464497749,0.2104222504406163,0.09806781604290528,0.14330926861075238,0.07970674666760066,0.06711298182986392,0.018361069375304614
26023,MISO,2027,16365.692972587502,0.12449734521433241,0.0776291433905676,0.10715182682735358,0.07423983321544032,0.017345518386978828,0.0033893101751272803
26025,MISO,2027,51966.72735397167,0.2067501328522924,0.07801541045644626,0.14179502387168966,0.07266408150598568,0.06495510898060275,0.005351328950460588
26029,MISO,2027,11976.329161432499,0.1332613581960816,0.05469204255021942,0.1227847003523416,0.053616307599314066,0.010476657843739995,0.0010757349509053563
26031,MISO,2027,10523.1627943725,0.17334393468747117,0.08729876889440888,0.16321282456830818,0.08587682782570262,0.010131110119162984,0.001421941068706259
26033,MISO,2027,13371.240413542502,0.17341255125321509,0.09980805820858495,0.16721752689336308,0.0969041684833898,0.006195024359852003,0.0029038897251951468
26035,MISO,2027,11718.4228140125,0.30935180942234314,0.1250793808686147,0.2601255423860588,0.12166455284766158,0.049226267036284355,0.003414828020953123
26037,MISO,2027,30529.477480433336,0.09689824928879993,0.05413296624431917,0.09091086347131191,0.05200036536696292,0.00598738581748802,0.0021326008773562485
26039,MISO,2027,5763.50051304,0.25450372901698737,0.14787243153778568,0.23921542083029765,0.1478598583455328,0.01528830818668972,1.2573192252868237e-05
26041,MISO,2027,15598.286558045831,0.22238665390798204,0.11092558225954706,0.2036739831405568,0.10652375762171526,0.01871267076742525,0.0044018246378318
26043,MISO,2027,11423.631379325,0.12835035325897423,0.07213333939734407,0.12176894547889325,0.0685006145667991,0.006581407780080983,0.00363272483054497
26045,MISO,2027,44070.604305471665,0.0947586486070492,0.04631164212331738,0.09279004735127833,0.04411976089324749,0.001968601255770877,0.0021918812300698864
26047,MISO,2027,14161.784488406665,0.15859864415170893,0.06469731734237949,0.13328198646059397,0.0622122862695786,0.025316657691114963,0.002485031072800889
26049,MISO,2027,164746.13215435419,0.21661484615372495,0.0980465250606275,0.21090648543035215,0.0939237155517809,0.005708360723372802,0.004122809508846595
26051,MISO,2027,10715.294369055,0.22994703362333294,0.12421626624102573,0.2130440840385884,0.12197465645899619,0.01690294958474453,0.002241609782029544
26053,MISO,2027,6806.012627445833,0.27155182649620724,0.11079708260603499,0.27124756539943584,0.10370759550293202,0.00030426109677139657,0.007089487103102976
26055,MISO,2027,37328.721364569166,0.07699793293017623,0.045685913526102094,0.0739734886214437,0.04360052634242658,0.003024444308732527,0.0020853871836755133
26057,MISO,2027,14412.389597995834,0.20849557415987838,0.07828809508881875,0.18713395507964298,0.07718136466139411,0.0213616190802354,0.0011067304274246376
26059,MISO,2027,17247.045537029167,0.24121150920659454,0.09165373626043014,0.21749151193662725,0.08222058375266497,0.02371999726996729,0.009433152507765163
26061,MISO,2027,13824.8044759375,0.1957055914080014,0.07920291789008568,0.15304598452731602,0.07859035362153442,0.042659606880685375,0.0006125642685512606
26063,MISO,2027,13461.038620816667,0.27608244602986154,0.10488411785805013,0.25507330574639986,0.09808057811885995,0.02100914028346168,0.006803539739190179
26065,MISO,2027,113184.50817140666,0.11793746037675255,0.07104731929267517,0.10942491557665007,0.06369615440763667,0.008512544800102481,0.007351164885038508
26067,MISO,2027,22314.507808831666,0.15035973697865923,0.06946276276357577,0.13891201644447693,0.0659693739248589,0.011447720534182304,0.0034933888387168738
26069,MISO,2027,11281.318642333334,0.2095137949902933,0.12780047628317842,0.19353093150340514,0.12639138310852524,0.015982863486888155,0.001409093174653181
26071,MISO,2027,5086.898056770833,0.23453324942437453,0.11709334256407608,0.20468398833711351,0.1127012465942289,0.02984926108726102,0.004392095969847187
26073,MISO,2027,24239.595666850833,0.22456138946003634,0.10137049976083198,0.20495735228582349,0.09746283708044594,0.019604037174212857,0.003907662680386045
26075,MISO,2027,60561.28559104666,0.1867746109388612,0.07664599259846686,0.17093804516756825,0.07185188666924504,0.015836565771292943,0.0047941059292218174
26079,MISO,2027,7262.089770320832,0.24719632624825358,0.0943118175270195,0.22544626409779783,0.0923976456027325,0.021750062150455746,0.0019141719242870003
26081,MISO,2027,250297.79169441081,0.07810902722827832,0.03533765304272229,0.07574734677669165,0.03431043283330906,0.0023616804515866757,0.0010272202094132252
26083,MISO,2027,1055.7583443583335,0.25192187467229205,0.0975298905089387,0.20586459848245836,0.09205360031662141,0.046057276189833685,0.005476290192317296
26085,MISO,2027,4496.436935646667,0.368583329177539,0.16259537896010132,0.3561823504613812,0.16070782702606182,0.012400978716157807,0.0018875519340394997
26087,MISO,2027,33681.931317899165,0.13573325549324486,0.08198582434832617,0.11972303740473825,0.0810354684572734,0.01601021808850661,0.0009503558910527732
26089,MISO,2027,9045.722980177501,0.1174426744273333,0.06558608552978537,0.11491833931779719,0.06480976593483552,0.002524335109536119,0.0007763195949498508
26091,MISO,2027,37653.17002485834,0.12737252524016077,0.06199837689672141,0.12420156040505281,0.06104202217062372,0.0031709648351079534,0.0009563547260976954
26093,MISO,2027,73713.66943356584,0.0689855072309168,0.029962327762951154,0.06574506750876175,0.029962327762951154,0.0032404397221550557,0.0
26095,MISO,2027,2054.0939317958337,0.2096977182311316,0.11075549124365908,0.20098071544975807,0.10236666952283262,0.008717002781373523,0.008388821720826459
26097,MISO,2027,5041.095834520834,0.2046826654135761,0.10663122359177038,0.18495048712514484,0.10438192220197753,0.019732178288431268,0.002249301389792846
26099,MISO,2027,351532.2330202642,0.0989838469426477,0.07687810889609696,0.0951390450988945,0.07200238054033847,0.003844801843753201,0.004875728355758488
26101,MISO,2027,9760.880229179165,0.18846615196606092,0.08513547988837979,0.18069793655484592,0.08513547988837979,0.0077682154112150015,0.0
26103,MISO,2027,26773.891520620837,0.12588236585138798,0.06584684804960769,0.12076922753445475,0.0613937633581024,0.005113138316933233,0.0044530846915052935
26105,MISO,2027,11981.90325629,0.19640079792300988,0.08498007422572665,0.1928658101590447,0.0821033166776102,0.003534987763965186,0.0028767575481164487
26107,MISO,2027,15792.003570425,0.22915706636072364,0.12081423862114711,0.2140758636436076,0.11736222964583086,0.015081202717116049,0.003452008975316251
26109,MISO,2027,9790.747282441665,0.16645467693361535,0.09889214423122206,0.15920705424800183,0.08876047442553094,0.0072476226856135195,0.01013166980569112
26111,MISO,2027,33784.81317012167,0.1615136229856849,0.0804390300831741,0.1520725184803944,0.0772351954946873,0.009441104505290482,0.0032038345884868036
26113,MISO,2027,5715.342433398333,0.25126278179062533,0.09999250585559848,0.21924254037142166,0.0938596914742284,0.03202024141920368,0.006132814381370075
26115,MISO,2027,60919.73485117416,0.0891191032005046,0.06358028440557709,0.08711541902003005,0.06334919810555639,0.0020036841804745575,0.0002310863000206942
26117,MISO,2027,23685.637822812503,0.21225226947004544,0.10582260280641131,0.19237038757342992,0.09567660170656431,0.019881881896615522,0.010146001099847007
26119,MISO,2027,4616.966919534167,0.2594441252135268,0.14898747052377337,0.2506730781890546,0.1339335003537829,0.008771047024472178,0.015053970169990466
26121,MISO,2027,65119.7732379275,0.09822625758971508,0.06703440272554655,0.0952534902517357,0.054458211814616235,0.0029727673379793818,0.012576190910930311
26123,MISO,2027,18804.3867408725,0.24948158220140546,0.10511994767552393,0.23759346150370836,0.09853198259284814,0.011888120697697097,0.006587965082675798
26125,MISO,2027,521526.56082772743,0.07407945941919826,0.052129883976968175,0.06761189669088784,0.05168889603450369,0.006467562728310422,0.00044098794246448525
26127,MISO,2027,9780.931372478333,0.2559680999711679,0.11190782376826842,0.24790761247282617,0.10039175344329836,0.008060487498341706,0.011516070324970068
26129,MISO,2027,8879.656253620833,0.2447260102328159,0.13348708234895526,0.2328371182813076,0.1304454840591581,0.011888891951508301,0.003041598289797165
26131,MISO,2027,2846.0360218083333,0.301731830696765,0.12143853323152906,0.257905727317635,0.12093951389757922,0.04382610337913001,0.0004990193339498433
26133,MISO,2027,8784.525878295834,0.25803815620265896,0.1199897983125773,0.22857527606984487,0.11830646651785459,0.02946288013281409,0.0016833317947227144
26135,MISO,2027,3435.683997983334,0.2711145506739214,0.12109043177065537,0.24907090298752532,0.12095242986178414,0.02204364768639605,0.00013800190887122699
26137,MISO,2027,10488.044794161666,0.14764128579160715,0.06985031782857273,0.12148193643713445,0.06758536073484855,0.0261593493544727,0.002264957093724179
26139,MISO,2027,106091.79930614916,0.05327903133051786,0.0274354655552027,0.051440320287919616,0.026614653276878446,0.0018387110425982442,0.0008208122783242532
26141,MISO,2027,6044.054568874167,0.18183733355706921,0.08586643425993057,0.16421166046471375,0.08429855511999557,0.017625673092355465,0.0015678791399350023
26143,MISO,2027,11213.417281721668,0.17189223888185898,0.09685025872816914,0.1691398365763213,0.09629430691377486,0.0027524023055376656,0.0005559518143942871
26145,MISO,2027,75801.60213027333,0.22368480956266382,0.10817272391274321,0.2168842086153285,0.09227295884788989,0.006800600947335311,0.015899765064853327
26147,MISO,2027,64617.187098355,0.1333439549406304,0.08182854115900186,0.12897724819390713,0.08030732352484958,0.0043667067467232645,0.0015212176341522776
26151,MISO,2027,16995.631359,0.2489295724677782,0.10395676963339501,0.23410255135754307,0.09502440026559808,0.014827021110235122,0.008932369367796927
26153,MISO,2027,3738.894939258333,0.18502428376864913,0.08713789880822219,0.1838458248476538,0.08579286651636428,0.001178458920995329,0.0013450322918579088
26155,MISO,2027,27354.221762037498,0.19383786751658705,0.0765532719338283,0.16279395074556885,0.07150233898301728,0.0310439167710182,0.005050932950811021
26157,MISO,2027,21243.2838350375,0.22686455153720472,0.10454019226183256,0.19127280717725537,0.10340916272076708,0.03559174435994936,0.0011310295410654758
26161,MISO,2027,146913.13311006164,0.10592783799153666,0.03510427594749498,0.09383632161727086,0.027272171909902564,0.012091516374265796,0.007832104037592418
26163,MISO,2027,684359.2651243676,0.21279375062804723,0.1399235896029157,0.18814851039334887,0.13704588170642742,0.024645240234698357,0.0028777078964882796
26165,MISO,2027,12885.423899991665,0.1927641611989658,0.08791674187573549,0.1770984668670706,0.08735138945906634,0.015665694331895214,0.0005653524166691487
27001,MISO,2027,6700.678917179999,0.3395510544484798,0.13900259492789635,0.28703874113579364,0.13498732167983524,0.05251231331268619,0.004015273248061113
27003,MISO,2027,132001.03064151,0.057890613996743744,0.014546143248542608,0.050069293991557344,0.014239381668955874,0.0078213200051864,0.00030676157958673365
27005,MISO,2027,13758.14815455,0.24024629158190008,0.11019025247354733,0.20091486112249812,0.09171643775675509,0.03933143045940196,0.018473814716792242
27007,MISO,2027,17212.4980336675,0.24167041676481593,0.1304662442058591,0.2198505348722393,0.10640954365024705,0.021819881892576637,0.024056700555612043
27009,MISO,2027,15407.020123136666,0.08447494761395802,0.040027706043757216,0.06723059622846915,0.03922447479585251,0.017244351385488868,0.0008032312479047052
27011,MISO,2027,2171.8248583575,0.2875678035995791,0.14481412424965237,0.24071524264908176,0.13586778301182298,0.04685256095049736,0.008946341237829392
27013,MISO,2027,25572.92111600917,0.09807260881960561,0.03905294248238208,0.09230062866572605,0.03905294248238208,0.005771980153879558,0.0
27015,MISO,2027,10587.389143488334,0.2722262070467719,0.10013555702434117,0.2147163852936927,0.09278239011999492,0.05750982175307923,0.007353166904346245
27017,MISO,2027,13447.770504454998,0.15296057831855678,0.07179044562443816,0.14532828945840717,0.06402754445639079,0.007632288860149605,0.00776290116804737
27019,MISO,2027,37792.48906580084,0.06502741064334175,0.022652154213265392,0.050726213723459875,0.019933173109654513,0.014301196919881874,0.002718981103610879
27021,MISO,2027,12219.805739558335,0.2773922954284499,0.11088752384473735,0.24822438998292118,0.10185032635796908,0.02916790544552872,0.009037197486768275
27023,MISO,2027,5048.486212538333,0.2998236141147376,0.12227697906820405,0.2590773677470423,0.09076559723195521,0.040746246367695305,0.03151138183624884
27025,MISO,2027,20511.817690471667,0.09106230486516098,0.04956975931972055,0.08256798061319882,0.026267866810196078,0.008494324251962157,0.02330189250952447
27027,MISO,2027,24334.185865260835,0.07998709399172263,0.043926360842257116,0.07094709626946302,0.038832772258910235,0.009039997722259607,0.005093588583346881
27029,MISO,2027,3110.9674509041665,0.34536577401382496,0.17739970781745115,0.2932453397235076,0.14937844101034778,0.052120434290317375,0.028021266807103373
27031,MISO,2027,2544.0144325141664,0.1972278220794014,0.08304667605843997,0.17435386114338144,0.0804515734459617,0.022873960936019955,0.0025951026124782783
27033,MISO,2027,4479.658464800001,0.3212883552790575,0.11365567882477645,0.3134214607990249,0.11325630579651445,0.007866894480032638,0.0003993730282619984
27035,MISO,2027,27458.026502777502,0.1492113530935929,0.07017937937394772,0.1278591689619076,0.0596042274276139,0.021352184131685298,0.010575151946333822
27037,MISO,2027,166105.97013297916,0.049456075640102154,0.02029127570443946,0.037977225595101444,0.009461945617387654,0.01147885004500071,0.010829330087051805
27039,MISO,2027,7695.352213774166,0.0751824780817384,0.03475998810483859,0.07353772839538295,0.02998325244515848,0.0016447496863554595,0.004776735659680106
27041,MISO,2027,16698.018225331667,0.10795955905235535,0.05069400894737135,0.10424555782419853,0.0457095997775612,0.0037140012281568213,0.004984409169810147
27043,MISO,2027,5913.530371708333,0.25146693634219225,0.10836566016709384,0.22571978826432607,0.10795317123690475,0.025747148077866183,0.00041248893018909494
27045,MISO,2027,8273.944087130832,0.15280683694488947,0.08096412193514105,0.12527994031636197,0.07130011267229129,0.027526896628527503,0.009664009262849757
27047,MISO,2027,12455.7295177175,0.18401308733226596,0.07053223702556684,0.1492810698777308,0.07017629841832906,0.03473201745453516,0.00035593860723777404
27049,MISO,2027,18838.428201214167,0.11686517027283659,0.06237659069601135,0.10493507539286591,0.056034953958117244,0.011930094879970682,0.006341636737894105
27051,MISO,2027,2486.0468851125,0.26047869190422074,0.14253545332162876,0.2345459194267288,0.12774940379585595,0.025932772477491928,0.01478604952577281
27053,MISO,2027,523940.52848666743,0.05203848070445425,0.02653853365152268,0.04555827352562289,0.022260390978585634,0.006480207178831361,0.004278142672937045
27055,MISO,2027,7743.28249308,0.14320344730278164,0.08005720700155211,0.11372507729983732,0.06765043234719569,0.02947837000294433,0.012406774654356426
27057,MISO,2027,8534.585263393332,0.2371091869382465,0.11261124662385832,0.2142511781584578,0.10005139089799103,0.02285800877978872,0.012559855725867292
27059,MISO,2027,15302.368952738334,0.13055101433946112,0.04914417515370565,0.12353074320714233,0.04472737059942965,0.007020271132318789,0.0044168045542760034
27061,MISO,2027,17541.640615383334,0.22903178882695618,0.09770661979726379,0.20804955038585946,0.08924526949342339,0.02098223844109673,0.008461350303840404
27063,MISO,2027,4292.5669838625,0.2436703028395122,0.09710739152090979,0.24178492686353045,0.0948731834694755,0.0018853759759817346,0.002234208051434289
27065,MISO,2027,6387.487604328333,0.26722361302536235,0.09530461376955524,0.22154259042544727,0.09101336736127633,0.04568102259991508,0.004291246408278909
27067,MISO,2027,16434.820742305834,0.10402774788165792,0.04520135279111294,0.09297573001389163,0.034316279968698064,0.011052017867766287,0.010885072822414875
27069,MISO,2027,1688.2253223508333,0.34207449889252534,0.16265972066608625,0.2934944806177946,0.15792289431656922,0.04858001827473074,0.004736826349517026
27071,MISO,2027,5448.476537095834,0.20348215571728961,0.10463139430678976,0.17570030732745512,0.0985873371159174,0.027781848389834496,0.006044057190872365
27073,MISO,2027,2796.577682125,0.17097600067141447,0.073755774446526,0.12798154786866944,0.0503230050230765,0.042994452802745026,0.023432769423449504
27075,MISO,2027,4837.513022858333,0.21139905651301336,0.10319061104874233,0.18463048490491324,0.09682573894824159,0.026768571608100117,0.00636487210050074
27077,MISO,2027,1585.4579707958333,0.3839964382564088,0.2499957929439015,0.35048799240705825,0.180567829529385,0.03350844584935053,0.06942796341451651
27079,MISO,2027,11093.983852969166,0.09744966240559799,0.05588033356136673,0.09241835044125543,0.04568941634803328,0.005031311964342561,0.010190917213333449
27081,MISO,2027,2395.3585170983333,0.28992421963675963,0.14520962232604884,0.24518244920727128,0.1432338167672774,0.04474177042948835,0.001975805558771443
27083,MISO,2027,9592.486386540833,0.13735062886149016,0.06645226372480363,0.10406401027377164,0.06237285568277202,0.03328661858771852,0.004079408042031614
27085,MISO,2027,14334.583948630001,0.16856952879119128,0.08250506181576561,0.12344076637861635,0.05804023038779453,0.04512876241257492,0.02446483142797108
27087,MISO,2027,1823.6280281633335,0.36379876380583875,0.20843444905327424,0.32587247752731263,0.17888255394945551,0.03792628627852612,0.029551895103818726
27089,MISO,2027,3687.84991045,0.2715838691835809,0.1444599507892282,0.21677853418478274,0.12923172897018625,0.054805334998798166,0.015228221819041932
27091,MISO,2027,8508.624117628335,0.2524772915019142,0.09128857005347875,0.24022544169981905,0.0886390194164814,0.012251849802095177,0.0026495506369973443
27093,MISO,2027,8783.251516250833,0.22801094445780876,0.09377463254442285,0.21088145811117526,0.07618203961846913,0.0171294863466335,0.01759259292595372
27095,MISO,2027,10276.049393975833,0.2012798748071618,0.07425830168699633,0.16817567464883781,0.06203896014669475,0.03310420015832399,0.012219341540301583
27097,MISO,2027,13440.4913057475,0.17104577394976483,0.08646609344448118,0.14542650141250127,0.06380621230744052,0.025619272537263565,0.022659881137040663
27099,MISO,2027,15099.276745869167,0.08993800193105402,0.04711571199514311,0.08578014494448177,0.04686512052220815,0.004157856986572242,0.0002505914729349634
27101,MISO,2027,3480.3904792825,0.36003772107394694,0.1732658906918547,0.35739778295023367,0.1666533565359905,0.00263993812371327,0.006612534155864186
27103,MISO,2027,12393.164974718333,0.14565116778238688,0.06035228822365444,0.1245642363672523,0.05127073621329792,0.02108693141513457,0.009081552010356521
27105,MISO,2027,7388.2127862433335,0.17167489997084828,0.10887400217673888,0.16934624283285934,0.10858519102419964,0.0023286571379889376,0.00028881115253924505
27107,MISO,2027,2608.6238727708333,0.2408131606832917,0.14347133120228825,0.20804094096755313,0.11915410834500409,0.03277221971573857,0.02431722285728416
27109,MISO,2027,63411.11019054,0.058952973537832735,0.026378581020221198,0.057105115987561565,0.017122894642054635,0.0018478575502711703,0.009255686378166563
27111,MISO,2027,24172.569129024167,0.1523072786341485,0.06997794108411291,0.13666960473310957,0.05659437951507999,0.01563767390103893,0.01338356156903292
27113,MISO,2027,5957.608540588333,0.25778736201212404,0.10923225856450812,0.21241574849638054,0.08803682629588679,0.04537161351574351,0.021195432268621334
27115,MISO,2027,11172.209202523332,0.22607244711938537,0.10312468665565702,0.20028573436342198,0.09911157495450781,0.025786712755963392,0.004013111701149208
27117,MISO,2027,3829.0824632333333,0.24876879340170027,0.12617207756072812,0.24160884295776297,0.12585287870258496,0.007159950443937302,0.0003191988581431604
27119,MISO,2027,11996.109640995834,0.28915898473429696,0.13213224522707998,0.21994437669781686,0.118132356269797,0.06921460803648011,0.013999888957282977
27121,MISO,2027,4804.753283909166,0.20956731704666565,0.07953306935562887,0.15405686608278168,0.07038196079633706,0.05551045096388396,0.009151108559291812
27123,MISO,2027,212464.01918350667,0.06619177604989374,0.02200761430309033,0.056271648806436765,0.018654174209697602,0.00992012724345697,0.0033534400933927268
27125,MISO,2027,1610.1242651966666,0.20578650216811803,0.13343696700148214,0.19878218079029625,0.12149846911522195,0.007004321377821782,0.011938497886260183
27127,MISO,2027,5931.407547675,0.3389536567923186,0.17843130653754954,0.2794012974756907,0.1403570108160353,0.05955235931662789,0.038074295721514245
27129,MISO,2027,5807.616984971666,0.45629726251158104,0.20787518703681468,0.3761203085465108,0.14133366113313078,0.08017695396507024,0.0665415259036839
27131,MISO,2027,22053.813363566667,0.08663307592420721,0.04119602898170022,0.07861755438714586,0.039232815732835984,0.008015521537061351,0.001963213248864233
27133,MISO,2027,3816.4257702,0.2990175266204719,0.12987445945067036,0.2832693978385295,0.1266015432889396,0.015748128781942372,0.0032729161617307545
27135,MISO,2027,5664.0760651049995,0.32351605117527626,0.14116574534623788,0.2685045309918768,0.12543966921140365,0.05501152018339944,0.015726076134834233
27137,MISO,2027,83681.71071696334,0.15230135788695254,0.08679914101840809,0.1253280662254058,0.07896260882314313,0.026973291661546744,0.007836532195264964
27139,MISO,2027,51303.06033918666,0.03769767645705313,0.014842165966787722,0.0340142716724463,0.013787529199397736,0.003683404784606832,0.001054636767389986
27141,MISO,2027,33288.806698390836,0.06178250282136884,0.031378408311959496,0.055997087856364695,0.016810570628246167,0.005785414965004142,0.01456783768371333
27143,MISO,2027,5712.814970596666,0.23826722758614055,0.1035379524404392,0.20471615294666534,0.08645900690620119,0.03355107463947521,0.017078945534238013
27145,MISO,2027,58867.05061957417,0.11071250949319222,0.046040663922478325,0.09987246288495179,0.041256436692149116,0.010840046608240436,0.004784227230329209
27147,MISO,2027,14541.437418163332,0.0727567274036125,0.03780962755602492,0.06512747472454601,0.03368038981803719,0.007629252679066487,0.004129237737987727
27149,MISO,2027,3691.2856137991666,0.1564886890400515,0.0536625724226905,0.13369805137043445,0.04639778184861917,0.02279063766961706,0.007264790574071332
27151,MISO,2027,4024.677264665,0.2764579562634273,0.12361146522342992,0.20705142498016643,0.08264867877822761,0.06940653128326085,0.04096278644520231
27153,MISO,2027,9560.50066513,0.2608180612555567,0.11442594149192407,0.22830627885012764,0.095882930187182,0.03251178240542904,0.018543011304742077
27155,MISO,2027,1392.2160205333334,0.4613015612810378,0.23333282425025953,0.38819814474717385,0.18400514073972316,0.07310341653386393,0.049327683510536374
27157,MISO,2027,8954.798220530833,0.15521566404012246,0.07380149502771158,0.13466212254103146,0.06020796766072075,0.020553541499091,0.013593527366990828
27159,MISO,2027,5647.303586095833,0.2710022330522293,0.1269124883603057,0.23351316801868172,0.11236147450672315,0.0374890650335476,0.01455101385358254
27161,MISO,2027,7279.8464098475,0.10592312806859797,0.051525133100922695,0.09734041028069498,0.03825103898666363,0.008582717787902983,0.013274094114259068
27163,MISO,2027,98412.09299001333,0.03961421960324815,0.02690045521880439,0.03457036622181425,0.014988592004809335,0.005043853381433899,0.011911863213995056
27165,MISO,2027,4072.885415225,0.2553351781822837,0.12039565348793663,0.24975674456982108,0.11239925969589551,0.005578433612462602,0.007996393792041118
27167,MISO,2027,2584.059975643333,0.15041684261439475,0.07623485652687129,0.12107901576520977,0.06753900326102787,0.029337826849184984,0.00869585326584342
27169,MISO,2027,19611.862048659998,0.1303882256547666,0.053796234538045155,0.11850336281010918,0.04629269823384936,0.011884862844657423,0.007503536304195799
27171,MISO,2027,49541.01582731833,0.06634168231932289,0.02030618143610213,0.05815339466758599,0.014671024692988735,0.008188287651736896,0.005635156743113394
27173,MISO,2027,3926.09278723,0.21871906283639275,0.08605062665326364,0.1713950802377999,0.06330383735072605,0.047323982598592856,0.022746789302537596
29001,MISO,2027,8574.200334841666,0.30332428733985567,0.18860426405834954,0.29963978660319507,0.18675265967776528,0.003684500736660601,0.0018516043805842652
29007,MISO,2027,8813.9755704375,0.21073663763280312,0.09913238472911903,0.19194364957494334,0.09913238472911903,0.018792988057859783,0.0
29019,MISO,2027,73107.60655890833,0.12374264230752598,0.061046307665270506,0.12236334414429385,0.05970736374948078,0.0013792981632321233,0.001338943915789724
29025,MISO,2027,3410.5416178758333,0.20894272690711096,0.12048168094097517,0.2024354148767647,0.1190861554844356,0.006507312030346268,0.0013955254565395647
29027,MISO,2027,15641.421081412498,0.16405622539956186,0.0695201275893897,0.15475967728889817,0.06902345890694933,0.009296548110663688,0.0004966686824403738
29029,MISO,2027,16123.793881664165,0.14978445283503797,0.1004398925331907,0.14046323267671992,0.09804579304808765,0.009321220158318044,0.0023940994851030517
29031,MISO,2027,30889.718558529166,0.16583705819781736,0.09018879846583877,0.1561992574788098,0.08607625485468125,0.00963780071900755,0.004112543611157524
29045,MISO,2027,2277.90236405,0.31316530410424637,0.12733612746544093,0.31316530410424637,0.09352854621274288,0.0,0.033807581252698046
29047,MISO,2027,98151.435979195,0.06885738645461671,0.040756700507227184,0.06334686044341656,0.040756700507227184,0.005510526011200154,0.0
29049,MISO,2027,7887.991133896667,0.17833654552551226,0.11343189705763025,0.16591879890951017,0.11187046047752654,0.01241774661600209,0.0015614365801037144
29051,MISO,2027,29305.35318980833,0.07990651119130845,0.04404573687833593,0.0730347303085401,0.04404573687833593,0.006871780882768352,0.0
29053,MISO,2027,6050.549321225833,0.20146161399450283,0.09151286607689704,0.17709422683356382,0.09113374831366305,0.024367387160939002,0.00037911776323398816
29063,MISO,2027,3586.2714617166666,0.20809294649280133,0.07610575035574275,0.20574950333750341,0.07289811668491437,0.002343443155297914,0.0032076336708283804
29069,MISO,2027,11030.351996854166,0.34202400264977495,0.17408640743945858,0.32830416856101147,0.1592901024827766,0.013719834088763483,0.014796304956681966
29071,MISO,2027,40581.811151104164,0.12118224112293048,0.06294868756649437,0.11618687721371065,0.054889334023051004,0.004995363909219827,0.008059353543443365
29073,MISO,2027,5865.083543488333,0.21857981398036844,0.08550619735248635,0.20670917508330938,0.0849558265036487,0.011870638897059055,0.0005503708488376474
29089,MISO,2027,3300.402380708333,0.24025824875147003,0.09085244795887974,0.23331030236472922,0.09062723148093005,0.0069479463867408164,0.00022521647794969402
29093,MISO,2027,3784.1450945541665,0.23044427884362254,0.1042062702475803,0.21237415243689278,0.10405223281364602,0.018070126406729753,0.00015403743393427316
29099,MISO,2027,84897.97339057083,0.08838996727451263,0.054225840101282154,0.08517263532780757,0.04481581832343923,0.0032173319467050654,0.009410021777842927
29103,MISO,2027,1144.3478573375,0.3307152606198749,0.19523238899123405,0.32822340886848994,0.19100207891203907,0.0024918517513849436,0.004230310079194971
29111,MISO,2027,3285.099256775,0.28950853042626123,0.15656081037408554,0.28340312180216287,0.15477711593915616,0.006105408624098363,0.0017836944349293726
29113,MISO,2027,21753.277692804164,0.1311108913265112,0.10301856273524415,0.1307890990984378,0.10301856273524415,0.0003217922280733809,0.0
29115,MISO,2027,4724.187923395833,0.26963853688392625,0.10944817734392019,0.26774049890285295,0.10832044443622849,0.0018980379810732972,0.0011277329076917059
29121,MISO,2027,5788.0863867875,0.27483315390478624,0.13646500783901178,0.2634420030090994,0.1306978038979938,0.011391150895686819,0.005767203941017984
29125,MISO,2027,3498.7990993625,0.2636004599744082,0.1143149459332706,0.25105876691068557,0.10631131891590273,0.012541693063722603,0.00800362701736787
29131,MISO,2027,9893.68748085,0.22591361500590612,0.0816291816280868,0.20806315472713383,0.08145123341581431,0.017850460278772295,0.00017794821227248847
29133,MISO,2027,4555.9590927624995,0.35070859552033445,0.18196445621906507,0.3465633490395584,0.17579256086125358,0.004145246480776077,0.0061718953578114855
29135,MISO,2027,5557.2832588158335,0.13367553187279752,0.0670451348226566,0.12953343063142495,0.0658920195860283,0.00414210124137257,0.0011531152366282965
29137,MISO,2027,3369.9941472749997,0.33462290492260377,0.1845365282047138,0.3192477418133254,0.17674688919661832,0.01537516310927839,0.007789639008095484
29139,MISO,2027,4587.795988941667,0.24240053156999847,0.13099375779664266,0.23361960014771296,0.1288541795232204,0.008780931422285504,0.00213957827342226
29141,MISO,2027,7616.959287412499,0.30294215496978144,0.13947766343988147,0.3023716152714338,0.13947766343988147,0.0005705396983476385,0.0
29143,MISO,2027,6676.33391405,0.3022767497916052,0.13222198314379008,0.2853421586120704,0.12496302548283315,0.016934591179534775,0.0072589576609569245
29151,MISO,2027,5131.1008674458335,0.15675225399623416,0.05354971346319974,0.1466865330477957,0.05187181031159939,0.010065720948438467,0.0016779031516003517
29155,MISO,2027,6146.664088025,0.4028402006197982,0.23512213246269972,0.3892107541807323,0.21548119857559062,0.013629446439065884,0.019640933887109108
29163,MISO,2027,6195.6307191375,0.23927268348027136,0.10907549360283872,0.22695817334530413,0.10907549360283872,0.012314510134967233,0.0
29173,MISO,2027,3944.5235981958335,0.2880175098275403,0.14875592950735897,0.2660176798878679,0.14875592950735897,0.02199982993967242,0.0
29175,MISO,2027,8968.345854403333,0.2238962885848056,0.07788245938365818,0.18892061102575414,0.07035400909459515,0.034975677559051455,0.0075284502890630295
29183,MISO,2027,154825.17121664083,0.045511803652964276,0.026022541332469267,0.04417812902193327,0.026022541332469267,0.0013336746310310052,0.0
29187,MISO,2027,23467.750526766664,0.17935692027249825,0.08128737884780254,0.16556093822464232,0.07608628191416374,0.013795982047855926,0.005201096933638807
29189,MISO,2027,410925.59580792,0.10102479122001609,0.07844483600226422,0.10097895393264059,0.072804702676076,4.58372873755053e-05,0.005640133326188221
29197,MISO,2027,1242.8722417333333,0.34332964072455957,0.18326752209315547,0.33570935349901326,0.17246773343015204,0.007620287225546307,0.010799788663003435
29199,MISO,2027,1512.9525292791666,0.2693950420638923,0.09678939094161074,0.2637013076555359,0.09678939094161074,0.00569373440835641,0.0
29201,MISO,2027,14865.446951016667,0.2384463308116957,0.13415133024116346,0.22991544558159094,0.11271594361578023,0.008530885230104757,0.021435386625383232
29205,MISO,2027,2330.7936294249994,0.32188127994951743,0.17294786124141404,0.31657262863595065,0.1719359363887698,0.005308651313566781,0.0010119248526442304
29219,MISO,2027,12819.59942883,0.11362019168238048,0.0805033200079889,0.11137408293552073,0.06607411618728766,0.0022461087468597513,0.014429203820701245
29221,MISO,2027,8759.827449083334,0.23347774024093604,0.10527542937749332,0.21914941905629506,0.10090016235479521,0.014328321184640974,0.004375267022698109
28001,MISO,2027,11424.408591629166,0.3776821882690874,0.20083470834049597,0.3680881289862017,0.191333831775761,0.009594059282885703,0.009500876564734972
28005,MISO,2027,5729.492320525,0.40611611118338237,0.1688193987292699,0.38264325079473693,0.16854063581090828,0.023472860388645433,0.0002787629183616247
28007,MISO,2027,6227.723299333333,0.4381527912576712,0.23187093987400617,0.39919309834627614,0.1993215406877311,0.03895969291139506,0.03254939918627506
28011,MISO,2027,11504.9766223125,0.4022231169057364,0.2353645125828356,0.3841900820234545,0.21560306651501776,0.018033034882281918,0.01976144606781785
28015,MISO,2027,3928.287986595833,0.35773800363844166,0.16770259760051034,0.30841765067587923,0.15757257969620075,0.04932035296256243,0.01013001790430959
28021,MISO,2027,2477.1981455,0.4022496563682065,0.18347791535192715,0.3767847466786342,0.18011868672160955,0.025464909689572268,0.0033592286303175956
28027,MISO,2027,8108.285159758334,0.534512966862343,0.34438265798227785,0.5032430996883912,0.31473382877024114,0.03126986717395175,0.02964882921203671
28029,MISO,2027,9577.368846284166,0.27534135125064024,0.1625269326419009,0.2685534467621101,0.15343188122105797,0.0067879044885301165,0.009095051420842937
28031,MISO,2027,6749.850779720833,0.4036460466754226,0.23853593193247227,0.3595497138802982,0.22752320193158657,0.04409633279512437,0.011012730000885707
28033,MISO,2027,67433.12293039085,0.12044695889785566,0.07738346287289848,0.11102895486216714,0.07349491586821387,0.009418004035688515,0.003888547004684606
28035,MISO,2027,28772.339570124997,0.251086668045539,0.11516076135145997,0.22275393653266815,0.10992034296168965,0.02833273151287083,0.005240418389770324
28037,MISO,2027,2909.037181220833,0.37809019209467376,0.15685927308550282,0.3372323927482296,0.13843162452069382,0.04085779934644418,0.018427648564808996
28039,MISO,2027,8748.133655420834,0.2187767679816156,0.11512153881113206,0.1934698513280867,0.1123184720124435,0.02530691665352891,0.0028030667986885666
28041,MISO,2027,3821.801201308333,0.30174371637389685,0.1523460667677274,0.22639474897978304,0.1494761018651194,0.07534896739411381,0.0028699649026080187
28043,MISO,2027,8231.2616513875,0.3225894371113701,0.17176892100678198,0.29281665572418253,0.167574284885091,0.029772781387187586,0.004194636121690992
28045,MISO,2027,19017.921029404166,0.17744098105185432,0.07860963561076853,0.1275492047092681,0.07498220742903727,0.049891776342586236,0.003627428181731257
28047,MISO,2027,78774.84373903833,0.17146687459081203,0.1168844464592321,0.15428043456211663,0.10989276537288731,0.017186440028695404,0.006991681086344792
28049,MISO,2027,88550.03062125834,0.2798259546584282,0.13941795175866986,0.23885909856017887,0.13589785267564555,0.04096685609824932,0.0035200990830243084
28051,MISO,2027,5613.9320853875,0.544566936379729,0.3450092152372929,0.4994479277884123,0.32261276948706696,0.04511900859131668,0.022396445750225924
28053,MISO,2027,2918.7746465875,0.5527589295701388,0.2599665950214654,0.5041944573783376,0.2439779950149885,0.04856447219180127,0.015988600006476894
28055,MISO,2027,356.9229337875,0.6068091326164178,0.45871938715901583,0.6002443488684643,0.3838848413186458,0.00656478374795344,0.07483454584037003
28059,MISO,2027,53980.201243744166,0.1871549539950998,0.10850618170059396,0.14445873317065566,0.10164108060868306,0.04269622082444413,0.006865101091910908
28061,MISO,2027,6276.837016183334,0.2970000927148576,0.1243097486687834,0.26876220663244854,0.11615390988517134,0.02823788608240907,0.008155838783612063
28063,MISO,2027,2495.7167553166664,0.46277953723029225,0.1675379638237886,0.3835798678752175,0.15857398069054982,0.07919966935507478,0.00896398313323879
28065,MISO,2027,4319.2742489,0.38809170172942076,0.15583385243398637,0.35002204817781396,0.1551112773391554,0.0380696535516068,0.0007225750948309795
28067,MISO,2027,23606.575387004166,0.27560655939277284,0.11005966584937109,0.2438449340285208,0.10601960683178184,0.03176162536425203,0.004040059017589248
28073,MISO,2027,24256.470963825,0.13180904643503277,0.08576003172764507,0.11661292639952196,0.08367272788919683,0.01519612003551081,0.00208730383844824
28077,MISO,2027,4411.067687491666,0.2919051508269182,0.14268201210326337,0.287660775996816,0.140219966954694,0.004244374830102204,0.002462045148569375
28083,MISO,2027,9542.145551866666,0.4235270383251927,0.2724783753451068,0.40416379106860245,0.23791811617706737,0.01936324725659022,0.03456025916803945
28085,MISO,2027,12862.8369668875,0.29547955208228166,0.1555906441500421,0.27239864151073095,0.15446614377448462,0.023080910571550706,0.0011245003755574745
28089,MISO,2027,41343.383816170826,0.12445067342693811,0.06081661400458982,0.10317328668287272,0.05639876572233191,0.021277386744065388,0.0044178482822579065
28091,MISO,2027,8926.573698170832,0.32992853976494485,0.14384012129944562,0.2594530284857503,0.14341024079548623,0.07047551127919455,0.0004298805039593956
28097,MISO,2027,3758.2294217625,0.3505849882004881,0.18546487327396444,0.3147844912718747,0.16915068910012734,0.03580049692861342,0.016314184173837093
28109,MISO,2027,20822.5998506375,0.21903494792512015,0.09264142404445112,0.16818068940393552,0.09120313582805038,0.050854258521184637,0.0014382882164007404
28111,MISO,2027,4442.217694966667,0.2109831378328851,0.10046866927091219,0.18109357394539763,0.08619053560991069,0.02988956388748748,0.014278133661001502
28113,MISO,2027,14339.243297016666,0.33501649082483076,0.20456134635589693,0.32440682231039675,0.1937989772755187,0.010609668514434012,0.010762369080378226
28119,MISO,2027,2602.5199830625,0.49367957703304144,0.2572396452791895,0.45406890810763867,0.2337175342697683,0.03961066892540277,0.023522111009421226
28121,MISO,2027,58122.153365274164,0.10125420850968167,0.06300380609593907,0.09083791541763928,0.05928069267482449,0.010416293092042395,0.003723113421114581
28125,MISO,2027,1309.4856947541666,0.41657207498353577,0.19514739900904915,0.39522011062428974,0.15859653256641465,0.021351964359246023,0.0365508664426345
28127,MISO,2027,9292.243053975002,0.22036489863435602,0.10730604069256004,0.2015515576182293,0.08616400549578083,0.018813341016126722,0.021142035196779208
28129,MISO,2027,5394.015598929167,0.3282540459810384,0.16332416127897856,0.32242894550649814,0.14006355785211635,0.005825100474540268,0.023260603426862203
28131,MISO,2027,6352.8924760875,0.22075757263517348,0.09951780797889354,0.17735006959350405,0.06555575220147389,0.04340750304166943,0.03396205577741965
28133,MISO,2027,8045.0999023625,0.39265561947961036,0.1984372789430734,0.3762459584009581,0.19070323066460168,0.01640966107865227,0.007734048278471711
28137,MISO,2027,10289.61831355,0.2489775827853615,0.10102418839460635,0.21986647218366462,0.09398128449460758,0.029111110601696882,0.007042903899998773
28143,MISO,2027,3415.004187841667,0.3408408317203699,0.20738250405268185,0.32772559213873403,0.18241131053889115,0.013115239581635851,0.024971193513790707
28147,MISO,2027,5215.031036279167,0.349161336842846,0.17612885259969857,0.3256986980008215,0.17560254093090777,0.023462638842024486,0.000526311668790802
28149,MISO,2027,16463.006136895834,0.21802679417738416,0.1253795776498973,0.20585333711855958,0.11807677581901596,0.012173457058824583,0.007302801830881334
28151,MISO,2027,16941.00142145,0.44332953271821235,0.2260337417303782,0.4151540939997666,0.1969266944006287,0.028175438718445744,0.029107047329749502
28153,MISO,2027,7194.901463620834,0.3920444141573375,0.17001958929959,0.35036630024750176,0.16338119499996,0.04167811390983572,0.006638394299629979
28157,MISO,2027,3179.0358022291666,0.36888602802754156,0.09637166761700876,0.3081384268975858,0.08878888500628863,0.06074760112995575,0.0075827826107201235
28163,MISO,2027,8279.773387408335,0.42622343322576467,0.22249773759025218,0.37556792419532786,0.19127855364326946,0.05065550903043681,0.031219183946982726
30017,MISO,2027,4707.411732578334,0.16598290097756274,0.1224058350727475,0.15117875427626498,0.10680782216007983,0.01480414670129776,0.015598012912667658
30019,MISO,2027,698.5705627291667,0.5661740174783729,0.37838940419248734,0.5336224143120042,0.3393643840055585,0.03255160316636874,0.03902502018692883
30021,MISO,2027,3700.7947277041667,0.08939370618314002,0.055051037319504253,0.08527471310217104,0.046952334835242644,0.004118993080968983,0.00809870248426161
30025,MISO,2027,1137.9200489,0.30199532886971703,0.21249596498196766,0.28118124658022564,0.18708478276289553,0.020814082289491387,0.025411182219072126
30055,MISO,2027,772.2936121758332,0.29916232653395386,0.15366327993743337,0.2726966287428658,0.1341822282920894,0.02646569779108804,0.019481051645343972
30079,MISO,2027,466.304513625,0.37302269809762884,0.24946415105591077,0.36230444881746127,0.21334419243366806,0.010718249280167569,0.03611995862224271
30083,MISO,2027,4322.628225803333,0.16554589651770127,0.11141471203718045,0.156034199242596,0.10351052977038752,0.009511697275105258,0.00790418226679293
30085,MISO,2027,2994.8861414325,0.32462654729559737,0.204264419422099,0.31038191612476834,0.19681944570010357,0.014244631170829025,0.007444973721995429
30091,MISO,2027,1385.2617410025,0.4876361944725175,0.32567396717762415,0.45041826488217,0.25807386924373893,0.037217929590347476,0.06760009793388522
30105,MISO,2027,2730.441276639167,0.22275553834664805,0.13400729235130918,0.20725343927522374,0.128409627080461,0.015502099071424302,0.005597665270848179
30109,MISO,2027,457.70992948,0.28982974076298673,0.17467140694688976,0.25210628245730926,0.160050505372969,0.03772345830567747,0.014620901573920764
37013,PJM,2027,18548.7561029,0.290635773875361,0.1571672413733563,0.19707616009374765,0.13292690078385788,0.09355961378161334,0.02424034058949842
37015,PJM,2027,6850.2691866458335,0.4834625287447934,0.2860822049639873,0.39073230820214633,0.23726974579666246,0.09273022054264707,0.04881245916732482
37029,PJM,2027,3842.0881747000003,0.18115633089468253,0.05479468500609612,0.08100490788214879,0.0452190012714199,0.10015142301253374,0.009575683734676217
37041,PJM,2027,5999.616533479167,0.3551400393324097,0.2044749155057411,0.27255676955005254,0.16350624271236566,0.08258326978235714,0.04096867279337543
37049,PJM,2027,40161.6283435,0.1611365173913544,0.09886067228191943,0.1174355038097162,0.0836791908402891,0.04370101358163821,0.015181481441630326
37053,PJM,2027,10942.13104403,0.10830363838738458,0.07547305434610997,0.10072156116194943,0.059232888077161795,0.007582077225435149,0.016240166268948177
37055,PJM,2027,15926.180258133336,0.09253357023345632,0.044035811650662976,0.05775148773910311,0.030297716434354173,0.03478208249435321,0.013738095216308803
37065,PJM,2027,18899.6650035875,0.3440688608944384,0.18865786727294848,0.25267630043628764,0.11806902827275481,0.09139256045815075,0.07058883900019366
37073,PJM,2027,4068.242430258333,0.32042628722179095,0.14451324477222321,0.19492611721633415,0.11505905492652177,0.1255001700054568,0.029454189845701445
37083,PJM,2027,19661.826498008333,0.41498857748655,0.2576028455433541,0.34541955076484343,0.2048230028679994,0.06956902672170656,0.05277984267535471
37091,PJM,2027,8251.081728816665,0.41831295838204446,0.21030505841208386,0.3232447883951583,0.1464777467192372,0.09506816998688616,0.06382731169284667
37095,PJM,2027,1772.983998275,0.3841561770627952,0.19477056125820227,0.2868264937029564,0.16072189704273246,0.09732968335983883,0.034048664215469815
37117,PJM,2027,9060.079656570833,0.3758923498657366,0.19908597156438976,0.274685280133373,0.15456214423671186,0.1012070697323636,0.0445238273276779
37119,CITY,2027,444854.9140359084,0.08541667321169456,0.04613141394110836,0.07878597426261676,0.0380814170503372,0.006630698949077807,0.008049996890771162
37131,PJM,2027,7396.048073116666,0.42136923981440977,0.2588814419843704,0.32050457581692376,0.1763643692151302,0.100864663997486,0.0825170727692402
37137,PJM,2027,5060.681303905,0.3002435534864081,0.14726253211201815,0.19947390957044747,0.12165033416711875,0.1007696439159606,0.025612197944899398
37139,PJM,2027,15052.069630233333,0.22543128471213428,0.09467135434736294,0.12295880590229348,0.06956905371482575,0.1024724788098408,0.025102300632537197
37143,PJM,2027,5381.987204675,0.26037462245037457,0.11953417218185587,0.17971859092721656,0.09143281085873231,0.080656031523158,0.02810136132312356
37177,PJM,2027,1342.882513375,0.3280310699931561,0.13226249912171945,0.22275418848993073,0.07900886195485445,0.1052768815032254,0.053253637166865
37187,PJM,2027,4798.602914825,0.45177585001145293,0.21240885603325754,0.3223340278698059,0.18383376880463084,0.129441822141647,0.0285750872286267
38001,MISO,2027,982.8829442158333,0.26242575430226045,0.1447753785457413,0.24177819587959964,0.14416898147831075,0.020647558422660806,0.0006063970674305419
38003,MISO,2027,4666.479500219167,0.1510177878509703,0.07200917557855294,0.11610082653948324,0.06448331268376245,0.03491696131148707,0.007525862894790486
38005,MISO,2027,1785.0475647399999,0.40183260692849376,0.20464156287148583,0.36979655754223395,0.2008089842238333,0.03203604938625981,0.003832578647652518
38007,MISO,2027,313.5195177933333,0.17074211211826384,0.09339294367621438,0.1388631126798461,0.08416314828622691,0.03187899943841774,0.009229795389987472
38009,MISO,2027,2533.1964515125,0.1906137344839021,0.06318225921684972,0.17172901413854416,0.05840385780318412,0.01888472034535793,0.004778401413665603
38011,MISO,2027,1173.7892680925002,0.0929553735475696,0.03559819285782323,0.07784279863552662,0.029367143771344202,0.015112574912042973,0.006231049086479028
38013,MISO,2027,940.3621605583332,0.14081788965368058,0.08230236175430665,0.13835171490321024,0.07554358643711785,0.00246617475047034,0.006758775317188798
38015,MISO,2027,38501.18236611833,0.04416514231170008,0.026771033000890745,0.0384246225526801,0.019157095484745628,0.005740519759019978,0.007613937516145117
38017,MISO,2027,77201.52990198751,0.05666143993100735,0.01234401237635058,0.04334233068558473,0.011677719660839568,0.013319109245422615,0.0006662927155110122
38019,MISO,2027,1497.7792380041667,0.26452013752236153,0.13486511909625723,0.221361968891892,0.08188302723888617,0.043158168630469534,0.05298209185737106
38021,MISO,2027,1866.1009070458333,0.3213425082949914,0.11972894356118499,0.21890665824444624,0.10155655756089221,0.10243585005054515,0.01817238600029278
38023,MISO,2027,873.9692380583333,0.3214368733407863,0.13339949410845475,0.2749616055915772,0.09964770902976246,0.046475267749209126,0.033751785078692295
38025,MISO,2027,1457.8300404249999,0.15349244582134716,0.06971867757554434,0.12268255221497561,0.06830712757112813,0.030809893606371555,0.001411550004416215
38027,MISO,2027,1046.5690943683335,0.23381303500019607,0.11501078705429235,0.17853376950976543,0.09948652900887446,0.055279265490430635,0.01552425804541789
38029,MISO,2027,1435.9576901758332,0.26268199287413896,0.15646246550678108,0.22754136221450277,0.1342436180447133,0.035140630659636185,0.022218847462067787
38031,MISO,2027,1456.7548195516667,0.2045047119179508,0.10851985991219837,0.15912028882492768,0.09935039077786753,0.045384423093023124,0.009169469134330838
38033,MISO,2027,645.5233436833333,0.29617689462100905,0.135226920238465,0.25448036115961975,0.1103363506400782,0.041696533461389296,0.0248905695983868
38035,MISO,2027,29156.009784589998,0.12007176503974054,0.05759144067612266,0.08743621559916127,0.03635489023988102,0.03263554944057927,0.02123655043624164
38037,MISO,2027,1027.83723035,0.4205076941133526,0.23588900347328232,0.35844647209319686,0.22288025039268647,0.06206122202015574,0.013008753080595847
38039,MISO,2027,893.3418977833333,0.189578349709742,0.12104259673701387,0.17669624245395488,0.11005185746048811,0.012882107255787117,0.01099073927652576
38041,MISO,2027,1042.6464601233333,0.2455237615535747,0.13298000984462727,0.22015375730316838,0.1271532629727477,0.02537000425040631,0.005826746871879562
38043,MISO,2027,1046.9481251166667,0.2940401331957384,0.1285277642815446,0.2490735657168064,0.11610943329351099,0.04496656747893202,0.012418330988033618
38045,MISO,2027,1677.4349564575,0.28351003598235947,0.11651690548075129,0.18990611908001634,0.11504174290163557,0.09360391690234313,0.0014751625791157158
38047,MISO,2027,742.3977873325,0.4613102972550317,0.24072638297293994,0.4066373889255586,0.20414880455741516,0.05467290832947308,0.03657757841552478
38049,MISO,2027,2259.9656230858336,0.25030659248594916,0.12423373579681653,0.22563725909927232,0.11347079913536384,0.024669333386676845,0.010762936661452685
38051,MISO,2027,1145.2925591083333,0.4346651562964632,0.23733129975973455,0.3554240918046184,0.22295534672712955,0.07924106449184476,0.014375953032604999
38053,MISO,2027,5248.002428741666,0.1105357462240652,0.06673909826879533,0.0973806329809958,0.06502295929548327,0.013155113243069408,0.0017161389733120619
38055,MISO,2027,4108.86439691,0.13025237622244557,0.07858795861808032,0.11934209925263868,0.0681623141081564,0.010910276969806884,0.01042564450992392
38057,MISO,2027,3464.6751419800003,0.234646183641785,0.08974896869137068,0.20123553103520897,0.0660932085143396,0.033410652606576025,0.023655760177031082
38059,MISO,2027,12825.401206399165,0.09220942822669256,0.03246219181852462,0.05945709031682046,0.02859099112746468,0.0327523379098721,0.0038712006910599367
38061,MISO,2027,3449.8607125424996,0.1403152389713676,0.06963664289785645,0.13155917782272167,0.057937985955484946,0.008756061148645938,0.011698656942371509
38063,MISO,2027,1272.6705460733333,0.3074317627073103,0.1657400218520594,0.3008333329899128,0.139518353391752,0.0065984297173974915,0.026221668460307407
38065,MISO,2027,654.5842533666666,0.21143997959491398,0.07406109749406228,0.20616275870664277,0.06594665912189747,0.005277220888271206,0.008114438372164814
38067,MISO,2027,2856.890848135833,0.22439710827972784,0.11127524911301237,0.18315900072238983,0.08148658523661761,0.041238107557338005,0.029788663876394755
38069,MISO,2027,1646.0866367066667,0.274634266015586,0.12921280776501182,0.2199602127490298,0.12021024304805673,0.054674053266556194,0.009002564716955083
38071,MISO,2027,4847.34856619,0.12853480276154025,0.06004179845005299,0.09529683365465384,0.05156311140624012,0.03323796910688641,0.008478687043812869
38073,MISO,2027,2281.5420184591667,0.17435690483921995,0.06267431845133,0.15778965283048388,0.05978267295822811,0.016567252008736072,0.002891645493101884
38075,MISO,2027,834.8072658266667,0.14748089570480977,0.07576826831084765,0.1463017516313268,0.0704656268295434,0.0011791440734829628,0.005302641481304257
38077,MISO,2027,6604.444519288334,0.17057039137734922,0.07099065808926729,0.11485255170459109,0.0702910056004766,0.05571783967275813,0.0006996524887906835
38079,MISO,2027,3591.2635256608332,0.39164024522688234,0.19009150263514782,0.3100359049651709,0.17949831220421184,0.08160434026171143,0.010593190430935984
38081,MISO,2027,1681.8736181966665,0.1600749123178283,0.06621871419075338,0.12744449948761602,0.05469321522324814,0.032630412830212285,0.011525498967505245
38083,MISO,2027,632.8953209625,0.22348670446780056,0.07041374892859074,0.19389432092294515,0.055075332529435236,0.02959238354485541,0.015338416399155508
38085,MISO,2027,984.6968641999999,0.5107725618595507,0.3542147903592359,0.45719223248458346,0.28677889029441544,0.053580329374967206,0.06743590006482048
38087,MISO,2027,345.71504106833333,0.22092160469013852,0.11514736108573957,0.20398306579433576,0.10706724628068393,0.01693853889580277,0.008080114805055646
38089,MISO,2027,12657.979312165,0.10522774142235361,0.04247561142967089,0.084370444996459,0.028099916489553574,0.02085729642589461,0.014375694940117319
38091,MISO,2027,672.0441820433333,0.16524704824318526,0.0956993076821047,0.13973647637938297,0.0662632204695265,0.02551057186380229,0.029436087212578205
38093,MISO,2027,8530.547973094166,0.12864129563300444,0.06529709484395058,0.11284715783475031,0.055708879306529964,0.01579413779825413,0.009588215537420612
38095,MISO,2027,946.6758600225,0.3045029671171173,0.17655999775117753,0.2894933488922172,0.17352993101858777,0.015009618224900101,0.0030300667325897646
38097,MISO,2027,3151.958879558333,0.20780705472172326,0.08073869337692405,0.15691685738435296,0.057980255859897085,0.050890197337370296,0.022758437517026962
38099,MISO,2027,4339.4189757325,0.25978142077950506,0.11364911848117916,0.2009848744948883,0.09229084785324981,0.05879654628461675,0.021358270627929346
38101,MISO,2027,27342.414979945002,0.0898727255386572,0.048968440389911744,0.07026965817238863,0.0378249229539007,0.019603067366268573,0.011143517436011045
38103,MISO,2027,1761.0028403666668,0.2768202941381017,0.11030965669418595,0.20519292619734178,0.09172251005268212,0.07162736794075994,0.018587146641503835
38105,MISO,2027,15112.788824708334,0.07099084075375516,0.04823128750344335,0.06556338689576416,0.04667642579244121,0.0054274538579909964,0.0015548617110021368
34003,PJM,2027,348084.2841913567,0.0478232965373276,0.011931805874838356,0.04231245535470148,0.00740157256906489,0.005510841182626118,0.004530233305773466
34013,PJM,2027,309404.1963075908,0.11979437299229403,0.041103135171348434,0.08597379021517133,0.02409036725378914,0.0338205827771227,0.017012767917559294
34017,PJM,2027,286717.64669785084,0.04159752597057733,0.014856993027164554,0.03234174036952004,0.009691241966060547,0.00925578560105729,0.005165751061104007
34019,PJM,2027,48554.30528268,0.07413808837443583,0.02510715184539683,0.07195542582817954,0.022996082015373665,0.002182662546256292,0.002111069830023165
34021,PJM,2027,137458.78343157418,0.08988979120701865,0.029493172618507823,0.07523615690971658,0.022368121741323455,0.01465363429730207,0.007125050877184368
34023,PJM,2027,299613.03604104335,0.05626818620227603,0.010507945739724259,0.04619324531427956,0.008411072656914638,0.010074940887996466,0.002096873082809621
34025,PJM,2027,245439.1402574325,0.07909414953413134,0.050857299570283204,0.07517468484559657,0.05006000796138815,0.003919464688534768,0.000797291608895051
34027,PJM,2027,187181.66443256498,0.06726765105363919,0.03315217993844398,0.06338510081205208,0.02857510754364581,0.00388255024158711,0.004577072394798168
34029,PJM,2027,237582.00231037583,0.11877108302008357,0.07355758605704275,0.1124742941791274,0.04958437150436397,0.006296788840956177,0.023973214552678784
34035,PJM,2027,126026.80030045667,0.04308763124193187,0.014411376553902339,0.039986298631977606,0.011262617551420847,0.003101332609954266,0.0031487590024814917
34037,PJM,2027,54692.66996840249,0.09485540028085776,0.04493773356258868,0.07711864606796041,0.04350196934707254,0.017736754212897346,0.0014357642155161388
34039,PJM,2027,197501.46860815416,0.048609680814007024,0.01493679532194393,0.04587892775608064,0.014615405661161533,0.0027307530579263814,0.0003213896607823976
34041,PJM,2027,42999.22465213333,0.09735031778279951,0.03548502093159562,0.09061931055013445,0.03139493057711117,0.006731007232665065,0.004090090354484446
32003,CAISO,2027,829555.1195999675,0.12584486035788922,0.0970646688315357,0.11620074802997409,0.08575994953329837,0.009644112327915136,0.011304719298237328
32031,CITY,2027,190307.79448148998,0.07836072513858837,0.03326727791326721,0.07097770791310809,0.03147726092458767,0.007383017225480279,0.0017900169886795395
39001,PJM,2027,9935.582033983334,0.28575076801339566,0.16318674990262644,0.23762223651147335,0.1391740997301819,0.04812853150192231,0.024012650172444527
39003,PJM,2027,39719.68821121083,0.12705145811793697,0.07544586509493352,0.11603226725717807,0.06587756657255073,0.011019190860758907,0.009568298522382793
39005,PJM,2027,20099.770798415833,0.12458207201206126,0.06433538588258021,0.09271498110554122,0.055429337103078284,0.03186709090652004,0.008906048779501928
39007,PJM,2027,37556.36626955167,0.15123295978740517,0.0893976933718162,0.13787365363123155,0.08264975676795479,0.013359306156173617,0.006747936603861415
39009,PJM,2027,21861.093704383333,0.2662830799146442,0.13014778954065712,0.16212562744029207,0.09483589375879682,0.10415745247435215,0.035311895781860295
39013,PJM,2027,25547.076800837494,0.22661277791556225,0.08857887597016507,0.1466636014497819,0.07774833570103619,0.07994917646578034,0.010830540269128885
39015,PJM,2027,16502.384022916667,0.15958402911403782,0.07045290274713971,0.15142500943690984,0.05813906677545175,0.008159019677127982,0.012313835971687961
39017,PJM,2027,142865.12714328,0.09757664136564195,0.0522819227995183,0.0938448558054146,0.04555027206549776,0.003731785560227352,0.0067316507340205375
39019,PJM,2027,10846.25764018,0.1771023042051263,0.08251622903948283,0.1347108971522721,0.06921463216206078,0.042391407052854185,0.01330159687742205
39023,PJM,2027,54545.63829557,0.14129013813432167,0.08584992470027887,0.11108627777466937,0.07011176565906879,0.030203860359652307,0.01573815904121008
39025,PJM,2027,81499.75702188333,0.08275623242563597,0.025775873059669833,0.07160690639863507,0.0239992915586012,0.011149326027000903,0.0017765815010686338
39029,PJM,2027,40121.973247154165,0.17199425888567102,0.09051017843163393,0.15096464712690288,0.08426742859335756,0.021029611758768135,0.006242749838276371
39031,PJM,2027,14285.908059116666,0.2159770606239255,0.12107729311295072,0.1661200928023173,0.09690333020371532,0.0498569678216082,0.024173962909235402
39033,PJM,2027,17730.987162354166,0.18565378204434804,0.08298207848177586,0.1348112902879382,0.07033606263579577,0.05084249175640984,0.012646015845980088
39035,PJM,2027,549405.3229222941,0.12702859461281713,0.10020749904044593,0.11332074499459728,0.09469232216680729,0.013707849618219844,0.005515176873638644
39039,PJM,2027,15017.661376231667,0.10200444766971567,0.055822755145716656,0.08553794309144307,0.03867529236315808,0.016466504578272603,0.017147462782558576
39041,PJM,2027,77543.742773315,0.05311427038583726,0.03343891684757554,0.04350285654289492,0.026341743884110397,0.00961141384294234,0.00709717296346514
39043,PJM,2027,31422.501954145002,0.10180776462008218,0.0798122874453619,0.08729634091076857,0.07278278388660629,0.014511423709313603,0.007029503558755604
39045,PJM,2027,57610.312161141665,0.08876354453935542,0.053911255148053776,0.07558478192483685,0.030635913168923844,0.013178762614518572,0.02327534197912993
39049,PJM,2027,539731.5016235625,0.1265393393248658,0.08131117977514972,0.10854441269017037,0.055357657574087074,0.01799492663469543,0.025953522201062645
39051,PJM,2027,16495.739586393334,0.10779324761583935,0.06123748659107741,0.0962738976165175,0.05952703021219074,0.011519349999321846,0.0017104563788866711
39053,PJM,2027,10980.326909891666,0.23921089564028727,0.1289928528656294,0.1590290899508135,0.10317040362434987,0.08018180568947378,0.02582244924127952
39055,PJM,2027,34438.08696902666,0.08091480994456908,0.0409048629644738,0.06881824662037309,0.038762323549667514,0.012096563324195994,0.0021425394148062854
39059,PJM,2027,15937.1703288125,0.18253620347939115,0.09367980465406191,0.15790826638681488,0.07992607636885805,0.02462793709257627,0.013753728285203853
39061,PJM,2027,346201.34034202003,0.10596121098590339,0.060363286004384654,0.10149527140005173,0.0541204588645528,0.004465939585851661,0.006242827139831854
39063,PJM,2027,30640.14442359583,0.11474924124378136,0.048728522229327685,0.06378236132978218,0.04064261721204564,0.050966879913999175,0.008085905017282048
39065,PJM,2027,11268.620367062502,0.2134389031362091,0.11529718436230231,0.15912445879920328,0.10005905528697448,0.05431444433700583,0.01523812907532783
39067,PJM,2027,5637.9790544,0.24355043304347587,0.11343006803653774,0.15965352544632538,0.07662946105741507,0.08389690759715049,0.03680060697912267
39069,PJM,2027,11008.776976639165,0.1879560756672436,0.07039274406656917,0.13091788878539232,0.06041638247688281,0.05703818688185128,0.009976361589686365
39071,PJM,2027,16319.201603666665,0.16046904251645175,0.07906114721716997,0.12282054231580739,0.055204155670167815,0.037648500200644364,0.02385699154700216
39073,PJM,2027,10902.528608229168,0.19369535943633126,0.07560844806423823,0.14387517113011994,0.06247912640047393,0.04982018830621132,0.013129321663764307
39075,PJM,2027,12995.759167403332,0.0998159136057758,0.052895687162834104,0.0693436060894288,0.04102632362626069,0.030472307516346997,0.011869363536573412
39077,PJM,2027,22509.573150874166,0.13718328251692083,0.07299257738658448,0.11582925242951926,0.06071504192100114,0.021354030087401568,0.012277535465583335
39079,PJM,2027,12105.183988316667,0.3230917405082915,0.16711754851998314,0.2628581769146915,0.11532324845012902,0.06023356359359999,0.051794300069854124
39081,PJM,2027,26471.78587156,0.27116766376106777,0.1106702853044933,0.20411294607085068,0.09283945132404865,0.06705471769021709,0.017830833980444646
39083,PJM,2027,22602.045420754166,0.13948803785858732,0.06620412920391364,0.10108748388912098,0.05335236506851941,0.038400553969466344,0.012851764135394225
39085,PJM,2027,97769.25229359916,0.06507711293633586,0.03722474855246424,0.0571006918951228,0.036047366295283274,0.007976421041213065,0.0011773822571809686
39087,PJM,2027,21824.584897670837,0.2532350639653629,0.12049781003420867,0.19153128978833137,0.10341625487872962,0.06170377417703152,0.01708155515547906
39089,PJM,2027,65802.06018899,0.12081269672517508,0.06889188130597214,0.10087046695764272,0.055009581872215024,0.019942229767532363,0.013882299433757114
39093,PJM,2027,122666.5619024875,0.12056810895586115,0.08594791727477992,0.11011000790901845,0.07967976630361669,0.010458101046842694,0.006268150971163233
39095,PJM,2027,179779.2774490625,0.1398047140190354,0.09416168112624301,0.12924554557377604,0.08963188360978157,0.010559168445259365,0.004529797516461445
39097,PJM,2027,15074.081890725,0.10578472935552291,0.04763269893273743,0.09243908468906749,0.03898202900612861,0.013345644666455422,0.008650669926608817
39099,PJM,2027,96450.65849027917,0.15721868775850087,0.10199901076306819,0.11647582231953425,0.10010258954568375,0.040742865438966616,0.0018964212173844391
39101,PJM,2027,23757.39312447,0.1675817169553047,0.09711826774785529,0.1289545150728743,0.06705787866009284,0.03862720188243038,0.030060389087762443
39103,PJM,2027,70654.64009956917,0.06472674299614592,0.048630195123036964,0.06016269641309215,0.02889989373841258,0.004564046583053767,0.019730301384624383
39105,PJM,2027,8692.9380479875,0.3012297223144126,0.15150051146985086,0.19709887697635148,0.13365139251047656,0.1041308453380611,0.0178491189593743
39111,PJM,2027,5504.722675691667,0.19808595181297187,0.0911728298103783,0.1498939559547669,0.08097004694742939,0.04819199585820497,0.010202782862948914
39115,PJM,2027,5548.147261845833,0.25512536310783646,0.12221252145521029,0.17816671202901113,0.11086005954121657,0.07695865107882532,0.011352461913993722
39117,PJM,2027,12713.403073814166,0.12509411581157948,0.061618912925987215,0.10494754055110589,0.0529978372887004,0.020146575260473587,0.008621075637286812
39119,PJM,2027,33731.3719002125,0.1911070946062496,0.09572084000877312,0.1382128856880202,0.07902622231716504,0.05289420891822941,0.016694617691608085
39121,PJM,2027,4394.7815789,0.26475762226513205,0.13369392476278572,0.19867088618718218,0.11548326682851855,0.06608673607794988,0.01821065793426717
39123,PJM,2027,17420.938717123332,0.11188939917451637,0.05754758718491215,0.08725625151536077,0.053174315386124694,0.0246331476591556,0.004373271798787458
39125,PJM,2027,7419.330523008332,0.15055518907873736,0.06561740153893755,0.10300035554838363,0.05540423547305349,0.047554833530353724,0.010213166065884065
39127,PJM,2027,13143.597228625,0.20195805192303953,0.10577997102729088,0.17077630944580338,0.08722543652248198,0.031181742477236152,0.0185545345048089
39129,PJM,2027,20662.543863555835,0.14157943554418345,0.06723181042728273,0.11330463870376226,0.06228859449828228,0.028274796840421196,0.004943215929000447
39131,PJM,2027,10136.66309175,0.26888160381751003,0.12287628664460554,0.21445181073041955,0.08987428426625221,0.05442979308709048,0.03300200237835332
39133,PJM,2027,61809.29252762333,0.10760460271834157,0.06661996908908265,0.09163297110317933,0.05016137065770019,0.01597163161516224,0.016458598431382455
39137,PJM,2027,13044.660089434165,0.10814302962099576,0.06574772697051823,0.09402056330665955,0.04908113118781709,0.01412246631433621,0.01666659578270114
39139,PJM,2027,48206.966053891665,0.16687941945471652,0.0847936452500868,0.11886850572890188,0.07254238876850778,0.04801091372581463,0.012251256481579015
39141,PJM,2027,28657.027342004167,0.1784447493801835,0.0938711844710257,0.14958356213963853,0.08172856269476793,0.028861187240544983,0.012142621776257773
39143,PJM,2027,23398.933184610836,0.14711355346931462,0.08754857068251441,0.1062570733573817,0.08309761602506033,0.04085648011193292,0.004450954657454084
39145,PJM,2027,27268.451790681665,0.2927449316999872,0.11647300103051691,0.21585384642405323,0.0964224672167122,0.076891085275934,0.020050533813804713
39147,PJM,2027,21475.016025984998,0.17218108125561854,0.08239441671916865,0.13499903025029414,0.06972381744523,0.0371820510053244,0.012670599273938654
39151,PJM,2027,153341.1091914508,0.10204069719571564,0.07182096842018286,0.09499624569079444,0.0668385836201054,0.007044451504921195,0.004982384800077455
39153,PJM,2027,226618.57879262502,0.10052872614983746,0.0806058668420995,0.09637827954044585,0.07735395339163892,0.004150446609391609,0.0032519134504605807
39155,PJM,2027,83890.96310148333,0.13090077176471224,0.08694938339157288,0.12425908141490091,0.078535474337285,0.0066416903498113244,0.008413909054287877
39157,PJM,2027,36965.95206284334,0.12641514879919724,0.08427980134179265,0.10526428022374956,0.06215686858147252,0.02115086857544768,0.02212293276032013
39161,PJM,2027,11537.517912320001,0.14126142914453543,0.06942141336083169,0.08880472464648793,0.0672293591259261,0.0524567044980475,0.00219205423490558
39163,PJM,2027,4948.4696811124995,0.25696319124830835,0.12301118405235606,0.20348123887621633,0.09345655059081409,0.05348195237209202,0.029554633461541968
39165,PJM,2027,87575.75117117667,0.0437383338129526,0.021557646931395814,0.040052244637034176,0.02108480261913415,0.0036860891759184222,0.0004728443122616645
39167,PJM,2027,24268.08368910833,0.15956545129703012,0.08637501237200837,0.12933360071213584,0.0684882415880706,0.030231850584894276,0.017886770783937772
39169,PJM,2027,43274.7397173575,0.08143738177793787,0.04158074112555773,0.06770257739447137,0.020073788931958287,0.013734804383466498,0.02150695219359944
39171,PJM,2027,15193.791718587501,0.26419245248314077,0.10015900545615358,0.195340422057272,0.08960536947147478,0.06885203042586877,0.010553635984678802
39173,PJM,2027,52824.90248141666,0.10052745961881272,0.053844067748898085,0.08823445927325074,0.04723534445124861,0.01229300034556198,0.006608723297649471
39175,PJM,2027,8804.798765695834,0.21893803365714842,0.0826764255508764,0.13172781366940256,0.06450651140020093,0.08721021998774586,0.018169914150675467
41049,CITY,2027,4116.038483154167,0.11049734319453518,0.04505871898223295,0.10538433862344103,0.044744956450949794,0.0051130045710941485,0.0003137625312831585
41067,CITY,2027,228650.33984817832,0.04964827325749593,0.01626295790903512,0.04117453215230814,0.010862135544983697,0.008473741105187789,0.005400822364051422
42001,PJM,2027,38964.120155635,0.1314799801687111,0.0590787094516772,0.1217972634445677,0.051266449031001166,0.009682716724143392,0.007812260420676037
42003,PJM,2027,542294.3013433216,0.1251106969300546,0.08994184493367195,0.1105250039912142,0.08288085680487395,0.014585692938840406,0.007060988128798004
42005,PJM,2027,27349.4438608075,0.13759571259049938,0.06424055371001217,0.11875270713956695,0.0615491556828851,0.018843005450932426,0.002691398027127069
42007,PJM,2027,70913.51201457917,0.22322996818053037,0.1015017575429328,0.17615306899378594,0.09828640943616969,0.04707689918674443,0.003215348106763105
42009,PJM,2027,19151.26309593,0.3100914337758696,0.1614101782101397,0.2851736580125703,0.1546809269123987,0.024917775763299344,0.00672925129774099
42011,PJM,2027,159281.066223455,0.1587221915606261,0.07878918351872717,0.1477446677715545,0.0747995189291614,0.010977523789071603,0.003989664589565775
42013,PJM,2027,49265.74781806,0.21341280090371628,0.09187793458740891,0.19759477175563014,0.0804652106431837,0.015818029148086138,0.011412723944225212
42015,PJM,2027,23930.726442330833,0.20074145680529557,0.07580592661642198,0.17796068133421875,0.07134146973209121,0.02278077547107682,0.004464456884330767
42017,PJM,2027,244047.49310211584,0.08737725408553598,0.041692946539620836,0.08304405521219546,0.03225328428468947,0.004333198873340521,0.009439662254931369
42019,PJM,2027,78331.06141374499,0.10061708491766357,0.06610193405664437,0.09538781037167922,0.06393989874659707,0.005229274545984347,0.0021620353100473
42021,PJM,2027,54279.45954792333,0.3002668245574131,0.12635822940464542,0.23813387542079645,0.11614972283933148,0.062132949136616655,0.01020850656531394
42023,PJM,2027,2163.9583094541663,0.19220575892236683,0.09014125835948697,0.1850106041172538,0.0842455898396293,0.007195154805113013,0.005895668519857664
42025,PJM,2027,25654.178993325,0.28610893078647254,0.15939584330161702,0.24697013664454145,0.13982183156215255,0.03913879414193108,0.019574011739464464
42027,PJM,2027,56358.449735345,0.1485312888714626,0.05527358569608339,0.12346937757828308,0.05161091971598618,0.02506191129317953,0.003662665980097214
42029,PJM,2027,197713.225915565,0.08039881679795567,0.034166886204971846,0.06964991415879056,0.027425759450393886,0.010748902639165114,0.006741126754577959
42031,PJM,2027,14585.597583366665,0.13867791567547263,0.08231272565838978,0.12444480572802166,0.07624046133014116,0.014233109947450973,0.006072264328248617
42033,PJM,2027,31110.390454083332,0.2644865141062814,0.15941435965669656,0.23200893359105892,0.1440592036621886,0.032477580515222454,0.015355155994507957
42035,PJM,2027,14502.197450050833,0.26041125225658557,0.12233718695533147,0.21149678390125048,0.10545682013392432,0.04891446835533508,0.016880366821407145
42037,PJM,2027,25057.03932722417,0.252867507845459,0.13259191614231516,0.22597066224369544,0.1200296900369347,0.026896845601763586,0.012562226105380464
42039,PJM,2027,32570.66833275833,0.22538459182634507,0.10176686985041448,0.18999926842078155,0.09215858925127955,0.035385323405563524,0.009608280599134933
42041,PJM,2027,102570.14297850334,0.10539846293971283,0.04124067217836191,0.08929692553950211,0.033796981531107176,0.016101537400210725,0.007443690647254732
42043,PJM,2027,115280.8177370525,0.17485523164297015,0.09706235827223489,0.13975198566997593,0.0750255227099832,0.03510324597299422,0.022036835562251694
42045,PJM,2027,213122.5725412717,0.10453839763319621,0.06624461924931004,0.0926426537185535,0.04980196952733036,0.011895743914642709,0.016442649721979674
42047,PJM,2027,13300.500897613334,0.10117413508588002,0.05900011551475831,0.08832175541906054,0.055243295519182084,0.012852379666819486,0.003756819995576227
42049,PJM,2027,107562.639542,0.16238818941756902,0.08892034640892833,0.12311970493152166,0.08714230630862638,0.03926848448604736,0.0017780401003019558
42051,PJM,2027,53759.596494557496,0.29983602035169094,0.158978194220082,0.25872595985572455,0.13812759923486578,0.04111006049596638,0.020850594985216214
42053,PJM,2027,1778.1717570333333,0.23018356796348585,0.1262499401723758,0.20889210838976915,0.10767616221137112,0.021291459573716698,0.018573777961004692
42055,PJM,2027,61438.9183846125,0.10576943905463827,0.04623869842224466,0.08615633442714378,0.038545566710987536,0.019613104627494493,0.0076931317112571215
42057,PJM,2027,6026.0943925575,0.2556254768460247,0.1280546868166741,0.22473386467459172,0.11191270804955256,0.03089161217143299,0.016141978767121534
42059,PJM,2027,13472.857840743334,0.2214118927690017,0.10519552308523465,0.18485593479308843,0.10392385826827294,0.03655595797591327,0.0012716648169617123
42061,PJM,2027,15402.091567344167,0.26488718357967117,0.14742123673628177,0.22652898610185032,0.12113681824481276,0.03835819747782085,0.026284418491469008
42063,PJM,2027,31209.14829945667,0.22672057378575383,0.08507310143274208,0.16754644664027463,0.07979632825609735,0.059174127145479205,0.005276773176644725
42065,PJM,2027,17724.3657570425,0.22466549291034354,0.10273748210697682,0.15070687689616274,0.08818616781001688,0.0739586160141808,0.014551314296959938
42067,PJM,2027,8681.919199849166,0.24443176626394644,0.09149384632476197,0.21604953362933713,0.0681253755228002,0.028382232634609317,0.023368470801961777
42069,PJM,2027,86501.96298801083,0.21527673885463533,0.09143115401390198,0.17022861349270846,0.07817339462963671,0.04504812536192687,0.013257759384265266
42071,PJM,2027,205877.59101733746,0.11831359473740026,0.05449671535435669,0.09959696314590195,0.04543544083888712,0.018716631591498306,0.009061274515469571
42075,PJM,2027,53291.00012383083,0.12104599308178882,0.057997103824063555,0.11209435475834124,0.052697875237708275,0.008951638323447572,0.00529922858635528
42077,PJM,2027,140553.07962910415,0.17092826634751265,0.07894961277667305,0.12947647708537552,0.06257542217542036,0.041451789262137134,0.016374190601252683
42079,PJM,2027,130796.93700919166,0.2579074424355677,0.12358085006387869,0.22610210160766925,0.10534174282572,0.03180534082789843,0.01823910723815869
42083,PJM,2027,15651.368924708333,0.2108460562169749,0.07597940178133612,0.11400222323885859,0.07505668458338327,0.0968438329781163,0.000922717197952852
42087,PJM,2027,18176.54001336333,0.25237967750531,0.1219270686507066,0.23956101303715302,0.09696590798161875,0.012818664468156965,0.02496116066908785
42089,PJM,2027,56801.89835905416,0.20480980688345754,0.10668283440250097,0.15921621665851296,0.10414751330058962,0.04559359022494458,0.0025353211019113475
42091,PJM,2027,326685.9017534233,0.08757832499581848,0.036001847312852664,0.07637032259316108,0.030244857884539737,0.011208002402657402,0.005756989428312927
42093,PJM,2027,7306.640095440001,0.19057455207122992,0.0895741703604814,0.16029271720140809,0.07576004409566202,0.030281834869821833,0.013814126264819385
42095,PJM,2027,118019.7143086625,0.12493208464069812,0.06261371899739135,0.11395771369459252,0.058797610240661845,0.010974370946105594,0.003816108756729504
42097,PJM,2027,36779.956140705835,0.2766200375045205,0.12475104747762521,0.23598291277074918,0.11200499062089446,0.040637124733771346,0.012746056856730748
42099,PJM,2027,17749.594657343332,0.18043615223611117,0.07465795845268848,0.16341549305502887,0.06930415345970035,0.01702065918108231,0.005353804992988126
42101,PJM,2027,653828.4583636142,0.2165352304039633,0.16102768318819324,0.21451523033105355,0.10968620861815033,0.0020200000729097556,0.051341474570042914
42103,PJM,2027,23251.053622618332,0.2525783522737697,0.08982874851371139,0.21176225289701675,0.08616391120663522,0.04081609937675293,0.003664837307076174
42105,PJM,2027,6486.627933525,0.12190302797683743,0.06828013525603571,0.11110024179993394,0.06389925729326595,0.010802786176903487,0.004380877962769758
42107,PJM,2027,55526.53589875417,0.3095370169586153,0.19164982290163474,0.28812848473199926,0.15075160457883843,0.02140853222661604,0.040898218322796304
42109,PJM,2027,14120.274438856668,0.2342643414823158,0.09702877870830318,0.19839948870168722,0.07862551223614143,0.03586485278062859,0.01840326647216174
42111,PJM,2027,28289.547144090833,0.2978386975967368,0.14146424726895174,0.26063171844616995,0.11751862957314149,0.037206979150566866,0.023945617695810245
42113,PJM,2027,2414.562962045833,0.27785002335711795,0.1212627562692546,0.25065412711535595,0.08353851063206932,0.027195896241761996,0.03772424563718528
42115,PJM,2027,15301.885318367498,0.2858356170570966,0.10394003635241914,0.24719523525518183,0.10122889179706797,0.03864038180191476,0.0027111445553511665
42117,PJM,2027,16412.169380716667,0.17825565906102556,0.08107294274414184,0.14967984024091452,0.06948367544217181,0.028575818820111037,0.011589267301970033
42119,PJM,2027,13827.3944491575,0.23891363427399853,0.0894850485383425,0.2157192243993283,0.08299380763476054,0.023194409874670224,0.006491240903581955
42121,PJM,2027,21005.742384981666,0.15595870280455185,0.08444297942975153,0.1373246096386031,0.07295807386820609,0.018634093165948745,0.011484905561545439
42123,PJM,2027,15977.938262944166,0.19161474770394984,0.08475150111558537,0.14807870006955232,0.08097878175469836,0.04353604763439753,0.0037727193608870085
42125,PJM,2027,85994.92760354333,0.15418487464159075,0.0882767868604947,0.14288766716715084,0.08106563432726341,0.011297207474439908,0.007211152533231291
42127,PJM,2027,19273.603654770835,0.3375453079691522,0.11903338735707115,0.30743697846514395,0.1075185793878275,0.03010832950400827,0.01151480796924366
42129,PJM,2027,151042.31128823,0.1442093911457997,0.0864738438415598,0.13870302343416405,0.07418043035918354,0.005506367711635651,0.012293413482376267
42131,PJM,2027,10459.187510383334,0.24748470554073,0.10924852776317179,0.21536017968497492,0.09340611133920615,0.032124525855755065,0.01584241642396564
42133,PJM,2027,176000.00324903917,0.1495019409388201,0.06500921748376423,0.12769829212195974,0.06245365798049594,0.021803648816860366,0.002555559503268294
45015,CITY,2027,86432.94698288248,0.11686744941523453,0.09301831106642597,0.11686744941523453,0.09301831106642597,0.0,0.0
46013,MISO,2027,15470.532433975,0.09583239133057207,0.055052357293551374,0.0830910119912001,0.04580172456899757,0.012741379339371972,0.0092506327245538
46025,MISO,2027,1344.253360565,0.31016651974229714,0.14834775398876457,0.2549063112063274,0.1405801307963544,0.055260208535969746,0.007767623192410172
46029,MISO,2027,11738.8088561125,0.112588457716273,0.04859807526209193,0.0884975054421635,0.038591497737078845,0.024090952274109498,0.010006577525013084
46037,MISO,2027,2286.1724341575,0.32651907238211403,0.16375437641567478,0.2688462282285528,0.13618766135587,0.05767284415356122,0.02756671505980479
46039,MISO,2027,1760.3477855666667,0.1794787760277507,0.09774854563730946,0.14867644844249725,0.07785516979772003,0.030802327585253447,0.01989337583958943
46051,MISO,2027,2958.2844113641668,0.203428233457667,0.09209996644227104,0.16134788516239879,0.0749569064009455,0.042080348295268216,0.017143060041325542
46057,MISO,2027,2123.612657165,0.211130707058205,0.0830447360256516,0.16912519365206172,0.0713408199664738,0.04200551340614328,0.011703916059177796
46091,MISO,2027,1623.7136760875,0.34863552900474204,0.17305379149855593,0.31230590350360504,0.15986945901005317,0.036329625501137,0.013184332488502759
46109,MISO,2027,3586.69417409,0.3238616751862823,0.17464948365456825,0.2816399610628337,0.1493705351244768,0.042221714123448606,0.025278948530091466
46115,MISO,2027,2459.357029025,0.1726495103993366,0.09239142280414715,0.1593052075303286,0.0740033318778255,0.013344302869008007,0.018388090926321654
48001,ERCOT,2027,16595.962284733334,0.2306947622244502,0.08314553752848801,0.09489144927605932,0.05303374149584454,0.13580331294839088,0.030111796032643467
48003,ERCOT,2027,6417.608014058333,0.11412507007760397,0.08879870800771432,0.09349667765709477,0.013588696902173765,0.020628392420509206,0.07521001110554056
48005,ERCOT,2027,31115.99629586667,0.14711704811309276,0.0915990946422074,0.10109216314129979,0.05234915277871219,0.04602488497179297,0.039249941863495216
48007,ERCOT,2027,11049.576779404168,0.1664840056332634,0.10111588654908779,0.10928094315686658,0.08237659922647728,0.057203062476396824,0.018739287322610515
48009,ERCOT,2027,3328.686593325,0.20290146403019757,0.10424447706717073,0.12619328307867939,0.07884302984334539,0.07670818095151818,0.02540144722382534
48011,ERCOT,2027,719.9015003583334,0.11773530548782694,0.05279820820081724,0.08291621143580757,0.022901163967284068,0.03481909405201937,0.02989704423353317
48013,ERCOT,2027,15608.718580187498,0.14761031746270512,0.0831586288069849,0.10980654831885917,0.032061385976630795,0.03780376914384595,0.0510972428303541
48015,ERCOT,2027,11709.514756323333,0.11780259592354969,0.06485897279303356,0.09973137933613904,0.031942306942994214,0.01807121658741065,0.03291666585003934
48019,ERCOT,2027,8313.181521926668,0.1104484392975662,0.05457586133539847,0.08165360029806581,0.03555526746533701,0.02879483899950039,0.019020593870061463
48021,ERCOT,2027,32639.032730906663,0.10869328644168591,0.03956268020499832,0.06706033485169395,0.027357782393914582,0.04163295158999196,0.012204897811083738
48023,ERCOT,2027,1425.5456137916667,0.28445876703699,0.13326189016654144,0.21865596266629642,0.08928050616924474,0.06580280437069361,0.0439813839972967
48025,ERCOT,2027,8395.2726529,0.1505710477164603,0.09816947464806978,0.12057667926816264,0.0690668756744356,0.029994368448297656,0.02910259897363418
48027,ERCOT,2027,133078.21627167083,0.12336115030787387,0.08897351506759875,0.10234994806173113,0.06459060664195619,0.021011202246142738,0.024382908425642558
48029,ERCOT,2027,727993.1745364708,0.11021449689680604,0.05932319126307359,0.0756107702340437,0.013286496108541145,0.034603726662762346,0.046036695154532445
48031,ERCOT,2027,4798.2356229625,0.07844385452235811,0.04647508916912758,0.07518098186869425,0.039307392185800684,0.003262872653663859,0.007167696983326893
48033,ERCOT,2027,201.16121905,0.06966652904661844,0.004624407748139465,0.023922092320077006,9.94227420894127e-07,0.04574443672654143,0.0046234135207185705
48035,ERCOT,2027,7229.245985641667,0.1731123835358863,0.06595352575512707,0.08679829587985785,0.04570629059350489,0.08631408765602844,0.020247235161622183
48039,ERCOT,2027,125767.74438047418,0.08412743079706787,0.03965508660879107,0.07649864923104532,0.020904959566152372,0.007628781566022549,0.0187501270426387
48041,ERCOT,2027,84963.75731312417,0.17628352776339917,0.08268493497106869,0.09145417180764485,0.05082374922185965,0.08482935595575432,0.031861185749209035
48043,ERCOT,2027,4596.1697132,0.17799850135637652,0.05950264678406712,0.07884721244464714,0.03664831025939033,0.09915128891172938,0.02285433652467679
48045,ERCOT,2027,569.9623042416667,0.3242207190570857,0.2221958567464653,0.23482481230884578,0.15379914595106017,0.08939590674823994,0.06839671079540513
48047,ERCOT,2027,2528.1770866666666,0.33838650382363905,0.18543266429888774,0.2297624296873819,0.12310035228202093,0.10862407413625716,0.062332312016866814
48049,ERCOT,2027,14825.0475261875,0.1774389177063335,0.0742781997730984,0.08340943289045442,0.04563662894227201,0.09402948481587907,0.028641570830826385
48051,MISO,2027,7328.8799791941665,0.16483565816689724,0.09588759891109165,0.13474751007523672,0.09327941443348177,0.03008814809166052,0.0026081844776098817
48053,ERCOT,2027,18317.56928241917,0.07527945738221621,0.053027890874815714,0.06618710457134493,0.021657323298935396,0.009092352810871285,0.03137056757588032
48055,ERCOT,2027,14820.9210885375,0.09681180942838782,0.039186056304951034,0.051877057067299344,0.02972509657361246,0.04493475236108848,0.009460959731338574
48057,ERCOT,2027,7804.667790308333,0.0866230126256864,0.04452873976667627,0.0656909851390457,0.019100018989291388,0.020932027486640706,0.02542872077738488
48059,ERCOT,2027,5224.679145041668,0.1204831270542987,0.054167545668378,0.08088403066997582,0.03661347819764367,0.03959909638432288,0.017554067470734333
48061,ERCOT,2027,131451.24040519583,0.1714884327538886,0.11944330456165397,0.13324528794280477,0.06242130493896176,0.03824314481108382,0.057021999622692214
48065,ERCOT,2027,2250.1854555500004,0.06410901812042273,0.010462907396261135,0.048830909603393695,0.0013833388676130977,0.015278108517029036,0.009079568528648038
48069,ERCOT,2027,2319.537838933333,0.20201286912704433,0.09604793718768757,0.12033873547019232,0.07825157366806958,0.08167413365685201,0.017796363519617997
48071,ERCOT,2027,15544.92783228,0.1293526766998662,0.09929761444724582,0.12060732686710379,0.09170009155912075,0.0087453498327624,0.007597522888125069
48073,ERCOT,2027,17637.875633883334,0.19914512872219897,0.09379982621537573,0.1306669492659914,0.08060898793713184,0.06847817945620757,0.013190838278243897
48075,ERCOT,2027,1833.3407499374998,0.15835458341412917,0.11422545485546305,0.14778782757473577,0.07510277969131522,0.010566755839393399,0.03912267516414783
48077,ERCOT,2027,4164.252358661667,0.18629607627117797,0.08880970026686623,0.11721163839724678,0.06500670282872434,0.06908443787393119,0.02380299743814189
48081,ERCOT,2027,1434.5148946166664,0.1713207159825317,0.10960727637966851,0.13401544082703487,0.07455209189044007,0.037305275155496836,0.03505518448922844
48083,ERCOT,2027,3186.435902520833,0.19907631249614294,0.07815915494815816,0.12716399130434125,0.04992819291034204,0.07191232119180169,0.028230962037816117
48085,ERCOT,2027,382112.815984065,0.06534829509780081,0.0360243035508368,0.038710774625724295,0.024150234357470927,0.026637520472076515,0.011874069193365873
48087,ERCOT,2027,1001.7264475499999,0.27264573317527496,0.11143292024951258,0.196551253270342,0.0416436700046142,0.07609447990493295,0.06978925024489838
48089,ERCOT,2027,7176.585909070833,0.16276555341566817,0.0924182454825104,0.10533442773585358,0.07373051630969393,0.05743112567981459,0.01868772917281647
48091,ERCOT,2027,62978.71527398667,0.06382077920370595,0.0356538502702538,0.0616041791960788,0.02370444346311234,0.002216600007627148,0.01194940680714146
48093,ERCOT,2027,5281.110908166666,0.19767630105577033,0.10307018682216908,0.13034264083017744,0.07886185639735285,0.0673336602255929,0.024208330424816224
48095,ERCOT,2027,810.18299035,0.15431247937393827,0.07786998197396391,0.1326045270950724,0.04754034268648479,0.021707952278865877,0.030329639287479122
48097,ERCOT,2027,16038.586869205832,0.11502872228941277,0.0740851207570988,0.08711508058326113,0.03378677444709518,0.02791364170615164,0.040298346310003626
48099,ERCOT,2027,24832.4944713625,0.08763998785209799,0.04708385780366784,0.052981055314294395,0.01905615726787821,0.0346589325378036,0.02802770053578963
48101,ERCOT,2027,677.8679763875,0.3159888993795565,0.13683797415487972,0.1737259356326556,0.08693160898484556,0.1422629637469009,0.04990636517003416
48103,ERCOT,2027,1662.427542275,0.15342408972862273,0.04883891474084427,0.06653994411005824,0.0024072862715709244,0.08688414561856449,0.046431628469273345
48105,ERCOT,2027,1207.1415118749999,0.08531768087683664,0.037185449724346974,0.08171800822819751,0.002382322181542035,0.0035996726486391267,0.034803127542804936
48107,ERCOT,2027,1953.8764952183333,0.1610841270078144,0.11638531133186554,0.13554710281832438,0.07650187551898657,0.025537024189490026,0.03988343581287897
48109,ERCOT,2027,612.3182841875,0.4276859339542584,0.14243561430484192,0.19435890614810444,0.08221924855110793,0.23332702780615397,0.060216365753733986
48113,ERCOT,2027,956521.8012762899,0.11164384764964592,0.06026296245263689,0.06536140625297639,0.01842491504968606,0.04628244139666954,0.04183804740295083
48115,ERCOT,2027,4077.7430667958333,0.33248740630222645,0.1181684524928389,0.1952734652361317,0.08628010346945568,0.13721394106609475,0.03188834902338322
48117,ERCOT,2027,5942.035569257499,0.10905744420498453,0.06646197262459025,0.07096306173382996,0.03731436403328463,0.03809438247115457,0.02914760859130562
48119,ERCOT,2027,2083.828528575,0.17488862311128656,0.08364017612373026,0.11369193294397933,0.06764523861786322,0.06119669016730722,0.015994937505867043
48121,ERCOT,2027,333100.7398704933,0.053165153703226775,0.031998411442088086,0.035904762412485906,0.017062941497567468,0.01726039129074087,0.014935469944520618
48123,ERCOT,2027,6438.374165186666,0.19895289391503224,0.09992017025616305,0.14576528231012767,0.06933005489728712,0.05318761160490457,0.03059011535887593
48125,ERCOT,2027,630.3606324333333,0.21868475386520744,0.13041463810457896,0.16333125227336498,0.10795784749803072,0.05535350159184246,0.022456790606548233
48127,ERCOT,2027,2760.8558184708336,0.31187942004769936,0.169548857286374,0.25919554044315135,0.02199427568573027,0.05268387960454801,0.14755458160064375
48129,ERCOT,2027,1180.2964998291666,0.1468912391505812,0.10805600675490684,0.11721980095963885,0.09985576362978175,0.02967143819094234,0.008200243125125087
48131,ERCOT,2027,2764.7175894291668,0.2586452671862747,0.14065453320898633,0.15054029274533126,0.04795757892486074,0.10810497444094341,0.09269695428412558
48133,ERCOT,2027,6940.362789408333,0.195372226106607,0.09373129145728577,0.11388770747720768,0.08545228825382858,0.08148451862939933,0.008279003203457189
48135,ERCOT,2027,58972.90042473583,0.16158930205813007,0.1038223028675818,0.11683409231140701,0.08041985747763475,0.04475520974672306,0.023402445389947055
48137,ERCOT,2027,516.910506325,0.21314017285917333,0.059950476186522106,0.18535145921970117,0.059950476186522106,0.027788713639472162,0.0
48139,ERCOT,2027,64854.96021097749,0.09313609678116698,0.05686690337363089,0.06543369901844509,0.01819619347098016,0.02770239776272189,0.03867070990265073
48143,ERCOT,2027,15598.0594063925,0.1462500615755079,0.07740424687446652,0.09174934957160924,0.04894091286518065,0.054500712003898666,0.02846333400928587
48145,ERCOT,2027,5360.806461808334,0.3078798690240816,0.12215137369072443,0.17079349189536835,0.09386746252980556,0.13708637712871324,0.02828391116091887
48147,ERCOT,2027,12570.771529041667,0.19682911889679336,0.10404472361335987,0.11717475277183396,0.08001240752019924,0.0796543661249594,0.02403231609316063
48149,ERCOT,2027,9085.973624478333,0.15161455607634552,0.09759875914427177,0.11640082079562376,0.0871532117684451,0.03521373528072176,0.010445547375826675
48151,ERCOT,2027,1496.63938475,0.18971984744726156,0.10485588941178414,0.1216710455251613,0.09663698750038299,0.06804880192210026,0.00821890191140115
48153,ERCOT,2027,1909.9988972458332,0.269518266766959,0.1601398401347518,0.17930277869426856,0.14382420906993673,0.09021548807269045,0.016315631064815067
48155,ERCOT,2027,449.3318451458333,0.4666606353008699,0.23758249536491058,0.343761399504268,0.10843061811592841,0.12289923579660189,0.12915187724898217
48157,ERCOT,2027,268092.4235456425,0.06056241489662033,0.04290463653898593,0.053379480057252064,0.029504978395016018,0.007182934839368264,0.01339965814396991
48159,ERCOT,2027,3714.143319775,0.0600512946428729,0.02609605236011866,0.03461418649212353,0.018715825969852738,0.02543710815074937,0.00738022639026592
48161,ERCOT,2027,6573.847062434999,0.2074623824372426,0.10514047253808229,0.13489364955969949,0.07870441297517115,0.07256873287754312,0.026436059562911132
48163,ERCOT,2027,4547.433310641667,0.21307937147367947,0.06731853775263039,0.11463939748184518,0.018907153360291477,0.0984399739918343,0.04841138439233891
48167,ERCOT,2027,133760.41670378167,0.11605696407272365,0.07228594752016526,0.10524306464561128,0.0569626487611432,0.010813899427112361,0.01532329875902206
48169,ERCOT,2027,1639.431297975,0.13110750528175594,0.05765768913794893,0.11352385923188882,0.022588653874919123,0.01758364604986712,0.035069035263029805
48171,ERCOT,2027,10782.002056604168,0.07562809190522331,0.03200532463992913,0.05689516274616687,0.02831110822345176,0.018732929159056437,0.0036942164164773736
48173,ERCOT,2027,404.2329694,0.053298153727982384,0.011734740506299732,0.022295950084702153,0.008741869831263693,0.03100220364328023,0.002992870675036039
48175,ERCOT,2027,2690.616056575,0.16804700521531402,0.09955129729600411,0.11710832809243796,0.08956357647856128,0.05093867712287606,0.009987720817442827
48177,ERCOT,2027,7203.691815020834,0.15470419285352371,0.0732505415619737,0.11112888917849754,0.05514448864562526,0.04357530367502617,0.018106052916348446
48179,ERCOT,2027,7957.785858016666,0.164261525211271,0.09721721674469395,0.10558842053714806,0.0565745818015188,0.05867310467412293,0.04064263494317515
48181,ERCOT,2027,51371.311606589166,0.12956640252730606,0.0764332867222277,0.08167892272750157,0.05116650979109624,0.04788747979980448,0.025266776931131454
48185,ERCOT,2027,9510.460451895833,0.13879807570447641,0.0750375114736856,0.09240396331264389,0.04166759453886434,0.046394112391832526,0.03336991693482127
48187,ERCOT,2027,59717.390320494174,0.06935588316128424,0.048938450791199094,0.05983976753120048,0.025646342047469982,0.009516115630083762,0.023292108743729112
48189,ERCOT,2027,10776.671927287498,0.16796519241830898,0.0959725412952227,0.10550192802530406,0.06818086499741614,0.062463264393004925,0.02779167629780656
48191,ERCOT,2027,1141.6957560375,0.22538933877308837,0.08702350226225239,0.11999191910779687,0.056401121454186215,0.1053974196652915,0.030622380808066174
48193,ERCOT,2027,3092.2850037574995,0.15246778898250615,0.083937107312103,0.14965056039445093,0.06222872567249641,0.0028172285880552206,0.021708381639606582
48197,ERCOT,2027,1283.7368665541667,0.2457237398405145,0.0900567772294494,0.13163404234682116,0.07758234675641577,0.11408969749369333,0.01247443047303362
48199,MISO,2027,20467.434345385835,0.14749015675584065,0.08838627493364008,0.10741958743992022,0.08742844194339591,0.04007056931592043,0.0009578329902441701
48201,ERCOT,2027,1689581.6048509032,0.11984239204627316,0.056314232129146706,0.10096317255553432,0.03555804367762984,0.01887921949073884,0.020756188451516867
48207,ERCOT,2027,2066.8511858083334,0.221458666157019,0.09332740721504518,0.13327206627954288,0.07107327858208416,0.08818659987747612,0.022254128632961015
48209,ERCOT,2027,88316.07816050833,0.07884187778139962,0.031932667931459484,0.05203647047080578,0.026545380861031653,0.02680540731059384,0.005387287070427831
48213,ERCOT,2027,31457.92366482083,0.22814988141925982,0.09845246628305951,0.115139746335479,0.05608180465786466,0.11301013508378081,0.04237066162519485
48215,ERCOT,2027,256156.51268276252,0.18880969438632825,0.14605479187285933,0.1706277569476486,0.041811430517944,0.018181937438679657,0.10424336135491533
48217,ERCOT,2027,13134.2688466125,0.22243287317944802,0.07864420451857945,0.10006011594596326,0.06404938561478946,0.12237275723348476,0.014594818903789997
48221,ERCOT,2027,24511.452958741665,0.10523664189002675,0.053607015682800865,0.07244189188239196,0.04160676718963958,0.03279475000763479,0.012000248493161288
48223,ERCOT,2027,13625.0473094125,0.1582827258177785,0.09224611698798042,0.11114781017191927,0.060480530824277845,0.04713491564585923,0.03176558616370258
48225,ERCOT,2027,7287.8031081624995,0.17505789042360242,0.09701712086306653,0.1395404290598449,0.057420799433321144,0.035517461363757524,0.03959632142974539
48227,ERCOT,2027,11789.721341108334,0.16079339599175976,0.06785323255498273,0.0750648499028451,0.04911218714144496,0.08572854608891467,0.018741045413537764
48231,ERCOT,2027,35996.54932157667,0.12898633811934312,0.0903048471871818,0.10261867222344183,0.028127874063072877,0.026367665895901296,0.06217697312410893
48235,ERCOT,2027,628.1030482833332,0.12462119959816531,0.06857086288661282,0.0998529643857765,0.03341405054450984,0.024768235212388814,0.03515681234210298
48237,ERCOT,2027,2965.2672251249996,0.2666516178599503,0.12148919712505189,0.14551684249361724,0.06909433414825873,0.12113477536633305,0.05239486297679316
48239,ERCOT,2027,5145.0448173075,0.1129203230011651,0.07653974524986093,0.09226983449066173,0.06545901434465023,0.02065048851050337,0.011080730905210695
48241,MISO,2027,12897.54388127,0.2937833342375154,0.1132887490807635,0.22167295826638753,0.10126145400094047,0.07211037597112788,0.01202729507982303
48243,ERCOT,2027,1000.0414167083334,0.3917333031543721,0.12335237537564683,0.20306653716079145,0.11969913745573624,0.18866676599358065,0.0036532379199105958
48245,MISO,2027,91939.06843412668,0.21118849465281114,0.13379841329685915,0.16841857247235933,0.12619972183473732,0.04276992218045181,0.0075986914621218316
48247,ERCOT,2027,1284.8730032624999,0.1950349208030925,0.07583194038964548,0.15724039517226207,0.049618546609757924,0.03779452563083044,0.02621339377988756
48249,ERCOT,2027,12489.274854220834,0.24192061986220062,0.13241825441993146,0.15666062299022065,0.11555060559385585,0.08525999687197997,0.01686764882607561
48251,ERCOT,2027,61558.36293696,0.09925969488714849,0.061906781295677685,0.06801800976986974,0.02228028885782017,0.031241685117278747,0.03962649243785751
48253,ERCOT,2027,5866.3572187875,0.19364062657421263,0.10642007260709133,0.12471448678623932,0.08915124865806633,0.06892613978797331,0.017268823949025
48255,ERCOT,2027,4231.530832958333,0.13315387559898423,0.09149021195858996,0.11201462324418972,0.06030625252979524,0.02113925235479451,0.03118395942879472
48257,ERCOT,2027,47238.3397138775,0.10287235665981126,0.07307953809327411,0.08394166617309018,0.0397991559921616,0.01893069048672108,0.03328038210111251
48259,ERCOT,2027,16590.771535372503,0.05104764960042094,0.03675739131800666,0.045275705053066294,0.033081217108951275,0.005771944547354649,0.0036761742090553884
48261,ERCOT,2027,38.0,0.0,0.0,0.0,0.0,0.0,0.0
48263,ERCOT,2027,243.61681404999996,0.19691865766903677,0.115051996962112,0.18135595688371578,0.071428862649967,0.015562700785320988,0.043623134312145
48265,ERCOT,2027,21706.867646718332,0.07632340894044816,0.03736389064634495,0.055887899061601305,0.028354546700095483,0.020435509878846854,0.009009343946249464
48267,ERCOT,2027,1686.0956339166664,0.15575066807498333,0.10846633206445526,0.12942650054576849,0.09483326372739787,0.026324167529214848,0.013633068337057394
48269,ERCOT,2027,48.58326610833333,0.12824271870223186,0.08274169527911764,0.09870041736128077,0.018712204279820226,0.029542301340951094,0.06402949099929742
48271,ERCOT,2027,1080.6003157374998,0.2186835069977323,0.022671703721722145,0.06799325279811866,0.01159193275957073,0.15069025419961365,0.011079770962151415
48273,ERCOT,2027,11435.294809233335,0.23018816518978263,0.14503947025433356,0.17747572330795008,0.1332768531193509,0.05271244188183255,0.011762617134982667
48275,ERCOT,2027,1238.8279526708334,0.3081594568797527,0.1267038648129159,0.15801589289064116,0.09246556031290695,0.15014356398911155,0.03423830450000895
48277,ERCOT,2027,19861.330013975,0.2220967910493002,0.12887847999809632,0.16189559432093298,0.09987217322430672,0.06020119672836721,0.029006306773789597
48281,ERCOT,2027,7845.178242441666,0.10248523239434162,0.05917374547190881,0.0762353402001472,0.034690313793979244,0.02624989219419442,0.024483431677929567
48283,ERCOT,2027,1654.3013076291668,0.15831556526846158,0.1046662089214446,0.1430838619805167,0.07213381139095548,0.015231703287944875,0.032532397530489116
48285,ERCOT,2027,8031.177411908334,0.17279248510112555,0.07958702606945914,0.10504863462473704,0.05932193023074982,0.0677438504763885,0.02026509583870932
48287,ERCOT,2027,6197.958363283334,0.14434297313595384,0.07310358685019355,0.101321832593864,0.048452942066083755,0.043021140542089845,0.024650644784109797
48289,ERCOT,2027,6243.952001249167,0.15782741814084209,0.08199873790096986,0.11970489645961437,0.052401435002149575,0.03812252168122772,0.02959730289882028
48291,MISO,2027,28052.580398653336,0.2233412414067061,0.13845628609919677,0.18754649882847246,0.13721562086262779,0.035794742578233646,0.0012406652365689885
48293,ERCOT,2027,8101.7911394,0.19891932333436885,0.09858602863279749,0.10922103612846273,0.07325699770227445,0.08969828720590611,0.025329030930523036
48297,ERCOT,2027,4088.1849416125006,0.16509977651425506,0.10971978193919722,0.13232924121414275,0.07163108535508055,0.03277053530011231,0.03808869658411668
48299,ERCOT,2027,9497.624504620833,0.0731494352714536,0.04140818278388028,0.060161934343547524,0.02432115813671261,0.01298750092790607,0.017087024647167673
48301,ERCOT,2027,32.644645625,0.0330988429898142,0.0,0.0012253157978644774,0.0,0.03187352719194972,0.0
48303,ERCOT,2027,120546.17202550083,0.12908081445702535,0.0795682298778923,0.09295169093938258,0.04652100747246189,0.036129123517642775,0.03304722240543041
48305,ERCOT,2027,2039.354882825,0.15771036550594614,0.10080022898315082,0.11901139248855312,0.04941657150318938,0.038698973017393015,0.05138365747996144
48307,ERCOT,2027,3069.576891591667,0.2342015465926519,0.08971423931835056,0.14117748983838807,0.07834209266225793,0.09302405675426384,0.011372146656092624
48309,ERCOT,2027,93756.77204378333,0.16786155475722644,0.09421459708460637,0.09793832397976295,0.05980687313541244,0.0699232307774635,0.03440772394919393
48311,ERCOT,2027,188.624679985,0.2592446276589504,0.15623478593757467,0.21689391058610888,0.06455799421882846,0.04235071707284152,0.09167679171874621
48313,ERCOT,2027,4010.4393443249996,0.1450100109693547,0.07269977100515712,0.09167492647434963,0.058025022133828145,0.05333508449500507,0.014674748871328976
48317,ERCOT,2027,1794.415093775,0.11799819397206666,0.06372609449268174,0.0795600056263056,0.0492383424845095,0.03843818834576107,0.01448775200817224
48319,ERCOT,2027,1467.0391245833332,0.09375397155073432,0.046696692577614086,0.06851619213760352,0.04295459196965708,0.02523777941313081,0.0037421006079570093
48323,ERCOT,2027,17544.834424254168,0.22327278269967815,0.13641314454354417,0.1758667721602242,0.060738591919596734,0.04740601053945395,0.07567455262394743
48325,ERCOT,2027,17081.612182930832,0.12945087860752114,0.040506952070352785,0.08734000671010947,0.02311064929063387,0.04211087189741167,0.017396302779718913
48327,ERCOT,2027,879.10531055,0.21896229928593047,0.14156710661563185,0.14963241157956622,0.08471043992830536,0.06932988770636425,0.05685666668732649
48329,ERCOT,2027,63384.95252029417,0.12590953177077957,0.06717876529790984,0.07878079424357395,0.019497811485846075,0.047128737527205616,0.04768095381206376
48331,ERCOT,2027,9529.039152665833,0.16569354274192014,0.06538595432134328,0.10416624079089967,0.047437212870621935,0.06152730195102046,0.017948741450721346
48333,ERCOT,2027,1814.9311121041667,0.18560724926603486,0.0910625260362578,0.11993930738742718,0.0589496203390112,0.06566794187860768,0.03211290569724659
48335,ERCOT,2027,2390.2925563791664,0.18197782957047098,0.10481238421375842,0.12426306495159846,0.021445660074758587,0.057714764618872524,0.08336672413899984
48337,ERCOT,2027,7789.070835604167,0.20134739795839238,0.08832314404791751,0.1374386836754148,0.06138339503671333,0.06390871428297756,0.026939749011204182
48339,ERCOT,2027,222522.55217636,0.07616444451784961,0.05266687934942433,0.06938520794188188,0.03070911254042605,0.006779236575967726,0.021957766808998278
48345,ERCOT,2027,449.519486875,0.192343277589379,0.08990513043372944,0.12220906664373998,0.061296513064542764,0.07013421094563901,0.028608617369186677
48347,ERCOT,2027,24480.730278670835,0.2043559408142088,0.12550912724906893,0.13235675494321586,0.08694405612616783,0.07199918587099294,0.0385650711229011
48349,ERCOT,2027,17838.0160901875,0.19335006671284188,0.10077118220850342,0.11568046749544536,0.08546417860202052,0.07766959921739652,0.015307003606482905
48351,MISO,2027,4669.62130675,0.35577984391335676,0.15875075915223197,0.22763457902377787,0.15511696131967428,0.1281452648895789,0.0036337978325576836
48353,ERCOT,2027,5620.4857341075,0.24691094247886528,0.10305611305383806,0.11703721082960027,0.06966794946261798,0.12987373164926502,0.033388163591220085
48355,ERCOT,2027,128885.09157245833,0.1446422069033443,0.09450176935045969,0.10190705855312975,0.06257802625870322,0.042735148350214566,0.03192374309175647
48359,ERCOT,2027,606.4624610941667,0.13669705712221217,0.1094252820698424,0.1186854974339851,0.09055317274035352,0.01801155968822707,0.01887210932948888
48361,MISO,2027,30687.23657340917,0.1387769997013252,0.07887022639434701,0.09877548569565094,0.07731542549940937,0.04000151400567427,0.0015548008949376468
48363,ERCOT,2027,10353.108008004168,0.14829740218272322,0.08867221257763877,0.11379122658239722,0.05728543735689266,0.034506175600326,0.03138677522074611
48365,MISO,2027,7970.9649578125,0.2606180370882309,0.0952945056568103,0.17319518559630762,0.08983623781885879,0.08742285149192328,0.0054582678379515165
48367,ERCOT,2027,51791.3287702575,0.08368694101670535,0.05566710024083566,0.0748110659695683,0.0385901117904464,0.00887587504713705,0.017076988450389262
48369,ERCOT,2027,3141.1914726666673,0.06218408961738406,0.03750703818127368,0.05610899658228814,0.02035714634285387,0.006075093035095916,0.017149891838419813
48371,ERCOT,2027,4893.759953208333,0.13863412518770604,0.08482150809785108,0.08795621922590224,0.05669360096383722,0.0506779059618038,0.028127907134013856
48373,MISO,2027,17807.738023004167,0.2626859387055763,0.12844062164153003,0.19372594911910368,0.12671209605421307,0.06895998958647265,0.0017285255873169536
48375,ERCOT,2027,42074.39888402917,0.1516549140178064,0.1046339127407258,0.13118422109834635,0.07820347437213118,0.02047069291946005,0.026430438368594614
48377,ERCOT,2027,2167.0105961625,0.31442182583921247,0.16978820730498295,0.19302709503701004,0.15240170625946253,0.12139473080220242,0.01738650104552042
48379,ERCOT,2027,4671.6879081725,0.1433336446646559,0.10013486790323639,0.12223570310801272,0.08809728876652018,0.02109794155664317,0.012037579136716214
48381,ERCOT,2027,54161.704288617504,0.07932783625093784,0.044495593402264326,0.050980443228567644,0.03038331912952448,0.028347393022370194,0.014112274272739846
48383,ERCOT,2027,1057.6239814291666,0.10178151473507369,0.029951821778089655,0.05602618448565174,0.012554472320169562,0.045755330249421945,0.017397349457920094
48385,ERCOT,2027,965.9926120750001,0.10391371205836214,0.028127414013000517,0.06383834143327671,0.028127414013000517,0.04007537062508543,0.0
48387,ERCOT,2027,4586.007116424999,0.2282362047625019,0.1253450997563596,0.16998851726038655,0.09442481448602041,0.05824768750211534,0.030920285270339187
48389,ERCOT,2027,3826.1766068083334,0.208025446703861,0.09959639647433276,0.11653440901636936,0.05360028074699203,0.09149103768749164,0.045996115727340726
48391,ERCOT,2027,2197.1311113,0.250536760110234,0.07791121589707137,0.10410187660679364,0.0562000003352584,0.14643488350344036,0.02171121556181297
48393,ERCOT,2027,308.945342125,0.042838246113812206,0.02337467329548376,0.03620240383429387,0.013744726092299878,0.006635842279518335,0.009629947203183883
48395,MISO,2027,6190.628363314167,0.24908975371677378,0.12431240596170133,0.2152948052151597,0.11989703253014763,0.033794948501614075,0.004415373431553696
48397,ERCOT,2027,37422.478881970834,0.04861751391935093,0.04057454106509475,0.04339511088173471,0.020567542894385397,0.005222403037616223,0.02000699817070935
48399,ERCOT,2027,3773.4164340500006,0.21675522754909435,0.0936089800203199,0.10752630408778349,0.07518468228551758,0.10922892346131086,0.018424297734802322
48401,ERCOT,2027,17588.140959266668,0.15621589770847263,0.08085233047142681,0.09690996040584765,0.06417220999397348,0.059305937302624984,0.016680120477453333
48403,MISO,2027,4431.202133125,0.29330960583490107,0.11933868592834124,0.18773014613098754,0.11652954999839854,0.10557945970391353,0.0028091359299426966
48405,MISO,2027,2964.804751875,0.2802730885045031,0.17008538572180507,0.2351603678780447,0.1437704661879551,0.04511272062645841,0.026314919533849956
48407,MISO,2027,9941.708882366667,0.2692441134204138,0.1332451963732536,0.21480034925175817,0.11340800870300351,0.05444376416865565,0.019837187670250098
48409,ERCOT,2027,23466.064519636668,0.1188657356761238,0.08414451175289102,0.10925711066440451,0.060590096781824906,0.009608625011719288,0.023554414971066112
48411,ERCOT,2027,1985.4730003458333,0.08703883501306696,0.04977500322733483,0.0802120496588269,0.03687885354635699,0.006826785354240056,0.01289614968097784
48413,ERCOT,2027,891.3764118125,0.2118950451387949,0.13319758962274914,0.15958752919534214,0.09421176888587524,0.05230751594345276,0.0389858207368739
48415,ERCOT,2027,5620.071735733333,0.10851016157959399,0.06719373243327316,0.09068791941321407,0.01888089535559769,0.017822242166379926,0.048312837077675475
48417,ERCOT,2027,1317.2537410291668,0.15791642251918067,0.0883426055350688,0.0950269360927137,0.07978990712618224,0.06288948642646697,0.008552698408886561
48419,MISO,2027,8766.652161479165,0.27777575599879356,0.1506637321289754,0.21558670688457482,0.14498105167517172,0.06218904911421874,0.005682680453803685
48423,ERCOT,2027,80309.24582365416,0.14918104471552113,0.09052863727008073,0.09575887589746947,0.05359142143258271,0.05342216881805166,0.03693721583749802
48425,ERCOT,2027,3311.3357597458335,0.16496000999390062,0.06506779842848213,0.07596488972956775,0.03637248155059073,0.08899512026433287,0.028695316877891404
48427,ERCOT,2027,18265.381709579164,0.2873554033704211,0.20262098216015165,0.26541619635342933,0.13145713422133143,0.021939207016991757,0.07116384793882022
48429,ERCOT,2027,3330.750181295833,0.23982316595493283,0.13009543565815695,0.14496915828673093,0.0869693353297271,0.0948540076682019,0.04312610032842985
48431,ERCOT,2027,382.09693582499995,0.03149290272990986,0.02215318210213758,0.025796476279990505,0.017486303535970003,0.005696426449919353,0.004666878566167577
48433,ERCOT,2027,443.4751823133333,0.20197413786742216,0.11667313767164185,0.12786091113948797,0.039363988552725715,0.07411322672793419,0.07730914911891613
48435,ERCOT,2027,1039.149541,0.16513994909628377,0.07174783490810396,0.10545484057845851,0.05229386325639536,0.059685108517825256,0.019453971651708604
48437,ERCOT,2027,2364.9239702791665,0.4169547654528898,0.1937825362856108,0.2197978160535283,0.18920598836299166,0.1971569493993615,0.004576547922619134
48439,ERCOT,2027,752141.9851587999,0.09395979776280985,0.04687567030908553,0.050397075048738235,0.01605042014929694,0.04356272271407162,0.03082525015978859
48441,ERCOT,2027,52899.3985984375,0.13348526056715707,0.07537048207105893,0.09084804209286952,0.05766473157453692,0.042637218474287544,0.017705750496522003
48443,ERCOT,2027,398.15226376666664,0.13905422643562476,0.08388175338762462,0.12562371857477506,0.08388175338762462,0.013430507860849705,0.0
48447,ERCOT,2027,630.9437315208334,0.14741841745797918,0.08523696586810064,0.1140479499929184,0.04761028806154555,0.03337046746506078,0.0376266778065551
48449,ERCOT,2027,10684.5831636625,0.13630419290271925,0.09430404468749952,0.10585453544768653,0.07420049896132219,0.030449657455032725,0.020103545726177327
48451,ERCOT,2027,44526.80892817417,0.10014767492231157,0.0638382574231905,0.07665192783138257,0.03364383575087306,0.023495747090928998,0.030194421672317444
48453,ERCOT,2027,535951.8215886718,0.043835262293002046,0.016516227263213328,0.03466234769094463,0.011253477724820335,0.009172914602057415,0.005262749538392992
48455,MISO,2027,5862.4867342541675,0.2596768334517761,0.10925829480615819,0.18832402234119927,0.09365178945387388,0.07135281111057684,0.015606505352284306
48457,MISO,2027,6620.093509345833,0.25111870832548205,0.11644282887886372,0.17701550555249848,0.10585139663345598,0.07410320277298357,0.010591432245407734
48461,ERCOT,2027,1322.9715390666665,0.14205888324142504,0.03404247685613326,0.086010860921677,0.026251929821938424,0.05604802231974805,0.007790547034194833
48463,ERCOT,2027,8192.901974391667,0.20000827274392052,0.11402117593211279,0.1512328482459965,0.05886635625864143,0.04877542449792402,0.05515481967347136
48465,ERCOT,2027,16346.990904591667,0.20001735282479952,0.13180362433623602,0.13707568687736862,0.04265748418337129,0.06294166594743089,0.08914614015286473
48467,ERCOT,2027,22090.817554684167,0.13999290852777502,0.11008696003697703,0.12097309033763405,0.06460550220329186,0.019019818190140966,0.045481457833685165
48469,ERCOT,2027,33246.9774956225,0.10867089143569139,0.07045285538387384,0.08180583953648435,0.04435645938624557,0.026865051899207043,0.026096395997628273
48471,MISO,2027,23865.46634880833,0.21311206822770895,0.1347946933814668,0.19330940947907324,0.1244942061161883,0.01980265874863571,0.01030048726527849
48473,ERCOT,2027,17535.533612283332,0.10851698158315808,0.08674010716082281,0.09823079559495501,0.06952851293887202,0.010286185988203064,0.017211594221950788
48475,ERCOT,2027,4226.302527579167,0.1319195323621383,0.06542306042433542,0.06951352099529277,0.03226867486257554,0.062406011366845524,0.033154385561759876
48477,ERCOT,2027,14165.969649559167,0.10191139262558417,0.053536860495363325,0.0823324567585315,0.037993556500860406,0.01957893586705267,0.015543303994502919
48479,ERCOT,2027,77011.57103454584,0.1662160418229501,0.10315025807522164,0.12540453546001717,0.07537467530983476,0.04081150636293293,0.027775582765386886
48481,ERCOT,2027,14898.1846929,0.15188009784597098,0.09285378569293715,0.11499040448731752,0.06109597612819331,0.036889693358653455,0.03175780956474383
48483,ERCOT,2027,1871.6318661249998,0.2730749611789303,0.08544866720475695,0.18576946601898983,0.06356200235998838,0.08730549515994049,0.021886664844768575
48485,ERCOT,2027,47575.9013893775,0.15172990775542972,0.10052805665015088,0.10410899960550682,0.06670384475528954,0.0476209081499229,0.033824211894861345
48487,ERCOT,2027,4591.848305416666,0.23443863833857292,0.09095190328529448,0.1426247493162574,0.06900501488174661,0.09181388902231552,0.021946888403547873
48489,ERCOT,2027,5333.207498758334,0.3263125533791821,0.14958497305528332,0.19380325195622064,0.1333185975166984,0.13250930142296144,0.016266375538584926
48491,ERCOT,2027,228605.08627990916,0.05388020730211767,0.017668911117719593,0.042436581714225784,0.006603323270360965,0.011443625587891887,0.01106558784735863
48493,ERCOT,2027,17096.289350361665,0.08601765970162938,0.06789387050678604,0.08067237741830942,0.05873617041254377,0.005345282283319958,0.009157700094242271
48495,ERCOT,2027,2613.3526329666665,0.10151737225903257,0.03357519489453422,0.0545961831302363,0.01663625315296458,0.04692118912879627,0.01693894174156964
48497,ERCOT,2027,23863.444919196663,0.08898494259365933,0.05577718976525881,0.06842621513483209,0.0360932541342608,0.02055872745882724,0.01968393563099801
48499,ERCOT,2027,17630.570772051666,0.1430178435738513,0.09539253854367906,0.10732067624664016,0.07377815539870722,0.03569716732721115,0.02161438314497184
48503,ERCOT,2027,7461.319969349999,0.1890737889194019,0.10294397290138557,0.11829289137130032,0.0807098521763473,0.07078089754810159,0.022234120725038276
48505,ERCOT,2027,4508.491494858334,0.28712182599056724,0.20255786603730278,0.21599354307637783,0.16733114964514426,0.0711282829141894,0.03522671639215852
48507,ERCOT,2027,3319.6653967791663,0.19663220397402692,0.12131683010103207,0.15266325218851967,0.046953633567877996,0.04396895178550725,0.07436319653315407
51003,PJM,2027,43510.70471643834,0.0996334992828525,0.05414029123630865,0.0767605904665996,0.03052886055301749,0.02287290881625291,0.023611430683291162
51005,PJM,2027,6111.265637383332,0.28896865743909445,0.14405464895488923,0.21350670292228963,0.13121663958248161,0.07546195451680482,0.012838009372407616
51007,PJM,2027,5082.612224698333,0.24712971229416403,0.14961595005774175,0.18981047467865,0.11392128369732155,0.057319237615514024,0.03569466636042021
51009,PJM,2027,12399.452094741666,0.12489319850875212,0.08068391573548611,0.10808328933394336,0.05024458880385016,0.016809909174808763,0.03043932693163595
51011,PJM,2027,6427.303180707499,0.2171142364935177,0.13496765232845973,0.1618872711572422,0.1264725791362966,0.055226965336275496,0.008495073192163138
51013,PJM,2027,109634.49345004333,0.03968787225937557,0.017360825187807235,0.02486445470085695,0.008359653647304172,0.014823417558518619,0.009001171540503063
51015,PJM,2027,29523.07950479167,0.18300291242209143,0.07308626022622272,0.11358972373486251,0.05452068590260336,0.06941318868722893,0.018565574323619362
51017,PJM,2027,1825.2426645166665,0.29491001661827787,0.17798743443757964,0.24286260800234483,0.16465103895308522,0.052047408615933044,0.013336395484494418
51019,PJM,2027,32079.413564569164,0.0910474267534373,0.05796535935916945,0.08135672590876795,0.04007291422418073,0.009690700844669345,0.01789244513498872
51021,PJM,2027,2192.7315815624997,0.13819418833854938,0.06432807821883699,0.11360884864400633,0.03936333046906489,0.024585339694543046,0.024964747749772094
51023,PJM,2027,12766.472553851665,0.15344904173045296,0.08483271449819964,0.10736742027197298,0.0689360825052504,0.04608162145847998,0.01589663199294923
51025,PJM,2027,6081.6847774,0.3666734765791086,0.15687722599768056,0.2501016644937706,0.1389734056539671,0.11657181208533801,0.01790382034371346
51027,PJM,2027,7361.266680583333,0.2858966036297565,0.15863375366114713,0.18897502731856802,0.1512029168417473,0.09692157631118847,0.007430836819399822
51029,PJM,2027,5841.638007979167,0.34967480083880353,0.15056964162324785,0.263451463220797,0.13174988922106762,0.08622333761800655,0.01881975240218023
51031,PJM,2027,21900.176734456665,0.1475190029343608,0.10735975555648099,0.1352090046576876,0.08003794263710938,0.0123099982766732,0.027321812919371607
51033,PJM,2027,11154.246799158333,0.14584028234006344,0.06658990419514894,0.09289672548783734,0.060756507131538164,0.0529435568522261,0.00583339706361078
51035,PJM,2027,11915.080149533333,0.2085408043647517,0.12390262113444432,0.1638114628815383,0.07629732167899898,0.04472934148321339,0.04760529945544534
51036,PJM,2027,2866.7122071125004,0.21468553323724499,0.14065650062218102,0.1752916326834523,0.09769954221196162,0.03939390055379269,0.042956958410219404
51037,PJM,2027,4480.609341945834,0.4021038460643628,0.2159658535195125,0.2997924762989165,0.17658968092824603,0.1023113697654463,0.03937617259126647
51041,PJM,2027,132780.84631940752,0.09660740531619702,0.06088695748425629,0.07387890862384514,0.054268635362999,0.022728496692351885,0.006618322121257292
51043,PJM,2027,5542.518938076666,0.11032307957655586,0.055476231763079795,0.08027492400072199,0.040002568862718524,0.030048155575833874,0.01547366290036127
51045,PJM,2027,1758.6145008150002,0.22896272898735265,0.08692929618978612,0.12226155816241904,0.05897597955204768,0.1067011708249336,0.027953316637738437
51047,PJM,2027,17780.684221904165,0.15824356880900042,0.07610069266783771,0.11651359900009926,0.050472786550649296,0.04172996980890116,0.025627906117188418
51049,PJM,2027,3999.62056115,0.3081364395557338,0.12134609621079956,0.175265146089911,0.0931899251632589,0.13287129346582277,0.02815617104754066
51051,PJM,2027,5500.278171679166,0.2812948365600861,0.19917686652862182,0.21510783114880136,0.15325033152311163,0.06618700541128472,0.045926535005510194
51053,PJM,2027,10301.523405283333,0.20325602009240665,0.14486443912958538,0.17831930749011476,0.1293721356399725,0.024936712602291883,0.01549230348961289
51057,PJM,2027,4178.94374985,0.32841080559114844,0.18293198735584157,0.22865028310107408,0.13855215804530738,0.09976052249007436,0.04437982931053419
51059,PJM,2027,408974.12880427,0.04196008201111137,0.014118823447509912,0.028638037895469558,0.00614779798504885,0.013322044115641814,0.007971025462461062
51061,PJM,2027,25583.265332286668,0.10295729014345896,0.03901577315075221,0.07498773608226218,0.027995214164059857,0.027969554061196777,0.011020558986692356
51063,PJM,2027,6448.611346516666,0.19642179274264002,0.11977148341927459,0.14177354629776398,0.11426677152136473,0.054648246444876036,0.005504711897909853
51065,PJM,2027,10091.6100039225,0.1459473943710853,0.08602176558176343,0.1247642021184541,0.04349528711269953,0.02118319225263121,0.0425264784690639
51067,PJM,2027,21634.931033683333,0.16011220545546861,0.1185937245153236,0.1431348057638629,0.06478911112855812,0.01697739969160572,0.05380461338676548
51069,PJM,2027,32795.0355383875,0.07048232493846089,0.04707097677936334,0.06738973361617727,0.04512060066450504,0.003092591322283622,0.0019503761148583001
51071,PJM,2027,6711.8505741291665,0.13688260149326034,0.08381991711635008,0.11170558363129883,0.07226216679946897,0.025177017861961512,0.01155775031688111
51073,PJM,2027,14660.079218330833,0.11276951374299814,0.06432221352205156,0.08409602203082119,0.04330250611433002,0.02867349171217695,0.021019707407721536
51075,PJM,2027,9713.8666571825,0.09621157245106514,0.06543547422591081,0.07759365957008997,0.04843376547231661,0.018617912880975168,0.017001708753594198
51077,PJM,2027,6087.62467125,0.304871376587306,0.13930691413408045,0.2360212019890576,0.07887461937619862,0.06885017459824841,0.060432294757881824
51079,PJM,2027,7308.493079968333,0.09444418178468843,0.07322449097249271,0.08427910382943157,0.04597085655831564,0.010165077955256854,0.027253634414177073
51085,PJM,2027,40897.41786501583,0.09485385398218626,0.04533688983620994,0.06504328716248414,0.03069897593137076,0.029810566819702122,0.014637913904839178
51087,PJM,2027,132717.59875681333,0.10787983962854045,0.06679369548303087,0.07842690417518813,0.04308297238518864,0.029452935453352314,0.023710723097842223
51089,PJM,2027,20215.426019620834,0.29113297403594474,0.13458499355707354,0.18544499338354686,0.12122698457627154,0.10568798065239787,0.013358008980802
51091,PJM,2027,983.5035311958334,0.16650614320966026,0.049169000541904914,0.10802392543267034,0.043095578542015886,0.05848221777698992,0.006073421999889028
51093,PJM,2027,14966.821161513333,0.19739963894190754,0.08919859132331696,0.10821761981177642,0.06639191471311692,0.08918201913013112,0.02280667661020004
51095,PJM,2027,30207.85573826917,0.0788111262736246,0.041429801748761076,0.054350654153379016,0.02466554119776213,0.024460472120245588,0.016764260550998947
51097,PJM,2027,2780.708449183333,0.26251824673650703,0.13402888263641002,0.18825476013000983,0.10936434262078583,0.0742634866064972,0.024664540015624195
51099,PJM,2027,9626.247947252497,0.11191047547961201,0.0740471521341928,0.08271693744625237,0.030419843990573556,0.02919353803335964,0.043627308143619245
51101,PJM,2027,6791.3176256108345,0.12422682401241462,0.07466403471462717,0.09976475629681561,0.05989733261495225,0.024462067715599015,0.014766702099674914
51103,PJM,2027,5202.519917668334,0.28330292957735914,0.13860290618419693,0.15894585228481134,0.09765068821611012,0.1243570772925478,0.04095221796808682
51107,PJM,2027,137216.82943131332,0.04289217632960095,0.02313030135672056,0.03465018994493437,0.013757547197699681,0.008241986384666576,0.009372754159020877
51109,PJM,2027,14348.583555971665,0.18197941290129044,0.08929241929511633,0.11786478630256976,0.054739786515532324,0.06411462659872068,0.03455263277958401
51111,PJM,2027,4489.897774529167,0.38109090323894146,0.19389654100468384,0.30569781721120204,0.1566034466125236,0.07539308602773942,0.03729309439216025
51113,PJM,2027,5239.124772925001,0.21779535536739697,0.11221883360111182,0.15990150396003794,0.09597181822367931,0.05789385140735903,0.016247015377432505
51115,PJM,2027,3689.8841678991666,0.17118544064974414,0.07765609512835805,0.1016851894049085,0.05102650435967429,0.06950025124483564,0.026629590768683764
51119,PJM,2027,4673.629298998334,0.25159427820213437,0.11070784397845994,0.15570725999495366,0.10112231437167915,0.09588701820718071,0.009585529606780788
51121,PJM,2027,35401.223473624166,0.18354069785966692,0.13197315521277303,0.15313139196118375,0.09714455270928518,0.030409305898483174,0.03482860250348785
51125,PJM,2027,5978.378385621667,0.19354622314966521,0.12940371527959427,0.1591804288844306,0.12444139839591399,0.03436579426523462,0.004962316883680276
51127,PJM,2027,8593.8624013875,0.09533829071462888,0.047284379924955856,0.07297695007917251,0.02986952026175751,0.02236134063545636,0.017414859663198345
51133,PJM,2027,5119.261494512501,0.2730734129402239,0.14343095890222524,0.17360064595810681,0.128697633037414,0.0994727669821171,0.014733325864811242
51135,PJM,2027,5366.664995041667,0.3763110919396327,0.19867976165942047,0.27136461994780425,0.14637047450572258,0.10494647199182844,0.0523092871536979
51137,PJM,2027,14064.271875955,0.12966960781189857,0.07608243633757313,0.10621121386825452,0.06790019676354475,0.023458393943644046,0.008182239574028374
51139,PJM,2027,9042.649432920833,0.18326792140724826,0.11191888185277911,0.1549275276343594,0.09718940119276445,0.028340393772888856,0.014729480660014657
51141,PJM,2027,7614.840194291667,0.23564857785242738,0.13409796770188853,0.18672283504047918,0.12099362215482497,0.0489257428119482,0.013104345547063564
51145,PJM,2027,10945.285253904167,0.07774140875434482,0.05924051389420986,0.06354677197968896,0.05264131219264596,0.014194636774655864,0.006599201701563903
51147,PJM,2027,7301.597361054167,0.28310523601496695,0.1547322934586448,0.21096710495951973,0.12896532491440327,0.07213813105544722,0.025766968544241542
51149,PJM,2027,12679.451224816665,0.12632254658940564,0.0834831555871987,0.10552362390820633,0.06392170720201806,0.020798922681199317,0.019561448385180633
51153,PJM,2027,151187.90185902664,0.06706802212257348,0.015677729489692517,0.040760423424087644,0.01090775865349577,0.02630759869848584,0.004769970836196747
51155,PJM,2027,14071.582653054167,0.15509147640526122,0.11059688662399454,0.13765206825459117,0.09075588310763441,0.01743940815067005,0.01984100351636013
51157,PJM,2027,2781.0655193166667,0.13339893622181037,0.07024139500364292,0.11829409615605446,0.03757192474763203,0.015104840065755909,0.032669470256010885
51159,PJM,2027,2808.2528053666665,0.2321393068933653,0.11477659449226423,0.17457938119469066,0.07880709007408519,0.05755992569867463,0.03596950441817903
51161,PJM,2027,38517.717460768334,0.08264283438516876,0.04111530382612508,0.06726993140154558,0.03020402117016982,0.015372902983623177,0.010911282655955257
51163,PJM,2027,9171.825566041665,0.256524580611245,0.10901947571126076,0.17323855385466838,0.08694506876971612,0.08328602675657662,0.02207440694154464
51165,PJM,2027,30994.956849151666,0.1285822551348623,0.0776410964002799,0.1082411467235244,0.057241385874045064,0.02034110841133789,0.020399710526234835
51167,PJM,2027,10292.158846416667,0.25451011035732907,0.1387404344183164,0.16096922520270274,0.11735644738175548,0.09354088515462633,0.021383987036560928
51169,PJM,2027,8727.960170725,0.2861854031692588,0.16465520027275263,0.19329459826520512,0.14253288623852609,0.09289080490405366,0.022122314034226542
51171,PJM,2027,17181.927165177498,0.15607130518085655,0.0862858681834707,0.12971245270652246,0.08141513893117952,0.026358852474334088,0.004870729252291178
51173,PJM,2027,12480.335794775001,0.24749032525609638,0.12379437160531571,0.1762335864669459,0.08663797671768975,0.07125673878915048,0.03715639488762597
51175,PJM,2027,6713.844140190833,0.2675741655424058,0.12439838637678899,0.18112313650841405,0.10154632515664191,0.08645102903399177,0.022852061220147074
51177,PJM,2027,48805.73033688333,0.11378274213919466,0.04879372570807171,0.09551363534998276,0.02021395605181854,0.018269106789211897,0.028579769656253168
51179,PJM,2027,49535.911123460006,0.07265569127321109,0.029176740518567213,0.0443229687237989,0.019894381250749035,0.028332722549412187,0.009282359267818178
51181,PJM,2027,2700.6224401333334,0.3017243904324775,0.15510605075552603,0.20173982788165482,0.11448423300385603,0.09998456255082269,0.040621817751669995
51183,PJM,2027,3644.1733882375,0.2673283017392319,0.17177740935540148,0.22919527339796072,0.09770011083835846,0.038133028341271163,0.07407729851704302
51185,PJM,2027,15432.223377133334,0.2611666667974219,0.13115826502458608,0.18018163330670722,0.11880995582054545,0.08098503349071468,0.012348309204040633
51187,PJM,2027,15081.494536732502,0.15970359846357982,0.09777698311099563,0.13162718964047876,0.07721575446343677,0.028076408823101057,0.020561228647558855
51191,PJM,2027,21771.920584220832,0.15344375180377431,0.07279684604602624,0.09266679397417078,0.03924419795629211,0.06077695782960353,0.03355264808973413
51193,PJM,2027,7692.57339239,0.26203719000641623,0.1641606213479132,0.18377139711889742,0.13537522897563412,0.07826579288751881,0.02878539237227909
51197,PJM,2027,12146.722588454166,0.1817795964881339,0.09930865244883157,0.146776976131103,0.07218710882144679,0.03500262035703092,0.02712154362738478
51199,PJM,2027,25470.238740225832,0.06830773728767336,0.03995131424241129,0.04942461308516727,0.0320896298987506,0.018883124202506096,0.007861684343660684
51510,PJM,2027,73646.97024392,0.048733383364261786,0.018233195839456245,0.030999452519209058,0.007842519267804039,0.017733930845052728,0.010390676571652206
51530,PJM,2027,2624.5863998583336,0.2987260572754064,0.12222866192706869,0.18653412569364283,0.09401683280966443,0.11219193158176358,0.02821182911740426
51540,PJM,2027,19009.233979491666,0.19398564508578595,0.1344628462311672,0.16046016861896895,0.08453144177176906,0.033525476466817,0.04993140445939813
51550,PJM,2027,90032.33919734416,0.10723082702077145,0.058042976509350606,0.07138566936911918,0.03549066269120763,0.035845157651652276,0.022552313818142974
51570,PJM,2027,7384.669586001666,0.22492171968265123,0.11385455247929313,0.17529869193546,0.07125092513040722,0.04962302774719124,0.04260362734888591
51580,PJM,2027,2413.55132315,0.354828050334265,0.10186314747423633,0.22621855869110402,0.07467165512344866,0.128609491643161,0.027191492350787674
51590,PJM,2027,18344.662240391666,0.3056702246312084,0.14993975295496853,0.23191477274740493,0.13968493282201508,0.07375545188380347,0.010254820132953452
51595,PJM,2027,2184.4932891541666,0.3709132232203213,0.21141164212295915,0.2949991846962918,0.16031639896443337,0.07591403852402945,0.05109524315852579
51600,PJM,2027,8790.180759226667,0.03750145415314544,0.014680653536945735,0.02047224388013213,0.010910904593097102,0.017029210273013306,0.0037697489438486328
51610,PJM,2027,5605.6600278000005,0.014110115698729279,0.007481992862927933,0.012957850040810851,0.006820623999740738,0.0011522656579184276,0.0006613688631871952
51620,PJM,2027,3296.9949778124997,0.37655768732331724,0.15882996920474757,0.2981184882682071,0.12175768502879099,0.07843919905511015,0.03707228417595658
51630,PJM,2027,10772.773106280001,0.12524633904648497,0.040900660944006184,0.06231044885759486,0.024682991048206284,0.0629358901888901,0.0162176698957999
51640,PJM,2027,2530.4276880541665,0.24699210997203885,0.13339485460376757,0.1742015922108016,0.06117885816529453,0.07279051776123727,0.07221599643847304
51650,PJM,2027,56154.5096907025,0.1905408088924878,0.09531447540765403,0.10948440435067612,0.08953849818614804,0.08105640454181169,0.005775977221505996
51660,PJM,2027,16632.553152537505,0.15557765588533357,0.09473338006260613,0.1116316934804184,0.043726250517891446,0.04394596240491516,0.05100712954471469
51670,PJM,2027,9088.151801186665,0.2852124304099302,0.18419343205436897,0.2306996060669054,0.14470136754775834,0.05451282434302482,0.039492064506610636
51678,PJM,2027,1888.8015510250002,0.11909103073124067,0.05978899874211221,0.09535525082148566,0.03727804361542905,0.023735779909755006,0.022510955126683156
51680,PJM,2027,28035.634291165836,0.15831538540858284,0.10632300513954394,0.13176140173432788,0.06897996925955219,0.02655398367425496,0.03734303587999176
51683,PJM,2027,13553.35711638,0.03594283480053241,0.01273249815020184,0.022388673462552945,0.0038756262439104895,0.013554161337979466,0.008856871906291352
51685,PJM,2027,4976.962107493334,0.016734485827797692,0.008031057667317567,0.008529477535989096,0.004805737591878053,0.008205008291808596,0.0032253200754395143
51690,PJM,2027,5493.654093225,0.3934698713472438,0.1740198114735966,0.29074879867433284,0.125864726870087,0.10272107267291097,0.04815508460350959
51700,PJM,2027,74532.18302123834,0.1735142979658064,0.10888921528087682,0.12883418663068824,0.05955969319613764,0.04468011133511815,0.04932952208473918
51710,PJM,2027,92494.7794923525,0.1687577241640224,0.10941024467476439,0.1395105522401698,0.07326088651998205,0.029247171923852594,0.03614935815478233
51730,PJM,2027,14046.044144674166,0.31935716350001714,0.21053561482252717,0.2810569656255752,0.10644696251650698,0.038300197874441944,0.10408865230602019
51735,PJM,2027,4548.48764045,0.08124969254050143,0.049563797003311115,0.059824846295448104,0.03572161604626425,0.02142484624505333,0.013842180957046868
51740,PJM,2027,38066.930964584164,0.2949411414659727,0.15681510624607672,0.21081309855848257,0.12609434445098125,0.08412804290749015,0.030720761795095475
51750,PJM,2027,5359.690737330833,0.3481136476450579,0.22793576371038873,0.2725742805303874,0.20215850172658686,0.07553936711467052,0.02577726198380187
51760,PJM,2027,99598.27762371916,0.23055101199565345,0.10980223339811636,0.1674203668859072,0.06801059877672033,0.06313064510974625,0.041791634621396026
51770,PJM,2027,41987.42435299,0.18698835670719674,0.10950436891387731,0.1445954572670994,0.07382653327668555,0.04239289944009733,0.03567783563719176
51775,PJM,2027,9835.425484811667,0.09124834562072685,0.052254416475625856,0.07266911195796487,0.03617585148089942,0.018579233662761985,0.016078564994726437
51790,PJM,2027,10800.1263987,0.19276732594835777,0.08803701587320757,0.13050940862550112,0.07308240904816389,0.062257917322856654,0.014954606825043681
51800,PJM,2027,35643.85399555917,0.16572318510306008,0.07671891022013767,0.11221296936586372,0.06539206952088837,0.05351021573719636,0.011326840699249302
51810,PJM,2027,177294.6065238525,0.09478082320603985,0.05598827200660617,0.07743018436129413,0.04157435906077613,0.01735063884474572,0.01441391294583004
51820,PJM,2027,9214.187320541667,0.22431423419853616,0.11101656487413362,0.1597331349503624,0.07228790905575426,0.06458109924817376,0.038728655818379365
51830,PJM,2027,4737.210071578333,0.08521470806666231,0.03841361917677646,0.05949618730533277,0.03274740201637579,0.025718520761329543,0.005666217160400666
51840,PJM,2027,10772.8827765675,0.10946464242213144,0.05461446517258316,0.1000033392005182,0.034963558530354585,0.009461303221613246,0.01965090664222857
53025,CITY,2027,33395.2029098525,0.042850957558821845,0.029148319367484642,0.042053620585847676,0.029148319367484642,0.0007973369729741692,0.0
53033,CITY,2027,912580.8553112857,0.03523607717512039,0.005042105987811858,0.03523607717512039,0.005042105987811858,0.0,0.0
55001,MISO,2027,9040.715278331667,0.2564856016327545,0.10462464471408678,0.24801984881209307,0.10335598534530616,0.008465752820661449,0.0012686593687806225
55003,MISO,2027,6691.808202022499,0.20884186339440375,0.11797562112629904,0.17629039587612802,0.10463857562196248,0.03255146751827573,0.013337045504336564
55005,MISO,2027,18732.44472072,0.22080534114468325,0.10042106800979599,0.18060972688454985,0.07756625444962133,0.040195614260133405,0.022854813560174658
55007,MISO,2027,7431.236305579167,0.1800039786402335,0.07560597322613041,0.17048793762537454,0.0693867043199187,0.00951604101485895,0.006219268906211717
55009,MISO,2027,106386.66578452082,0.054871553462006964,0.03265602798736414,0.05205860113363153,0.030523421989921445,0.0028129523283754315,0.0021326059974426936
55011,MISO,2027,5519.3363185641665,0.2001890746118617,0.1154546176711527,0.17695326322659666,0.10753962485554946,0.023235811385265037,0.007914992815603233
55013,MISO,2027,6929.077616925833,0.21773647658125939,0.10856963508255439,0.20464229162485137,0.09965546583789375,0.013094184956408017,0.008914169244660639
55015,MISO,2027,20197.3657959475,0.07458929031621242,0.029364500780294803,0.07248052216964819,0.027961033759576315,0.00210876814656423,0.001403467020718488
55017,MISO,2027,25997.082372176665,0.1571005567476447,0.07308230192766016,0.13521721549205568,0.057066751759784165,0.021883341255589023,0.016015550167875994
55019,MISO,2027,12423.100704460001,0.22353085163054762,0.10130430903613696,0.18485759823502584,0.08378509150360385,0.03867325339552177,0.01751921753253312
55021,MISO,2027,23384.644934854998,0.08793252768422892,0.0434236402285417,0.08558399835598829,0.04242446110629753,0.002348529328240631,0.000999179122244169
55023,MISO,2027,6435.822690589167,0.17607028862129281,0.10655291725761055,0.15119067354245636,0.08547545954345954,0.02487961507883646,0.02107745771415101
55025,MISO,2027,237644.29869869002,0.045593810476841565,0.01389261090901511,0.041196303229430825,0.00899605138901565,0.00439750724741074,0.00489655951999946
55027,MISO,2027,34799.04555811833,0.08258038665932851,0.04691805716823567,0.07539774981413429,0.04171443915850968,0.007182636845194226,0.005203618009725991
55029,MISO,2027,13529.68187288,0.14486875626806175,0.07418849282347074,0.1315865436903061,0.06421891283132215,0.013282212577755664,0.009969579992148592
55031,MISO,2027,18410.509316494165,0.11246270692124136,0.05985900851681901,0.10310778905399373,0.05092151233137037,0.009354917867247625,0.008937496185448639
55033,MISO,2027,16533.935842560833,0.17168816354595026,0.0948672806798691,0.15241993014736682,0.08124757589848644,0.01926823339858344,0.013619704781382663
55035,MISO,2027,41026.647419998335,0.09259439565417507,0.04913059825508604,0.07199250078134023,0.03918511143592403,0.02060189487283484,0.009945486819162012
55037,MISO,2027,2048.4226553541666,0.19121719519587002,0.08683150027538976,0.19010939589605166,0.08577578513842124,0.0011077992998183572,0.0010557151369685186
55039,MISO,2027,41323.749355471664,0.06926103522959637,0.04131461235597217,0.06370949818504477,0.039283890866904564,0.005551537044551594,0.002030721489067605
55041,MISO,2027,3650.6426816450003,0.20851501500949213,0.10800338137192537,0.19316928673220254,0.10785631137718187,0.015345728277289583,0.00014706999474350946
55043,MISO,2027,19341.494856175832,0.1410789218347509,0.06635237306835597,0.12505520307466547,0.05397683283004613,0.01602371876008543,0.012375540238309835
55045,MISO,2027,15207.788797207499,0.08429136051962074,0.03788307586915301,0.07875441485998642,0.03188084409816987,0.005536945659634321,0.006002231770983135
55047,MISO,2027,7837.7579516275,0.12614545978543498,0.07803888415081232,0.1202159477695636,0.0777427328218661,0.005929512015871385,0.00029615132894622587
55049,MISO,2027,9589.519922513335,0.10321550731557215,0.062365911444909994,0.10201711406583774,0.05805232058816438,0.0011983932497344058,0.004313590856745611
55051,MISO,2027,2902.885013735,0.2064182150406162,0.09076768789381569,0.1901816202534796,0.08098889746095722,0.0162365947871366,0.009778790432858467
55053,MISO,2027,7909.781121005,0.2556246423176116,0.15882001284194647,0.21841330016817975,0.13482189540467382,0.037211342149431864,0.023998117437272648
55055,MISO,2027,33322.00916161666,0.06806797255298787,0.042031683234454636,0.06121138805603087,0.042031683234454636,0.006856584496956995,0.0
55057,MISO,2027,10395.263670585,0.1915136608764792,0.09259620293554624,0.1819425453214018,0.0880720657556742,0.009571115555077392,0.004524137179872045
55059,MISO,2027,64033.521431497495,0.07404542113790555,0.038746067973489,0.06981840002918474,0.03642361025641508,0.004227021108720808,0.002322457717073921
55061,MISO,2027,8063.985705010833,0.10144992365603006,0.04154042668877515,0.10141210153623839,0.04154042668877515,3.7822119791669495e-05,0.0
55063,MISO,2027,48211.34906561333,0.0728861721050237,0.03496210192948594,0.05516792149462392,0.02832056529501232,0.017718250610399777,0.006641536634473623
55065,MISO,2027,6535.765734886666,0.21556319868964274,0.1028210647291996,0.19565243150217357,0.09538875432996899,0.019910767187469175,0.0074323103992306044
55067,MISO,2027,8076.2150365649995,0.16439707401338222,0.08388017344547187,0.16118869272098818,0.08155810249824057,0.003208381292394036,0.002322070947231303
55069,MISO,2027,11798.605530907498,0.13734911471500164,0.06519996526614937,0.12146315875578496,0.053715828958750926,0.01588595595921667,0.011484136307398439
55071,MISO,2027,33766.7590197175,0.09446170365651967,0.0441650568246968,0.09187419127383445,0.043263052680851816,0.002587512382685217,0.0009020041438449825
55073,MISO,2027,54721.32047213,0.08990848426289498,0.0492633177849994,0.08308921145745553,0.04584224071056467,0.0068192728054394525,0.0034210770744347307
55075,MISO,2027,18099.252043031665,0.1522494993678072,0.071312408812372,0.13545527302745997,0.07107354925122983,0.016794226340347246,0.00023885956114216844
55077,MISO,2027,6752.571978093332,0.18615120476471078,0.08156125015970238,0.18502168576196476,0.08031516138385553,0.0011295190027460211,0.0012460887758468514
55078,MISO,2027,1276.6230045666666,0.25496455295259074,0.1314786549314722,0.24481272613007538,0.11180402589051608,0.010151826822515364,0.019674629040956126
55079,MISO,2027,384825.1751244275,0.1207245074957788,0.08154098519357282,0.11693376177922496,0.0640279362859637,0.003790745716553842,0.017513048907609116
55081,MISO,2027,17710.193055913333,0.12734562205498542,0.06519166383542989,0.11370393643084149,0.05885591577479343,0.013641685624143932,0.006335748060636456
55083,MISO,2027,16076.027555741666,0.13146776625838902,0.06270576572729236,0.1214873086925918,0.05936891539445992,0.009980457565797213,0.0033368503328324445
55085,MISO,2027,15858.853859720833,0.1372221353825067,0.06905948064249197,0.13576839224293744,0.06328045223283026,0.0014537431395692524,0.005779028409661713
55087,MISO,2027,74673.25127240416,0.05890987714508868,0.024912615645666297,0.04959856536919954,0.016242290422539645,0.009311311775889133,0.008670325223126652
55089,MISO,2027,36635.504094388336,0.05312719874854855,0.025114091033282614,0.05110945977573276,0.02263547788888455,0.0020177389728157913,0.002478613144398064
55091,MISO,2027,3022.8151432216664,0.1655356832342933,0.09858337914324589,0.14272036973186172,0.08428511750174757,0.022815313502431572,0.01429826164149832
55093,MISO,2027,15523.289282843334,0.12128578417548143,0.03935111537288474,0.10152977339824573,0.035564764697196376,0.019756010777235697,0.003786350675688367
55095,MISO,2027,18234.2732177725,0.1368427769724851,0.056643536602725836,0.11876076083522343,0.051612224422581045,0.018082016137261667,0.005031312180144791
55097,MISO,2027,28771.412261253332,0.08128223286514683,0.04377383680757272,0.08001875962946016,0.03918372745235053,0.0012634732356866657,0.004590109355222194
55099,MISO,2027,6553.198970079167,0.22394620478840288,0.098494063849634,0.18929496373598548,0.09184173683895676,0.0346512410524174,0.006652327010677236
55101,MISO,2027,75921.58150764916,0.08740498708018563,0.048362279915648704,0.08208080229864749,0.04048816846896117,0.0053241847815381355,0.00787411144668753
55103,MISO,2027,7080.581791423333,0.21917008898038798,0.10822112809498835,0.18931335632727866,0.08495570870136265,0.029856732653109314,0.023265419393625697
55105,MISO,2027,64199.0805461275,0.12036161995188314,0.05420721299848507,0.09319406639986104,0.04380364642632144,0.027167553552022106,0.010403566572163632
55107,MISO,2027,6112.864945164166,0.24461106032825058,0.1036323465815292,0.20290871954776288,0.09168790723653306,0.04170234078048771,0.011944439344996144
55109,MISO,2027,34782.802242227495,0.06858894305124906,0.03623212406182563,0.05999940435946365,0.02560091297965074,0.008589538691785407,0.010631211082174893
55111,MISO,2027,26365.950493061668,0.09860449048489581,0.052010485325889005,0.07779992915837171,0.0459270864534604,0.0208045613265241,0.006083398872428605
55113,MISO,2027,8031.799480254166,0.21723390254122146,0.10310494486064128,0.20592119035407347,0.09587360730615485,0.011312712187147994,0.007231337554486433
55115,MISO,2027,16369.697342675834,0.16330429423013948,0.0820466999750359,0.1558884005675739,0.07747448387191892,0.0074158936625655925,0.004572216103116977
55117,MISO,2027,47419.373747415826,0.07211204645263125,0.03648716722021849,0.07051486127251007,0.02949346250014987,0.0015971851801211828,0.006993704720068619
55119,MISO,2027,7620.995402823333,0.3081499922074908,0.11870820751532192,0.25587760988053765,0.10374131403627891,0.05227238232695314,0.014966893479043009
55121,MISO,2027,12183.146334637499,0.15914406451942667,0.06731335141044535,0.11920420419698134,0.061910833357189804,0.03993986032244533,0.005402518053255548
55123,MISO,2027,11814.648978430832,0.18280641486694316,0.09924114020629941,0.16389408369968436,0.09037229227017989,0.018912331167258795,0.008868847936119528
55125,MISO,2027,10406.0294350525,0.1580726372777202,0.07558220944250403,0.14554948904156081,0.07433686143720747,0.012523148236159382,0.001245348005296562
55127,MISO,2027,40610.23520634667,0.08173643019636864,0.03711872461783772,0.07200900770781507,0.031908047768562466,0.009727422488553572,0.005210676849275252
55129,MISO,2027,7161.930192894166,0.2345615116936989,0.10031771328947624,0.20532269354831034,0.096932080925677,0.029238818145388562,0.0033856323637992403
55131,MISO,2027,54604.04755696084,0.05795816721381604,0.028724152882998552,0.05481298253092515,0.025783728039354664,0.003145184682890892,0.002940424843643888
55133,MISO,2027,163567.09468500415,0.04531712382530569,0.03136668044890308,0.04333335336936601,0.03043290303301063,0.0019837704559396846,0.0009337774158924526
55135,MISO,2027,21854.204710461665,0.15807116859803394,0.08357087495550501,0.13470109467248817,0.08258147436304222,0.02337007392554577,0.0009894005924627886
55137,MISO,2027,10030.396091709166,0.18680244710188942,0.09763578767096899,0.18260552405874433,0.09412348713189855,0.00419692304314509,0.003512300539070437
55139,MISO,2027,69779.61963483167,0.05143229264149443,0.028721694866900297,0.050520074344748964,0.02622928685851406,0.0009122182967454678,0.0024924080083862377
55141,MISO,2027,31349.468501871663,0.10044676627902523,0.052827804188619355,0.08970783592502046,0.04326172041002424,0.010738930354004764,0.009566083778595115
54001,PJM,2027,5664.600238941666,0.23516615906254154,0.12524610091227176,0.2105696005165676,0.1149353382637477,0.02459655854597395,0.010310762648524055
54003,PJM,2027,47407.1086198625,0.08942044614721319,0.04823553138091169,0.08226569504939178,0.044044710279486685,0.007154751097821405,0.004190821101425005
54005,PJM,2027,7793.946163537501,0.27049732249730035,0.10936957988736457,0.1962807488803793,0.08736518672740984,0.07421657361692105,0.022004393159954727
54007,PJM,2027,4456.646636991667,0.17094396200587186,0.10047853766135838,0.15341097689349478,0.08427243735872066,0.01753298511237708,0.01620610030263772
54009,PJM,2027,9324.98577585,0.1681798120695128,0.07431181767711614,0.11290071325648043,0.07104072528799993,0.05527909881303236,0.0032710923891162147
54011,PJM,2027,37850.83539883333,0.23861677638492015,0.12942914085999718,0.17134473016490062,0.10453981654141503,0.06727204622001953,0.02488932431858215
54013,PJM,2027,2390.5344339875,0.18628162002273918,0.08891705147376183,0.163471016073796,0.07326226297524331,0.022810603948943187,0.01565478849851852
54015,PJM,2027,2798.6708101875,0.3115150226587709,0.15731772881754877,0.22635478857582816,0.1363483802629749,0.08516023408294274,0.020969348554573858
54017,PJM,2027,2317.1860796916662,0.14243800356468786,0.05073617095372721,0.12805742173512355,0.03582711953883308,0.01438058182956431,0.014909051414894132
54019,PJM,2027,15595.554492675,0.3023309758093505,0.16877488241486438,0.25063598994658437,0.13150741711262173,0.05169498586276611,0.03726746530224265
54021,PJM,2027,2090.0772429833332,0.14037162032205952,0.0833466208791958,0.1309684716409224,0.07081201991905531,0.009403148681137119,0.012534600960140488
54023,PJM,2027,4067.8432781166666,0.19441309296916784,0.10688669270229847,0.16619037716070154,0.09478490466599579,0.028222715808466303,0.012101788036302685
54025,PJM,2027,14431.388297925,0.2745594826780371,0.12688516713749712,0.245086902954113,0.09928585973471575,0.029472579723924086,0.027599307402781367
54027,PJM,2027,7941.182401270833,0.21320945957775503,0.11775059078885095,0.18228108844135746,0.09949984214696025,0.03092837113639757,0.01825074864189069
54029,PJM,2027,12543.1333672,0.15224427740548566,0.08453164200031317,0.1288711818917306,0.07308416983096058,0.02337309551375505,0.011447472169352588
54031,PJM,2027,5590.6749591875,0.1587401787275687,0.08580097484160423,0.14538875595752665,0.08299927011197057,0.01335142277004206,0.002801704729633661
54033,PJM,2027,25312.593570065,0.12002356999743553,0.08431710242659733,0.11060059448165341,0.07380673495357416,0.009422975515782125,0.010510367473023169
54035,PJM,2027,10903.992229366668,0.24304856797288185,0.11737201939967834,0.18226802976473716,0.0863479162202399,0.06078053820814469,0.031024103179438434
54037,PJM,2027,21210.483391213333,0.10102388714347565,0.05322590594694689,0.0887458279372099,0.02534882570346,0.012278059206265748,0.027877080243486892
54039,PJM,2027,76215.42144532083,0.23784042337990943,0.09668833187666405,0.1483697589784512,0.08857319813245551,0.08947066440145823,0.008115133744208539
54041,PJM,2027,6668.754188283332,0.17665760250415366,0.0870802778918773,0.1675275636615454,0.08689739515762647,0.009130038842608268,0.000182882734250836
54043,PJM,2027,7483.027618075,0.3265176036148382,0.1464193118915715,0.2471729957124148,0.13303629365922723,0.07934460790242343,0.01338301823234428
54045,PJM,2027,11977.786093437498,0.34181891975789974,0.16284653851727637,0.2707499189062824,0.13247293296569115,0.07106900085161733,0.03037360555158522
54047,PJM,2027,5918.683558466666,0.48667102667836537,0.25648286106194657,0.36888277139519066,0.21926146691822251,0.11778825528317471,0.03722139414372405
54049,PJM,2027,22711.828154225,0.09815354907050791,0.06603274891792503,0.08415152874184018,0.0558816263207284,0.014002020328667736,0.010151122597196631
54051,PJM,2027,11788.9384316375,0.29762135169247617,0.12178636343020084,0.20477041984740907,0.10745492803239981,0.0928509318450671,0.014331435397801032
54053,PJM,2027,9940.0680051,0.2812864409171653,0.13798638175484343,0.2114705506710149,0.10553862004004932,0.06981589024615042,0.032447761714794104
54055,PJM,2027,23798.375805925,0.2905445271841559,0.10884621707237485,0.19926605462042424,0.08973503310892555,0.09127847256373167,0.019111183963449296
54057,PJM,2027,10223.784925470834,0.16360867313657496,0.09550867312854436,0.1435437003803574,0.08493493895575824,0.020064972756217547,0.01057373417278612
54059,PJM,2027,8784.743335254167,0.38819101345307944,0.20607267368511645,0.32633440739852765,0.18408474658391508,0.06185660605455179,0.02198792710120137
54061,PJM,2027,43293.28153737416,0.10823936293162821,0.04535138784917539,0.09862052541587715,0.03355667254038437,0.009618837515751058,0.011794715308791018
54063,PJM,2027,4528.599276391666,0.26689100982265873,0.1439622883574714,0.2422528861578723,0.12031181774267266,0.024638123664786432,0.023650470614798746
54065,PJM,2027,6923.024825049999,0.1486217361222933,0.07547234878354776,0.1420995644627147,0.07174366433529959,0.0065221716595785795,0.0037286844482481707
54067,PJM,2027,9387.969754716667,0.24067898937385235,0.12580562990185215,0.1708082370266323,0.10514353562617443,0.06987075234722004,0.020662094275677723
54069,PJM,2027,16924.995776009164,0.22421931788805574,0.08379404732074573,0.13839647782848571,0.07393310991094704,0.08582284005957003,0.009860937409798695
54071,PJM,2027,2314.684700433333,0.18288482372635173,0.09221161338844193,0.15651603031635788,0.08720467692628345,0.026368793409993846,0.005006936462158482
54073,PJM,2027,2651.3623402666667,0.10531148699209864,0.04611258935071468,0.0707785839691979,0.04106969129150215,0.03453290302290074,0.005042898059212535
54075,PJM,2027,2849.8247515666662,0.302890798887594,0.15143087514425524,0.2741841279186068,0.1342104314974937,0.028706670968987213,0.017220443646761535
54077,PJM,2027,12275.9808574125,0.20101590441141567,0.12685428831033294,0.18767750860484936,0.11359636397034896,0.013338395806566317,0.013257924339983976
54079,PJM,2027,21961.971986682503,0.14965619467769312,0.07507176814111234,0.09929811859976581,0.05887589294534873,0.050358076077927305,0.016195875195763612
54081,PJM,2027,28850.486562554164,0.300177820333063,0.15102862605924736,0.22230292611061722,0.1448410682363336,0.07787489422244578,0.006187557822913747
54083,PJM,2027,10110.549346737502,0.18409423438753178,0.10802860880756954,0.17446594436269297,0.09567177149805042,0.00962829002483881,0.012356837309519114
54085,PJM,2027,3209.6026172,0.14887593237326865,0.05689642495918804,0.13565475225813675,0.038822500982079934,0.013221180115131903,0.01807392397710811
54087,PJM,2027,5395.543520345833,0.23896120337255528,0.1332916011790851,0.19145837844549296,0.11495214138119166,0.047502824927062315,0.018339459797893434
54089,PJM,2027,4735.803687308334,0.31691914472223554,0.14166407836568196,0.27024020429569295,0.11596677964364914,0.04667894042654258,0.025697298722032816
54091,PJM,2027,6501.097297770833,0.16286530398717775,0.0852931509427851,0.14520551115109762,0.07240999016859517,0.01765979283608013,0.012883160774189925
54093,PJM,2027,2794.437782308333,0.17925274560012744,0.07869446924639713,0.14036365753811628,0.07425959175238848,0.03888908806201116,0.004434877494008643
54095,PJM,2027,2908.4020658625,0.1340464752940036,0.08793593307137491,0.12225574514014832,0.08498410529598993,0.011790730153855275,0.0029518277753849825
54097,PJM,2027,9351.106407758332,0.18870217193614497,0.11051984792062149,0.16019227070629577,0.10467586486124855,0.0285099012298492,0.005843983059372934
54099,PJM,2027,14611.889310808332,0.2903161718145396,0.14665669724276423,0.22809852856157592,0.12978899515049003,0.062217643252963695,0.0168677020922742
54101,PJM,2027,2871.9898857041667,0.33065894256436806,0.1612419238765734,0.2809510839881772,0.139793386563951,0.049707858576190866,0.021448537312622418
54103,PJM,2027,5684.012100529168,0.19650375171398446,0.10792316320990776,0.12649968555436875,0.09935829533038047,0.07000406615961571,0.008564867879527288
54105,PJM,2027,2076.7978979833333,0.16285890666833724,0.08517060095099321,0.1403574142528365,0.06295628704103973,0.022501492415500757,0.022214313909953487
54107,PJM,2027,34818.539696006665,0.11592797603292189,0.06183586304851832,0.1084778092341474,0.06032601588996476,0.007450166798774485,0.0015098471585535608
54109,PJM,2027,7352.608123954167,0.3255005738936915,0.15485857656851834,0.22197578987304128,0.12389889059780551,0.10352478402065024,0.03095968597071283
