county_fips,iso,year,total_units_counted,share_bench_gt6,share_bench_gt10,share_dc_gt6,share_dc_gt10,share_diff_gt6,share_diff_gt10
01089,CITY,2025,157928.47622681834,0.11390721722655804,0.07681218983987569,0.11038029087794925,0.07628667340192098,0.0035269263486087943,0.0005255164379547039
05001,MISO,2025,6459.491017858333,0.2794351211821109,0.1333752663763507,0.2576886448673913,0.11286975380957534,0.0217464763147196,0.020505512566775352
05003,MISO,2025,7050.319913174999,0.3637286496206186,0.21818473542780892,0.33827538849358535,0.18103431814288404,0.025453261127033278,0.03715041728492488
05005,MISO,2025,18670.85956237083,0.28401549002015064,0.0913851988192382,0.2582545721054395,0.08000577544233961,0.025760917914711134,0.011379423376898595
05009,MISO,2025,14702.007005116668,0.22217789713312766,0.08562537245619255,0.18363816927837706,0.0767233142026073,0.0385397278547506,0.00890205825358524
05011,MISO,2025,3464.6187361875,0.35359029228703226,0.20230236610766136,0.3367264778150172,0.19736965202433934,0.01686381447201507,0.004932714083322021
05013,MISO,2025,1469.333236083333,0.2522399256360024,0.1563264737513042,0.23968818441845013,0.11844026465629476,0.01255174121755226,0.03788620909500945
05017,MISO,2025,3894.1840080541665,0.45779234005130837,0.2787182214962938,0.4177395278890151,0.2675595443912933,0.04005281216229328,0.011158677105000514
05019,MISO,2025,7734.878936825,0.24158886130871726,0.1108840972944463,0.22683656524625662,0.10839364883162389,0.014752296062460646,0.0024904484628224116
05021,MISO,2025,5960.521219045833,0.38633540661263877,0.1721882682863703,0.3470585287998776,0.15813549793623938,0.03927687781276118,0.014052770350130916
05023,MISO,2025,10473.382977425,0.258671804351359,0.11659830502702645,0.24333829389558545,0.10850387067780692,0.015333510455773552,0.008094434349219526
05025,MISO,2025,2678.6289155208333,0.3822512085398028,0.17315786022870844,0.32912906731716707,0.1513668875243076,0.053122141222635755,0.021790972704400835
05027,MISO,2025,7669.765738129166,0.29106715851200676,0.17738191363893197,0.26982153520557955,0.14785148428383058,0.021245623306427208,0.02953042935510139
05029,MISO,2025,8209.410909900002,0.22390837262147195,0.11981166093950352,0.19992960347037367,0.09972788012467017,0.023978769151098284,0.02008378081483335
05031,MISO,2025,41835.236877129166,0.19053126916885646,0.08304261235927378,0.18285086223995506,0.07772210131626468,0.007680406928901401,0.005320511043009096
05035,MISO,2025,18346.199880426666,0.28592806514756214,0.1429393179646229,0.2619052576166664,0.1156209948672943,0.02402280753089575,0.027318323097328595
05037,MISO,2025,6454.8330351125005,0.35455122391444055,0.13944229735811892,0.29656691252884376,0.13156541062351929,0.05798431138559679,0.00787688673459963
05039,MISO,2025,2207.299146370833,0.31253614404587876,0.19572847791247416,0.2914958835078549,0.1257875049574366,0.02104026053802388,0.06994097295503757
05041,MISO,2025,4388.7474376166665,0.3749671958391022,0.2081970586816307,0.34696354112680416,0.17455818970131873,0.028003654712298043,0.03363886898031196
05043,MISO,2025,6673.7223832624995,0.3486217360784125,0.17234998250584632,0.3006994240406408,0.1541699331397501,0.0479223120377717,0.018180049366096213
05045,MISO,2025,46754.80228657583,0.1687704385329655,0.10261625103077103,0.15220425260848658,0.09533597006810872,0.01656618592447892,0.007280280962662311
05049,MISO,2025,4729.7905249791675,0.39071047743260745,0.18699504500160968,0.35354464651191536,0.167679909152212,0.03716583092069209,0.019315135849397674
05051,MISO,2025,42036.15773877917,0.20638714571017144,0.08555147016344421,0.17974617729335013,0.08047891495543597,0.026640968416821315,0.005072555208008242
05053,MISO,2025,6674.6441586125,0.18594475717908507,0.0960951971258343,0.1430919059569072,0.08669470216550923,0.04285285122217786,0.009400494960325065
05055,MISO,2025,17315.1632092875,0.23353771297966655,0.10220577959336996,0.20980213699904923,0.08975263931214861,0.02373557598061732,0.012453140281221353
05059,MISO,2025,11744.49658625,0.28223999572183733,0.11657820872483801,0.23055295402494616,0.11312681401109694,0.05168704169689117,0.0034513947137410766
05063,MISO,2025,14030.427683962498,0.2568966596096103,0.12665015055233506,0.240988145622295,0.11908782503097685,0.01590851398731527,0.007562325521358201
05065,MISO,2025,4782.184604029167,0.36556974174217194,0.16882166811529803,0.3160456649965512,0.15732874666202337,0.04952407674562076,0.011492921453274657
05067,MISO,2025,6004.729172487499,0.4243831748352075,0.1949768139748306,0.35667352185792944,0.17658985046460188,0.06770965297727805,0.018386963510228727
05069,MISO,2025,23635.280538966665,0.3186291939365778,0.1397030841721089,0.28084408024012136,0.12691428492515278,0.03778511369645643,0.012788799246956112
05075,MISO,2025,6212.944492291666,0.33419485238323826,0.14248695534017786,0.31039265192831567,0.12764472687771927,0.023802200454922595,0.014842228462458584
05077,MISO,2025,2500.593965225,0.47849312102528363,0.2865197924528035,0.454952748653646,0.2671490975837913,0.02354037237163764,0.019370694869012217
05079,MISO,2025,3284.1600101458334,0.3559171281866872,0.14611930875931678,0.33480018960804986,0.1255162763770744,0.021116938578637334,0.02060303238224237
05085,MISO,2025,27230.276562455838,0.1830103169126201,0.08389870211117284,0.14887949676205475,0.08389870211117284,0.034130820150565344,0.0
05089,MISO,2025,7012.550566925,0.3441943695376062,0.15199659210750707,0.2818693647646544,0.14299546785094264,0.062325004772951775,0.009001124256564436
05093,MISO,2025,14615.232637570833,0.40344933677081807,0.24855319132496392,0.3788104743994022,0.22198297289710933,0.02463886237141588,0.02657021842785459
05095,MISO,2025,2752.2094874666664,0.3856068492195474,0.19658492526539054,0.3502394652589134,0.19110835477951743,0.03536738396063399,0.005476570485873106
05097,MISO,2025,3468.9816098750002,0.38076620768011576,0.17191032323863742,0.33891107431666784,0.15014575459763485,0.04185513336344793,0.02176456864100257
05099,MISO,2025,3073.6070392916663,0.6277824097577807,0.3459922009361932,0.6035286607162268,0.3173418443751734,0.024253749041553863,0.02865035656101983
05103,MISO,2025,8188.612995804167,0.2672863888147466,0.14273782677885385,0.24716904691963662,0.12489959799092037,0.02011734189510997,0.01783822878793348
05105,MISO,2025,3751.442242175,0.22082332679707634,0.12480089255047629,0.18763320932033448,0.11950443691403988,0.03319011747674186,0.005296455636436409
05107,MISO,2025,6046.003242866667,0.44186331337115825,0.24640398572178213,0.42221869436904336,0.23079057817252624,0.019644619002114894,0.015613407549255887
05109,MISO,2025,3927.9709829208336,0.3083147100010221,0.16369068216980226,0.28834188572793407,0.1462984553122097,0.019972824273088052,0.017392226857592563
05111,MISO,2025,8987.722862229166,0.3515095406258918,0.16678957414134873,0.34318692771539383,0.15851315033446053,0.008322612910497962,0.0082764238068882
05115,MISO,2025,23288.075404625,0.19151174914025987,0.0830632533706857,0.15321988746132525,0.07408578706475476,0.03829186167893461,0.008977466305930937
05117,MISO,2025,3271.3852229500003,0.27007529726172425,0.12658040998936665,0.2203804596267869,0.1118062526657555,0.049694837634937344,0.014774157323611148
05119,MISO,2025,165115.03954007334,0.2144648855306768,0.10943027729477724,0.19184617172787632,0.10874551046605621,0.022618713802800477,0.0006847668287210257
05121,MISO,2025,7016.4738577125,0.31574011018224696,0.11864553639562314,0.29208285798081385,0.10277388230459804,0.02365725220143311,0.015871654091025103
05123,MISO,2025,7819.575499487501,0.3717590488052102,0.19069600056691888,0.3405651847068986,0.17145133705312632,0.031193864098311597,0.01924466351379256
05125,MISO,2025,47351.23121746917,0.13431202824632882,0.058579253517769894,0.11810828761120462,0.05708947348066762,0.016203740635124197,0.0014897800371022757
05129,MISO,2025,2908.1031798749996,0.34835417233552596,0.15043918839810155,0.30230137472871726,0.1267478531455832,0.04605279760680869,0.023691335252518347
05135,MISO,2025,6794.768088345833,0.32274931414922625,0.1760865555076327,0.2970403107066191,0.15973428707950602,0.025709003442607126,0.016352268428126676
05137,MISO,2025,4707.7088945333335,0.4095028783952527,0.22430561085695072,0.39350882822859934,0.18471925671242445,0.01599405016665334,0.03958635414452627
05139,MISO,2025,14633.797777129166,0.29629236491624344,0.16278204915459207,0.27859822046252686,0.13426469200177452,0.017694144453716587,0.028517357152817557
05141,MISO,2025,6721.658807479167,0.30960641703209263,0.15919319723717124,0.28615582676205753,0.14732289713996108,0.0234505902700351,0.011870300097210157
05145,MISO,2025,28204.194041741666,0.2262192655286384,0.11239104664644713,0.20791768318689302,0.08982513523123724,0.018301582341745393,0.02256591141520989
05147,MISO,2025,2580.8743789666664,0.3292424846062122,0.17412791058009527,0.30450761488553785,0.13463366318250952,0.024734869720674346,0.03949424739758575
05149,MISO,2025,7513.4095315333325,0.170551561352997,0.08080244838438921,0.15970117611240142,0.07784876959645758,0.01085038524059559,0.002953678787931638
04013,CITY,2025,1662529.9770424108,0.10734655780303154,0.06962160534726294,0.10689685538762103,0.06765523049890337,0.0004497024154105078,0.00196637484835957
06001,CAISO,2025,586155.9991834592,0.07726036591257629,0.01900665410937056,0.06474784230222287,0.009231568780695105,0.012512523610353418,0.009775085328675454
06005,CAISO,2025,15407.1254360475,0.23020858676314504,0.08853750507617583,0.1948927516461271,0.08521139857352467,0.03531583511701794,0.003326106502651166
06007,CAISO,2025,81549.22391562251,0.21977550440166183,0.1046668500408603,0.19421674335372405,0.09635945418533028,0.025558761047937778,0.008307395855530017
06009,CAISO,2025,16730.811724531668,0.26824883510260744,0.09654834469586282,0.22060938756464618,0.09139849737114124,0.04763944753796126,0.005149847324721582
06011,CAISO,2025,7149.034778634999,0.19069815038156376,0.08555688596318245,0.17487733399356992,0.07837733666781589,0.015820816387993847,0.007179549295366558
06013,CAISO,2025,408579.85062627494,0.09744568386332286,0.053439617650883765,0.08562601904536628,0.03769913532156153,0.011819664817956585,0.015740482329322236
06017,CAISO,2025,73033.55126193333,0.1395749681246819,0.07441047274860589,0.13157854720011072,0.06632038307391738,0.007996420924571174,0.008090089674688508
06019,CAISO,2025,315055.3876187117,0.24022779730659682,0.11711846485314692,0.22052089833632535,0.11374200047904273,0.019706898970271475,0.0033764643741041878
06021,CAISO,2025,9410.013360420833,0.19000019807349225,0.10110420056415151,0.16960436402357296,0.08404479901437652,0.020395834049919292,0.01705940154977499
06023,CAISO,2025,52952.84376251249,0.2062364598519219,0.10522897166987981,0.17783872686771035,0.09322077316490188,0.028397732984211554,0.012008198504977932
06027,CAISO,2025,7326.757354973333,0.3004918212046953,0.13953145772532377,0.28841692495347515,0.1355809928780946,0.012074896251220157,0.003950464847229163
06029,CAISO,2025,275246.6710188867,0.2555637914817533,0.12537423053032284,0.25098712427725917,0.12360477885654314,0.0045766672044941226,0.001769451673779704
06031,CAISO,2025,42495.68888968333,0.19107988434703643,0.0897465287764571,0.1750845182873273,0.08876415799477917,0.015995366059709137,0.000982370781677927
06033,CAISO,2025,25549.586844673333,0.30047602317294225,0.13316647146501706,0.28146518274841575,0.12704595409811484,0.0190108404245265,0.006120517366902223
06037,CAISO,2025,3363982.2006075103,0.13160291151940592,0.055055956966471045,0.12395875788463856,0.054321932694936834,0.007644153634767364,0.0007340242715342116
06039,CAISO,2025,42316.030875575,0.21785294091441415,0.09815995814608776,0.18802478562045002,0.09328527029390712,0.029828155293964126,0.004874687852180634
06041,CAISO,2025,140776.1263676975,0.06341339391137636,0.04320140395994146,0.05954255164518938,0.02056863996080057,0.0038708422661869815,0.02263276399914089
06043,CAISO,2025,7322.2911746400005,0.2823239107040796,0.15368842536268407,0.26793298333538645,0.14568690972625983,0.01439092736869313,0.008001515636424233
06045,CAISO,2025,33256.61185128667,0.23340437556636381,0.11166390992353878,0.2204126445612269,0.09975208597369446,0.012991731005136925,0.011911823949844316
06047,CAISO,2025,81450.75304748917,0.20585349541155692,0.09012407815946465,0.18330137017339998,0.08664631803177117,0.022552125238156945,0.003477760127693477
06051,CAISO,2025,4861.880706630834,0.17569749585981118,0.08908106853163185,0.17268316212643117,0.08685506025869341,0.0030143337333800035,0.0022260082729384373
06053,CAISO,2025,129885.58964476583,0.07235298087217694,0.02435701369385249,0.06598602631423284,0.021228811359953005,0.006366954557944102,0.0031282023338994845
06055,CAISO,2025,48369.2942781575,0.07840338687077338,0.042493017511038754,0.07561220833051435,0.033449769340318035,0.0027911785402590233,0.009043248170720719
06057,CAISO,2025,40054.44241428583,0.2514541911406545,0.11601628727285972,0.2364969697352624,0.11262332768839352,0.014957221405392074,0.0033929595844661986
06059,CAISO,2025,1078092.691285449,0.07906763374404842,0.038159126286710296,0.07084119819295306,0.03520981639619541,0.008226435551095354,0.002949309890514888
06061,CAISO,2025,150923.20744688416,0.09596695695912569,0.055134126987915325,0.08739722910633548,0.05480605663865669,0.008569727852790213,0.00032807034925863565
06063,CAISO,2025,7778.719854084166,0.3276182058222754,0.178662282575688,0.3062721762816753,0.1475851074822298,0.02134602954060011,0.031077175093458198
06065,CAISO,2025,747429.7213643099,0.18039132176913833,0.09199602444168897,0.16330652533446907,0.0894440382351074,0.017084796434669258,0.0025519862065815774
06069,CAISO,2025,19421.629758785835,0.05677422483873635,0.025157138881490633,0.05441255574549676,0.02350167541630664,0.0023616690932395865,0.0016554634651839914
06071,CAISO,2025,656677.2199618391,0.1890416656706177,0.10055726259028601,0.17945087615111424,0.09610437337467066,0.009590789519503456,0.0044528892156153466
06073,CAISO,2025,1151147.260543026,0.07769769596978826,0.03804426644543083,0.07769769596978826,0.03804426644543083,0.0,0.0
06075,CAISO,2025,459445.6903180375,0.03483842112223335,0.0023472941735220238,0.03360763459639051,0.0023021354084335143,0.001230786525842839,4.515876508850948e-05
06077,CAISO,2025,235021.55841829997,0.16185731212011517,0.08329308241597282,0.14331734428721862,0.08032356223565311,0.018539967832896548,0.002969520180319707
06079,CAISO,2025,106464.99714421,0.10102457505701375,0.02993606749287987,0.09308879956843777,0.018955986594398632,0.007935775488575977,0.010980080898481237
06081,CAISO,2025,382661.7877212617,0.04653521395624992,0.004038644193356785,0.04462992388933473,0.0030181882389607316,0.0019052900669151857,0.001020455954396053
06083,CAISO,2025,148875.68897707833,0.0839502304872128,0.024961463773626315,0.0744855534305582,0.016401683865070946,0.009464677056654602,0.00855977990855537
06085,CAISO,2025,782394.8658134942,0.04488488062876738,0.016103114310577104,0.043537623052199555,0.007166998150189829,0.0013472575765678257,0.008936116160387274
06087,CAISO,2025,101965.98027766668,0.07688252385396696,0.03458983963328312,0.07576025971101408,0.02955837166652013,0.0011222641429528835,0.005031467966762987
06089,CAISO,2025,69693.0582108175,0.2418010159108307,0.12173364015997955,0.2298500810726287,0.11350615673148177,0.011950934838202004,0.008227483428497773
06095,CAISO,2025,152869.34469690415,0.09189957052651321,0.054590211886296765,0.08559287436966413,0.04796075469880312,0.006306696156849076,0.006629457187493644
06097,CAISO,2025,187467.15669390082,0.08174317804648765,0.05617650774211213,0.07826149758717886,0.0457190328965261,0.0034816804593087863,0.010457474845586026
06101,CAISO,2025,32114.077655298333,0.168203578938575,0.07947238691257971,0.16327241004021473,0.07323126096981322,0.004931168898360261,0.00624112594276649
06103,CAISO,2025,24031.446886534166,0.23594929952902335,0.1173728971064586,0.22540942578407516,0.10828024276355235,0.010539873744948192,0.00909265434290625
06107,CAISO,2025,138633.80753763835,0.2602075030549184,0.13528254118765262,0.255377171793886,0.1291415380517134,0.004830331261032383,0.00614100313593921
06109,CAISO,2025,22172.969592025,0.23339907807581278,0.1069166888850555,0.1972458314667078,0.10413596206108319,0.03615324660910499,0.0027807268239723043
06111,CAISO,2025,274917.98054455995,0.07911478515744558,0.05329251915194499,0.0789671432877277,0.04523489633981702,0.00014764186971787108,0.00805762281212797
06113,CAISO,2025,74453.37871047584,0.13689273859423612,0.06923006442696769,0.13019773057031062,0.06470008135781054,0.006695008023925503,0.0045299830691571535
06115,CAISO,2025,26611.103946044168,0.2148575964230127,0.09771678373082746,0.1922133199426899,0.08050589013322894,0.0226442764803228,0.017210893597598517
11001,PJM,2025,313307.97592506,0.13870859388429618,0.06506404785873023,0.13150447916690852,0.052967951987746675,0.007204114717387661,0.01209609587098355
12086,CITY,2025,950441.7853134791,0.16395685988794456,0.06317798642626143,0.16395685988794456,0.06317798642626143,0.0,0.0
13097,CITY,2025,49488.96469927333,0.10202368223878278,0.08280662882393064,0.10180271287588638,0.08280662882393064,0.0002209693628963949,0.0
13121,CITY,2025,448290.8958891242,0.13084750566497746,0.07817866901937887,0.13067146013950054,0.07642672606960671,0.00017604552547692554,0.0017519429497721561
19001,MISO,2025,3192.1886761124997,0.48271796609828405,0.23999631292564624,0.4693066864715413,0.2364724119996628,0.013411279626742767,0.003523900925983453
19003,MISO,2025,1506.5505336749998,0.30706069428565314,0.1484665025967537,0.2993037967646032,0.14831393349168293,0.00775689752104991,0.0001525691050707767
19005,MISO,2025,5756.922564621667,0.3457346170466459,0.16266575334910874,0.30624027215181543,0.11134782334679416,0.039494344894830447,0.05131793000231458
19007,MISO,2025,4948.4480451375,0.36285663357192505,0.18693941035071782,0.3591360557004262,0.157333366339648,0.0037205778714988202,0.02960604401106981
19009,MISO,2025,2484.9195721083333,0.440084398674852,0.1778557652116231,0.4369296956080043,0.15893395901270457,0.003154703066847675,0.018921806198918534
19011,MISO,2025,9935.97418787,0.2148739691560815,0.09285682311265998,0.2114582514165199,0.08655357928212967,0.003415717739561619,0.006303243830530311
19013,MISO,2025,52311.450991503334,0.11045944504270275,0.06673988119883605,0.11026114046878287,0.06464775972398389,0.0001983045739198802,0.00209212147485216
19015,MISO,2025,10642.453409129168,0.1857583456912308,0.058425551384760896,0.18317606197116057,0.058425551384760896,0.0025822837200702164,0.0
19017,MISO,2025,9367.821028923332,0.19249716599879604,0.08327870576817907,0.18892453563665873,0.08302925327389554,0.0035726303621373134,0.000249452494283528
19019,MISO,2025,7864.830278248332,0.20348985750551757,0.09774483169642534,0.19644150292500234,0.09774483169642534,0.007048354580515226,0.0
19021,MISO,2025,7353.454164331666,0.1310857071689441,0.05839554968494109,0.13091354834783653,0.05647398640312916,0.0001721588211075764,0.001921563281811929
19023,MISO,2025,5730.949974016667,0.25829490243860603,0.10064897705532173,0.2500740030021648,0.10057524477674383,0.00822089943644122,7.373227857790376e-05
19025,MISO,2025,3808.955806745,0.2627984634815377,0.14762888312747285,0.25615686535766274,0.135705237558721,0.006641598123874937,0.011923645568751862
19027,MISO,2025,8569.046708908332,0.23516069973436413,0.11343889207412636,0.23379915928869577,0.11254517539126145,0.0013615404456683577,0.0008937166828649062
19029,MISO,2025,5647.117060671666,0.38223245417871105,0.1648817171410388,0.3821018696712398,0.1620770792494377,0.00013058450747122086,0.0028046378916010972
19031,MISO,2025,7380.572937450001,0.22340316438660898,0.09618926957477494,0.2214819846123327,0.09618926957477494,0.001921179774276277,0.0
19033,MISO,2025,18881.69574681917,0.20683769962162513,0.07413158372824999,0.20683769962162513,0.07257891362639897,0.0,0.0015526701018510197
19035,MISO,2025,5060.47461379,0.19969195723402725,0.09400776974099745,0.19965307649357975,0.09400776974099745,3.8880740447500006e-05,0.0
19037,MISO,2025,4853.718021243334,0.29030207106981687,0.12249268663792312,0.2877344688813937,0.1192345608587191,0.002567602188423168,0.0032581257792040214
19039,MISO,2025,3683.5561754608334,0.3118389871203637,0.18123257725481778,0.31140321024510015,0.17273919741169577,0.00043577687526352715,0.008493379843122012
19041,MISO,2025,6999.356107154166,0.2554947634319507,0.08237372458908775,0.2462135345676365,0.08237372458908775,0.009281228864314206,0.0
19043,MISO,2025,7150.334280911667,0.3032532334402321,0.15541674995624288,0.28862610671378797,0.11217620010595264,0.014627126726444117,0.043240549850290244
19045,MISO,2025,18489.533118716667,0.24402408685995156,0.09771615573431719,0.22502758778491816,0.09771615573431719,0.018996499075033396,0.0
19047,MISO,2025,5956.717736412499,0.32624575731344624,0.19169680433848776,0.32166664517437404,0.19169680433848776,0.0045791121390721945,0.0
19049,MISO,2025,38727.0949427975,0.055778045047504256,0.03246480680919224,0.05490384402816608,0.03123272814190573,0.000874201019338175,0.0012320786672865083
19051,MISO,2025,3069.0700934375,0.24046323066598355,0.1305195963336044,0.23029004149811097,0.12617725432307272,0.010173189167872576,0.004342342010531686
19053,MISO,2025,2982.9013591858334,0.3861834657511385,0.19148860424354433,0.3563217952392405,0.19148860424354433,0.029861670511897975,0.0
19055,MISO,2025,6923.036291900833,0.21816927979194467,0.1032351279136177,0.20973326308325602,0.09873815197574945,0.008436016708688654,0.0044969759378682556
19057,MISO,2025,16503.344314200003,0.2441572577887824,0.12238683976579058,0.24334813230816632,0.12124112204629794,0.0008091254806160686,0.0011457177194926366
19059,MISO,2025,8076.162193749167,0.18161192795810768,0.06117596258931016,0.18042397492053425,0.057425081753429204,0.001187953037573436,0.003750880835880953
19061,MISO,2025,38656.57260021667,0.21002011313735805,0.08379747911782474,0.2020272415646827,0.08006949851134287,0.007992871572675336,0.0037279806064818705
19063,MISO,2025,3723.5945551833333,0.3173276912589793,0.10993738737572575,0.3083177701877843,0.10971066019249233,0.009009921071195026,0.00022672718323342445
19065,MISO,2025,8063.283419083334,0.3567335201264291,0.18602624276234656,0.35624443003805817,0.1839615672282336,0.000489090088370947,0.002064675534112964
19067,MISO,2025,6434.762384494999,0.20365276099823612,0.09558467669068463,0.2021856888061978,0.0922488172044992,0.0014670721920383156,0.003335859486185422
19069,MISO,2025,4002.5365563208334,0.33844859877687383,0.13553747725800452,0.3286124196358004,0.13445462518682094,0.009836179141073431,0.001082852071183582
19071,MISO,2025,2683.651831641667,0.23432137955602678,0.09357067148363583,0.22295194014629457,0.09357067148363583,0.011369439409732202,0.0
19073,MISO,2025,3807.4497336266663,0.31274570743160124,0.16410735945921578,0.31274570743160124,0.16410735945921578,0.0,0.0
19075,MISO,2025,4983.103277999167,0.22669398892954046,0.08450803116572232,0.22578836758227858,0.08227738957722812,0.0009056213472618813,0.0022306415884942032
19077,MISO,2025,4468.077056948333,0.34731472543990144,0.17944472104574793,0.34712592147809684,0.17867806322039262,0.00018880396180459558,0.0007666578253553158
19079,MISO,2025,5963.59595403,0.2899438605524898,0.16692793252656232,0.2801978650044418,0.1309971920382055,0.009745995548047948,0.035930740488356816
19081,MISO,2025,4428.295769292499,0.27783028464373144,0.12598609455893123,0.2564220296573413,0.12577804612495155,0.02140825498639015,0.00020804843397967399
19083,MISO,2025,6926.159841225833,0.2873952549816121,0.11702290890217402,0.28338996433028385,0.11702290890217402,0.004005290651328264,0.0
19085,MISO,2025,5860.8255023,0.2669734090062844,0.10678404770529287,0.26477819254716656,0.10499058284739154,0.0021952164591178547,0.001793464857901328
19087,MISO,2025,7388.7088384624985,0.26102719790424117,0.11076312417578385,0.26102719790424117,0.10813621778058763,0.0,0.0026269063951962213
19089,MISO,2025,3555.410977683334,0.31059782435275163,0.1795473925584316,0.30140145718069605,0.17788155222740484,0.009196367172055575,0.0016658403310267633
19091,MISO,2025,4164.4668065000005,0.23635713300147934,0.09827955208283796,0.2363201749948922,0.09827955208283796,3.695800658715109e-05,0.0
19093,MISO,2025,2970.802855070833,0.21724981368309101,0.09584243048244202,0.21701640761392588,0.09584243048244202,0.0002334060691651374,0.0
19095,MISO,2025,6511.872270395834,0.2177976364884158,0.084587769501277,0.21558520475128484,0.084587769501277,0.0022124317371309543,0.0
19097,MISO,2025,7891.953624070833,0.21973887877614598,0.12409394015227808,0.2181617512821749,0.12409394015227808,0.00157712749397107,0.0
19099,MISO,2025,14288.030765910833,0.16014547385646208,0.07116984137073114,0.1599504123713869,0.07116984137073114,0.00019506148507517085,0.0
19101,MISO,2025,6579.556478854167,0.2971397899187078,0.16975885078495684,0.29549503124693716,0.16880674212330665,0.001644758671770663,0.0009521086616501861
19103,MISO,2025,59600.63231272083,0.07772732654102636,0.024721436782819545,0.07640266675521931,0.024721436782819545,0.0013246597858070502,0.0
19105,MISO,2025,7732.309341340833,0.24873204930647858,0.10697156101597918,0.21810756480623258,0.10697156101597918,0.03062448450024599,0.0
19107,MISO,2025,4019.027116439166,0.36245681916336053,0.16079662332831024,0.3598854757240335,0.16072578751612185,0.002571343439327023,7.083581218839119e-05
19109,MISO,2025,6217.297858424166,0.3436632253082836,0.16710973129946477,0.33644454605118124,0.1645286280267212,0.007218679257102345,0.002581103272743579
19111,MISO,2025,13830.894674424999,0.24129749448195015,0.11945363390169499,0.22730868907267823,0.11271521960007586,0.013988805409271915,0.006738414301619131
19113,MISO,2025,92132.6279741625,0.09018988201329121,0.05345528262896706,0.08708457670187028,0.04971026090770712,0.0031053053114209334,0.003745021721259942
19115,MISO,2025,4002.869632358333,0.2600669454120282,0.12799741664160558,0.25974555331465216,0.12302929592826199,0.0003213920973760276,0.004968120713343585
19117,MISO,2025,3495.3714277283334,0.3171389190372158,0.17164324471040532,0.3158106860417645,0.16692058284800207,0.0013282329954513172,0.004722661862403249
19119,MISO,2025,4358.239811268333,0.37171475180103547,0.16386155716471135,0.36432725316567155,0.1567964586828529,0.0073874986353639205,0.007065098481858434
19121,MISO,2025,6330.657835554166,0.1892967272465819,0.07547985450943871,0.18183855124158113,0.07547985450943871,0.007458176005000761,0.0
19123,MISO,2025,8646.124434914167,0.2176619725893812,0.09533543982528278,0.2150104292299746,0.09506088120449611,0.002651543359406594,0.00027455862078666626
19125,MISO,2025,12900.412164016667,0.18517415549396293,0.08985090530264621,0.15500660750089476,0.08983937605861053,0.030167547993068172,1.1529244035676789e-05
19127,MISO,2025,14699.478973484169,0.2370069350852119,0.10640752526896705,0.23645716821833335,0.1061421799457052,0.0005497668668785483,0.000265345323261848
19129,MISO,2025,5145.318319035,0.10401763619464013,0.04689986819745003,0.09987877566041752,0.04689986819745003,0.004138860534222619,0.0
19131,MISO,2025,4418.491638785834,0.3318328659510753,0.13490949330892837,0.326875451442757,0.13199350495702847,0.004957414508318325,0.0029159883518999064
19133,MISO,2025,3772.80232529,0.2521668119362809,0.1247075845665997,0.23094864295702483,0.1247075845665997,0.021218168979256047,0.0
19135,MISO,2025,2958.9371419,0.2590627673591878,0.1475526812468829,0.25685931869648776,0.1444591812964956,0.0022034486627000582,0.003093499950387296
19137,MISO,2025,4378.322850708333,0.23126130887717808,0.11449521639408097,0.23087760228663706,0.11351747442621593,0.0003837065905410164,0.0009777419678650423
19139,MISO,2025,16598.72085411667,0.18459079791566796,0.07081050841337351,0.17963217420930647,0.07062838666275378,0.004958623706361492,0.00018212175061972646
19141,MISO,2025,5471.7526595966665,0.19969665875815454,0.08514234643789147,0.19805744065785008,0.08514234643789147,0.001639218100304457,0.0
19143,MISO,2025,2571.7720593916665,0.43374161158766383,0.19405514096366566,0.43264552629385283,0.1892380123273651,0.001096085293811,0.004817128636300572
19145,MISO,2025,5945.947354387499,0.20882631530036028,0.10520440624179915,0.20871222389329463,0.10430650201698956,0.0001140914070656418,0.0008979042248095925
19147,MISO,2025,3555.309433099167,0.24264478412891238,0.08772521508433792,0.24264478412891238,0.08772521508433792,0.0,0.0
19149,MISO,2025,9826.32694981,0.11833491147786578,0.07364239372125295,0.11833491147786578,0.07341927598242763,0.0,0.00022311773882531527
19151,MISO,2025,3056.4066516908333,0.29123016418236697,0.1500813136583895,0.2892870583200582,0.1482542630123602,0.0019431058623087805,0.0018270506460293101
19153,MISO,2025,195867.11989394418,0.06235791068335047,0.03376736216501214,0.06214632837682327,0.03376736216501214,0.00021158230652720128,0.0
19155,MISO,2025,36287.03382602,0.12059707226204117,0.07784560166091954,0.1163070558938518,0.07784560166091954,0.004290016368189362,0.0
19157,MISO,2025,7414.270197704166,0.2691786330191324,0.1423393455039743,0.26602221580597946,0.13491786891341634,0.003156417213152962,0.007421476590557974
19159,MISO,2025,1808.17678674,0.2962002016327246,0.1597704582853234,0.28725451512576733,0.1597704582853234,0.008945686506957262,0.0
19161,MISO,2025,4151.319331815001,0.22152609883412575,0.1039697175334606,0.21398754164617492,0.1039697175334606,0.007538557187950823,0.0
19163,MISO,2025,69366.14363869166,0.08831202040877753,0.056137912369369936,0.08746872957627351,0.054894394920147256,0.0008432908325040206,0.0012435174492226794
19165,MISO,2025,4879.281450329167,0.34335791878627503,0.1584744717895232,0.3389230777879404,0.1517856744271988,0.004434840998334633,0.006688797362324389
19167,MISO,2025,12137.8988074675,0.1640479710789514,0.08007625811715428,0.15783519460960566,0.07729111976664049,0.006212776469345732,0.002785138350513791
19169,MISO,2025,37110.55943899084,0.12200394405923808,0.07814335445003089,0.1206326487019514,0.07648719078361205,0.001371295357286681,0.001656163666418839
19171,MISO,2025,6583.216229834166,0.3009041887381137,0.15693276245971416,0.3005779393019187,0.1551317719172137,0.0003262494361950252,0.0018009905425004635
19173,MISO,2025,2396.5139848,0.28832215334683214,0.14152434614590337,0.2823948112727075,0.13955324823870954,0.005927342074124653,0.001971097907193825
19175,MISO,2025,4890.497120233333,0.29632830627452117,0.13155172354904443,0.2945364717736047,0.1297687064475879,0.0017918345009164671,0.0017830171014565355
19177,MISO,2025,2743.6983845833333,0.3885496196436193,0.20199954597931008,0.35454180355337866,0.19313262334183473,0.03400781609024062,0.00886692263747535
19179,MISO,2025,13705.445893156666,0.2915802080372577,0.14234538694754303,0.25401516478350966,0.1340766709333549,0.03756504325374804,0.008268716014188132
19181,MISO,2025,19285.782274384997,0.12557083607733646,0.05882809849583071,0.11785509222134026,0.05882809849583071,0.007715743855996202,0.0
19183,MISO,2025,8701.263622358334,0.17603857713712645,0.06996623007498262,0.17603857713712645,0.06996623007498262,0.0,0.0
19185,MISO,2025,2494.207823693333,0.32486913518637084,0.15831825139184993,0.3172779934404931,0.1557087463064388,0.007591141745877716,0.0026095050854111346
19187,MISO,2025,15112.699201213334,0.18263468919999873,0.07736834032838595,0.17867551234239742,0.07734191222347349,0.003959176857601304,2.6428104912462613e-05
19189,MISO,2025,4435.345312133333,0.2909987296669361,0.1334020354882077,0.28918359600613414,0.13172767419033585,0.0018151336608019375,0.0016743612978718514
19191,MISO,2025,8069.707902095,0.2553467343463839,0.12135077840817553,0.22081291897813268,0.10429260032239503,0.0345338153682512,0.0170581780857805
19193,MISO,2025,38879.069551794164,0.1231503233551504,0.0624179396420598,0.12018842497216335,0.0624179396420598,0.0029618983829870493,0.0
19195,MISO,2025,3150.8684884241666,0.2563002984339258,0.1068338653012202,0.24234189132334233,0.1068338653012202,0.013958407110583493,0.0
19197,MISO,2025,5299.563540961666,0.246345065667854,0.08641100457590414,0.246345065667854,0.08517175912687075,0.0,0.0012392454490333937
17001,MISO,2025,26818.5130905325,0.21339232898571073,0.11127722941601799,0.21339232898571073,0.11127722941601799,0.0,0.0
17003,MISO,2025,1660.5668982308334,0.5982900189990185,0.40296404823130616,0.5982900189990185,0.40296404823130616,0.0,0.0
17005,MISO,2025,6107.751612714167,0.2532660001873576,0.09657624527392045,0.2532660001873576,0.09657624527392045,0.0,0.0
17007,PJM,2025,18269.789074311666,0.15749825748312557,0.06008036496984147,0.13797153272033438,0.057618227135790144,0.019526724762791187,0.002462137834051324
17009,MISO,2025,2014.51421517,0.28854619179870816,0.12476651897380119,0.28854619179870816,0.12476651897380119,0.0,0.0
17011,MISO,2025,13671.8717362225,0.25339122283313287,0.10601576700892952,0.25339122283313287,0.10601576700892952,0.0,0.0
17013,MISO,2025,1176.6411084316665,0.318023101167129,0.14058539478857587,0.318023101167129,0.14058539478857587,0.0,0.0
17015,PJM,2025,6165.398735520834,0.25199660433391013,0.10844532210835477,0.24027691184732256,0.10319914422108345,0.01171969248658758,0.005246177887271317
17017,MISO,2025,4911.1977952975,0.2673185344112113,0.12346857609677438,0.2673185344112113,0.12346857609677438,0.0,0.0
17019,MISO,2025,80504.57580691668,0.22782278447472493,0.14229472913303387,0.22782278447472493,0.14229472913303387,0.0,0.0
17021,MISO,2025,13256.314422779167,0.25068543624611034,0.1047447275367128,0.25068543624611034,0.1047447275367128,0.0,0.0
17023,MISO,2025,6302.749188533333,0.27418484858147085,0.13331684928412402,0.27418484858147085,0.13331684928412402,0.0,0.0
17025,MISO,2025,5374.900578375,0.482957506775218,0.2474603557396634,0.482957506775218,0.2474603557396634,0.0,0.0
17027,MISO,2025,14365.250226815831,0.1971917240579729,0.07835050288524034,0.1971917240579729,0.07835050288524034,0.0,0.0
17029,MISO,2025,19970.57085141,0.24194396658419468,0.09599009688605474,0.24194396658419468,0.09599009688605474,0.0,0.0
17031,PJM,2025,2061756.0978441266,0.16598941027962627,0.09841108289772497,0.15048016426925181,0.09072830642639969,0.015509246010374456,0.007682776471325287
17033,MISO,2025,7377.943482805834,0.25755413358321716,0.14531578944664597,0.25755413358321716,0.14531578944664597,0.0,0.0
17035,MISO,2025,4027.260827270834,0.2906599600087054,0.1004680986528489,0.2906599600087054,0.1004680986528489,0.0,0.0
17037,PJM,2025,38173.533714445,0.143670672997293,0.10629372078663724,0.13009838236829416,0.09126946041843942,0.01357229062899884,0.015024260368197817
17039,MISO,2025,6590.045297108332,0.21866807353873305,0.09209187416986328,0.21866807353873305,0.09209187416986328,0.0,0.0
17041,MISO,2025,7438.095066884167,0.2355927159706319,0.09551130145108473,0.2355927159706319,0.09551130145108473,0.0,0.0
17043,PJM,2025,346636.3820633292,0.06563351136270124,0.03817560808626844,0.05314991811844989,0.03402043320009086,0.012483593244251343,0.004155174886177573
17045,MISO,2025,7447.863774725,0.29378697682957977,0.1271182063098745,0.29378697682957977,0.1271182063098745,0.0,0.0
17047,MISO,2025,2559.8595359366664,0.27566943472159033,0.10288464624236945,0.27566943472159033,0.10288464624236945,0.0,0.0
17049,MISO,2025,13902.61393332083,0.20206902217235034,0.07311351004028079,0.20206902217235034,0.07311351004028079,0.0,0.0
17051,MISO,2025,7576.6689064825,0.3504896243425371,0.13458908328192787,0.3504896243425371,0.13458908328192787,0.0,0.0
17053,MISO,2025,5555.675413168334,0.2971052590646228,0.12300498850992915,0.2971052590646228,0.12300498850992915,0.0,0.0
17055,MISO,2025,15858.620901304168,0.31403400132561005,0.155935536877819,0.31403400132561005,0.155935536877819,0.0,0.0
17057,MISO,2025,13840.230393375,0.28179762591255286,0.10532323780602908,0.28179762591255286,0.10532323780602908,0.0,0.0
17059,MISO,2025,2128.6428819616667,0.3388613061202013,0.1628202761974181,0.3388613061202013,0.1628202761974181,0.0,0.0
17061,MISO,2025,4471.39687964,0.37309702944239237,0.15233621131572966,0.37309702944239237,0.15233621131572966,0.0,0.0
17063,PJM,2025,19886.625808770834,0.09248807088453567,0.04872682651989284,0.07117957049970551,0.035105778128305024,0.021308500384830162,0.013621048391587814
17065,MISO,2025,3182.7426590333334,0.30714780004584974,0.13454161512177995,0.30714780004584974,0.13454161512177995,0.0,0.0
17067,MISO,2025,7405.284694595834,0.3045800282463821,0.11611073564261233,0.3045800282463821,0.11611073564261233,0.0,0.0
17069,MISO,2025,1470.2696296333334,0.3226203074034982,0.08267478485923299,0.3226203074034982,0.08267478485923299,0.0,0.0
17071,MISO,2025,2707.3789647458334,0.2879087534678311,0.09379229941574588,0.2879087534678311,0.09379229941574588,0.0,0.0
17073,MISO,2025,19955.5075375175,0.2046147825077462,0.09052970350563048,0.20392477409073256,0.09047426016509304,0.0006900084170136378,5.5443340537447705e-05
17075,MISO,2025,11094.799559195,0.2977803646611242,0.11125944251251808,0.2977803646611242,0.11125944251251808,0.0,0.0
17077,MISO,2025,22679.41137383,0.26747675163848683,0.1223652339132413,0.26747675163848683,0.1223652339132413,0.0,0.0
17079,MISO,2025,3593.4476463216665,0.2777413567900338,0.11915243481329572,0.2777413567900338,0.11915243481329572,0.0,0.0
17081,MISO,2025,14593.743881395,0.26974591837787126,0.10995778268984364,0.26974591837787126,0.10995778268984364,0.0,0.0
17083,MISO,2025,7687.279900851667,0.2445938211517688,0.11475375354342629,0.2445938211517688,0.11475375354342629,0.0,0.0
17085,PJM,2025,9865.557352065,0.24479153808150936,0.09860334575147453,0.23141807825726018,0.0927540565110728,0.013373459824249173,0.005849289240401734
17087,MISO,2025,4071.028846796667,0.24427463142373937,0.09999684803109575,0.24427463142373937,0.09999684803109575,0.0,0.0
17089,PJM,2025,180280.96191613498,0.07968890581808326,0.062280464421167324,0.0771890202571979,0.05719942821007373,0.0024998855608853593,0.005081036211093591
17091,PJM,2025,39374.96228577416,0.2105041979044324,0.10204086722515923,0.19489635357348384,0.09845934684210902,0.015607844330948556,0.0035815203830502074
17093,PJM,2025,43071.48295960833,0.07104536037722006,0.042220219836297375,0.0703652746688299,0.040809290257354004,0.0006800857083901629,0.0014109295789433707
17095,MISO,2025,20382.94210148,0.2877615401135236,0.1210540523788847,0.2877615401135236,0.1210540523788847,0.0,0.0
17097,PJM,2025,252830.35704764916,0.0963501386897401,0.06508536652124111,0.08628704936684478,0.059682291855619705,0.010063089322895319,0.005403074665621406
17099,PJM,2025,44110.774100480834,0.2054514970663266,0.08810228892410901,0.14279080483157988,0.08210166899664215,0.06266069223474671,0.006000619927466866
17101,MISO,2025,5329.157866826667,0.2833329169082412,0.11080963441617887,0.2833329169082412,0.11080963441617887,0.0,0.0
17103,PJM,2025,13493.193607267498,0.2517025571234981,0.11013474763129928,0.2304159202085007,0.10909126338214299,0.02128663691499738,0.0010434842491562901
17105,PJM,2025,14461.4551374925,0.2250476207197667,0.09550805937334969,0.19289968498589805,0.07810986707691671,0.03214793573386865,0.017398192296432982
17107,MISO,2025,10973.589339691665,0.20703844350086978,0.09793360584272873,0.20703844350086978,0.09793360584272873,0.0,0.0
17109,MISO,2025,11180.349894779167,0.32970029578692434,0.15625047807619072,0.32970029578692434,0.15625047807619072,0.0,0.0
17111,PJM,2025,114060.28730408667,0.072968029538235,0.05416261752087621,0.061421428156980366,0.04997047752050174,0.011546601381254636,0.004192140000374475
17113,MISO,2025,66799.80347575166,0.14345527580514342,0.10133453358662241,0.14345527580514342,0.10133453358662241,0.0,0.0
17115,MISO,2025,42283.16534315833,0.23070701124628365,0.10521783376034229,0.23070701124628365,0.10521783376034229,0.0,0.0
17117,MISO,2025,17314.7359936875,0.28042088979796304,0.11359186440408614,0.28042088979796304,0.11359186440408614,0.0,0.0
17119,MISO,2025,107600.06819375584,0.2110597828552884,0.09402142321988248,0.2110597828552884,0.09402142321988248,0.0,0.0
17121,MISO,2025,15084.621377220832,0.2879447126676515,0.11552187101398906,0.2879447126676515,0.11552187101398906,0.0,0.0
17123,MISO,2025,4914.7000300875,0.2943201571831395,0.1364287406732592,0.2943201571831395,0.1364287406732592,0.0,0.0
17125,MISO,2025,5664.325459991667,0.2942912467084449,0.10940977049735268,0.2942912467084449,0.10940977049735268,0.0,0.0
17127,MISO,2025,5312.765641768333,0.334689432784734,0.122144270313106,0.334689432784734,0.122144270313106,0.0,0.0
17129,MISO,2025,5033.684507850834,0.16438622572794626,0.07777970406489146,0.16438622572794626,0.07777970406489146,0.0,0.0
17131,MISO,2025,6365.181087763333,0.19872226148994118,0.08664830738939273,0.1960545132814923,0.08582338506155916,0.0026677482084488946,0.0008249223278335716
17133,MISO,2025,13421.574100064165,0.12458212165487897,0.061590854315991254,0.12458212165487897,0.061590854315991254,0.0,0.0
17135,MISO,2025,11133.625784646667,0.3132882630896115,0.1344663164008236,0.3132882630896115,0.1344663164008236,0.0,0.0
17137,MISO,2025,13078.547721016668,0.2508442706320587,0.10150954694864739,0.2508442706320587,0.10150954694864739,0.0,0.0
17139,MISO,2025,5678.895158770833,0.24431416146583743,0.10447611287299856,0.24431416146583743,0.10447611287299856,0.0,0.0
17141,PJM,2025,20182.440157489167,0.18445209348898314,0.07917109395476515,0.16219915529529086,0.07453171386340779,0.022252938193692284,0.004639380091357365
17143,MISO,2025,75044.69851640417,0.2284256721863841,0.11530323459764734,0.2284256721863841,0.11530323459764734,0.0,0.0
17145,MISO,2025,8073.546717079166,0.28083830022376444,0.11446500686061967,0.28083830022376444,0.11446500686061967,0.0,0.0
17147,MISO,2025,6674.663314891667,0.1907514199731583,0.08368456243809791,0.1907514199731583,0.08368456243809791,0.0,0.0
17149,MISO,2025,5625.59139005,0.38674591500145,0.2159853988754062,0.38674591500145,0.2159853988754062,0.0,0.0
17151,MISO,2025,1306.8300865583335,0.3280002603473118,0.20011888737737576,0.3280002603473118,0.20011888737737576,0.0,0.0
17153,MISO,2025,1861.3923274833332,0.4210246133725672,0.19918686907322772,0.4210246133725672,0.19918686907322772,0.0,0.0
17155,MISO,2025,2368.842754754167,0.1805143204873511,0.06655704996011662,0.1805143204873511,0.06655704996011662,0.0,0.0
17157,MISO,2025,11507.196893771667,0.25024714148357213,0.09256711593752304,0.25024714148357213,0.09256711593752304,0.0,0.0
17159,MISO,2025,6395.723887719167,0.2610104820338778,0.1119671561540073,0.2610104820338778,0.1119671561540073,0.0,0.0
17161,MISO,2025,59800.418968787504,0.10219174995983431,0.05818079343499473,0.10179675439947998,0.05638905098824157,0.0003949955603543276,0.0017917424467531612
17163,MISO,2025,99317.78967819917,0.23613940156816166,0.12086090405625187,0.23613940156816166,0.12086090405625187,0.0,0.0
17165,MISO,2025,10037.444025340832,0.28806139821272736,0.13025781880800452,0.28806139821272736,0.13025781880800452,0.0,0.0
17167,MISO,2025,82857.68274026582,0.17426434631391682,0.10771145766158276,0.17426434631391682,0.10771145766158276,0.0,0.0
17169,MISO,2025,2666.042513608333,0.29316748662064185,0.12336663500845134,0.29316748662064185,0.12336663500845134,0.0,0.0
17171,MISO,2025,1924.2264134375,0.3743784134293952,0.19408707555858376,0.3743784134293952,0.19408707555858376,0.0,0.0
17173,MISO,2025,8659.403996709167,0.2627191940410947,0.10702198649532056,0.2627191940410947,0.10702198649532056,0.0,0.0
17175,MISO,2025,2311.3504983775,0.3332027170023707,0.15491693237770995,0.3332027170023707,0.15491693237770995,0.0,0.0
17177,PJM,2025,18876.15375085417,0.2563463054423117,0.10703763657096926,0.22136190152311014,0.10263656598142146,0.034984403919201545,0.004401070589547806
17179,MISO,2025,52811.993328945835,0.14142183610677614,0.07301343999911535,0.14142183610677614,0.07301343999911535,0.0,0.0
17181,MISO,2025,6690.624029808333,0.33706476515458966,0.12769913735701904,0.33706476515458966,0.12769913735701904,0.0,0.0
17183,MISO,2025,29598.197123142505,0.2777624915399621,0.11538841330844518,0.2777624915399621,0.11538841330844518,0.0,0.0
17185,MISO,2025,4676.778898763334,0.29183054257797614,0.11188321766006416,0.29183054257797614,0.11188321766006416,0.0,0.0
17187,MISO,2025,6755.493303110834,0.24522841523647654,0.09982352846773339,0.24522841523647654,0.09982352846773339,0.0,0.0
17189,MISO,2025,5698.072004243333,0.23567156353250723,0.1054061214119548,0.23567156353250723,0.1054061214119548,0.0,0.0
17191,MISO,2025,6717.640932045833,0.3607230205206658,0.19982970883517912,0.3607230205206658,0.19982970883517912,0.0,0.0
17193,MISO,2025,5596.099604995834,0.3477471216909803,0.14550408978986348,0.3477471216909803,0.14550408978986348,0.0,0.0
17195,MISO,2025,22825.037960458336,0.2734700961833797,0.09788916894964356,0.26938347236341387,0.09750362033090396,0.004086623819965829,0.00038554861873960067
17197,PJM,2025,237303.76448483331,0.08315728865700829,0.06053267126669658,0.07224679847222037,0.057480594632012785,0.010910490184787916,0.0030520766346837924
17199,MISO,2025,28170.239563674168,0.21136608651681643,0.09543353762191768,0.21136608651681643,0.09543353762191768,0.0,0.0
17201,PJM,2025,113627.18732917416,0.23849836013308884,0.10742409511359954,0.2321022241408471,0.10007735519104935,0.0063961359922417305,0.007346739922550194
17203,MISO,2025,14497.905692679999,0.1732441213557358,0.074259092437991,0.1732441213557358,0.074259092437991,0.0,0.0
18001,PJM,2025,12064.162854345834,0.18478475715676831,0.0657968314011437,0.13247574520211727,0.04913161826908822,0.05230901195465104,0.016665213132055483
18003,PJM,2025,150553.54016868083,0.1233068136432982,0.08049426523445079,0.10035161032862534,0.07116921418618001,0.02295520331467285,0.009325051048270777
18005,MISO,2025,31971.2691482125,0.15799615151308702,0.08251153329110664,0.1499100394671476,0.08111344435998584,0.008086112045939425,0.0013980889311207972
18007,MISO,2025,3336.4618993791664,0.3348220824584276,0.14165950232054111,0.282235461225474,0.13592130097785654,0.0525866212329536,0.0057382013426845735
18009,PJM,2025,4857.653365737499,0.32476380485151257,0.1637163300839175,0.2179851157754925,0.1302727552397289,0.10677868907602006,0.03344357484418861
18011,MISO,2025,26425.260242360833,0.11188634490703714,0.05119547857739986,0.09323142549809112,0.045471512264066774,0.018654919408946022,0.005723966313333086
18013,MISO,2025,6387.194902711666,0.1729571791660318,0.08732837913502967,0.14424991283870836,0.0866516576530901,0.028707266327323427,0.0006767214819395628
18015,MISO,2025,7810.796181008333,0.19722563437459084,0.059854342848991555,0.18400569263236463,0.057158715339272664,0.01321994174222621,0.002695627509718891
18017,MISO,2025,14725.671740562499,0.1461352311845005,0.08102699917337847,0.14137075368995328,0.07920604089798759,0.004764477494547226,0.0018209582753908743
18019,MISO,2025,46467.103278681665,0.1190874012412794,0.061989506032321284,0.10611341329398427,0.055552606421726804,0.012973987947295124,0.006436899610594481
18021,MISO,2025,10233.009760458333,0.23525981078159744,0.09620084921884618,0.20315034647035812,0.08575131193226744,0.032109464311239316,0.010449537286578742
18023,MISO,2025,12229.079379119166,0.14979888525811075,0.04885020967148187,0.13151310247484937,0.04466778919155876,0.018285782783261373,0.004182420479923107
18025,MISO,2025,4210.2557347525,0.30835154882790444,0.15145728055499041,0.26619564065646556,0.14557768996488218,0.04215590817143888,0.00587959059010823
18027,MISO,2025,11302.356577789167,0.2452767304823521,0.07740016562939232,0.2284451049450274,0.07160574317833768,0.0168316255373247,0.0057944224510546455
18029,MISO,2025,19426.288541996666,0.24620829948315853,0.10750228145940464,0.21989517813546677,0.10050615845777283,0.02631312134769176,0.006996123001631813
18031,MISO,2025,9851.131472270834,0.1802726814760292,0.07380381103267357,0.16179517061514997,0.06351922066419492,0.01847751086087923,0.010284590368478647
18033,PJM,2025,16752.970829214166,0.13155157062333267,0.05481009462575051,0.09277410190056254,0.050486845067109064,0.03877746872277013,0.004323249558641447
18035,PJM,2025,44923.54544146583,0.27696425593349205,0.12319470772276349,0.20562211064127278,0.09587109641238657,0.07134214529221927,0.027323611310376916
18037,MISO,2025,17161.470756575,0.1418488254494841,0.07157734400305088,0.11991164292649072,0.06832660781666508,0.021937182522993384,0.0032507361863857998
18039,MISO,2025,70088.42852258167,0.1397923532995881,0.08018004407823755,0.09591951282979107,0.07886785500596626,0.043872840469797045,0.0013121890722712914
18041,MISO,2025,9474.1823610625,0.3038027992674233,0.13932779206626592,0.2994447003077326,0.137392841422538,0.004358098959690693,0.001934950643727923
18043,MISO,2025,30394.90303189417,0.1407623013509481,0.06388123559140473,0.12042340103117055,0.05854591851138308,0.02033890031977756,0.005335317080021648
18045,MISO,2025,6709.405191055833,0.29386837305700975,0.12877388179607563,0.2601854937588917,0.11344966764188169,0.03368287929811803,0.015324214154193938
18047,MISO,2025,8774.914599028334,0.2087694195613999,0.09584694113032141,0.18794217301035426,0.07198442176006416,0.020827246551045647,0.023862519370257254
18049,MISO,2025,7529.427166141667,0.3252886767422891,0.11700230019420817,0.27226468670375903,0.09953760173474337,0.05302399003853009,0.0174646984594648
18051,MISO,2025,12701.527738012499,0.2316447273874993,0.08015645202818553,0.21020004819930208,0.0747276400526541,0.02144467918819723,0.005428811975531425
18053,PJM,2025,26249.913848633332,0.2726482717460469,0.1267930410477627,0.20375927124582943,0.11438745983581568,0.06888900050021746,0.012405581211947028
18055,MISO,2025,12370.641132700834,0.2881197481131955,0.10490712665795332,0.2628073918079702,0.09871233285216378,0.025312356305225325,0.006194793805789536
18057,MISO,2025,128813.5997337125,0.05693071833987849,0.03607470005849854,0.05508423160228481,0.034404370816906144,0.001846486737593682,0.001670329241592397
18059,MISO,2025,30706.08130827917,0.09056298373308048,0.04463165660826782,0.06818171406311989,0.04123963471676331,0.022381269669960596,0.003392021891504504
18061,MISO,2025,14510.867182948334,0.1537907268140888,0.06900037100504267,0.13262539873069412,0.06522840435584625,0.02116532808339469,0.0037719666491964204
18063,MISO,2025,63085.435009508335,0.07671642132938007,0.045981463585286514,0.0684937358540114,0.039911778119183484,0.008222685475368668,0.0060696854661030294
18065,MISO,2025,18109.135418875,0.28365971747870355,0.10930768405970673,0.25540728566510434,0.10325838919649166,0.02825243181359921,0.006049294863215066
18067,MISO,2025,34235.510535358335,0.19085428397119644,0.08608996951735252,0.16220493101852154,0.08017333727452,0.0286493529526749,0.005916632242832523
18069,MISO,2025,14831.038097421668,0.22536742304501295,0.06618493991579143,0.18342465325058824,0.061079538526986187,0.04194276979442471,0.0051054013888052405
18071,MISO,2025,17161.54182106667,0.21313453024638102,0.08661873587800632,0.17834946105684032,0.08619212227438401,0.03478506918954069,0.00042661360362231115
18073,MISO,2025,12246.869159781667,0.24543544506434653,0.11491237934262562,0.22386172559289783,0.10589332403831991,0.021573719471448705,0.009019055304305704
18075,PJM,2025,7853.991765906667,0.3774435123422386,0.15750060296999385,0.30105719733635444,0.11439279033423465,0.07638631500588416,0.043107812635759205
18077,MISO,2025,12434.4861421875,0.2207792930500259,0.0778290149920836,0.20810778076402525,0.07027192603832148,0.012671512286000636,0.007557088953762114
18079,MISO,2025,10228.157982744167,0.21884111738460488,0.08569145116936115,0.19061710795279624,0.08280838271202833,0.02822400943180864,0.002883068457332827
18081,MISO,2025,58950.08059936083,0.12128104437945167,0.04846559136252723,0.078746363839187,0.04827279773299446,0.04253468054026467,0.0001927936295327698
18083,MISO,2025,14648.9795167875,0.22715353082854636,0.09022583680040651,0.20298586434114457,0.08558986555620889,0.02416766648740179,0.004635971244197623
18085,MISO,2025,30455.066074058333,0.13380194436614204,0.06402527633114947,0.12078886218222537,0.06278637801754051,0.013013082183916669,0.0012388983136089604
18087,MISO,2025,12495.096932287499,0.1438805573506829,0.05832237800588135,0.1065952701065065,0.05803592548619331,0.03728528724417639,0.00028645251968804214
18089,MISO,2025,190073.95527551667,0.19928795586130066,0.1093345649691888,0.1952092372135446,0.10248880391113706,0.004078718647756052,0.006845761058051736
18091,MISO,2025,41944.053696351664,0.1310472432981151,0.07056037001912607,0.11144196785921873,0.06342139420830982,0.01960527543889637,0.007138975810816253
18093,MISO,2025,18563.8514339875,0.23855981262753742,0.08303167691917965,0.219882705290351,0.08064765370414034,0.018677107337186416,0.002384023215039305
18095,MISO,2025,50680.391666468335,0.21454200125633835,0.10222421733466822,0.20743485433451445,0.08351173101141642,0.007107146921823904,0.0187124863232518
18097,MISO,2025,390003.18406776746,0.14586151758238464,0.11358503098724095,0.14146023000058022,0.1088369774697858,0.004401287581804414,0.00474805351745515
18099,MISO,2025,16538.58724762083,0.2636296417403922,0.1096826211835367,0.2587076302945006,0.10780174861710018,0.004922011445891605,0.0018808725664365145
18101,MISO,2025,3845.340132666667,0.2415833068796555,0.08521724889377227,0.22418734486468786,0.07481432196233187,0.017395962014967653,0.010402926931440404
18103,MISO,2025,12799.7333866,0.228765966996466,0.11279485942090933,0.17132040174523167,0.10718026277233884,0.05744556525123434,0.0056145966485704885
18105,MISO,2025,56310.05220479584,0.20430664447324343,0.12774105034732516,0.192523337650686,0.11977730061807511,0.011783306822557432,0.007963749729250055
18107,MISO,2025,15064.393403139167,0.17179111613149226,0.06344985934542532,0.1398554493882555,0.0618880520689086,0.03193566674323675,0.0015618072765167246
18109,MISO,2025,26613.460305646666,0.13562603701740977,0.07852223251905645,0.11912893383712499,0.07431873563413874,0.016497103180284786,0.0042034968849177096
18111,MISO,2025,5340.259438659166,0.3144538213140878,0.11906159383546887,0.26232744705565664,0.11404006894833098,0.05212637425843114,0.00502152488713789
18113,PJM,2025,17375.174113298333,0.13368370386265058,0.059093113261907415,0.09245194738421125,0.042006150823483725,0.041231756478439324,0.01708696243842369
18115,MISO,2025,2469.984965108333,0.2690854952549002,0.11361117283198742,0.24142327312527287,0.10140777182922954,0.02766222212962735,0.01220340100275788
18117,MISO,2025,7814.180188525001,0.27372583271853274,0.11979408088543146,0.24938527437892494,0.11278262784634112,0.0243405583396078,0.007011453039090343
18119,MISO,2025,8287.208837558333,0.2715740717667969,0.10636524709472732,0.24880037765636356,0.09933469984157844,0.022773694110433312,0.007030547253148875
18121,MISO,2025,5525.4074749625,0.2652289662299122,0.10985373983887999,0.24042345103197107,0.0994849061251778,0.024805515197941136,0.010368833713702189
18123,MISO,2025,7450.145854513334,0.3824257305426647,0.1999544657371872,0.3378333977342307,0.1766996146352843,0.044592332808434,0.023254851101902896
18125,MISO,2025,4959.2239898875,0.2074104639487492,0.08698690694410828,0.18570561392510498,0.07558602042564798,0.021704850023644223,0.011400886518460301
18127,MISO,2025,66843.00570510249,0.08476449052348879,0.0561370378547359,0.08287104367992462,0.053428723353235556,0.00189344684356417,0.0027083145015003446
18129,MISO,2025,9949.280010614168,0.14625024995269428,0.08565195463432622,0.1235862679316059,0.07817321758763009,0.02266398202108838,0.007478737046696132
18131,MISO,2025,4695.670588962501,0.3862122433659743,0.19407755832531443,0.36879787756508575,0.16879640622642703,0.017414365800888565,0.0252811520988874
18133,MISO,2025,13314.583334399165,0.17900475642979524,0.08495555567174728,0.15769333990638776,0.08385521331539661,0.021311416523407484,0.0011003423563506753
18135,PJM,2025,10007.751424316666,0.3062163624591873,0.13842580429886703,0.21387378498640255,0.100257240737789,0.09234257747278476,0.038168563561078034
18137,MISO,2025,10857.238201408332,0.2124373485475018,0.11770395884317986,0.2001009415206553,0.09109834300387458,0.012336407026846491,0.026605615839305277
18139,MISO,2025,6563.062243666665,0.23726463900460634,0.08412668981165042,0.21908412720208462,0.08412668981165042,0.018180511802521726,0.0
18141,PJM,2025,106057.63461573,0.11280353384440779,0.08723070942994167,0.10186819640690231,0.08263089930585926,0.01093533743750548,0.004599810124082407
18143,MISO,2025,9366.735802039168,0.3624306131676569,0.21985992360700535,0.3206247925660711,0.15150880549588558,0.041805820601585775,0.06835111811111977
18145,MISO,2025,17569.4329209025,0.2454666575764928,0.09572267578221927,0.20306819413649754,0.09167457608162785,0.04239846343999526,0.004048099700591418
18147,MISO,2025,7745.402981591667,0.17265053310824607,0.08270322003525983,0.1274750263491694,0.07036578523226183,0.04517550675907667,0.012337434802997996
18149,MISO,2025,8384.812662066666,0.22308821245096463,0.09599897365774127,0.1896323495559482,0.09495591159392595,0.033455862895016425,0.0010430620638153115
18151,MISO,2025,13597.80539329,0.1936940594565616,0.08479636866664163,0.1785335978057626,0.07995745774356214,0.015160461650798984,0.00483891092307949
18153,MISO,2025,7436.5102843625,0.2599058696168207,0.10416489452324773,0.25276654618421,0.0965776986588589,0.0071393234326107,0.007587195864388829
18155,MISO,2025,3671.390262366667,0.23314776422639152,0.11093656210493683,0.2100163916975676,0.08575143213174916,0.023131372528823912,0.02518512997318767
18157,MISO,2025,72001.39653594917,0.18317989732884096,0.12161910724599019,0.17371433956018403,0.11157965397821099,0.00946555776865693,0.010039453267779205
18159,MISO,2025,5936.952196755834,0.21677179598704593,0.07314385024731897,0.20137191305048469,0.06293807477527749,0.015399882936561249,0.010205775472041476
18161,MISO,2025,2852.233213870833,0.2039686415206577,0.08231375855034327,0.18396755565745823,0.07322525123067478,0.020001085863199458,0.009088507319668496
18163,MISO,2025,75781.092209295,0.23803284381743808,0.0833356848228701,0.20209425402169381,0.07575898111238648,0.03593858979574427,0.0075767037104836205
18165,MISO,2025,6396.316115745833,0.28486276180669035,0.13727345764621948,0.26757563070355433,0.12374616712863522,0.01728713110313601,0.013527290517584264
18167,MISO,2025,41401.204050897504,0.2727683935260298,0.11991900578685884,0.23110368023926472,0.11806120474367073,0.04166471328676505,0.001857801043188112
18169,MISO,2025,12305.388246320834,0.2285952956748607,0.09970836593136427,0.18341765448581634,0.09533594100528199,0.045177641189044354,0.00437242492608228
18171,MISO,2025,3233.3598344066663,0.317923426641636,0.14098996837123987,0.25922878711512454,0.12162985590152657,0.05869463952651144,0.019360112469713295
18173,MISO,2025,24081.581261166666,0.11118415930460451,0.04920942469660964,0.09863171812130396,0.04920942469660964,0.012552441183300553,0.0
18175,MISO,2025,10716.238118070833,0.2383383197932144,0.1134682397161557,0.20631093750412807,0.09242346282342599,0.03202738228908633,0.02104477689272971
18177,MISO,2025,26649.330911242498,0.28069245650626506,0.12125210371914653,0.25069145696155554,0.11445914605545288,0.030000999544709528,0.006792957663693658
18179,PJM,2025,10814.555437131667,0.13879940921699654,0.06966795491902014,0.10553735637462161,0.05501103746906525,0.033262052842374934,0.014656917449954891
18181,MISO,2025,9715.339083654166,0.1739304495926486,0.06452293130977944,0.14815755179242884,0.06288885185597597,0.02577289780021977,0.0016340794538034775
18183,PJM,2025,13468.452868026667,0.14948210153473587,0.05826438924953091,0.09116445943782686,0.05367733701708803,0.05831764209690901,0.004587052232442879
21001,PJM,2025,6719.996593766667,0.21464667501909615,0.11458421404274344,0.13859064417429143,0.09094103092319507,0.07605603084480472,0.02364318311954837
21005,PJM,2025,9021.093088383333,0.1243191329833603,0.06528972685048359,0.09390931396847532,0.04235216226830179,0.030409819014884973,0.022937564582181803
21009,PJM,2025,17407.093875666666,0.2479976545367677,0.11578042487445249,0.18835954618981993,0.08531060681583527,0.05963810834694777,0.030469818058617218
21011,PJM,2025,4759.348223170833,0.26683451989824053,0.0871486195598928,0.18752436527370933,0.0818991618944785,0.0793101546245312,0.005249457665414292
21015,PJM,2025,48267.626115080835,0.03973433778907362,0.02171862047988307,0.03614153240723162,0.017184579026406875,0.003592805381842,0.004534041453476193
21017,PJM,2025,7840.4438576708335,0.1979759341844777,0.1361764567865733,0.16115055495110872,0.11844137737492874,0.03682537923336898,0.017735079411644566
21019,PJM,2025,18144.680229775,0.28265573496328467,0.11016110995046836,0.23399326385824193,0.0905821090118332,0.04866247110504274,0.01957900093863517
21021,PJM,2025,11309.461152545835,0.22006056985546674,0.10429601492230656,0.14266351832879345,0.09851927413697803,0.07739705152667328,0.005776740785328527
21023,PJM,2025,3066.7403727941664,0.17793422526270852,0.09928382964186752,0.16785998602841337,0.0766038278989654,0.010074239234295151,0.02268000174290212
21025,PJM,2025,5258.062579345833,0.3795724802361463,0.22511908894836674,0.31768115377527195,0.1781551344319571,0.06189132646087436,0.04696395451640964
21029,PJM,2025,30497.8248441325,0.09592677249170607,0.057053068733132685,0.07931405636175093,0.05133341177754623,0.016612716129955143,0.005719656955586454
21037,PJM,2025,37818.431530366666,0.13261188483247963,0.09144907164362426,0.12260323580783482,0.0713867002630862,0.010008649024644808,0.020062371380538055
21041,PJM,2025,3867.681658720833,0.22251730594893462,0.12108564720501205,0.18911047673760822,0.0874148480503395,0.0334068292113264,0.033670799154672554
21043,PJM,2025,9425.0702314625,0.37814781673483183,0.24465802214599047,0.34996006497138676,0.16179349510764446,0.028187751763445068,0.08286452703834601
21045,PJM,2025,5876.762157945834,0.2892826186740276,0.14737547763436576,0.18789071713770447,0.13284844541029706,0.10139190153632313,0.014527032224068703
21049,PJM,2025,14427.592676434168,0.16572165644546755,0.0965088586894665,0.12618056421540444,0.07396054115820087,0.03954109223006311,0.022548317531265627
21051,PJM,2025,6788.497723095833,0.4071960861009744,0.22478585845412943,0.3398023089835447,0.20291242167508358,0.06739377711742972,0.02187343677904585
21053,PJM,2025,3588.0956469124994,0.2433658460945875,0.142309818552881,0.17201927277968274,0.11418635402925144,0.07134657331490477,0.028123464523629557
21063,PJM,2025,2081.1878467375,0.4101356952515849,0.189959075456071,0.3068723452356008,0.16738488850061908,0.10326335001598408,0.022574186955451908
21065,PJM,2025,5421.782523666667,0.35318924087149467,0.18731021312569407,0.29946100253242475,0.16164232212059382,0.05372823833906992,0.025667891005100252
21067,PJM,2025,134844.43807096584,0.12521104770140237,0.06198960334717343,0.10502891418059354,0.04593712200670598,0.02018213352080883,0.016052481340467453
21069,PJM,2025,5660.835739425,0.283569751896985,0.09993059321424981,0.21712372381664963,0.0825133255591712,0.0664460280803354,0.017417267655078617
21071,PJM,2025,14003.588588229166,0.44126132608089813,0.20993530138561153,0.363098628571582,0.19253303887699724,0.07816269750931615,0.01740226250861429
21073,PJM,2025,21916.23096850417,0.1392975612749348,0.052306172282919436,0.10773131775622158,0.049614563889968974,0.03156624351871323,0.002691608392950462
21077,PJM,2025,3067.5448566749997,0.18917077631772905,0.09213709531690084,0.13900237483585368,0.06493855835822637,0.050168401481875374,0.02719853695867447
21079,PJM,2025,6300.894417404166,0.1734933604080334,0.07724551863696888,0.10385717348185032,0.0745412857342662,0.06963618692618308,0.0027042329027026774
21081,PJM,2025,8654.637724204167,0.18823157643731808,0.11623457200139514,0.16236920703547436,0.10257236066053406,0.02586236940184372,0.013662211340861083
21087,PJM,2025,4310.6458820749995,0.2682930554600847,0.1277025400970811,0.18187085442675813,0.09404880614932706,0.08642220103332657,0.03365373394775403
21089,PJM,2025,14206.5848341,0.2749675900278256,0.11593352384798117,0.23416859469823817,0.1066094028968374,0.040798995329587445,0.009324120951143766
21093,PJM,2025,41960.43985528583,0.11919038924141497,0.06416110521575054,0.08257138690246296,0.051133220660631806,0.036619002338952,0.013027884555118732
21097,PJM,2025,7011.697236795833,0.24216661401621056,0.1578645462505962,0.22046689381724446,0.1527127545259856,0.0216997201989661,0.00515179172461061
21099,PJM,2025,7031.387800541666,0.30917466499157736,0.15386524199153448,0.2159728898165994,0.1319549589732994,0.09320177517497796,0.021910283018235083
21103,PJM,2025,5827.137300858333,0.22133417210740655,0.13025439576734618,0.15559626623747358,0.11507541185982129,0.06573790586993297,0.015178983907524896
21109,PJM,2025,4949.0014398250005,0.3708902077094039,0.21275801566626729,0.2835159177020665,0.17992153891583557,0.08737429000733737,0.03283647675043172
21111,PJM,2025,325392.4317025325,0.12793424276323656,0.08007518991701104,0.10996612714089803,0.07095976460642828,0.017968115622338535,0.009115425310582764
21113,PJM,2025,18842.44632072,0.1273698981284026,0.08306269086526595,0.10890494395386212,0.076521035244478,0.018464954174540485,0.006541655620787956
21115,PJM,2025,8208.290856329166,0.3607404964782423,0.15221458552878178,0.3045836966673648,0.1391076306629938,0.05615679981087751,0.013106954865787973
21117,PJM,2025,66237.62728063832,0.09098974901684592,0.06349398133902788,0.08630841052571554,0.05549214397090511,0.00468133849113038,0.008001837368122773
21119,PJM,2025,5422.763019604166,0.4233154236443526,0.19229964745695616,0.35043669281323575,0.15774063197797747,0.07287873083111684,0.03455901547897869
21121,PJM,2025,10899.837005929166,0.39680167687803924,0.22451025987342818,0.34757770476498745,0.21561855186503204,0.049223972113051795,0.008891708008396143
21123,PJM,2025,5862.945893416667,0.22716357191905187,0.1460656966056829,0.17225156443762446,0.12959431439986438,0.05491200748142741,0.016471382205818508
21125,PJM,2025,22844.533460995834,0.2591154987398444,0.1470355928064804,0.18806986685394594,0.12768513451610872,0.07104563188589846,0.019350458290371686
21127,PJM,2025,5487.1132591625,0.3943620750672783,0.23063859509052548,0.3453577677931396,0.14949176294890246,0.04900430727413868,0.08114683214162302
21129,PJM,2025,2564.4527658708334,0.4779363090373125,0.2624261520211586,0.37948851971037517,0.2349543404388111,0.09844778932693732,0.02747181158234749
21131,PJM,2025,3623.095316883333,0.3847523689872573,0.2053844420873848,0.3284283205465785,0.19404042509217215,0.05632404844067879,0.011344016995212647
21133,PJM,2025,8187.411032958333,0.41577426806849443,0.2253684246289496,0.3512788524863478,0.2052844696190692,0.06449541558214661,0.02008395500988039
21135,PJM,2025,4661.283655679166,0.417241096697241,0.18364292517692943,0.38130549013868087,0.15660883044482657,0.03593560655856015,0.02703409473210286
21137,PJM,2025,9406.127076045834,0.23628388107320136,0.11117616893972572,0.182121326011804,0.08986968656076882,0.05416255506139736,0.021306482378956895
21147,PJM,2025,5194.244980875001,0.33345467690247965,0.20128023367758954,0.24095111530883825,0.18865510778028288,0.0925035615936414,0.01262512589730666
21151,PJM,2025,35464.0141138425,0.14482230835154192,0.08382321599377299,0.1074645833824243,0.06104159723316164,0.037357724969117614,0.022781618760611348
21153,PJM,2025,4412.8355437875,0.4827880062390166,0.2564365514504113,0.43518259165853246,0.24331192543418226,0.04760541458048412,0.013124626016229018
21155,PJM,2025,7389.0219790708325,0.24131040146624624,0.12837307204346413,0.1804821490925783,0.1215592151085714,0.06082825237366796,0.006813856934892726
21159,PJM,2025,3708.1206541833335,0.45163955424377605,0.2528043112903932,0.36716556166325315,0.21256282525554973,0.0844739925805229,0.04024148603484348
21161,PJM,2025,6490.7516516666665,0.20781521934602257,0.11228229494055533,0.1526281917535113,0.09256152989935007,0.05518702759251126,0.019720765041205263
21165,PJM,2025,2166.1096165416666,0.348679432288696,0.18900846185375464,0.2918997580638693,0.16032110586172021,0.056779674224826715,0.028687355992034425
21167,PJM,2025,8894.24899745,0.17636134808999102,0.09927377596165209,0.15242426167107329,0.06905067555406637,0.02393708641891773,0.030223100407585718
21169,PJM,2025,4115.2881773291665,0.2966507061209352,0.11833664950738819,0.2149065999125193,0.10752506559569336,0.08174410620841588,0.01081158391169483
21173,PJM,2025,10475.015938570832,0.21562135294546955,0.08427681989359777,0.17488409084980402,0.07929746340963525,0.04073726209566553,0.004979356483962513
21175,PJM,2025,4600.240194837499,0.33868547307470975,0.13124094005878176,0.25674487923669276,0.11843976565954362,0.081940593838017,0.012801174399238141
21179,PJM,2025,18073.633613956667,0.11739622477292228,0.0654532061126228,0.09843344165435906,0.03973478864563247,0.018962783118563212,0.02571841746699033
21181,PJM,2025,2475.1288244458333,0.24448590535571524,0.14599732450696717,0.2110306693465189,0.1344785451047611,0.03345523600919634,0.01151877940220608
21185,PJM,2025,21817.85155746583,0.0516329512830141,0.022278505146183337,0.03821453658520424,0.0213343970445792,0.013418414697809862,0.0009441081016041374
21187,PJM,2025,4052.409011941666,0.245359370636906,0.11769032175645353,0.18811606651938328,0.11042926718970301,0.05724330411752271,0.0072610545667505105
21189,PJM,2025,1295.7421177291667,0.3795584003077561,0.23170968818780652,0.3524806001814039,0.19487334555494593,0.02707780012635219,0.03683634263286059
21191,PJM,2025,5047.784425419167,0.2535289989686044,0.18514589485644678,0.21320310935884154,0.16774765759494953,0.04032588960976288,0.01739823726149725
21193,PJM,2025,11007.486605766668,0.3587389787868351,0.16862600617111717,0.2972118492236225,0.1513569759908232,0.0615271295632126,0.017269030180293965
21195,PJM,2025,23578.32168849583,0.4778094360597967,0.2667295679019216,0.36230160515840754,0.17569581913759516,0.11550783090138916,0.09103374876432643
21197,PJM,2025,4462.536635766667,0.33070198526051875,0.18096748040544094,0.28271526241671996,0.14954308776735684,0.04798672284379879,0.03142439263808411
21199,PJM,2025,25119.22749265,0.20310253650403742,0.13493807334989213,0.15378570663586258,0.12713676789842718,0.049316829868174844,0.007801305451464957
21201,PJM,2025,747.75950715,0.21803988977429437,0.14473600613807547,0.17995862289942488,0.13145777476146217,0.038081266874869485,0.013278231376613298
21203,PJM,2025,6199.171412070834,0.3316384940878572,0.18380989731580816,0.2888381565547049,0.1638621615841348,0.04280033753315232,0.019947735731673355
21205,PJM,2025,8799.926772183335,0.22552741897694958,0.11646724513262206,0.1798185826535648,0.08650186855033767,0.045708836323384794,0.02996537658228439
21207,PJM,2025,6853.610359333334,0.21363870513483532,0.11847713386724414,0.13425428360924058,0.0913834052219044,0.07938442152559474,0.027093728645339737
21209,PJM,2025,21050.396041445834,0.07913141337730652,0.05189773206661077,0.07038798995836996,0.04482104467927133,0.008743423418936552,0.0070766873873394365
21211,PJM,2025,17147.353828435836,0.10667583919012137,0.059485152547861735,0.08847910651840768,0.05281820381529677,0.018196732671713692,0.006666948732564966
21215,PJM,2025,6745.632096014167,0.08131940859860891,0.06122605988731142,0.07326424376034667,0.05675197056989475,0.008055164838262241,0.00447408931741667
21217,PJM,2025,9545.6912555,0.1678897084829528,0.08135213310054733,0.11983422678959071,0.06345378915820658,0.04805548169336207,0.017898343942340744
21223,PJM,2025,3156.3592741975,0.24656699253220155,0.13322537408369436,0.1829208665153602,0.11326327694589218,0.06364612601684136,0.019962097137802184
21229,PJM,2025,4501.3313152,0.1839962649575671,0.13785361772870583,0.1629498205689717,0.1063802420324376,0.021046444388595403,0.031473375696268235
21231,PJM,2025,7736.626328412501,0.28849249521976694,0.17502770317421068,0.19658144222615437,0.135823198506015,0.09191105299361257,0.03920450466819567
21235,PJM,2025,12644.394234570833,0.30365285692196053,0.17210482711218852,0.24805829854553924,0.1199074569540363,0.0555945583764213,0.05219737015815222
21237,PJM,2025,2433.114459516667,0.4461206183825091,0.2250615290825432,0.39220452235474856,0.18719904286910505,0.05391609602776054,0.03786248621343816
21239,PJM,2025,10301.992349768334,0.11380893746600053,0.05937201337374523,0.08795478272611765,0.043505227809331984,0.02585415473988288,0.015866785564413247
22001,MISO,2025,20873.484652258332,0.36821950404461756,0.1561725773233465,0.3315348177700547,0.1561725773233465,0.03668468627456284,0.0
22003,MISO,2025,7457.858676020834,0.31854894957329216,0.14708774320530388,0.2703231593008,0.12541234593904954,0.048225790272492186,0.021675397266254337
22005,MISO,2025,45223.479956426665,0.13638538569214712,0.06742586649541278,0.11035610264133992,0.06566269751600591,0.026029283050807192,0.0017631689794068706
22007,MISO,2025,8185.545423595833,0.28396867406960113,0.1366854025725389,0.23314726497316796,0.13023707706425777,0.05082140909643318,0.006448325508281116
22009,MISO,2025,14308.596296920834,0.44612165195252934,0.288585161305639,0.41864422078285257,0.24641957836798895,0.02747743116967677,0.04216558293765005
22011,MISO,2025,13304.595621633334,0.20571514446022413,0.10229798717722419,0.17473515553871694,0.09921209996068663,0.03097998892150719,0.003085887216537561
22013,MISO,2025,5332.168409179167,0.4861069275369804,0.29073758781348147,0.4141557482643263,0.22269903790641257,0.07195117927265415,0.0680385499070689
22017,MISO,2025,93298.13893788333,0.33817087191647394,0.1852428057195135,0.32487506312738623,0.15648336374215951,0.013295808789087704,0.028759441977353972
22019,MISO,2025,76030.05975611499,0.21892386750418952,0.10888131431201274,0.20486095069389898,0.10723360004406153,0.014062916810290538,0.0016477142679512113
22021,MISO,2025,3392.212428070833,0.35635251892964837,0.17948335023899234,0.3246279535407107,0.14965398862403817,0.03172456538893764,0.02982936161495417
22023,MISO,2025,2150.2608660958335,0.13621880983530193,0.03916346836228327,0.10744253748514099,0.03088317541934949,0.028776272350160947,0.008280292942933781
22025,MISO,2025,2990.8223168833333,0.36676085601926967,0.1947125408690903,0.3480982360485303,0.15418435645781678,0.01866261997073937,0.04052818441127351
22027,MISO,2025,5000.859199170834,0.5036972855744766,0.32074967399337856,0.4403182537009701,0.2612360773249608,0.06337903187350646,0.05951359666841777
22029,MISO,2025,6221.051018958333,0.5521829615597158,0.3518568872299145,0.49552142815537215,0.3267759542413395,0.056661533404343656,0.025080932988575
22031,MISO,2025,10083.255177304167,0.3652150653827407,0.16353570299019893,0.34274959508196856,0.15871435119794655,0.022465470300772117,0.004821351792252376
22033,MISO,2025,171905.64957644584,0.2824780928961019,0.15679030042031303,0.24875548291108962,0.14996179210970442,0.03372260998501225,0.006828508310608605
22035,MISO,2025,2198.1372978458335,0.495354143599026,0.34196619458362254,0.4686442875373941,0.2857508511235346,0.026709856061631898,0.05621534346008794
22037,MISO,2025,6454.29251908,0.3049003470554676,0.14989269611425998,0.23514224509169454,0.13770679769200952,0.06975810196377305,0.012185898422250457
22039,MISO,2025,11878.686405995833,0.45424028788596665,0.2703120124724049,0.4195472064978889,0.18243050083785728,0.03469308138807775,0.0878815116345476
22041,MISO,2025,7091.117574112501,0.4197046196401777,0.2721926507343573,0.3656197546153817,0.20952646646382647,0.05408486502479598,0.0626661842705308
22043,MISO,2025,6640.967086129167,0.3184385751242729,0.1514828987145854,0.3055567354735617,0.12577021233705116,0.012881839650711213,0.02571268637753424
22045,MISO,2025,26488.2379976,0.3388711930359414,0.1690697439245462,0.30431719797470214,0.15863173824821353,0.03455399506123924,0.010438005676332685
22047,MISO,2025,10650.113071670832,0.29102769644245113,0.16847032991580382,0.25452957459850306,0.15748809779610132,0.03649812184394807,0.010982232119702506
22049,MISO,2025,5367.047997579166,0.33353212410231703,0.17921104093140963,0.32544360262854827,0.1550970472595856,0.008088521473768762,0.02411399367182404
22051,MISO,2025,174894.42816830752,0.16826254243297073,0.09927301743176903,0.1393203544140907,0.09697339630611511,0.028942188018880016,0.0022996211256539195
22053,MISO,2025,11551.242528804167,0.26663551429234733,0.12859036920633385,0.2292859554202885,0.12222404223617257,0.03734955887205882,0.006366326970161276
22055,MISO,2025,96625.15246430249,0.2340366617826936,0.12326404270226349,0.2112292775851025,0.11419344787630654,0.022807384197591124,0.009070594825956943
22057,MISO,2025,35825.014148439164,0.22608840349498427,0.10435939268122768,0.18633951117294986,0.1002389887976208,0.03974889232203441,0.004120403883606877
22059,MISO,2025,4579.867284645833,0.2668731135046819,0.1665323610455844,0.2399683441212763,0.13071360428998277,0.026904769383405608,0.035818756755601616
22061,MISO,2025,17717.486540933336,0.29676171199909684,0.168760354728293,0.27850311269250516,0.15633427503862077,0.018258599306591683,0.012426079689672243
22063,MISO,2025,49127.8272322125,0.2159783817538131,0.10721720508496793,0.19806508288437658,0.1035298349017977,0.017913298869436517,0.0036873701831702382
22065,MISO,2025,2979.592527141667,0.4414229424599322,0.31008581266020574,0.41549522612916595,0.24830917376637077,0.025927716330766237,0.06177663889383497
22067,MISO,2025,9302.618222491667,0.4270682391887828,0.3017425564406309,0.3839586267061135,0.24399790085033057,0.04310961248266926,0.05774465559030034
22069,MISO,2025,13606.474151737499,0.3748425339276483,0.2215275483799205,0.3391081991128196,0.17154550292806306,0.03573433481482874,0.04998204545185744
22071,MISO,2025,154622.08241589,0.32872644836027337,0.20031651150668353,0.29657726467396256,0.18789268871871506,0.03214918368631081,0.01242382278796847
22073,MISO,2025,58661.32019112083,0.33125306646922204,0.185032311799734,0.31742636594138823,0.1698394850033231,0.013826700527833802,0.015192826796410902
22075,MISO,2025,7979.912065813334,0.18272059722666303,0.11615691318843194,0.15399805879374037,0.11456682774383668,0.028722538432922662,0.0015900854445952545
22077,MISO,2025,8014.921662595834,0.2599821123737342,0.2185127493726217,0.25632222576911584,0.20612949758574708,0.0036598866046183565,0.012383251786874605
22079,MISO,2025,48039.99558833333,0.3089272745321779,0.1439978522784768,0.2906815597785383,0.12524221576355277,0.018245714753639564,0.01875563651492404
22081,MISO,2025,2898.2221198750003,0.4054052826533101,0.3076956055364827,0.38811720920313086,0.27365860657821967,0.017288073450179242,0.03403699895826301
22083,MISO,2025,7112.6187026416665,0.3830701873559673,0.259088565273398,0.3720583726755678,0.20289013238680506,0.011011814680399523,0.05619843288659296
22085,MISO,2025,8247.52182435,0.4087055785358885,0.22734800144015097,0.3491547671662108,0.17456493732701345,0.059550811369677714,0.05278306411313752
22087,MISO,2025,15325.546456348333,0.2819404337642274,0.17260152282591323,0.23112834519729114,0.16073514491123414,0.05081208856693625,0.011866377914679094
22089,MISO,2025,18180.386979896666,0.12777458483856963,0.0666140730333004,0.11942392097868904,0.0603119692458493,0.008350663859880592,0.006302103787451101
22091,MISO,2025,3809.5234495199998,0.4519925526761857,0.23317711297247037,0.3099134593113193,0.15309622457724634,0.1420790933648664,0.08008088839522404
22093,MISO,2025,7358.2519694041675,0.17612766048563874,0.1008909913057717,0.1377614959046335,0.09209946737422962,0.03836616458100525,0.008791523931542075
22095,MISO,2025,15002.419264269169,0.17334291577400363,0.10628335942457579,0.15967639201406694,0.09806958704364489,0.013666523759936683,0.008213772380930892
22097,MISO,2025,30351.252312166667,0.39960565469088727,0.23244320343610472,0.36587536362003814,0.21621759108185196,0.03373029107084913,0.016225612354252766
22099,MISO,2025,19606.880385749166,0.311656281712194,0.18448102481526546,0.2879420127533436,0.15937782813456988,0.023714268958850426,0.025103196680695578
22101,MISO,2025,18279.428146924998,0.36636610090343064,0.20540405779360324,0.35410988991294323,0.18887532834221213,0.012256210990487404,0.01652872945139111
22103,MISO,2025,99976.33604572584,0.19649146624825062,0.07892441016719144,0.15210461238688247,0.06490136422073585,0.04438685386136815,0.014023045946455592
22105,MISO,2025,47781.188282924995,0.2947645625282047,0.13836579218309777,0.27337128083634643,0.11791296020129255,0.02139328169185828,0.020452831981805225
22107,MISO,2025,1561.5364993416665,0.37440275520605204,0.21545834983428827,0.3676463471664183,0.21117862363011858,0.006756408039633732,0.004279726204169693
22109,MISO,2025,40223.223676075,0.2221790750256458,0.09921573038493356,0.1887880092760132,0.09777494126602285,0.033391065749632604,0.0014407891189107125
22111,MISO,2025,8085.8152056,0.3731822318017705,0.20781343269904043,0.347001775204759,0.19719931751849631,0.026180456597011514,0.010614115180544115
22113,MISO,2025,21023.655567395832,0.29479359541618755,0.1370603669106705,0.27583009556077753,0.13140106953442432,0.018963499855410015,0.005659297376246181
22115,MISO,2025,17448.096772616664,0.27184264467016966,0.13834067178250808,0.25010968101062475,0.12572342081368973,0.021732963659544913,0.012617250968818355
22117,MISO,2025,16652.220901566667,0.3605799095396293,0.17097760737470974,0.3438130151448062,0.14159302747388114,0.016766894394823095,0.0293845799008286
22119,MISO,2025,14358.1859181125,0.5088219537037612,0.32901903296582036,0.47939723230143,0.2776429182107093,0.029424721402331155,0.05137611475511106
22121,MISO,2025,9795.310435094167,0.1800374980247419,0.10626045610348511,0.17251987237167002,0.08409133890001258,0.007517625653071874,0.022169117203472533
22123,MISO,2025,3740.5475148124997,0.3896859546069865,0.2274207966542321,0.34922496462583935,0.1756961703616473,0.040460989981147166,0.051724626292584786
22125,MISO,2025,3747.7440598124995,0.2706713582752636,0.09719994089187928,0.25418813467085066,0.08907558674334032,0.016483223604412955,0.00812435414853896
22127,MISO,2025,4772.592368041667,0.42269532552517397,0.26075863958479767,0.3855746444194542,0.23144291962456917,0.037120681105719755,0.029315719960228498
24001,PJM,2025,26636.328633033336,0.22270402811569698,0.09875439376260284,0.17529129263912688,0.09092176787506734,0.0474127354765701,0.0078326258875355
24003,PJM,2025,193047.07379510917,0.07567235439508002,0.05212573126627696,0.06990295733191208,0.036095241412856555,0.005769397063167939,0.016030489853420406
24005,PJM,2025,326322.6920135475,0.1284850219516025,0.07435828805906118,0.10859266966404275,0.05838428336983087,0.019892352287559742,0.01597400468923031
24013,PJM,2025,61989.40874574917,0.07769207542589963,0.034938968023041826,0.06090593066290916,0.03296389493968931,0.016786144762990472,0.001975073083352513
24017,PJM,2025,58193.22883095333,0.12204370699916102,0.07357946074319106,0.10384223482313008,0.059629679160099515,0.018201472176030936,0.013949781583091549
24021,PJM,2025,98652.08427072334,0.06906428208135322,0.03252882844671604,0.05800458473839037,0.029696647074991592,0.011059697342962853,0.0028321813717244494
24023,PJM,2025,12019.210306415833,0.18879880266803925,0.0699565181465794,0.15208104844217094,0.058366972508212725,0.036717754225868315,0.011589545638366672
24025,PJM,2025,97132.84759477916,0.10249587758506576,0.05477705724607332,0.08997321740434663,0.0480697628633368,0.012522660180719125,0.006707294382736519
24027,PJM,2025,117643.62089344251,0.05893633006034476,0.027597102583961416,0.047484393523553804,0.022965741595618164,0.011451936536790955,0.004631360988343252
24031,PJM,2025,369540.7327031633,0.07979717806954198,0.031598448825088644,0.058439368872615235,0.02900177572934057,0.021357809196926744,0.0025966730957480734
24033,PJM,2025,339202.37650458334,0.08513389683564457,0.057067468637261864,0.07722817806444832,0.036505177481775945,0.007905718771196252,0.02056229115548592
24043,PJM,2025,57734.388594695,0.11884323083170455,0.061681785311363896,0.10750122979460218,0.049880975497945276,0.011342001037102367,0.01180080981341862
24510,PJM,2025,245307.75649945,0.2448825872136953,0.15057432126353756,0.22302131228603647,0.14627842277635217,0.021861274927658825,0.004295898487185396
26001,MISO,2025,4771.078615768333,0.3363748142149862,0.18056799776492405,0.31339192222453255,0.16618449082430004,0.02298289199045367,0.014383506940624013
26003,MISO,2025,3199.976778483333,0.2483219355555621,0.1336769221450653,0.1904423349265171,0.13119083317061012,0.057879600629044986,0.0024860889744551806
26005,MISO,2025,43204.7516105175,0.12244544871897486,0.05714561798585376,0.10086545835996613,0.04891505015867752,0.021579990359008733,0.008230567827176245
26007,MISO,2025,12353.209613345833,0.21945734039357073,0.11450589720168677,0.20222239459481636,0.10959133867754056,0.01723494579875437,0.004914558524146212
26009,MISO,2025,10445.443550879167,0.23804187701758453,0.0997849992924847,0.1807785464850109,0.07751047902247184,0.057263330532573625,0.022274520270012865
26011,MISO,2025,6237.4557551525,0.2702877232764084,0.13870274649689243,0.22728736011295977,0.11234334430460435,0.0430003631634486,0.02635940219228808
26013,MISO,2025,3173.002568525,0.26934551409711527,0.09765505090757234,0.24353719296574164,0.09565271728971667,0.02580832113137363,0.0020023336178556783
26015,MISO,2025,23913.083137375834,0.20303597225287084,0.08623166184401457,0.1545634622361693,0.08114264359672743,0.04847251001670155,0.005089018247287136
26017,MISO,2025,44123.78348309584,0.23550735729566472,0.08861398608631584,0.21868600682569986,0.08192797463390517,0.016821350469964857,0.00668601145241067
26019,MISO,2025,7057.721204854166,0.21017029445670063,0.10229085464632169,0.19049374666775995,0.10167389063292245,0.01967654778894068,0.0006169640133992377
26021,PJM,2025,62051.45464497749,0.2511345306753093,0.11821064365260692,0.21565949260320552,0.10145762275431583,0.035475038072103754,0.016753020898291088
26023,MISO,2025,16365.692972587502,0.18622407099492824,0.08049772376239389,0.12865389262770954,0.07933305916685293,0.0575701783672187,0.0011646645955409596
26025,MISO,2025,51937.47885497167,0.23626064685178796,0.08500454521068944,0.2142185058057545,0.07951146082744501,0.02204214104603347,0.0054930843832444315
26029,MISO,2025,11976.329161432499,0.2064576282421513,0.07785069704983895,0.16370020441671235,0.06572685599321651,0.042757423825438956,0.01212384105662244
26031,MISO,2025,10520.733125372499,0.2046138508471368,0.09957999657077822,0.18783131798321007,0.09703047985804601,0.016782532863926725,0.0025495167127322083
26033,MISO,2025,13371.240413542502,0.20660528218299884,0.1280848265378888,0.19028312555497273,0.11335633943790323,0.016322156628026108,0.014728487099985574
26035,MISO,2025,11709.8428090125,0.35602490002659637,0.16311133158024055,0.3439822282979917,0.13970328137283713,0.012042671728604681,0.023408050207403414
26037,MISO,2025,30529.477480433336,0.153438069355585,0.07241670464639036,0.12941011852019493,0.0649105359352585,0.024027950835390055,0.007506168711131855
26039,MISO,2025,5761.81098304,0.29157502775200006,0.17211434191985112,0.27079030793893394,0.1639604634448445,0.02078471981306612,0.00815387847500662
26041,MISO,2025,15598.286558045831,0.26457607070553096,0.12667279003992987,0.2347325783250136,0.12527032758423473,0.029843492380517367,0.0014024624556951415
26043,MISO,2025,11421.670771325,0.19318793873656945,0.08948137324642073,0.1771397953702025,0.0758271539661848,0.01604814336636695,0.01365421928023594
26045,MISO,2025,44064.53620747167,0.15122842341836726,0.0564068959251343,0.10338473757145875,0.05035030442668012,0.04784368584690851,0.006056591498454181
26047,MISO,2025,14158.495889406666,0.2152929959716981,0.07776384318304919,0.18386720528916495,0.0734717845606381,0.03142579068253315,0.004292058622411082
26049,MISO,2025,164667.29742035415,0.24879348172702825,0.1063958307243468,0.22273951255436403,0.10068899925828396,0.026053969172664226,0.005706831466062837
26051,MISO,2025,10715.294369055,0.2740299682766866,0.1657887583155127,0.2327936432282843,0.1423305081869162,0.04123632504840227,0.02345825012859651
26053,MISO,2025,6799.983050445832,0.3117220520215401,0.1283051583817743,0.28863023239467034,0.11845199789794919,0.023091819626869736,0.009853160483825119
26055,MISO,2025,37328.721364569166,0.08692781244102361,0.056169285052272325,0.08155528207616487,0.045685913526102094,0.005372530364858741,0.01048337152617023
26057,MISO,2025,14412.389597995834,0.25443378561779884,0.1139912155264748,0.23424115329819822,0.08989057730794268,0.020192632319600612,0.024100638218532117
26059,MISO,2025,17246.754637029167,0.3103754341289456,0.11880960982961274,0.2735425132477841,0.11180065472946708,0.03683292088116147,0.007008955100145653
26061,MISO,2025,13816.525760937498,0.22336284718310143,0.09503540224229068,0.20374653743602575,0.08995959269188207,0.019616309747075678,0.005075809550408608
26063,MISO,2025,13460.721420816666,0.30910416216409586,0.14671216393115766,0.29012740888473837,0.1328816333658522,0.018976753279357494,0.013830530565305449
26065,MISO,2025,113184.50817140666,0.14896856524701357,0.08304993201325622,0.12263738270398544,0.07840865554953189,0.02633118254302813,0.0046412764637243364
26067,MISO,2025,22314.507808831666,0.1761057217700029,0.08204491901992149,0.16041209433973236,0.0720615793078084,0.01569362743027053,0.009983339712113085
26069,MISO,2025,11281.318642333334,0.24171971116461796,0.15807580554669892,0.22594169123266036,0.15049534264703454,0.0157780199319576,0.007580462899664381
26071,MISO,2025,5086.898056770833,0.298136263942103,0.14751220934934725,0.2827758298387178,0.13298066873919565,0.015360434103385223,0.014531540610151605
26073,MISO,2025,24225.647866850835,0.27623736086471,0.12306483766606147,0.25135501472438265,0.10792083432011403,0.02488234614032736,0.01514400334594744
26075,MISO,2025,60422.49951904667,0.24671062679935118,0.08473340183220066,0.19560439166452753,0.07731965817207408,0.05110623513482365,0.007413743660126579
26079,MISO,2025,7262.089770320832,0.30469357446755685,0.1462535147042911,0.2740890490435092,0.13488818266002012,0.030604525424047624,0.011365332044270982
26081,MISO,2025,250280.88589441084,0.08515074559841802,0.05385041113277831,0.07963552517901286,0.04086485834733255,0.005515220419405165,0.012985552785445761
26083,MISO,2025,1055.7583443583335,0.27828686149944726,0.12587757673839473,0.2731568821227509,0.12433921319272259,0.0051299793766963475,0.0015383635456721334
26085,MISO,2025,4492.780557646667,0.4079415254191765,0.2226159322380873,0.3962541044637662,0.2206877710365371,0.01168742095541031,0.001928161201550177
26087,MISO,2025,33645.12766489916,0.19828470857086766,0.10287790593998648,0.15715377072469036,0.09443541643920592,0.0411309378461773,0.008442489500780567
26089,MISO,2025,9045.722980177501,0.13280114505698262,0.08132614043182847,0.12333605322056573,0.06908513489481236,0.009465091836416889,0.012241005537016111
26091,MISO,2025,37646.607090858335,0.21726804490373824,0.07321924342566265,0.1838801619892231,0.07104418522931899,0.03338788291451514,0.002175058196343657
26093,MISO,2025,73713.66943356584,0.09065134412902001,0.04421181932132016,0.0817377305916127,0.030320773856844403,0.008913613537407314,0.013891045464475754
26095,MISO,2025,2054.0939317958337,0.24758002942180649,0.13529265323058373,0.23442691454021036,0.12720329737707306,0.013153114881596123,0.008089355853510671
26097,MISO,2025,5041.095834520834,0.2558570178258867,0.12699255408852664,0.2201459871182592,0.1218404442819356,0.03571103070762752,0.005152109806591032
26099,MISO,2025,351503.9769282642,0.116614754549272,0.08443774259256022,0.10146960193113928,0.07883762959445495,0.01514515261813272,0.005600112998105269
26101,MISO,2025,9760.880229179165,0.22405497062829052,0.11180531091329733,0.21168843161925516,0.10914854483753113,0.012366539009035366,0.0026567660757662037
26103,MISO,2025,26773.891520620837,0.17497493845622097,0.07993910956537349,0.150009100806938,0.07140241077226755,0.02496583764928298,0.008536698793105937
26105,MISO,2025,11981.90325629,0.22602016062987876,0.11827202605898489,0.20478656481183205,0.10578027527280712,0.021233595818046708,0.012491750786177772
26107,MISO,2025,15792.003570425,0.3001005291176061,0.13537913723550593,0.2622393301380428,0.128685603377567,0.037861198979563304,0.006693533857938944
26109,MISO,2025,9790.747282441665,0.249648198936773,0.11175054959897222,0.198229385988212,0.10649250660500287,0.051418812948561016,0.005258042993969356
26111,MISO,2025,33784.81317012167,0.21232595228906315,0.09318136561834248,0.1825393804011217,0.08277257589643679,0.029786571887941454,0.01040878972190569
26113,MISO,2025,5712.952033398333,0.3036467752016886,0.14147155156156618,0.28908258517767293,0.1290421096509082,0.014564190024015655,0.012429441910657979
26115,MISO,2025,60895.58447017416,0.12908312736274846,0.0737466036438086,0.09252836772186503,0.07233736987634172,0.036554759640883436,0.0014092337674668776
26117,MISO,2025,23685.637822812503,0.2522168909850072,0.11428908885061898,0.2202313015756876,0.11043308773790951,0.031985589409319615,0.0038560011127094646
26119,MISO,2025,4616.409826534167,0.3264967484400282,0.18732240877901607,0.2961193986692614,0.1578554735196537,0.03037734977076678,0.029466935259362365
26121,MISO,2025,65119.7732379275,0.12370550786084425,0.07923294610732089,0.10955524760177365,0.073280732002544,0.014150260259070596,0.005952214104776893
26123,MISO,2025,18802.4018628725,0.285843555307163,0.14364560870349244,0.27078096742949037,0.13063093495659547,0.015062587877672617,0.013014673746896965
26125,MISO,2025,521467.8438277274,0.10507354974211597,0.05666070163945607,0.08024745229924046,0.053452024788764645,0.024826097442875505,0.0032086768506914276
26127,MISO,2025,9780.931372478333,0.29456077475182685,0.14095549738299942,0.27768998186486527,0.13700041761075502,0.016870792886961583,0.0039550797722444075
26129,MISO,2025,8879.656253620833,0.28697956241090167,0.18446141639280939,0.24717499142079447,0.15523946608589012,0.0398045709901072,0.029221950306919264
26131,MISO,2025,2845.694941808333,0.3373018886346425,0.14609142947785,0.3090817430642831,0.1422566135943297,0.0282201455703594,0.003834815883520304
26133,MISO,2025,8782.571058295833,0.32699945517280316,0.1522132296628481,0.285996527723119,0.14405724635089534,0.041002927449684146,0.008155983311952747
26135,MISO,2025,3434.789023983333,0.3423326262000536,0.17990720225858384,0.30645646231670104,0.15091400220355486,0.035876163883352574,0.028993200055028978
26137,MISO,2025,10480.722302161666,0.17835156097211893,0.08536309089137303,0.16992439360256179,0.0793905123101631,0.008427167369557148,0.005972578581209934
26139,MISO,2025,106091.79930614916,0.05992470124246616,0.033748284207384,0.05525067390029886,0.028509768684650404,0.004674027342167299,0.005238515522733599
26141,MISO,2025,6042.743512874167,0.23419943253215653,0.10356803407122075,0.210314707720625,0.09543709791223035,0.023884724811531532,0.00813093615899041
26143,MISO,2025,11213.417281721668,0.22336897524549854,0.13578341869002722,0.19559816358414742,0.10834832606392522,0.02777081166135112,0.027435092626101998
26145,MISO,2025,75750.04424427333,0.2730036545747967,0.14423674541270642,0.23966678995605548,0.11486345036510591,0.03333686461874122,0.029373295047600514
26147,MISO,2025,64617.187098355,0.14710212793050612,0.10016715739368835,0.13732374931670302,0.09185349911570867,0.009778378613803096,0.008313658277979682
26151,MISO,2025,16994.814659,0.32782252463094275,0.15379651974261638,0.2960929354439982,0.12919095113725068,0.03172958918694457,0.024605568605365696
26153,MISO,2025,3737.211421258333,0.25156981245817267,0.11053018559559655,0.2288747773108769,0.10385581345238643,0.02269503514729576,0.006674372143210122
26155,MISO,2025,27333.5277230375,0.22638524507155547,0.08624895545973404,0.20277936894646803,0.08261362171814078,0.02360587612508744,0.0036353337415932635
26157,MISO,2025,21242.884235037498,0.2958361310374531,0.13678298660314686,0.26795128260686735,0.11823674244203843,0.02788484843058575,0.018546244161108436
26161,MISO,2025,146913.13311006164,0.11420903201004703,0.07039479415212593,0.1076691658763397,0.040884078987049426,0.006539866133707328,0.029510715165076508
26163,MISO,2025,684044.4232113675,0.2997731426059935,0.1457057848356888,0.2656306791567044,0.14061738428309364,0.03414246344928912,0.005088400552595157
26165,MISO,2025,12856.746404991667,0.2687739111747617,0.12065482845322083,0.22390402650541602,0.11129844941195764,0.04486988466934566,0.009356379041263185
27001,MISO,2025,6700.31171718,0.3843432958088326,0.18586943377600823,0.34682701403998545,0.15223276312174766,0.03751628176884714,0.03363667065426057
27003,MISO,2025,132001.03064151,0.06454608649324961,0.015439919937065163,0.057890613996743744,0.014424238448202818,0.006655472496505867,0.0010156814888623456
27005,MISO,2025,13754.44460455,0.27800146781100077,0.14185538974637268,0.23813102565380967,0.11108352181516436,0.0398704421571911,0.030771867931208327
27007,MISO,2025,17212.4980336675,0.299639183369369,0.15289755154988668,0.23218279950328252,0.13002314395432005,0.06745638386608649,0.022874407595566637
27009,MISO,2025,15407.020123136666,0.09409437124317568,0.044480031298311455,0.07778038679229007,0.04047074603107764,0.01631398445088561,0.004009285267233813
27011,MISO,2025,2171.8248583575,0.318354435134822,0.16623458273305408,0.27666642156645077,0.14075983666620245,0.04168801356837121,0.025474746066851628
27013,MISO,2025,25563.211416009166,0.11726655471487411,0.05393223273778206,0.11438919586887496,0.04876894471896895,0.002877358845999156,0.005163288018813113
27015,MISO,2025,10587.389143488334,0.3314214578627353,0.10981565186730509,0.25533530983377445,0.09748442218304464,0.07608614802896085,0.012331229684260453
27017,MISO,2025,13447.770504454998,0.20168535829314546,0.09838210926500476,0.15527813610428853,0.07242791949855185,0.04640722218885693,0.025954189766452918
27019,MISO,2025,37792.48906580084,0.0663176267142768,0.03638715603059013,0.06377390118054387,0.019933173109654513,0.0025437255337329295,0.01645398292093562
27021,MISO,2025,12219.805739558335,0.29601113535813356,0.1578320286158964,0.2792783184818191,0.1217791336108795,0.01673281687631445,0.036052895005016905
27023,MISO,2025,5048.486212538333,0.31502703868968734,0.17265689385235986,0.2868685264492051,0.10275740506429959,0.02815851224048227,0.06989948878806027
27025,MISO,2025,20511.817690471667,0.1072660581776264,0.05492047931982972,0.09037128665439637,0.03633466982708586,0.01689477152323003,0.01858580949274386
27027,MISO,2025,24334.185865260835,0.1169711104896046,0.04861016455631019,0.07600660537070769,0.043820407891877924,0.040964505118896904,0.004789756664432265
27029,MISO,2025,3110.9674509041665,0.3954101645218596,0.2006764945023415,0.3493909208776065,0.18272218684623504,0.04601924364425314,0.017954307656106477
27031,MISO,2025,2544.0144325141664,0.2625612632098464,0.10375708958700264,0.21123299079312158,0.08445390592812092,0.05132827241672483,0.019303183658881715
27033,MISO,2025,4476.550964800001,0.35653203249088283,0.15959147903693863,0.3485030596225697,0.15959147903693863,0.008028972868313111,0.0
27035,MISO,2025,27458.026502777502,0.19166432108589396,0.08644116009271736,0.14385013780874928,0.06674924144176703,0.04781418327714468,0.019691918650950338
27037,MISO,2025,166103.96113297917,0.056148564113255826,0.031232968682847955,0.04441254672629324,0.020150574653918455,0.011736017386962588,0.0110823940289295
27039,MISO,2025,7695.352213774166,0.10947464664152451,0.03765086476913394,0.07511323305973934,0.03450599323290779,0.03436141358178517,0.0031448715362261542
27041,MISO,2025,16698.018225331667,0.14537670978368153,0.06899898956874259,0.1080505264870035,0.05573274278140764,0.03732618329667803,0.01326624678733495
27043,MISO,2025,5913.530371708333,0.32637812364090457,0.13830752193598547,0.3099895626181479,0.13830752193598547,0.016388561022756654,0.0
27045,MISO,2025,8272.708848130833,0.20422763278248768,0.08899244158999686,0.14931923300682448,0.07908482773988709,0.0549083997756632,0.00990761385010977
27047,MISO,2025,12455.7295177175,0.20784358408835316,0.08373261991022958,0.2070557799501551,0.08373261991022958,0.0007878041381980672,0.0
27049,MISO,2025,18838.428201214167,0.1562642748344367,0.0712989780025861,0.11540817296578078,0.06247057412080077,0.04085610186865592,0.008828403881785324
27051,MISO,2025,2486.0468851125,0.29913970817389207,0.15938449423507253,0.261075892738964,0.15187395586450525,0.038063815434928094,0.007510538370567282
27053,MISO,2025,523940.52848666743,0.055428847303803624,0.03643876915972182,0.05002133805459547,0.026727408528526047,0.005407509249208152,0.009711360631195775
27055,MISO,2025,7743.28249308,0.19454209094651584,0.08198834476645092,0.14326138812659475,0.08014064706725775,0.05128070281992109,0.001847697699193171
27057,MISO,2025,8533.997263393332,0.26166712686870214,0.13304051128920205,0.23548563555629176,0.11546089298973318,0.026181491312410377,0.01757961829946887
27059,MISO,2025,15302.368952738334,0.16195057663810447,0.07266734219710554,0.13087451005486017,0.04945767265594315,0.0310760665832443,0.023209669541162388
27061,MISO,2025,17541.640615383334,0.3030509512897119,0.13877547824333322,0.22587429013240645,0.10029807100105267,0.07717666115730543,0.03847740724228055
27063,MISO,2025,4292.5669838625,0.27511878340933593,0.11020260637866836,0.2714582012889545,0.10804931551803676,0.0036605821203814504,0.002153290860631596
27065,MISO,2025,6387.487604328333,0.3278019387902473,0.11958138868440416,0.25086529741847763,0.10793417771062679,0.0769366413717697,0.01164721097377737
27067,MISO,2025,16434.54634230583,0.16111858079143188,0.05739186792713525,0.09896088574929977,0.03765639567317504,0.0621576950421321,0.01973547225396021
27069,MISO,2025,1688.2253223508333,0.44003107575794065,0.2133811045949186,0.3359306541801638,0.1622365132424636,0.10410042157777682,0.051144591352455
27071,MISO,2025,5448.476537095834,0.22143571046156807,0.13051085769393658,0.19972867115637402,0.11205003001849734,0.021707039305194048,0.018460827675439245
27073,MISO,2025,2796.559982125,0.21950395858553604,0.10533872110185243,0.18544521730024266,0.07399940116645902,0.034058741285293376,0.031339319935393406
27075,MISO,2025,4837.513022858333,0.26439534572648454,0.13640845572857999,0.2115657605302131,0.10899013281245973,0.052829585196271456,0.027418322916120258
27077,MISO,2025,1580.1614707958333,0.43099149573113094,0.25842005929580136,0.38148284158510914,0.2274709348093633,0.04950865414602179,0.03094912448643805
27079,MISO,2025,11093.983852969166,0.1228467890328908,0.06239794311383133,0.0969231379025506,0.055074939038826286,0.025923651130340203,0.007323004075005045
27081,MISO,2025,2395.3585170983333,0.3133689367866007,0.1757696846072511,0.2803353901364794,0.14978879630217967,0.033033546650121315,0.02598088830507142
27083,MISO,2025,9590.514432040833,0.15959224327536572,0.07096834742490785,0.13044362002657311,0.06698383295986524,0.02914862324879261,0.00398451446504261
27085,MISO,2025,14332.63241063,0.1900834098103463,0.08598717941845928,0.15547657644143706,0.06728538647302197,0.03460683336890924,0.018701792945437307
27087,MISO,2025,1823.3526281633335,0.4275789032359691,0.24396970889539762,0.37476226020021874,0.20718558481683497,0.052816643035750344,0.03678412407856266
27089,MISO,2025,3687.64934932,0.3182130744642839,0.15296231065887025,0.27852462245004306,0.1380374553179427,0.039688452014240816,0.01492485534092755
27091,MISO,2025,8508.624117628335,0.323627261727603,0.11808484489764458,0.30855321132863545,0.11808330444882245,0.015074050398967531,1.540448822126561e-06
27093,MISO,2025,8782.021616250833,0.2960337205551137,0.1466796417011394,0.22361362404455856,0.089120462486115,0.07242009651055512,0.05755917921502439
27095,MISO,2025,10276.049393975833,0.24052217825710454,0.08973932526757523,0.19771837287791635,0.07016160201646479,0.04280380537918818,0.019577723251110443
27097,MISO,2025,13440.4913057475,0.2059408193571531,0.10106903195829896,0.18027011461358539,0.08621715375367021,0.025670704743567724,0.014851878204628743
27099,MISO,2025,15098.043345869166,0.10765077800691886,0.05347465569940193,0.10673778555175603,0.05347465569940193,0.0009129924551628255,0.0
27101,MISO,2025,3480.3904792825,0.40449099641765557,0.19612563516840026,0.401328013480675,0.19435655235044705,0.003162982936980585,0.0017690828179532103
27103,MISO,2025,12393.164974718333,0.18015598293027998,0.06432046103452684,0.1418277356971746,0.05735177972837839,0.03832824723310538,0.006968681306148444
27105,MISO,2025,7388.2127862433335,0.2213838106202314,0.1261012438316701,0.21097158313743555,0.1261012438316701,0.010412227482795855,0.0
27107,MISO,2025,2608.6238727708333,0.29573981731718735,0.15488426945455916,0.2464153746414672,0.13757653733778735,0.04932444267572014,0.017307732116771807
27109,MISO,2025,63411.11019054,0.0667408750118451,0.04387798570617707,0.05883190447553542,0.030368227793867213,0.007908970536309679,0.013509757912309857
27111,MISO,2025,24172.569129024167,0.2027273872867326,0.09481031313357764,0.15446722640806174,0.07120708701917719,0.048260160878670855,0.023603226114400452
27113,MISO,2025,5957.503424588333,0.32834853775796813,0.16047444855186613,0.2365129668352978,0.10630814879773741,0.09183557092267033,0.05416629975412872
27115,MISO,2025,11170.791052523333,0.2763954361738535,0.13035891250164067,0.22772691055612712,0.1024234275803489,0.04866852561772636,0.02793548492129176
27117,MISO,2025,3829.0824632333333,0.32554367356126584,0.1401608055486954,0.3105273377256968,0.1392047018253745,0.01501633583556905,0.0009561037233208891
27119,MISO,2025,11975.132543574167,0.3307152142590233,0.15141957746260298,0.2691568388578761,0.13061167494795609,0.06155837540114717,0.020807902514646898
27121,MISO,2025,4804.753283909166,0.25062690955526534,0.12054554625635239,0.2061260298942035,0.07869111603129321,0.04450087966106184,0.04185443022505918
27123,MISO,2025,212464.01918350667,0.07573270232501914,0.024858933800652395,0.0625197150838854,0.02059602718797526,0.013212987241133733,0.004262906612677135
27125,MISO,2025,1610.1242651966666,0.23563609997072174,0.14797437777940597,0.2059708309689537,0.13491264847404008,0.029665269001768052,0.013061729305365893
27127,MISO,2025,5931.407547675,0.41671347804699277,0.22055923591573134,0.3149292381390783,0.15818047029934787,0.10178423990791446,0.062378765616383475
27129,MISO,2025,5801.273184971667,0.5190741222159619,0.26703197258385947,0.4162063575589845,0.18885488569299597,0.10286776465697745,0.0781770868908635
27131,MISO,2025,22053.813363566667,0.10090087156972839,0.04915878009137647,0.08342832218079822,0.0396645177440202,0.01747254938893017,0.009494262347356265
27133,MISO,2025,3816.2726701999995,0.3489245873675693,0.16181644731707207,0.32924703690896145,0.16181644731707207,0.019677550458607862,0.0
27135,MISO,2025,5662.3671101049995,0.3991038179642909,0.17372912649248765,0.3064802388862573,0.14164305724638793,0.09262357907803359,0.03208606924609972
27137,MISO,2025,83681.71071696334,0.18173134428752258,0.09377962255260774,0.1489029104288588,0.08771545070810063,0.03282843385866377,0.00606417184450711
27139,MISO,2025,51303.06033918666,0.046124446111275565,0.014842165966787722,0.03452133898353215,0.014731879833674823,0.011603107127743414,0.00011028613311289855
27141,MISO,2025,33288.806698390836,0.0711814125784772,0.03657424094023935,0.05910735000147802,0.022037489090954068,0.012074062576999174,0.014536751849285285
27143,MISO,2025,5712.556270596668,0.2795118214537764,0.1087696253607495,0.23410351460724452,0.09588032091357548,0.04540830684653188,0.01288930444717401
27145,MISO,2025,58867.05061957417,0.13565694927051083,0.0583437277243676,0.10689547165807516,0.043408395462350265,0.02876147761243568,0.014935332262017334
27147,MISO,2025,14541.437418163332,0.09423427490783855,0.053866991511668766,0.07091132568368705,0.03793887468242334,0.0233229492241515,0.01592811682924543
27149,MISO,2025,3691.2856137991666,0.19653624122323768,0.09886933046439222,0.15614993980536962,0.059317298877922295,0.04038630141786806,0.03955203158646993
27151,MISO,2025,4024.677264665,0.30877453310763114,0.14388765284550975,0.23817188625407815,0.11630602052360153,0.070602646853553,0.027581632321908217
27153,MISO,2025,9560.50066513,0.2968635128840547,0.15346054209721838,0.2462186575488644,0.10695015413481625,0.05064485533519031,0.04651038796240213
27155,MISO,2025,1392.2160205333334,0.5208103174017978,0.2721251614391708,0.4482599529849503,0.21915722721304612,0.07255036441684753,0.0529679342261247
27157,MISO,2025,8954.798220530833,0.20267993410323998,0.09269598196828983,0.1539283065490771,0.06293832687424385,0.048751627554162874,0.029757655094045987
27159,MISO,2025,5647.303586095833,0.33416323269296067,0.1648344462233361,0.2655955588770515,0.12707853819642728,0.06856767381590917,0.03775590802690881
27161,MISO,2025,7279.8464098475,0.13367268599300275,0.0575119203411789,0.10477310778950595,0.05200103239260466,0.028899578203496798,0.005510887948574239
27163,MISO,2025,98412.09299001333,0.043003999576364395,0.027424858485029378,0.03622150704417731,0.025123246744187193,0.006782492532187087,0.0023016117408421848
27165,MISO,2025,4066.643615225,0.3250241130457497,0.1356627827135792,0.32411182303027425,0.13471433963251847,0.0009122900154754365,0.0009484430810607347
27167,MISO,2025,2584.059975643333,0.19695836500529504,0.0905895896318044,0.1556643361889034,0.07393987470205629,0.04129402881639163,0.016649714929748108
27169,MISO,2025,19611.862048659998,0.14758340656704386,0.07568370115951925,0.13136568961054856,0.052618676642588826,0.016217716956495293,0.023065024516930425
27171,MISO,2025,49541.01582731833,0.07847088415172288,0.028233403713861894,0.06605489926365196,0.017896460372779272,0.012415984888070913,0.010336943341082622
27173,MISO,2025,3926.09278723,0.2404721452347389,0.11385627579509702,0.18907322457740472,0.09978354804278591,0.051398920657334174,0.01407272775231111
29001,MISO,2025,8574.200334841666,0.3331149616029365,0.20642355033481774,0.32791740633620897,0.20598909239555124,0.005197555266727549,0.0004344579392664971
29007,MISO,2025,8813.9755704375,0.25744375268189773,0.1102552871479194,0.24403198093784856,0.10890695502412046,0.013411771744049172,0.001348332123798951
29019,MISO,2025,73035.78236890833,0.16356405444265468,0.07437958435990664,0.15862374518206313,0.07437958435990664,0.004940309260591552,0.0
29025,MISO,2025,3410.5416178758333,0.224265045948345,0.1404860810947234,0.21951080619210986,0.1404860810947234,0.004754239756235151,0.0
29027,MISO,2025,15641.421081412498,0.20482725554034814,0.07412738212154368,0.201196173235163,0.0735381178243915,0.003631082305185135,0.0005892642971521839
29029,MISO,2025,16123.793881664165,0.20032088329284076,0.11274320847251555,0.18510130132786676,0.10714888859478236,0.015219581964974,0.005594319877733192
29031,MISO,2025,30889.718558529166,0.21024073109390054,0.10250825218349846,0.19030405562911368,0.10224519760161213,0.019936675464786863,0.00026305458188632946
29045,MISO,2025,2277.90236405,0.3620932003121602,0.1507873743460092,0.36097028857530594,0.14415888314215974,0.0011229117368542485,0.0066284912038494515
29047,MISO,2025,98151.435979195,0.09294479858051916,0.049345198569840196,0.08189252901883619,0.04751643371062766,0.011052269561682967,0.001828764859212538
29049,MISO,2025,7887.991133896667,0.2159362172884317,0.13360937552626728,0.20833329464454678,0.13256544667202694,0.0076029226438849296,0.0010439288542403447
29051,MISO,2025,29270.92482980833,0.1106649342783866,0.04401950691343327,0.10147830437643937,0.04401950691343327,0.009186629901947227,0.0
29053,MISO,2025,6050.216442225834,0.24793290256499365,0.12150366220251888,0.23134645935425321,0.11865073087962173,0.01658644321074043,0.0028529313228971426
29063,MISO,2025,3586.2714617166666,0.22792970045145083,0.11217687107241354,0.22598881166227144,0.10670639734658774,0.0019408887891793902,0.005470473725825806
29069,MISO,2025,11030.351996854166,0.3680080959107372,0.20363874488160308,0.36483384862228696,0.20118766578153957,0.003174247288450227,0.002451079100063508
29071,MISO,2025,40581.811151104164,0.1465188182768317,0.09003682641762982,0.12548890677976654,0.08859873261785588,0.02102991149706515,0.001438093799773943
29073,MISO,2025,5857.296855488334,0.2611150148071712,0.1145574253122304,0.2543029651932018,0.11083470858163333,0.0068120496139694175,0.00372271673059707
29089,MISO,2025,3299.4917307083333,0.28322124527931003,0.11990307327781521,0.27609000996099975,0.11636237314398218,0.007131235318310281,0.0035407001338330357
29093,MISO,2025,3784.1450945541665,0.28889350705943223,0.13629550650482258,0.2868910655550781,0.1222327425340603,0.0020024415043541355,0.014062763970762282
29099,MISO,2025,84897.97339057083,0.09602528543845397,0.06324553127420535,0.0945321076590684,0.06324553127420535,0.0014931777793855683,0.0
29103,MISO,2025,1144.3478573375,0.3835780678871632,0.21575412981236786,0.36054585605635103,0.21273754426072305,0.023032211830812166,0.0030165855516448015
29111,MISO,2025,3284.2652867749994,0.35195098638079536,0.19354456717624496,0.34686522729800773,0.189152855634322,0.005085759082787633,0.004391711541922971
29113,MISO,2025,21753.277692804164,0.16396426413676468,0.11357659869699906,0.1632808363926819,0.10735798964826943,0.0006834277440827818,0.006218609048729631
29115,MISO,2025,4719.337213395834,0.3011595588374959,0.15127771391962463,0.29978575035934846,0.1450701991175082,0.0013738084781474424,0.006207514802116426
29121,MISO,2025,5788.0863867875,0.3328871927347938,0.18645215240181384,0.3310695340200732,0.1678361729644134,0.0018176587147205603,0.018615979437400454
29125,MISO,2025,3498.7990993625,0.2858529834502543,0.14181500716762324,0.2857833598649663,0.13922493739745043,6.962358528800339e-05,0.002590069770172815
29131,MISO,2025,9893.68748085,0.25767012446499005,0.11201190524295025,0.2574515601501999,0.11087840451196668,0.00021856431479017058,0.0011335007309835748
29133,MISO,2025,4555.9590927624995,0.40089490512853304,0.2052447242690258,0.38532608055139567,0.20520999612577898,0.015568824577137375,3.4728143246814946e-05
29135,MISO,2025,5551.536450815833,0.17285758643518898,0.07586270586943104,0.16828737959249201,0.07342427965716856,0.004570206842696961,0.002438426212262479
29137,MISO,2025,3369.9941472749997,0.3758148053421978,0.21944190044750647,0.3700316718465233,0.21518102832701802,0.005783133495674497,0.004260872120488451
29139,MISO,2025,4587.795988941667,0.27808599856648686,0.14987287698781235,0.27589607883177836,0.14987287698781235,0.002189919734708501,0.0
29141,MISO,2025,7614.3714074125,0.34150486306583744,0.17717818101274913,0.33420697091973445,0.17429411320366878,0.007297892146102991,0.0028840678090803484
29143,MISO,2025,6674.75858605,0.34880907650778364,0.1625777516528902,0.3474691996672152,0.15718910931117744,0.0013398768405684658,0.005388642341712768
29151,MISO,2025,5131.1008674458335,0.16442176240598713,0.07398826788992978,0.16170956911624695,0.07398826788992978,0.002712193289740178,0.0
29155,MISO,2025,6146.664088025,0.4429888784546496,0.24891332987594098,0.43932239550719093,0.24273881257032257,0.0036664829474586935,0.00617451730561841
29163,MISO,2025,6190.2140471375005,0.27297505258894195,0.11436452698511587,0.27205655258998596,0.11436452698511587,0.0009184999989559905,0.0
29173,MISO,2025,3941.1977981958335,0.3190758571006424,0.18632081715390025,0.3190758571006424,0.17375913213748292,0.0,0.012561685016417329
29175,MISO,2025,8966.491290403334,0.2853647605281102,0.10252569564340865,0.27909425557269446,0.08769120850137258,0.006270504955415757,0.01483448714203607
29183,MISO,2025,154825.17121664083,0.05295116523601502,0.03704608868648349,0.05242697163623464,0.036699884037854374,0.0005241935997803843,0.00034620464862911843
29187,MISO,2025,23462.234006766666,0.21731291319116708,0.09279233986561573,0.20939791511043127,0.09260383290539942,0.007914998080735813,0.0001885069602163142
29189,MISO,2025,410914.95790792,0.11309179054875385,0.08497314050841309,0.10397216325796196,0.08467999489839859,0.009119627290791882,0.0002931456100145058
29197,MISO,2025,1242.8722417333333,0.4152472169600511,0.21780914312637972,0.4110486301505796,0.20691713635332593,0.0041985868094715495,0.010892006773053797
29199,MISO,2025,1512.9525292791666,0.33289124526208747,0.14729519255604712,0.3207764715093604,0.13723988268637904,0.01211477375272707,0.010055309869668072
29201,MISO,2025,14831.526499016667,0.2716024031115684,0.1415575303704712,0.2674050095138857,0.13744039207276806,0.00419739359768273,0.004117138297703132
29205,MISO,2025,2328.0044294249997,0.387695286681832,0.2120106749848007,0.37066059062645196,0.20222549524584874,0.01703469605538005,0.00978517973895196
29219,MISO,2025,12819.59942883,0.13444250759523388,0.09086027867861181,0.13398863399146263,0.09086027867861181,0.00045387360377124875,0.0
29221,MISO,2025,8759.827449083334,0.2800373306518956,0.11976091539734389,0.2650460078265726,0.11976091539734389,0.014991322825323006,0.0
28001,MISO,2025,11424.408591629166,0.4206825433171479,0.21731730014657336,0.38854593679017974,0.20083470834049597,0.03213660652696815,0.01648259180607739
28005,MISO,2025,5725.606012525001,0.44933375057468633,0.19627598935160337,0.4073215490687735,0.18847846389857661,0.04201220150591284,0.007797525453026755
28007,MISO,2025,6227.723299333333,0.47255797530616667,0.2682129211173863,0.44326479659704476,0.23309421846443137,0.029293178709121903,0.03511870265295494
28011,MISO,2025,11504.9766223125,0.42020282617915605,0.26156249889190447,0.4038586742809833,0.23605986384365304,0.016344151898172732,0.025502635048251426
28015,MISO,2025,3928.287986595833,0.3698495793585379,0.18156642368772688,0.36219289465620325,0.1706409422532919,0.00765668470233466,0.010925481434434975
28021,MISO,2025,2477.1981455,0.44870710742060826,0.20029254019357165,0.4025396061250738,0.18811856866760276,0.046167501295534485,0.012173971525968885
28027,MISO,2025,8108.285159758334,0.5793983632943074,0.3846757636704113,0.5472349971278944,0.3534885658185534,0.03216336616641302,0.031187197851857862
28029,MISO,2025,9577.368846284166,0.30595100945637377,0.18094806003920094,0.2947101126072944,0.1645103559395606,0.011240896849079363,0.01643770409964035
28031,MISO,2025,6749.850779720833,0.4320602601047106,0.2580108824977898,0.40381486581486553,0.23853593193247227,0.02824539428984507,0.019474950565317534
28033,MISO,2025,67433.12293039085,0.157159754743485,0.08073936141659736,0.1219233042220262,0.07757983192022858,0.03523645052145881,0.0031595294963687875
28035,MISO,2025,28716.137006124998,0.2815157990607296,0.1405382804742633,0.2563784146663082,0.12411769650973992,0.025137384394421425,0.016420583964523394
28037,MISO,2025,2909.037181220833,0.4038693421217955,0.17597830930129021,0.3781507123764826,0.15703787513409606,0.02571862974531286,0.018940434167194153
28039,MISO,2025,8748.133655420834,0.24240182049937167,0.12524698659108352,0.22236836717961872,0.11529458981659559,0.020033453319752953,0.009952396774487934
28041,MISO,2025,3821.0158613083336,0.31843588143774754,0.16124709368994916,0.31337145975145786,0.1521718469884625,0.005064421686289677,0.009075246701486656
28043,MISO,2025,8231.2616513875,0.35133844717474366,0.18879077519621623,0.32964329002004045,0.17176892100678198,0.021695157154703215,0.01702185418943425
28045,MISO,2025,19017.921029404166,0.1805129969757472,0.08240008383529027,0.17744098105185432,0.07860963561076853,0.0030720159238928624,0.0037904482245217364
28047,MISO,2025,78773.43333903834,0.2094689112700959,0.12233676196175786,0.1758934457301048,0.11686863470488908,0.033575465539991106,0.005468127256868779
28049,MISO,2025,88550.03062125834,0.3121822480535863,0.1570023814324809,0.2929686253083422,0.1395216716550444,0.019213622745244074,0.017480709777436515
28051,MISO,2025,5613.9320853875,0.5692279104272879,0.393170579925647,0.5449149772128351,0.3481043725943013,0.024312933214452825,0.0450662073313457
28053,MISO,2025,2916.4821785875,0.6057363911391254,0.33017134056048547,0.5737707612082116,0.26076391818464517,0.031965629930913786,0.0694074223758403
28055,MISO,2025,356.9229337875,0.6259879141249647,0.4908204099650244,0.6078818356812983,0.4650111785022334,0.018106078443666407,0.025809231462791016
28059,MISO,2025,53980.201243744166,0.2027951406779503,0.11216968101187312,0.18937299237961533,0.10850618170059396,0.013422148298334963,0.003663499311279156
28061,MISO,2025,6276.837016183334,0.31971222504744934,0.13219867970692636,0.29717051586305177,0.12583642651562357,0.022541709184397574,0.006362253191302791
28063,MISO,2025,2495.7167553166664,0.4982201050080288,0.1755065526984944,0.46713038755456665,0.1675379638237886,0.031089717453462173,0.007968588874705806
28065,MISO,2025,4319.2742489,0.4143851517024703,0.17385823006598328,0.3929688970748807,0.15583385243398637,0.021416254627589615,0.018024377631996907
28067,MISO,2025,23606.575387004166,0.30952954318051684,0.12936568286861216,0.280671579351823,0.11331275482632096,0.028857963828693822,0.016052928042291206
28073,MISO,2025,24234.546719824997,0.1706477117479738,0.09900831258050695,0.13629075255348336,0.08493294713758923,0.034356959194490444,0.014075365442917723
28077,MISO,2025,4411.067687491666,0.32907715603534576,0.15284925400530341,0.2927458942894022,0.14268201210326337,0.03633126174594359,0.010167241902040047
28083,MISO,2025,9534.412847866668,0.4417393584476514,0.2775768195836514,0.42320040717062374,0.27219746634527725,0.01853895127702765,0.005379353238374129
28085,MISO,2025,12862.8369668875,0.33472447140389,0.17558193379706646,0.2956693180340918,0.1556471517464511,0.0390551533697982,0.019934782050615357
28089,MISO,2025,41317.70914117083,0.12680937654426536,0.06699750391142388,0.12390661024256774,0.06197195593778044,0.0029027663016976124,0.005025547973643442
28091,MISO,2025,8926.573698170832,0.38346441340288123,0.17211541539054653,0.33087049716382794,0.14604860366017564,0.052593916239053295,0.026066811730370898
28097,MISO,2025,3754.3679577625,0.39150545717203133,0.20812843909280915,0.35432402883652536,0.1925718923654408,0.03718142833550597,0.015556546727368337
28109,MISO,2025,20822.5998506375,0.25838631364946707,0.09841300002217358,0.2245846110545522,0.09264142404445112,0.033801702594914856,0.0057715759777224596
28111,MISO,2025,4442.217694966667,0.2707406491713724,0.129380867489051,0.2113399117707756,0.10046866927091219,0.059400737400596815,0.028912198218138813
28113,MISO,2025,14339.243297016666,0.3745622582219833,0.2155732864277522,0.34700846091324605,0.20456134635589693,0.02755379730873725,0.01101194007185527
28119,MISO,2025,2588.4490100625003,0.5118101641819395,0.31352199957040616,0.49394686127052384,0.25956647090456325,0.017863302911415635,0.05395552866584291
28121,MISO,2025,58116.83946527417,0.11383674806316524,0.06816277414046537,0.10117203189262297,0.0629181320620343,0.012664716170542267,0.005244642078431075
28125,MISO,2025,1309.4856947541666,0.4619368960926752,0.23067806926803305,0.4168745782817799,0.19514739900904915,0.045062317810895314,0.035530670258983904
28127,MISO,2025,9292.243053975002,0.2511098539162014,0.12078730892858751,0.22148593684219153,0.10730604069256004,0.029623917074009853,0.013481268236027466
28129,MISO,2025,5394.015598929167,0.37259030882743127,0.17240259485229908,0.3291157518231738,0.16355602323359514,0.04347455700425745,0.008846571618703947
28131,MISO,2025,6352.8924760875,0.25087098719123385,0.10456130334074686,0.22519204667163892,0.09951780797889354,0.025678940519594934,0.00504349536185332
28133,MISO,2025,8045.0999023625,0.4208156275978404,0.21952379426509155,0.3953673098416231,0.1984372789430734,0.02544831775621731,0.021086515322018162
28137,MISO,2025,10242.62539555,0.28552123637621296,0.13319920770462196,0.25342904062576505,0.09732181765133663,0.032092195750447916,0.03587739005328533
28143,MISO,2025,3415.004187841667,0.3625150477606769,0.22589334067553604,0.3438561942158718,0.20915950033620187,0.018658853544805065,0.01673384033933417
28147,MISO,2025,5215.031036279167,0.38472457611645633,0.19085718118390743,0.3491614000255956,0.17612885259969857,0.03556317609086074,0.01472832858420886
28149,MISO,2025,16463.006136895834,0.2550676634641106,0.1357626719890233,0.22368814155677436,0.12763098153639238,0.03137952190733623,0.00813169045263093
28151,MISO,2025,16929.75491345,0.5023833570158741,0.28688813578697203,0.45352728767158496,0.22578748623504827,0.048856069344289155,0.061100649551923764
28153,MISO,2025,7194.901463620834,0.41122944114051,0.17610082344394395,0.39915835041258707,0.17001958929959,0.01207109072792295,0.006081234144353964
28157,MISO,2025,3179.0358022291666,0.44001760115649763,0.11348320718985308,0.37055266566956446,0.09641954376860581,0.06946493548693317,0.017063663421247266
28163,MISO,2025,8279.773387408335,0.4396986160030705,0.2936567084077397,0.42812475204977274,0.24011396905883534,0.011573863953297736,0.05354273934890438
30017,MISO,2025,4704.706689578334,0.19401264220649536,0.12875964468434486,0.1599831473728832,0.11535702964219056,0.03402949483361217,0.0134026150421543
30019,MISO,2025,698.5705627291667,0.6591431430125281,0.4597429569347319,0.5572186080638596,0.37151048857458197,0.10192453494866849,0.08823246836014992
30021,MISO,2025,3700.7947277041667,0.12906651595741125,0.05838080811537812,0.08850229582237684,0.05139422061505671,0.04056422013503441,0.006986587500321412
30025,MISO,2025,1137.0867504,0.3186870184853459,0.2324842102624738,0.29800566229222564,0.21030055820503268,0.02068135619312028,0.022183652057441106
30055,MISO,2025,772.2936121758332,0.3421982702532011,0.18733798714397035,0.29017992039467594,0.15282763416986694,0.05201834985852516,0.0345103529741034
30079,MISO,2025,466.304513625,0.4377085842860632,0.2896402874273165,0.37772258388963253,0.2582660783303428,0.05998600039643065,0.03137420909697369
30083,MISO,2025,4322.445025803333,0.19191578044091553,0.12049566235486558,0.164330335863089,0.11318078465572731,0.027585444577826523,0.0073148776991382725
30085,MISO,2025,2994.8178774325,0.3571082975203183,0.2387072039114158,0.32101273373898787,0.20439015701591565,0.03609556378133044,0.034317046895500164
30091,MISO,2025,1385.2617410025,0.5547149434389429,0.3785117011326505,0.47220980838666365,0.3013878287750097,0.08250513505227924,0.07712387235764079
30105,MISO,2025,2728.8439925658336,0.244261724363277,0.15110874913823127,0.221518136743423,0.139141092726834,0.02274358761985401,0.01196765641139727
30109,MISO,2025,457.38512948,0.3894886579118436,0.1972535394972398,0.2878345938713413,0.17608237861251888,0.10165406404050231,0.02117116088472093
37013,PJM,2025,18462.1981329,0.3299211517663992,0.17204586865447644,0.2586142681835697,0.14701551888278078,0.0713068835828295,0.02503034977169566
37015,PJM,2025,6850.2691866458335,0.5490513472483373,0.33734150749760516,0.45546056417008585,0.28292848470513743,0.09359078307825142,0.054413022792467736
37029,PJM,2025,3842.0881747000003,0.2299571994611118,0.06660136533739158,0.14724031493629255,0.05479468500609612,0.08271688452481923,0.011806680331295463
37041,PJM,2025,5999.616533479167,0.41902783538061095,0.2407973771276277,0.3441354927247373,0.20234846199623074,0.07489234265587363,0.03844891513139695
37049,PJM,2025,40161.6283435,0.22041320584509333,0.10711912112747891,0.1556055541924743,0.09541479263054323,0.06480765165261904,0.011704328496935687
37053,PJM,2025,10942.13104403,0.1576193190637809,0.08913768021408272,0.10830363838738458,0.07547305434610997,0.04931568067639633,0.013664625867972749
37055,PJM,2025,15926.180258133336,0.14134101671274416,0.0524603851254073,0.0738112738770492,0.043647511292399625,0.06752974283569496,0.008812873833007676
37065,PJM,2025,18898.8754745875,0.3663592683504779,0.20679825326848644,0.3331681794658878,0.18862397223281385,0.0331910888845901,0.01817428103567259
37073,PJM,2025,4068.242430258333,0.3498322267349802,0.1624217973400226,0.3030802268003903,0.14441506035798352,0.046751999934589894,0.018006736982039084
37083,PJM,2025,19574.96548400833,0.4649560091714043,0.3102733340576916,0.40555385620060563,0.24944391299232982,0.05940215297079865,0.060829421065361766
37091,PJM,2025,8251.081728816665,0.44563971300219335,0.2818620765442801,0.4173135702164256,0.21030505841208386,0.028326142785767727,0.07155701813219623
37095,PJM,2025,1772.983998275,0.4563084071399584,0.22975506171638363,0.3841561770627952,0.19477056125820227,0.0721522300771632,0.034984500458181356
37117,PJM,2025,9060.079656570833,0.4171200742811174,0.23035699709592095,0.36721934466515016,0.1989442815297918,0.049900729615967254,0.03141271556612915
37119,CITY,2025,444854.9140359084,0.09928815791430835,0.05327263435730434,0.09928815791430835,0.05327263435730434,0.0,0.0
37131,PJM,2025,7393.774138116667,0.4523038046825125,0.2923499619686687,0.41774250084636044,0.24506181473352387,0.03456130383615208,0.04728814723514482
37137,PJM,2025,5060.681303905,0.32654125989005134,0.16018500177047526,0.27197253732113374,0.14576099436979695,0.054568722568917594,0.014424007400678313
37139,PJM,2025,15052.069630233333,0.23976603738738186,0.10581254857145585,0.22213025371303508,0.0921938493336938,0.01763578367434679,0.013618699237762044
37143,PJM,2025,5379.903104675001,0.3136871921006679,0.14332009776904317,0.2269310303666555,0.11825891115594125,0.08675616173401243,0.025061186613101916
37177,PJM,2025,1342.882513375,0.3428085384225866,0.2021453421561251,0.3261459351900097,0.12452545259691158,0.0166626032325769,0.0776198895592135
37187,PJM,2025,4621.444139825,0.47392139663052807,0.23868921179728253,0.42916437488306497,0.1776226958692795,0.0447570217474631,0.06106651592800302
38001,MISO,2025,982.8829442158333,0.2878827046743747,0.18541369864112212,0.25640164709311164,0.14538964107675073,0.03148105758126307,0.040024057564371385
38003,MISO,2025,4666.479500219167,0.20655560944884963,0.09341390526402757,0.13341176899432658,0.07169005080117062,0.07314384045452305,0.021723854462856948
38005,MISO,2025,1773.25306474,0.4524209616597859,0.23016569326396535,0.3917533050023832,0.21612852418568548,0.0606676566574027,0.01403716907827987
38007,MISO,2025,313.5195177933333,0.22346679862160868,0.1112742478539938,0.16367073819252712,0.08773013833479282,0.05979606042908156,0.02354410951920098
38009,MISO,2025,2533.1964515125,0.23645363073198047,0.08901633155034731,0.19045979909931435,0.06012341636225252,0.04599383163266613,0.028892915188094795
38011,MISO,2025,1173.7892680925002,0.1289637127505845,0.04299191756143794,0.08431366506910987,0.04170862204924784,0.044650047681474625,0.0012832955121900996
38013,MISO,2025,940.3621605583332,0.1791197464061699,0.08756210338094049,0.14177170424514335,0.07902321556006893,0.03734804216102655,0.00853888782087156
38015,MISO,2025,38501.18236611833,0.05597955382209286,0.028667078849712303,0.047201768656182225,0.02373732690005888,0.008777785165910636,0.0049297519496534215
38017,MISO,2025,77201.52990198751,0.061330389370147766,0.015765186229191555,0.05467458790730951,0.01213295804853239,0.006655801462838257,0.003632228180659166
38019,MISO,2025,1497.7792380041667,0.31387012257322544,0.16302816611592932,0.24474756967197783,0.12330968308638879,0.06912255290124761,0.039718483029540536
38021,MISO,2025,1866.1009070458333,0.37731492722865917,0.16185321651039478,0.2813053401580819,0.13127478183122884,0.09600958707057727,0.030578434679165933
38023,MISO,2025,873.9692380583333,0.33336477563247335,0.1619722582145219,0.3042416251227589,0.09969748194865448,0.02912315050971448,0.06227477626586743
38025,MISO,2025,1457.8300404249999,0.1608339483650044,0.07894041072953219,0.140448551835514,0.06969727590378917,0.020385396529490396,0.009243134825743016
38027,MISO,2025,1042.7985593683331,0.2795954543303913,0.12565181141763698,0.21107225534686264,0.1100217871939688,0.06852319898352865,0.015630024223668187
38029,MISO,2025,1435.9576901758332,0.30180987207122956,0.16874178246760382,0.2598552185215444,0.1469922979386813,0.04195465354968514,0.02174948452892253
38031,MISO,2025,1456.7548195516667,0.22273127406735327,0.1256141285821524,0.194585521419273,0.10568213530369339,0.02814575264808028,0.019931993278459015
38033,MISO,2025,645.5233436833333,0.344854154724476,0.17246334508952071,0.28103692376278855,0.11579207467824872,0.06381723096168745,0.056671270411272
38035,MISO,2025,29156.009784589998,0.15205964453007006,0.06069470336547808,0.09562534351294945,0.046740996510215606,0.05643430101712062,0.013953706855262475
38037,MISO,2025,1027.83723035,0.45792774086229454,0.3195561585269897,0.41061371321049067,0.23462432341342754,0.04731402765180387,0.08493183511356217
38039,MISO,2025,893.3418977833333,0.26920739025384316,0.12812136941709446,0.1941773894299893,0.11131668046513732,0.07503000082385386,0.016804688951957136
38041,MISO,2025,1042.6464601233333,0.2844202744722836,0.16123918633945572,0.25289350803177313,0.12717637723143627,0.031526766440510445,0.034062809108019454
38043,MISO,2025,1046.9481251166667,0.3396003247331029,0.16245947261495222,0.27730486575379687,0.13510219716241567,0.06229545897930605,0.02735727545253655
38045,MISO,2025,1677.4349564575,0.32220155592931743,0.1391808388732092,0.27894738719298606,0.13465383475554318,0.043254168736331366,0.004527004117666017
38047,MISO,2025,742.3977873325,0.5455778250536398,0.3106337131296535,0.4548154308126647,0.24309210689700664,0.09076239424097515,0.06754160623264685
38049,MISO,2025,2259.9656230858336,0.29263912156008715,0.1488317374937456,0.2457961274564348,0.12425924049892847,0.046842994103652336,0.024572496994817117
38051,MISO,2025,1145.2925591083333,0.48385970571042697,0.2647924531537223,0.42006125081806284,0.23692216823439616,0.06379845489236413,0.027870284919326138
38053,MISO,2025,5245.764880741666,0.11924031675368632,0.07576615717391312,0.10403556727578184,0.06737692742499778,0.015204749477904483,0.008389229748915344
38055,MISO,2025,4108.86439691,0.171512945228648,0.08445899404613555,0.1399277735749104,0.07870383167220808,0.03158517165373759,0.0057551623739274665
38057,MISO,2025,3464.6751419800003,0.2421443933176529,0.09791231773545157,0.21365426156119535,0.09105019332001613,0.028490131756457537,0.006862124415435447
38059,MISO,2025,12825.401206399165,0.10644065528470188,0.037943631061656435,0.08464011660976661,0.031357779641830605,0.02180053867493527,0.0065858514198258306
38061,MISO,2025,3449.8607125424996,0.1672811119987763,0.09495980179063464,0.14490507348577725,0.07334598906270562,0.022376038512999047,0.02161381272792902
38063,MISO,2025,1272.6705460733333,0.3422094990945687,0.22097440185864237,0.3060550933586934,0.1601472240155512,0.036154405735875306,0.06082717784309116
38065,MISO,2025,654.5842533666666,0.23552644800430347,0.07869214254452826,0.22847634157985985,0.06615513966910198,0.00705010642444362,0.012537002875426279
38067,MISO,2025,2855.443416135833,0.26147235125728374,0.13312909980758778,0.1942046173216087,0.09251270346392805,0.06726773393567503,0.040616396343659725
38069,MISO,2025,1646.0866367066667,0.3528614073560694,0.16900745951922144,0.2413937090516632,0.13049214104535478,0.1114676983044062,0.03851531847386666
38071,MISO,2025,4846.76786619,0.14544060356710709,0.06419512149744926,0.10581203086476895,0.0583211611495099,0.03962857270233813,0.005873960347939355
38073,MISO,2025,2281.5420184591667,0.22663231666524492,0.10384810688256037,0.16318074314958309,0.07243583417832979,0.06345157351566183,0.03141227270423058
38075,MISO,2025,834.8072658266667,0.18113794310984982,0.08793528101440297,0.14804307874099665,0.07815048718508169,0.03309486436885317,0.009784793829321278
38077,MISO,2025,6604.444519288334,0.20143035457381425,0.08856697586148599,0.1493999735274213,0.07301380794504145,0.05203038104639296,0.015553167916444538
38079,MISO,2025,3542.101325660833,0.3960552153790915,0.18548853795209347,0.3228876680193383,0.1788558311682796,0.07316754735975317,0.006632706783813863
38081,MISO,2025,1681.8736181966665,0.2060704352610317,0.08567299509370803,0.16034313312236395,0.07537359155990393,0.04572730213866774,0.010299403533804097
38083,MISO,2025,632.8953209625,0.2783822721695225,0.09657435945391492,0.19913126889083252,0.06644889214492786,0.07925100327868997,0.03012546730898706
38085,MISO,2025,984.6968641999999,0.5643918738626365,0.3815181201621691,0.49357778944219777,0.34391461387049815,0.07081408442043868,0.037603506291670974
38087,MISO,2025,345.71504106833333,0.27829511934459483,0.15382743160569765,0.22573765913926372,0.11423666107484699,0.052557460205331114,0.03959077053085065
38089,MISO,2025,12657.979312165,0.10687088049919487,0.054995482588940034,0.08999948317265428,0.03141758119872039,0.016871397326540583,0.023577901390219647
38091,MISO,2025,672.0441820433333,0.1775674609028985,0.11610712340036104,0.15944619209290417,0.07191176226895327,0.018121268809994318,0.044195361131407776
38093,MISO,2025,8529.430565094166,0.154820285983877,0.07122926100694033,0.1314143095625234,0.0601147182835809,0.023405976421353614,0.011114542723359426
38095,MISO,2025,946.6758600225,0.3299883021304059,0.20253797784116193,0.29983860894574865,0.1755569239553476,0.030149693184657267,0.026981053885814316
38097,MISO,2025,3151.958879558333,0.2328802837294171,0.10153993734308495,0.1841238572729481,0.08011557631436626,0.04875642645646899,0.021424361028718683
38099,MISO,2025,4335.7865857325,0.2862443138039414,0.13089829461569705,0.2527731515179832,0.10926466388700197,0.0334711622859582,0.021633630728695077
38101,MISO,2025,27342.414979945002,0.1051091042461427,0.053271560609527764,0.08091054808619358,0.045015234962034155,0.02419855615994912,0.00825632564749361
38103,MISO,2025,1761.0028403666668,0.3105610040116654,0.14391409722479387,0.2728094984834341,0.11016860948367627,0.03775150552823131,0.0337454877411176
38105,MISO,2025,15112.788824708334,0.07968876052750921,0.05070329326403825,0.07054958989149886,0.04718989281563636,0.009139170636010358,0.003513400448401892
34003,PJM,2025,348084.2841913567,0.059058698931660825,0.03190120812931854,0.04825067686811616,0.016379248317108894,0.010808022063544663,0.015521959812209649
34013,PJM,2025,309404.1963075908,0.1321865260031729,0.055869861717820005,0.12000745741422268,0.04197219237210907,0.012179068588950223,0.013897669345710933
34017,PJM,2025,286717.64669785084,0.060758136337638886,0.020666601851737656,0.044003716557212885,0.01527640450346639,0.016754419780426,0.005390197348271265
34019,PJM,2025,48554.30528268,0.09876673417706805,0.03136450474605459,0.07804996289790375,0.030289800583443202,0.020716771279164298,0.0010747041626113854
34021,PJM,2025,137458.78343157418,0.10041723756408381,0.048873969187529155,0.08930756401739344,0.030159618415662733,0.011109673546690374,0.018714350771866423
34023,PJM,2025,299613.03604104335,0.0723376230985858,0.015096513615339006,0.06039309252283202,0.010542336432920229,0.011944530575753773,0.0045541771824187775
34025,PJM,2025,245439.1402574325,0.08910830354141544,0.06172895139421921,0.08020813748478943,0.05147818360153496,0.00890016605662601,0.010250767792684252
34027,PJM,2025,187181.66443256498,0.07049838142703461,0.03955922169397906,0.06829703252520286,0.03532105326210718,0.002201348901831754,0.004238168431871879
34029,PJM,2025,237582.00231037583,0.12616023836010978,0.08707831048256197,0.12056582276415499,0.07412179543228216,0.005594415595954791,0.01295651505027981
34035,PJM,2025,126026.80030045667,0.056939038345433554,0.02807172855830925,0.04471710713894012,0.014411376553902339,0.012221931206493432,0.013660352004406911
34037,PJM,2025,54692.66996840249,0.1071557249876602,0.0493348269105444,0.09701371932132268,0.04526281209706637,0.010142005666337522,0.004072014813478034
34039,PJM,2025,197500.7786081542,0.05842341512129582,0.02796079867026578,0.05091957463996951,0.015415461765126252,0.00750384048132631,0.012545336905139527
34041,PJM,2025,42999.22465213333,0.10802300445380358,0.047935462139107925,0.10296890615804392,0.04312079995217641,0.00505409829575966,0.004814662186931516
32003,CAISO,2025,829541.7049119675,0.19189349112561138,0.10500046325692183,0.1615649117817737,0.10296603753903211,0.030328579343837675,0.0020344257178897263
32031,CITY,2025,190307.79448148998,0.08420890154888204,0.042035477997564324,0.08251220334241557,0.038304189555413495,0.0016966982064664654,0.003731288442150829
39001,PJM,2025,9930.867205983333,0.35514040792740736,0.1980055698789091,0.2879300701906193,0.16071426781893325,0.06721033773678808,0.037291302059975856
39003,PJM,2025,39717.856211210834,0.2203498444246267,0.09843467455213839,0.12818774998847351,0.07540321971230915,0.0921620944361532,0.02303145483982924
39005,PJM,2025,20095.02082341583,0.17606821149900892,0.07949838761505433,0.13685418664858737,0.06679320045898211,0.03921402485042155,0.012705187156072217
39007,PJM,2025,37556.36626955167,0.19472247381049146,0.10625745566332552,0.15964634422542537,0.09843746816494482,0.03507612958506609,0.007819987498380698
39009,PJM,2025,21858.274304383332,0.3101757706426255,0.14974290909169016,0.24994847939925852,0.13126053142510924,0.06022729124336701,0.018482377666580924
39013,PJM,2025,25528.5090848375,0.2600720997679287,0.10715961649583657,0.2273966595764851,0.08676717853056841,0.03267544019144361,0.020392437965268156
39015,PJM,2025,16501.227922916667,0.1983422482983619,0.09405676247929604,0.17260553611101007,0.08664011466546664,0.025736712187351823,0.007416647813829391
39017,PJM,2025,142865.12714328,0.11353337736090491,0.07378346356754115,0.10647425945256071,0.06664811096254436,0.007059117908344195,0.007135352604996786
39019,PJM,2025,10846.25764018,0.2304530223230697,0.1045788664149179,0.1734952756061495,0.08720117144180592,0.05695774671692019,0.01737769497311198
39023,PJM,2025,54535.53085557,0.18060799917663242,0.09122358625031857,0.14521004662515685,0.08700759011532937,0.03539795255147557,0.0042159961349892
39025,PJM,2025,81499.75702188333,0.09607122224730652,0.037011290068509894,0.08879733413830079,0.029721256715828,0.007273888109005727,0.007290033352681895
39029,PJM,2025,40121.973247154165,0.2596651361809528,0.1338953179862245,0.21862112300794326,0.09152243005474042,0.04104401317300957,0.04237288793148408
39031,PJM,2025,14285.908059116666,0.279309271310336,0.1493149490928168,0.2227332003705042,0.11660790033920349,0.0565760709398318,0.03270704875361333
39033,PJM,2025,17728.656062354166,0.2680082722655006,0.09009990408336063,0.21242465208555225,0.08285071999722252,0.05558362017994836,0.007249184086138116
39035,PJM,2025,549338.7594192941,0.172427598885705,0.1042217735523836,0.13300121487812686,0.10098797682088914,0.03942638400757814,0.0032337967314944593
39039,PJM,2025,15017.661376231667,0.15812349652367746,0.0679698184659117,0.10645307142596863,0.05558325162650078,0.05167042509770883,0.012386566839410917
39041,PJM,2025,77528.187673315,0.06154684090258153,0.03854689512304899,0.052496393465794884,0.03316770953056962,0.009050447436786645,0.005379185592479373
39043,PJM,2025,31389.629430144996,0.15451912361089198,0.07990522631415937,0.10307225755484349,0.0776655213353822,0.05144686605604849,0.0022397049787771794
39045,PJM,2025,57610.312161141665,0.11908856661459967,0.06794042328389,0.09279452691513983,0.052908144475118046,0.026294039699459842,0.015032278808771948
39049,PJM,2025,539731.5016235625,0.14076322123097862,0.10092928377312915,0.12630670505675476,0.08307446149872375,0.01445651617422386,0.017854822274405407
39051,PJM,2025,16495.739586393334,0.17264731346268267,0.08796325057836264,0.12482553738841105,0.077289172393033,0.04782177607427161,0.010674078185329644
39053,PJM,2025,10950.779484891667,0.30545315329636774,0.14748098000533735,0.2468155356143647,0.12718400744256347,0.05863761768200304,0.02029697256277388
39055,PJM,2025,34316.17443402666,0.11180203429015532,0.04966619844450645,0.09584782704178564,0.04297930027317452,0.015954207248369684,0.0066868981713319245
39059,PJM,2025,15937.1703288125,0.2436669240203417,0.11287933094513422,0.17824973925646295,0.09048644019250346,0.06541718476387876,0.022392890752630762
39061,PJM,2025,346201.34034202003,0.13961938070836383,0.07976027806539412,0.12628047733749254,0.06992169979096666,0.013338903370871291,0.009838578274427467
39063,PJM,2025,30640.14442359583,0.16484985818706074,0.06170893109386238,0.11527247621742767,0.05068324206262837,0.04957738196963307,0.011025689031234007
39065,PJM,2025,11213.831420062501,0.2790587811797209,0.1312439963363979,0.21189763416732868,0.11110112735080598,0.0671611470123922,0.020142868985591936
39067,PJM,2025,5637.9790544,0.32421045327420545,0.14754432115380747,0.2791635723544439,0.11063612256015172,0.045046880919761556,0.03690819859365575
39069,PJM,2025,11008.776976639165,0.24003374193578045,0.10377796521979751,0.20524505779310115,0.06942525784874487,0.0347886841426793,0.03435270737105264
39071,PJM,2025,16319.201603666665,0.20059520946449474,0.10569972540036933,0.1522248497899968,0.0785413388774188,0.04837035967449793,0.027158386522950523
39073,PJM,2025,10902.528608229168,0.24289090583524908,0.10075205358882475,0.19860687001024063,0.07339771505653266,0.04428403582500845,0.02735433853229209
39075,PJM,2025,12995.759167403332,0.12771238603760565,0.06452331629971864,0.10730339578110731,0.052445108719802166,0.02040899025649834,0.01207820757991647
39077,PJM,2025,22509.573150874166,0.18847485904400227,0.09132439265002976,0.1353101552513617,0.07299257738658448,0.05316470379264057,0.01833181526344528
39079,PJM,2025,12099.036261816667,0.3783685908306494,0.2302295437744986,0.31317825224296497,0.15755442836778824,0.06519033858768442,0.07267511540671037
39081,PJM,2025,26471.78587156,0.30172581758724165,0.15902841258682385,0.27023070660901377,0.10827653076384308,0.03149511097822788,0.050751881822980766
39083,PJM,2025,22598.855500754165,0.2007992809050395,0.08119536264172458,0.16633329007714087,0.06822896378934813,0.03446599082789864,0.012966398852376451
39085,PJM,2025,97740.25229359916,0.0952455004092139,0.04739872644665825,0.06562172292199722,0.04281965670315493,0.029623777487216674,0.0045790697435033195
39087,PJM,2025,21744.911767670834,0.32979890676863804,0.1547864979802977,0.2637772715189184,0.11492959212833312,0.06602163524971966,0.03985690585196458
39089,PJM,2025,65711.67932499,0.15683178485215807,0.08054080734063084,0.12007035783696078,0.06820666649589818,0.03676142701519729,0.012334140844732652
39093,PJM,2025,122661.88430248751,0.16802828947525275,0.09399032643774738,0.1435770906214549,0.08740156644705636,0.024451198853797845,0.006588759990691015
39095,PJM,2025,179763.4630260625,0.21622439764242019,0.10920806971162489,0.17679591749097864,0.0961397990912055,0.03942848015144154,0.01306827062041939
39097,PJM,2025,15074.081890725,0.14005287792268953,0.06757555604608752,0.10705966765066988,0.05039225468323357,0.03299321027201965,0.017183301362853946
39099,PJM,2025,96450.65849027917,0.24157054203974082,0.10844882922439264,0.20164566981726204,0.1037275272839461,0.039924872222478786,0.004721301940446537
39101,PJM,2025,23752.01322447,0.2620870440210052,0.10532621662698331,0.1842571823048482,0.09832686952937705,0.077829861716157,0.006999347097606259
39103,PJM,2025,70654.64009956917,0.08896774000744877,0.05153500699506363,0.06472674299614592,0.04878573224677736,0.024240997011302848,0.0027492747482862692
39105,PJM,2025,8689.2789479875,0.3641580226307157,0.17296181721419884,0.29475560785472643,0.15389983410693583,0.0694024147759893,0.01906198310726301
39111,PJM,2025,5504.722675691667,0.2868473250919215,0.11784189242394356,0.19604715994908264,0.08945633823002586,0.09080016514283887,0.02838555419391771
39115,PJM,2025,5548.147261845833,0.316094058872044,0.1392981000158623,0.24682288066997096,0.1193190392888785,0.06927117820207304,0.019979060726983786
39117,PJM,2025,12695.302247814167,0.1756893723133448,0.07505912771978838,0.14091579059684733,0.06645769588368265,0.03477358171649747,0.008601431836105733
39119,PJM,2025,33731.3719002125,0.2669448524484445,0.11090023086801183,0.17566839713527446,0.09740741820819036,0.09127645531317005,0.013492812659821468
39121,PJM,2025,4389.7787789,0.3222392036500215,0.14780621204695882,0.2610330923136639,0.13323980003723493,0.061206111336357616,0.01456641200972389
39123,PJM,2025,17420.938717123332,0.12914413635607488,0.06424360751247014,0.12058658509104846,0.06292389303707269,0.008557551265026428,0.0013197144753974571
39125,PJM,2025,7417.617323008333,0.22972044631169483,0.08692950203181334,0.13202486895711033,0.0794149958414265,0.0976955773545845,0.007514506190386835
39127,PJM,2025,13138.357728625,0.26834675103534744,0.13069881151168636,0.21021072838618313,0.09850231488359495,0.058136022649164315,0.0321964966280914
39129,PJM,2025,20662.543863555835,0.16906131295767665,0.09153448413536813,0.13830077856472242,0.07364446364792693,0.03076053439295423,0.017890020487441205
39131,PJM,2025,10136.66309175,0.3004810013227103,0.1889058653432482,0.2556285930752303,0.11904256072827038,0.04485240824747999,0.06986330461497783
39133,PJM,2025,61789.701098623336,0.13149739670648544,0.07134453704664198,0.1088533615904618,0.06666411355565058,0.022644035116023642,0.004680423490991403
39137,PJM,2025,13044.660089434165,0.16505360508599448,0.0800221945639658,0.10977567868357399,0.06252178864992132,0.05527792640242049,0.017500405914044476
39139,PJM,2025,48196.71195389167,0.23557892505590045,0.09167065032482813,0.20051548181736828,0.08637949752658744,0.035063443238532166,0.005291152798240689
39141,PJM,2025,28657.027342004167,0.2519814790836335,0.11119857925156679,0.17467767874718268,0.09141013876805333,0.07730380033645082,0.019788440483513456
39143,PJM,2025,23398.933184610836,0.16473893316135718,0.09502685592734132,0.14784398872089868,0.0881094297341412,0.016894944440458498,0.006917426193200127
39145,PJM,2025,27268.451790681665,0.3958302268641929,0.16760104066445128,0.2895265949929632,0.1217923987768007,0.10630363187122971,0.045808641887650575
39147,PJM,2025,21468.269425984996,0.2347263533093157,0.08894897885711713,0.19326535965239475,0.08210348526994174,0.041460993656920964,0.006845493587175386
39151,PJM,2025,153310.19285645083,0.19822961107390208,0.08365873493310375,0.11604156385111876,0.07363516363369657,0.08218804722278332,0.010023571299407175
39153,PJM,2025,226548.158891625,0.13017612884261476,0.08857436219499028,0.10180700206786569,0.08581492540203937,0.028369126774749065,0.0027594367929509034
39155,PJM,2025,83840.54146148333,0.1830471020830203,0.11523963915412148,0.14054195525804433,0.08908055718432178,0.04250514682497597,0.0261590819697997
39157,PJM,2025,36965.95206284334,0.1760968930578374,0.0875428886537314,0.12550567416175668,0.08072973776772133,0.05059121889608073,0.006813150886010075
39161,PJM,2025,11537.517912320001,0.19214952491530993,0.0780561319300328,0.14265391143372966,0.07212553111276908,0.04949561348158027,0.005930600817263723
39163,PJM,2025,4948.4696811124995,0.28908691141124476,0.15278384030064315,0.2639978392037898,0.12873069554255012,0.025089072207454988,0.02405314475809303
39165,PJM,2025,87569.49239917667,0.051149428675274354,0.02624809402520807,0.04792123266653904,0.021975235356258532,0.0032281960087353137,0.004272858668949539
39167,PJM,2025,24268.08368910833,0.24068034277217135,0.10602040273307226,0.17609939365881408,0.08637216687161571,0.06458094911335727,0.019648235861456545
39169,PJM,2025,43274.7397173575,0.11003516056562357,0.06180536130778576,0.08255908607973242,0.049766209718749996,0.02747607448589115,0.012039151589035763
39171,PJM,2025,15193.791718587501,0.34506277783715733,0.13146437870506933,0.2606581771495864,0.09637696795101248,0.08440460068757094,0.035087410754056844
39173,PJM,2025,52824.90248141666,0.1344757530187871,0.06907853088144131,0.11067183766254914,0.053938648614461585,0.02380391535623795,0.015139882266979723
39175,PJM,2025,8803.172200695833,0.2648667525591737,0.09989239634147543,0.21682652559219406,0.08088691235912847,0.04804022696697963,0.019005483982346957
41049,CITY,2025,4114.900793154166,0.209666760690888,0.09835291697533537,0.20088454372202333,0.09753886318804288,0.008782216968864665,0.0008140537872924902
41067,CITY,2025,228575.65717917832,0.0907217844680691,0.04689417294289675,0.08228493500286133,0.04689417294289675,0.008436849465207771,0.0
42001,PJM,2025,38964.120155635,0.15301952774577757,0.06741038343148135,0.14372482116860896,0.060722000891320814,0.009294706577168604,0.006688382540160541
42003,PJM,2025,542275.0176433215,0.17852340349412052,0.099948471716061,0.14950804321739558,0.08983196301404416,0.02901536027672494,0.010116508702016844
42005,PJM,2025,27349.4438608075,0.22962278449817003,0.078450384293481,0.2016071796717528,0.0673798617044563,0.02801560482641724,0.011070522589024703
42007,PJM,2025,70910.32700957917,0.25969037680926527,0.11083940509915552,0.2297521717476826,0.1023595727357335,0.02993820506158268,0.008479832363422021
42009,PJM,2025,19151.26309593,0.34041166762257274,0.18564867187422865,0.3145180526860874,0.16319113002930447,0.025893614936485343,0.022457541844924184
42011,PJM,2025,159257.079668455,0.18638036249957288,0.10259681753108744,0.1651417162993857,0.07986864328310167,0.021238646200187172,0.022728174247985775
42013,PJM,2025,49265.74781806,0.23664694501670908,0.11184717241656361,0.21793711226901796,0.09665907749459426,0.018709832747691113,0.015188094921969347
42015,PJM,2025,23928.73691433084,0.2674060679258146,0.10732485283362134,0.21135543871318727,0.08097005340349986,0.05605062921262735,0.02635479943012148
42017,PJM,2025,244026.66352011584,0.09850922300725716,0.044315672975043095,0.09214018567412896,0.04172882561333544,0.0063690373331282,0.002586847361707653
42019,PJM,2025,78331.06141374499,0.13285892099347987,0.07458808193980106,0.10647658109029079,0.06610193405664437,0.026382339903189084,0.008486147883156686
42021,PJM,2025,54279.45954792333,0.32487589293799435,0.14885295184850672,0.30336051094934824,0.12822698314199812,0.02151538198864611,0.020625968706508596
42023,PJM,2025,2162.4443014541666,0.2664213792485871,0.10785927912292953,0.23629057439987122,0.09114847932073361,0.030130804848715886,0.01671079980219592
42025,PJM,2025,25635.637897325,0.33412535389378595,0.18551850547747029,0.2909993064677522,0.17426065136232924,0.043126047426033765,0.011257854115141047
42027,PJM,2025,56358.449735345,0.177642713698328,0.07279999659968558,0.1536801904800238,0.054687134519873365,0.023962523218304194,0.01811286207981222
42029,PJM,2025,197713.225915565,0.09632792740769965,0.0441761193082332,0.08223588729667779,0.03418211836754496,0.014092040111021858,0.009994000940688245
42031,PJM,2025,14585.351586866665,0.208621587711838,0.09788679330847122,0.14058254573699486,0.08478464760539874,0.06803904197484315,0.013102145703072485
42033,PJM,2025,31110.390454083332,0.3093344233510539,0.16770199803865585,0.26467718053037387,0.15966095894034502,0.04465724282068001,0.008041039098310832
42035,PJM,2025,14502.197450050833,0.29994982622769717,0.1373078969652759,0.26441781892060034,0.12325815158759965,0.035532007307096825,0.014049745377676254
42037,PJM,2025,25032.53121722417,0.3120522884245651,0.1540161891584113,0.2624367093446618,0.13481532650346809,0.04961557907990333,0.019200862654943224
42039,PJM,2025,32570.66833275833,0.2701793141613056,0.11167873584635425,0.24162310435510767,0.10281840545498849,0.028556209806197913,0.008860330391365759
42041,PJM,2025,102570.14297850334,0.13962749847221484,0.0512317701424297,0.10493666468020446,0.041922950919210174,0.03469083379201038,0.009308819223219529
42043,PJM,2025,115277.17085705251,0.21251030052144476,0.10299835902759408,0.1776873890672881,0.09917791697015392,0.03482291145415667,0.003820442057440157
42045,PJM,2025,213049.48511727166,0.13296203957380207,0.07322032725406492,0.10439110166676556,0.06858369473827677,0.028570937907036506,0.00463663251578815
42047,PJM,2025,13300.500897613334,0.18941338962796003,0.06957089277913654,0.1403392280881399,0.060447782797984836,0.04907416153982014,0.009123109981151706
42049,PJM,2025,107491.737097,0.2388315648777109,0.09667423841663227,0.1815528797203209,0.0893554224612867,0.057278685157390014,0.007318815955345573
42051,PJM,2025,53759.596494557496,0.3313488723840069,0.17168956428850965,0.30369761483159025,0.1576834626183723,0.027651257552416653,0.014006101670137355
42053,PJM,2025,1778.0938810333332,0.3259627134108381,0.1467672736173753,0.23166901573448342,0.13053047526289888,0.09429369767635468,0.016236798354476417
42055,PJM,2025,61438.9183846125,0.13285744552514522,0.05260813873625811,0.09582875205347145,0.045763530094672364,0.03702869347167377,0.006844608641585745
42057,PJM,2025,6026.0943925575,0.29274811058601147,0.148754033269946,0.24890216697027753,0.12790773597383737,0.043845943615733934,0.020846297296108623
42059,PJM,2025,13472.857840743334,0.24046207325171995,0.11501629896396981,0.22135449673921048,0.10605802532027335,0.019107576512509467,0.00895827364369646
42061,PJM,2025,15400.702151344165,0.292137035392235,0.16459848942149818,0.26416152537142096,0.15932533038561325,0.027975510020814054,0.005273159035884933
42063,PJM,2025,31209.14829945667,0.2606989935940507,0.108760787577893,0.23219484433285517,0.09819587773910363,0.028504149261195516,0.010564909838789369
42065,PJM,2025,17723.9805545425,0.2626903848026055,0.11101036608359788,0.22902647741459603,0.10501194343744544,0.03366390738800945,0.00599842264615244
42067,PJM,2025,8681.919199849166,0.28467296597541913,0.11650943445518054,0.2507007308454503,0.09643881715092206,0.03397223512996883,0.02007061730425848
42069,PJM,2025,86501.96298801083,0.22830076847398215,0.10288264883742361,0.21760323993533395,0.09188617570395452,0.010697528538648193,0.01099647313346909
42071,PJM,2025,205869.59101733746,0.14916762356485977,0.06554370857336156,0.12041572969551939,0.05729472575542976,0.028751893869340378,0.0082489828179318
42075,PJM,2025,53291.00012383083,0.1639754834602581,0.07011952097528115,0.12435258032736266,0.0588362376068991,0.03962290313289543,0.011283283368382052
42077,PJM,2025,140553.07962910415,0.21915048880919466,0.09849671057088911,0.17113121245764842,0.07966863625982984,0.048019276351546236,0.018828074311059276
42079,PJM,2025,130790.64172519167,0.28254479055605136,0.14705620814683187,0.2627878936583027,0.12637551492848045,0.019756896897748677,0.02068069321835142
42083,PJM,2025,15651.368924708333,0.23204321885309762,0.08953469055110874,0.21174637660914758,0.08420581808605132,0.020296842243950036,0.0053288724650574215
42087,PJM,2025,18176.54001336333,0.28148733364399336,0.14066651197552232,0.2565498588399281,0.12249720462546937,0.024937474804065274,0.018169307350052954
42089,PJM,2025,56777.66980705416,0.23721640187690132,0.11643643194438806,0.2087556728576458,0.10797282410088167,0.028460729019255532,0.008463607843506388
42091,PJM,2025,326685.9017534233,0.09569854162613826,0.050181536041920355,0.08799000270495178,0.036920781180385324,0.007708538921186489,0.01326075486153503
42093,PJM,2025,7306.640095440001,0.21187416946531681,0.12060256674803434,0.19246666180843475,0.09372183375865717,0.019407507656882067,0.026880732989377168
42095,PJM,2025,118019.7143086625,0.15462389951567104,0.07274365949123066,0.13991651931481985,0.06707768260999147,0.014707380200851189,0.005665976881239182
42097,PJM,2025,36765.89778270583,0.3122345272562337,0.15572238956183615,0.28312798251848476,0.13153272943135047,0.02910654473774893,0.02418966013048568
42099,PJM,2025,17749.594657343332,0.24391179877046046,0.09334285745888206,0.19740944633809,0.0842988422286383,0.04650235243237047,0.009044015230243757
42101,PJM,2025,653825.3086446142,0.2302621427069753,0.19591032925203664,0.21765996007257643,0.16349691093963953,0.012602182634398856,0.03241341831239711
42103,PJM,2025,23251.053622618332,0.28800542703618087,0.11374105998157291,0.25980361928238277,0.09254713022001457,0.028201807753798103,0.021193929761558344
42105,PJM,2025,6481.709199525,0.19916319026372994,0.08043745634251447,0.12406969075632598,0.06757308684702544,0.07509349950740396,0.012864369495489025
42107,PJM,2025,55526.53589875417,0.3386146113894382,0.21144701415823586,0.3117809375468367,0.19335899290546937,0.02683367384260149,0.018088021252766484
42109,PJM,2025,14120.274438856668,0.27786632849876064,0.12593059797585024,0.2421391362860446,0.10349236651356897,0.03572719221271603,0.022438231462281272
42111,PJM,2025,28280.89921409083,0.32561807551540906,0.16164289135370388,0.3067375978539835,0.1514734234336373,0.018880477661425532,0.010169467920066594
42113,PJM,2025,2414.562962045833,0.31716868601531895,0.14060978317542094,0.28729129880910204,0.12192789436059653,0.02987738720621691,0.01868188881482441
42115,PJM,2025,15286.2626353675,0.31986350824136217,0.13582786069845318,0.29294269650408306,0.11057162800230129,0.026920811737279116,0.02525623269615189
42117,PJM,2025,16412.169380716667,0.21806232414994664,0.09329454306371973,0.18489449080314038,0.0822786059921044,0.03316783334680626,0.011015937071615328
42119,PJM,2025,13827.3944491575,0.27169504508932046,0.1277718938236153,0.2420265049535229,0.1019135562090679,0.02966854013579756,0.025858337614547408
42121,PJM,2025,20990.186161481666,0.23793005298588865,0.09873702756933393,0.15907847443499273,0.09165867396484581,0.07885157855089592,0.007078353604488122
42123,PJM,2025,15971.918966944166,0.2397555202077045,0.09169671281168185,0.20139737848808428,0.08770178012364839,0.03835814171962021,0.003994932688033456
42125,PJM,2025,85994.92760354333,0.18291400812035855,0.09925640348037965,0.1689790874418534,0.08795413041699005,0.013934920678505158,0.0113022730633896
42127,PJM,2025,19272.51685477083,0.37976524772960335,0.1690542583281905,0.33985053164619733,0.12852554240946615,0.03991471608340602,0.04052871591872434
42129,PJM,2025,151034.60305423,0.1817080507308821,0.1027539738258699,0.14536883385009225,0.08837252502347132,0.03633921688078984,0.014381448802398583
42131,PJM,2025,10459.187510383334,0.2892846650228577,0.1357355684342701,0.25190173259867654,0.11940351634645234,0.03738293242418117,0.016332052087817753
42133,PJM,2025,175931.35560903916,0.20003680485819644,0.07223629771013207,0.17113796118427524,0.0672850833435428,0.028898843673921204,0.004951214366589268
45015,CITY,2025,86432.94698288248,0.15480381312489966,0.10102020559595423,0.13934937848610918,0.10102020559595423,0.015454434638790482,0.0
46013,MISO,2025,15470.532433975,0.11578995399415187,0.06094386599936484,0.08543393383027435,0.04859183282270832,0.03035602016387752,0.012352033176656521
46025,MISO,2025,1344.253360565,0.33950100105311637,0.17832175223097935,0.2904422420953196,0.1429252220014888,0.049058758957796766,0.03539653022949055
46029,MISO,2025,11738.8088561125,0.12398359850153368,0.059532837374532445,0.0946541630365753,0.04334565375316733,0.02932943546495838,0.016187183621365113
46037,MISO,2025,2286.1724341575,0.3932095327736199,0.20450665352580757,0.3060865300220503,0.14983553713599754,0.08712300275156964,0.05467111638981004
46039,MISO,2025,1760.3477855666667,0.20025473902392663,0.10525661565432531,0.17378828082155745,0.08957064561491936,0.026466458202369175,0.015685970039405958
46051,MISO,2025,2951.3318253641664,0.24484616781978943,0.10030526716955619,0.16677588867050983,0.08325661474929118,0.07807027914927961,0.017048652420265015
46057,MISO,2025,2123.051209165,0.24506958560424918,0.10418943939431943,0.18248537867458003,0.07687931372564218,0.06258420692966915,0.027310125668677257
46091,MISO,2025,1623.0653760875,0.47042669162874046,0.22005605270871423,0.33375906960383755,0.16634279045851877,0.1366676220249029,0.05371326225019546
46109,MISO,2025,3586.69417409,0.3611237615624948,0.2167049980933213,0.31784983835407243,0.17389761896084904,0.04327392320842238,0.04280737913247226
46115,MISO,2025,2456.967865025,0.2571706249714845,0.10224928254638656,0.163175024877362,0.09067186589328871,0.09399560009412253,0.011577416653097847
48001,ERCOT,2025,16592.945784733332,0.25663850415912975,0.09467352033790262,0.1720022279254799,0.08094459776610338,0.08463627623364986,0.013728922571799237
48003,ERCOT,2025,6417.608014058333,0.15310015155688336,0.09207764845622778,0.10758167844040661,0.036495495381913975,0.04551847311647675,0.0555821530743138
48005,ERCOT,2025,31115.99629586667,0.21521540326075167,0.10347139794870337,0.12854179348749117,0.07804585105936084,0.0866736097732605,0.025425546889342537
48007,ERCOT,2025,11049.576779404168,0.2293403604517948,0.10231593169694504,0.13480958573882657,0.09899820634584096,0.09453077471296822,0.003317725351104084
48009,ERCOT,2025,3328.572193325,0.25920590153946466,0.12067764717972967,0.17222819815994678,0.09784041963090104,0.08697770337951788,0.022837227548828637
48011,ERCOT,2025,719.9015003583334,0.14354774824319072,0.07625661848902204,0.09786051206417357,0.051045949732996164,0.045687236179017154,0.02521066875602588
48013,ERCOT,2025,15608.718580187498,0.1664322224317059,0.09393257281453196,0.14050493548439572,0.07320785336362787,0.025927286947310196,0.020724719450904094
48015,ERCOT,2025,11709.514756323333,0.1357699175034686,0.0826778730919543,0.11463242756068444,0.06358450700085022,0.02113748994278415,0.019093366091104083
48019,ERCOT,2025,8311.469221926665,0.12426534892524681,0.07938758508013981,0.10964347004859872,0.053688060447780586,0.014621878876648092,0.025699524632359222
48021,ERCOT,2025,32639.032730906663,0.12338969888466608,0.04761471692332724,0.09220516477653598,0.038916239424294036,0.031184534108130102,0.008698477499033207
48023,ERCOT,2025,1425.5456137916667,0.34731208373948486,0.19469900811587004,0.27914490589027324,0.12623944049079483,0.06816717784921161,0.06845956762507521
48025,ERCOT,2025,8395.2726529,0.23780008489534243,0.11939556818021703,0.12904707811275554,0.08259965067935718,0.1087530067825869,0.03679591750085985
48027,ERCOT,2025,133078.21627167083,0.1756108522303717,0.09989821748563943,0.11824198296811228,0.08080323492888411,0.057368869262259425,0.01909498255675532
48029,ERCOT,2025,727993.1745364708,0.12551413501403288,0.07234160128291145,0.09415654967306547,0.04643872714914287,0.031357585340967414,0.02590287413376858
48031,ERCOT,2025,4798.2356229625,0.0858708796711698,0.05614238781351845,0.07597021776654743,0.04425504416987364,0.009900661904622368,0.011887343643644806
48033,ERCOT,2025,201.16121905,0.09027762224298042,0.0065608918370690305,0.06174946378164734,0.004624407748139465,0.028528158461333074,0.0019364840889295656
48035,ERCOT,2025,7229.245985641667,0.22425279732479195,0.07590837180068079,0.14002252077159774,0.06181200006082017,0.0842302765531942,0.01409637173986062
48039,ERCOT,2025,125767.74438047418,0.08915319999420528,0.05982844355733074,0.08413018066606943,0.03965508660879107,0.0050230193281358415,0.020173356948539667
48041,ERCOT,2025,84963.75731312417,0.20543114698007306,0.10281237820157983,0.14590307653683895,0.07162293784133504,0.059528070443234105,0.03118944036024479
48043,ERCOT,2025,4596.1697132,0.24281240581402874,0.0631993276985114,0.146313175212576,0.052317921151512334,0.09649923060145274,0.010881406546999067
48045,ERCOT,2025,569.9623042416667,0.4194399110623206,0.2265640709435063,0.28032613484280733,0.2181521840634684,0.13911377621951326,0.008411886880037911
48047,ERCOT,2025,2528.1770866666666,0.4210215050735384,0.2264119558787342,0.3670233507449477,0.14602029143723247,0.05399815432859073,0.08039166444150173
48049,ERCOT,2025,14824.8856261875,0.2260360745713397,0.08027868750705244,0.1317798097487972,0.05936197190168929,0.09425626482254251,0.02091671560536315
48051,MISO,2025,7328.8799791941665,0.17856218155800094,0.10894926915232803,0.1674116288034195,0.0976568150248512,0.011150552754581433,0.011292454127476828
48053,ERCOT,2025,18317.56928241917,0.09544185793824805,0.06107216823388058,0.07724606750451238,0.038423507843669914,0.018195790433735676,0.022648660390210663
48055,ERCOT,2025,14820.9210885375,0.11391063846457115,0.05083525635367106,0.08766023508629785,0.0363439806776422,0.026250403378273307,0.014491275676028863
48057,ERCOT,2025,7804.667790308333,0.10232422521078036,0.061332111354491015,0.07776521206230472,0.04452873976667627,0.02455901314847564,0.016803371587814746
48059,ERCOT,2025,5223.499065041668,0.19220005263693707,0.07220890113346362,0.09163542070137522,0.052573159633460397,0.10056463193556185,0.019635741500003225
48061,ERCOT,2025,131433.57627519584,0.2082268064409725,0.13141624632811835,0.16803789908855432,0.1156530900447786,0.040188907352418174,0.015763156283339755
48065,ERCOT,2025,2250.1854555500004,0.07454851736053832,0.033204848972876025,0.06270214288167661,0.007459686811709409,0.011846374478861707,0.025745162161166617
48069,ERCOT,2025,2319.537838933333,0.22252984930640263,0.1194000085766482,0.17206893933996217,0.09401469938415935,0.050460909966440454,0.025385309192488853
48071,ERCOT,2025,15454.292540780001,0.12724839742814562,0.10660118875038353,0.12393851938918937,0.09434022141439381,0.0033098780389562432,0.01226096733598972
48073,ERCOT,2025,17637.875633883334,0.2503677365187264,0.11746915902430184,0.17046005316697047,0.08809298406701443,0.07990768335175594,0.029376174957287407
48075,ERCOT,2025,1833.3407499374998,0.21932822997554677,0.13527470675011619,0.15474353426006857,0.10894814628394053,0.0645846957154782,0.026326560466175652
48077,ERCOT,2025,4164.252358661667,0.21664175960066107,0.10457676254158585,0.1557848767660082,0.08445581288282683,0.060856882834652876,0.02012094965875902
48081,ERCOT,2025,1434.5148946166664,0.2912549575774751,0.12100423328743826,0.15071409617495846,0.10787877637642344,0.14054086140251665,0.013125456911014813
48083,ERCOT,2025,3186.2584025208334,0.24917095068734793,0.10059836430735655,0.15592532440461773,0.068635204571601,0.0932456262827302,0.03196315973575556
48085,ERCOT,2025,382072.206569565,0.07843372346860852,0.03706758676319226,0.055695947830445444,0.031249622640376798,0.02273777563816308,0.005817964122815461
48087,ERCOT,2025,1001.7264475499999,0.33022570658375483,0.1438734356594956,0.27108293629961216,0.1043860053784268,0.059142770284142665,0.0394874302810688
48089,ERCOT,2025,7111.702791070834,0.18707020214149195,0.08974352892748858,0.1410075996837795,0.08301441181504604,0.04606260245771246,0.006729117112442534
48091,ERCOT,2025,62927.07969398666,0.06471169182130027,0.054683313977471865,0.06305258596663152,0.029217467083052343,0.0016591058546687465,0.02546584689441952
48093,ERCOT,2025,5274.448391166667,0.24836060836042786,0.12042479458871042,0.1658154539341093,0.09461559940528969,0.08254515442631857,0.02580919518342073
48095,ERCOT,2025,810.18299035,0.2491402160633706,0.1214578772136277,0.14788844152858896,0.06933250775634481,0.10125177453478165,0.0521253694572829
48097,ERCOT,2025,16038.586869205832,0.17640639528056687,0.08661342563210407,0.10004045093304505,0.05695892026855157,0.07636594434752182,0.0296545053635525
48099,ERCOT,2025,24832.4944713625,0.13287256426356892,0.054735872177145366,0.07393205758298116,0.03773839549952315,0.058940506680587756,0.016997476677622213
48101,ERCOT,2025,675.7371483874999,0.35693677062606455,0.18282435376778922,0.2980571614171534,0.10530425853425869,0.058879609208911166,0.07752009523353053
48103,ERCOT,2025,1662.427542275,0.16434163702123789,0.06866175361371109,0.09744445254486934,0.037248153934733574,0.06689718447636854,0.031413599678977513
48105,ERCOT,2025,1207.1415118749999,0.1370613207778294,0.03798096540378741,0.08399008176419345,0.037185449724346974,0.053071239013635946,0.000795515679440438
48107,ERCOT,2025,1952.9803952183333,0.19764970435874743,0.13366530231135085,0.1535240711235168,0.11068508507779144,0.04412563323523064,0.022980217233559405
48109,ERCOT,2025,612.3182841875,0.49553116658947893,0.1777972794047684,0.3772809871365197,0.12515713630864952,0.11825017945295924,0.05264014309611886
48113,ERCOT,2025,956521.8012762899,0.13163791667508976,0.0676803184727314,0.09437427342217683,0.052750589805680974,0.037263643252912926,0.014929728667050425
48115,ERCOT,2025,4076.3855667958333,0.37291779011164317,0.14561265931003037,0.2752362893054879,0.11599084286245623,0.09768150080615529,0.02962181644757414
48117,ERCOT,2025,5941.193269257499,0.1346375374996795,0.06901272602255798,0.09957015415127722,0.05643753538087447,0.03506738334840227,0.012575190641683512
48119,ERCOT,2025,2083.828528575,0.25957425690029945,0.09023030167829829,0.16606334083142643,0.07727540253241667,0.09351091606887302,0.012954899145881618
48121,ERCOT,2025,333100.7398704933,0.0607403929309032,0.03889688278360096,0.047771578269420044,0.024925294179576597,0.012968814661483155,0.013971588604024365
48123,ERCOT,2025,6438.374165186666,0.24723594911449454,0.11409803964647885,0.16856003147616108,0.08942798631859883,0.07867591763833345,0.024670053327880026
48125,ERCOT,2025,629.9430324333333,0.29990232244266757,0.1397856420469032,0.18396500755502465,0.128672391446621,0.11593731488764292,0.011113250600282204
48127,ERCOT,2025,2760.629618470833,0.41898348125708673,0.2510664021412945,0.31139421964586966,0.14237992794262974,0.10758926161121707,0.10868647419866476
48129,ERCOT,2025,1180.2964998291666,0.21986497560505092,0.10852965214831511,0.13554878336911355,0.10669241456269106,0.08431619223593737,0.0018372375856240547
48131,ERCOT,2025,2764.7175894291668,0.2898149922681986,0.14842496592230936,0.21444693662541983,0.10412942938574801,0.07536805564277879,0.04429553653656135
48133,ERCOT,2025,6940.362789408333,0.2569869399114006,0.10771294235259955,0.16123023137736603,0.09336243379772555,0.09575670853403456,0.014350508554874006
48135,ERCOT,2025,58972.90042473583,0.18256296629512253,0.11754510249330992,0.13696575617276302,0.10343983766852335,0.04559721012235951,0.014105264824786565
48137,ERCOT,2025,516.910506325,0.24088303608119419,0.12173617914516859,0.21314017285917333,0.059950476186522106,0.027742863222020853,0.06178570295864648
48139,ERCOT,2025,64854.96021097749,0.11041691909263658,0.06383898332725431,0.07816996742715687,0.042285708204846645,0.03224695166547971,0.021553275122407664
48143,ERCOT,2025,15583.6279703925,0.21126112174760675,0.08548673611584855,0.12701122247097946,0.0667213434646788,0.0842498992766273,0.01876539265116975
48145,ERCOT,2025,5360.806461808334,0.3514166474298884,0.13936384735705423,0.2389183540907244,0.11191708000763811,0.11249829333916397,0.027446767349416118
48147,ERCOT,2025,12509.781937041666,0.23102078372486298,0.10705650186011229,0.14061190340701843,0.08151180390161987,0.09040888031784455,0.025544697958492416
48149,ERCOT,2025,9080.702835478332,0.16981165355454264,0.10635926757984167,0.14372330060887692,0.09403399063236575,0.02608835294566572,0.012325276947475913
48151,ERCOT,2025,1496.63938475,0.22345055491720603,0.11527306457359127,0.1587113469931466,0.1034399357447931,0.06473920792405943,0.011833128828798167
48153,ERCOT,2025,1909.9988972458332,0.3170739362764072,0.16649074043980333,0.24686050569665857,0.15603205818193835,0.0702134305797486,0.010458682257864976
48155,ERCOT,2025,449.3318451458333,0.5485154867816565,0.30798906688534006,0.3882248684007337,0.18187577636926622,0.1602906183809228,0.12611329051607384
48157,ERCOT,2025,268007.4899346425,0.0713374475991788,0.049865669181213663,0.0602646999841326,0.042601325742299155,0.011072747615046202,0.007264343438914508
48159,ERCOT,2025,3714.143319775,0.07301725995586035,0.030558957695312926,0.05801199083903939,0.023510671782887273,0.015005269116820957,0.007048285912425654
48161,ERCOT,2025,6573.847062434999,0.27434258998316924,0.12070735673259045,0.16215581677744684,0.09982921291629744,0.1121867732057224,0.020878143816293007
48163,ERCOT,2025,4547.433310641667,0.2574515528219959,0.10998128453042931,0.1725683916713159,0.06731853775263039,0.08488316115067998,0.042662746777798924
48167,ERCOT,2025,133760.41670378167,0.14090228158781712,0.08845662122359517,0.11546328197910753,0.07148794565511139,0.025438999608709587,0.016968675568483776
48169,ERCOT,2025,1639.431297975,0.1764188103031509,0.09258620112910723,0.12648945989297702,0.029590254987559978,0.04992935041017388,0.06299594614154726
48171,ERCOT,2025,10782.002056604168,0.08959324115142524,0.04270127793532806,0.07636760577725811,0.03134631539816704,0.013225635374167127,0.01135496253716102
48173,ERCOT,2025,404.2329694,0.06674955457422584,0.01271245287742727,0.04952010292409365,0.011331259067756783,0.017229451650132184,0.001381193809670488
48175,ERCOT,2025,2690.616056575,0.22493995445492365,0.11674242342749669,0.15872873185573688,0.09885383620882511,0.06621122259918677,0.01788858721867158
48177,ERCOT,2025,7203.691815020834,0.20528913311848232,0.10224808814372768,0.13468888834683262,0.06947338372420168,0.0706002447716497,0.032774704419526
48179,ERCOT,2025,7953.357858016667,0.24918728291564907,0.09889243692300508,0.14035586219156654,0.09414488334156101,0.10883142072408253,0.004747553581444061
48181,ERCOT,2025,51371.311606589166,0.18819891544447012,0.07849896621689703,0.10611882682387586,0.07056169029872289,0.08208008862059427,0.007937275918174141
48185,ERCOT,2025,9505.379251895834,0.15112112675744452,0.07880797509567296,0.12152229091872169,0.07267870902982435,0.02959883583872283,0.0061292660658486126
48187,ERCOT,2025,59717.390320494174,0.08428665549328739,0.05604484085511699,0.06433018566530704,0.04128458993848965,0.01995646982798034,0.014760250916627339
48189,ERCOT,2025,10776.671927287498,0.20327466886474257,0.10316397785819015,0.1366734112457939,0.09134604057112121,0.06660125761894867,0.011817937287068939
48191,ERCOT,2025,1135.1848560375001,0.3080469523188227,0.11170659034494525,0.17908159626862666,0.07143740017498472,0.12896535605019602,0.04026919016996053
48193,ERCOT,2025,3092.2850037574995,0.2174969682918689,0.12237321739754993,0.1539791274110968,0.0776059509095687,0.06351784088077211,0.044767266487981225
48197,ERCOT,2025,1282.4522665541667,0.2715414307341199,0.11099864431275569,0.1905596039310193,0.08612549744322318,0.08098182680310059,0.024873146869532514
48199,MISO,2025,20467.434345385835,0.21064312981002795,0.09027860465365202,0.1535502494205389,0.08869686230039192,0.05709288038948904,0.0015817423532600988
48201,ERCOT,2025,1689581.6048509032,0.13369845913571446,0.0659080385583645,0.11984435075948288,0.056027109039250456,0.013854108376231578,0.00988092951911404
48207,ERCOT,2025,2066.1169858083335,0.26399350941516925,0.11719868489251964,0.17344088157426799,0.08527543254739872,0.09055262784090126,0.03192325234512092
48209,ERCOT,2025,88316.07816050833,0.08480039516533064,0.044595914197529445,0.0649185233411675,0.029846077593985276,0.019881871824163136,0.014749836603544168
48213,ERCOT,2025,31456.889664820836,0.2648964855263118,0.10960780920149513,0.17272330945758638,0.09660756409743121,0.09217317606872541,0.013000245104063918
48215,ERCOT,2025,256156.51268276252,0.24131872524068715,0.1657597962381703,0.18517315556494568,0.12520917264670933,0.05614556967574147,0.04055062359146097
48217,ERCOT,2025,13134.2688466125,0.26404250683688496,0.0970952163040587,0.190249442943003,0.07703419967004507,0.07379306389388196,0.020061016634013634
48221,ERCOT,2025,24511.452958741665,0.11420377901860236,0.08141335138624706,0.0984026136534322,0.05271259346976835,0.015801165365170164,0.028700757916478706
48223,ERCOT,2025,13625.0473094125,0.21875594545533256,0.10569899512606523,0.14687030971586057,0.08537392044629828,0.07188563573947199,0.02032507467976695
48225,ERCOT,2025,7287.8031081624995,0.23302800485609657,0.1346724507000703,0.16668673838214057,0.0919124004678582,0.066341266473956,0.042760050232212105
48227,ERCOT,2025,11788.582041108333,0.1920285316310896,0.07115539126545672,0.12849902146706757,0.064795974640519,0.06352951016402203,0.006359416624937719
48231,ERCOT,2025,35996.54932157667,0.15187375661400512,0.09946457909452225,0.12138719147134196,0.06456766221730624,0.030486565142663166,0.03489691687721601
48235,ERCOT,2025,628.1030482833332,0.1514147085815434,0.08057699051664187,0.12458098824260984,0.06432124173400867,0.026833720338933567,0.016255748782633195
48237,ERCOT,2025,2965.2672251249996,0.2964176440864554,0.1431519301908581,0.22821268500114358,0.10929883574647174,0.0682049590853118,0.03385309444438635
48239,ERCOT,2025,5145.0448173075,0.11759146606147189,0.0879080681578382,0.11051187262188317,0.07574745215140483,0.007079593439588722,0.01216061600643338
48241,MISO,2025,12897.54388127,0.3319524454495146,0.11664118751236474,0.30206385520787593,0.11458564591533246,0.029888590241638646,0.002055541597032279
48243,ERCOT,2025,1000.0414167083334,0.41956511801888025,0.18300803858444326,0.3162437916064541,0.12049414552911873,0.10332132641242614,0.06251389305532452
48245,MISO,2025,91939.06843412668,0.2654403761448135,0.13968520948836197,0.22801390230984014,0.13453327583775937,0.03742647383497333,0.005151933650602597
48247,ERCOT,2025,1284.8730032624999,0.29321101675488476,0.1199207002984669,0.15847510898584916,0.07583194038964548,0.1347359077690356,0.04408875990882141
48249,ERCOT,2025,12489.274854220834,0.3074260982109039,0.14032262409729804,0.21497053027570118,0.13089137481942723,0.09245556793520271,0.009431249277870812
48251,ERCOT,2025,61558.36293696,0.10986675879467424,0.0683474910885294,0.08948057945299037,0.048973702938418004,0.020386179341683866,0.0193737881501114
48253,ERCOT,2025,5866.3572187875,0.22867131279024477,0.10917762161152729,0.14356790199209452,0.09756364029529657,0.08510341079815026,0.011613981316230718
48255,ERCOT,2025,4231.530832958333,0.22492114659671322,0.10733335399074449,0.1267713979411011,0.0749897901082184,0.09814974865561213,0.0323435638825261
48257,ERCOT,2025,47238.3397138775,0.12327335186759905,0.0815480604740994,0.09201310958570985,0.04820467025038929,0.0312602422818892,0.03334339022371011
48259,ERCOT,2025,16576.090602039167,0.06474222822949458,0.03834663831099424,0.05203526136910059,0.035904276982341374,0.012706966860393985,0.002442361328652866
48261,ERCOT,2025,38.0,0.0008421177631578947,0.0,0.0,0.0,0.0008421177631578947,0.0
48263,ERCOT,2025,243.36971404999997,0.22894020689876385,0.1141988355391257,0.18871149862508266,0.08591802407140973,0.04022870827368119,0.028280811467715966
48265,ERCOT,2025,21706.867646718332,0.08298949084104007,0.04353972570256506,0.07318530550200487,0.03464981116888027,0.009804185339035196,0.00888991453368479
48267,ERCOT,2025,1685.5289339166666,0.22910917589193938,0.12294830597436605,0.15540673174601452,0.10217316502580298,0.07370244414592486,0.020775140948563073
48269,ERCOT,2025,48.47636610833334,0.12643178324883558,0.08073133599276203,0.1263203210298801,0.08071895882738912,0.00011146221895547148,1.2377165372903787e-05
48271,ERCOT,2025,1080.6003157374998,0.2811466640737756,0.047919333830035174,0.1473048538453949,0.014815319750368297,0.13384181022838068,0.03310401407966688
48273,ERCOT,2025,11435.294809233335,0.2873525543711921,0.16662702927604545,0.22871842660583025,0.13831539979679588,0.058634127765361865,0.02831162947924956
48275,ERCOT,2025,1238.8279526708334,0.3285359319851761,0.13481316173210586,0.28645042395510906,0.10740248087636318,0.042085508030067054,0.027410680855742678
48277,ERCOT,2025,19861.330013975,0.28989502853402654,0.14111289756394868,0.19367438989513294,0.11724634419261697,0.0962206386388936,0.023866553371331714
48281,ERCOT,2025,7845.178242441666,0.12194161546148964,0.07096786723208814,0.09143881268868875,0.05398568661050395,0.030502802772800888,0.016982180621584193
48283,ERCOT,2025,1654.3013076291668,0.1835478976782217,0.12476067282292937,0.1535273813001179,0.10257509059913746,0.030020516378103795,0.02218558222379191
48285,ERCOT,2025,8031.177411908334,0.23192702861411107,0.09303504489220649,0.15307491719993208,0.07714575364520307,0.078852111414179,0.015889291247003418
48287,ERCOT,2025,6197.958363283334,0.1801501266186317,0.08953973796437563,0.13744435493667267,0.060247462892983064,0.04270577168195902,0.029292275071392565
48289,ERCOT,2025,6237.2126072491665,0.1922097950253942,0.09554985284663481,0.14079249660794604,0.06472841981487686,0.05141729841744816,0.030821433031757953
48291,MISO,2025,28052.580398653336,0.29371197400622,0.15806546536705982,0.23986802796869824,0.13872594043731834,0.05384394603752177,0.019339524929741475
48293,ERCOT,2025,8099.7278904,0.2726803492498883,0.10487114881693696,0.17935032739043366,0.0918574053840744,0.09333002185945466,0.01301374343286256
48297,ERCOT,2025,4088.1849416125006,0.25544283580521315,0.12723234133332476,0.15283393472007537,0.10926826127015626,0.10260890108513779,0.01796408006316849
48299,ERCOT,2025,9497.624504620833,0.08192451896486752,0.051086034397928304,0.07298258936180231,0.03276288985194225,0.00894192960306521,0.018323144545986055
48301,ERCOT,2025,32.644645625,0.0330988429898142,0.0,0.0330988429898142,0.0,0.0,0.0
48303,ERCOT,2025,120546.17202550083,0.18429409496132332,0.0959836053918881,0.10777642085930314,0.0736806688788598,0.07651767410202018,0.02230293651302831
48305,ERCOT,2025,2039.354882825,0.18376561349228998,0.1171175182912793,0.13592177321259277,0.07719761269484562,0.04784384027969721,0.03991990559643367
48307,ERCOT,2025,3069.576891591667,0.31463732417804624,0.11145245886182645,0.21838999823926739,0.09273927220386063,0.09624732593877885,0.018713186657965813
48309,ERCOT,2025,93720.77204378333,0.20461816158901927,0.09584897797509336,0.1410907717820557,0.08417790024577203,0.06352738980696357,0.011671077729321327
48311,ERCOT,2025,188.624679985,0.2993743615424942,0.21071771733773526,0.21860234555880512,0.11903568505343806,0.08077201598368908,0.0916820322842972
48313,ERCOT,2025,4010.4393443249996,0.1790937069342183,0.08744096066753736,0.12620670952121235,0.07131003975092765,0.052886997413005954,0.01613092091660971
48317,ERCOT,2025,1794.415093775,0.1899892516439943,0.07792107012106175,0.088919949168131,0.061605774161078604,0.1010693024758633,0.01631529595998315
48319,ERCOT,2025,1467.0391245833332,0.15724066892138974,0.05608563726276604,0.08879854808996052,0.04690243078523395,0.06844212083142923,0.00918320647753209
48323,ERCOT,2025,17544.834424254168,0.2887773694041029,0.15070879585401975,0.18601032582991922,0.11977409383784089,0.1027670435741837,0.03093470201617886
48325,ERCOT,2025,17081.612182930832,0.13872817353727157,0.06464701937278522,0.11189276754918463,0.03556024966925061,0.02683540598808694,0.02908676970353461
48327,ERCOT,2025,879.10531055,0.3021561693459844,0.1532083740237394,0.18236330191927388,0.14156710661563185,0.1197928674267105,0.011641267408107558
48329,ERCOT,2025,63379.45562029416,0.15635183986668127,0.07643144232417308,0.09087656034777306,0.03989992278302663,0.06547527951890822,0.03653151954114645
48331,ERCOT,2025,9528.744312665835,0.1935713672994937,0.08120482138622119,0.1312214986575377,0.0651483762857758,0.06234986864195599,0.01605644510044539
48333,ERCOT,2025,1814.9311121041667,0.20850600120185017,0.10267142166751198,0.1526121659973338,0.06253199983354865,0.05589383520451638,0.040139421833963324
48335,ERCOT,2025,2390.2925563791664,0.23135928665019992,0.11244444952642507,0.14196154049472748,0.08716709797012638,0.08939774615547244,0.02527735155629869
48337,ERCOT,2025,7789.070835604167,0.23310422097680575,0.10409535800658082,0.17960377888468507,0.07927624628889433,0.05350044209212068,0.024819111717686484
48339,ERCOT,2025,222522.55217636,0.08793378557020892,0.06135656736069081,0.07713366890465423,0.05343759344876385,0.010800116665554693,0.00791897391192696
48345,ERCOT,2025,449.474993875,0.2692510493242027,0.10578469933907622,0.15991449881411937,0.08122929672031318,0.10933655051008331,0.024555402618763045
48347,ERCOT,2025,24480.730278670835,0.2492431744463515,0.14422034836726663,0.16932755649957532,0.11760592402173704,0.07991561794677618,0.02661442434552959
48349,ERCOT,2025,17838.0160901875,0.2534234068364746,0.10889089394925251,0.17670426664093797,0.0988760231369127,0.0767191401955366,0.010014870812339816
48351,MISO,2025,4669.62130675,0.41400635565574817,0.18791119812951412,0.38000066044559727,0.16030939440983039,0.0340056952101509,0.027601803719683737
48353,ERCOT,2025,5615.8072341075,0.2836119210404943,0.1119770095246938,0.18993112402943443,0.09127914712317695,0.09368079701105989,0.02069786240151686
48355,ERCOT,2025,128885.09157245833,0.18606806264970127,0.10001086897158089,0.11978837057449998,0.08222721657481454,0.06627969207520129,0.017783652396766353
48359,ERCOT,2025,605.3843610941667,0.14149998811390188,0.11685998502197133,0.13218341382936064,0.10726834747205981,0.009316574284541246,0.00959163754991152
48361,MISO,2025,30687.23657340917,0.17547427667925541,0.08221850857851193,0.14543730652229744,0.07887022639434701,0.03003697015695797,0.0033482821841649135
48363,ERCOT,2025,10353.108008004168,0.20646542570573162,0.10916662198253692,0.13719428369941733,0.08154029041623742,0.06927114200631429,0.027626331566299497
48365,MISO,2025,7959.8615338125,0.282451249023464,0.12036387573936176,0.2616798347289439,0.10017846815710495,0.02077141429452012,0.020185407582256815
48367,ERCOT,2025,51781.86837025749,0.10512887872102732,0.07384707702329123,0.08308614960794251,0.052686795995507914,0.022042729113084802,0.021160281027783313
48369,ERCOT,2025,3138.707168666667,0.06329585981024403,0.05179091908374955,0.0610240932847304,0.03091221840271779,0.002271766525513634,0.020878700681031755
48371,ERCOT,2025,4893.759953208333,0.18270235365832155,0.08610641120016015,0.11561770772829995,0.08482150809785108,0.0670846459300216,0.001284903102309068
48373,MISO,2025,17807.738023004167,0.2840072595629954,0.13666172871064317,0.2662820054077655,0.13206850952655377,0.017725254155229908,0.004593219184089392
48375,ERCOT,2025,42074.39888402917,0.20608579014146922,0.132080771212383,0.14755106189732192,0.10225171621128128,0.058534728244147294,0.029829055001101737
48377,ERCOT,2025,2167.0105961625,0.43439326566991304,0.20123759620999668,0.25948410647480774,0.16118390143171268,0.1749091591951053,0.040053694778283994
48379,ERCOT,2025,4671.2077081725,0.20151363249553855,0.11448909489352642,0.14031350807735538,0.0995197932089399,0.06120012441818318,0.014969301684586517
48381,ERCOT,2025,54161.704288617504,0.08671713875193837,0.04851812873686825,0.07014331066440253,0.041379039755789174,0.01657382808753584,0.007139088981079074
48383,ERCOT,2025,1057.6239814291666,0.11071836456636035,0.05203793499995066,0.08409010925586353,0.022934366491220222,0.026628255310496812,0.029103568508730436
48385,ERCOT,2025,965.985312075,0.16296209984051102,0.0338853292669167,0.10946346482004297,0.030034089549815127,0.05349863502046805,0.0038512397171015754
48387,ERCOT,2025,4586.007116424999,0.24410288292214896,0.14084424137066134,0.20411528300437504,0.11168708402651036,0.039987599917773925,0.02915715734415099
48389,ERCOT,2025,3826.1766068083334,0.27188738177529503,0.11558710816577165,0.18927056700842895,0.0787389593508096,0.08261681476686608,0.03684814881496205
48391,ERCOT,2025,2195.7898113,0.3020986219489766,0.10141333247147004,0.20213777621686577,0.07562938834676004,0.09996084573211081,0.025783944124709995
48393,ERCOT,2025,308.945342125,0.07218799597883725,0.0349136129198191,0.04100232352170579,0.02254054516709873,0.031185672457131462,0.01237306775272037
48395,MISO,2025,6190.628363314167,0.2655221433631144,0.1379180178069059,0.25485949150219805,0.1293300275304706,0.010662651860916361,0.008587990276435309
48397,ERCOT,2025,37422.478881970834,0.05967516782077006,0.04408424564472938,0.04774667029575993,0.03737018533873553,0.011928497525010129,0.006714060305993849
48399,ERCOT,2025,3771.9355340500006,0.24450210445001064,0.09815804142953982,0.16113812616137788,0.09144837801959128,0.08336397828863276,0.006709663409948538
48401,ERCOT,2025,17588.043559266665,0.22105255217977784,0.08739794664598223,0.14469141953876916,0.07322586321412879,0.07636113264100869,0.014172083431853444
48403,MISO,2025,4427.846633125,0.3224794836137052,0.13343074881029224,0.3019606347571723,0.12601709825509394,0.020518848856532934,0.007413650555198298
48405,MISO,2025,2964.804751875,0.3736084575944338,0.18342322349453694,0.30002342549143896,0.17181989595279,0.07358503210299483,0.011603327541746922
48407,MISO,2025,9941.708882366667,0.3038817798878066,0.14175855650511038,0.27061127602277163,0.13670896228940088,0.033270503865034995,0.005049594215709496
48409,ERCOT,2025,23466.064519636668,0.16816603797678895,0.10150705808338988,0.11332514360051037,0.08219911217548004,0.05484089437627858,0.019307945907909838
48411,ERCOT,2025,1985.2801323458334,0.10043737941417062,0.05653934534033145,0.08695014173945793,0.0467278710387255,0.013487237674712688,0.00981147430160595
48413,ERCOT,2025,891.3764118125,0.31155738776727204,0.148004269807756,0.19707990543275952,0.127702135698812,0.11447748233451252,0.020302134108943992
48415,ERCOT,2025,5620.071735733333,0.16949517156694624,0.07359538707845871,0.10137439189210967,0.061589526387335516,0.06812077967483657,0.012005860691123194
48417,ERCOT,2025,1311.2344580291665,0.18562395984086674,0.08691580937818189,0.10559483245768507,0.08271749819925854,0.08002912738318167,0.004198311178923345
48419,MISO,2025,8766.652161479165,0.3143250627911375,0.15802274606268757,0.2926986612931327,0.1515176636645005,0.021626401498004766,0.006505082398187062
48423,ERCOT,2025,80309.24582365416,0.19030332299767244,0.09173822322273643,0.13620274561045503,0.07942747048216636,0.05410057738721741,0.012310752740570072
48425,ERCOT,2025,3311.3357597458335,0.20134062742034975,0.0674942902834237,0.11080467084648528,0.055270910048310744,0.09053595657386447,0.012223380235112956
48427,ERCOT,2025,18265.381709579164,0.4659495806197191,0.24493031442915894,0.28189694878643917,0.18144076133853523,0.1840526318332799,0.06348955309062371
48429,ERCOT,2025,3330.750181295833,0.2962668571919898,0.1360369604342063,0.20540454667197428,0.1228142496837914,0.09086231052001553,0.013222710750414896
48431,ERCOT,2025,382.09693582499995,0.043123784006335666,0.0236408410704201,0.02741838556154125,0.02215318210213758,0.015705398444794415,0.0014876589682825195
48433,ERCOT,2025,443.4751823133333,0.22639203104056418,0.11784797568012342,0.19754203482072236,0.08562454228424216,0.028849996219841828,0.03222343339588127
48435,ERCOT,2025,1013.7147409999999,0.2305236677688469,0.06494278342467814,0.10952753336831803,0.04420113262661927,0.12099613440052887,0.020741650798058876
48437,ERCOT,2025,2364.7167702791667,0.45557239960087037,0.20253120900787341,0.3737395871760847,0.19328158129174552,0.08183281242478568,0.00924962771612789
48439,ERCOT,2025,752082.0024987999,0.1044881603905115,0.05459238013170713,0.08484560536460826,0.0456510440933553,0.01964255502590323,0.00894133603835183
48441,ERCOT,2025,52899.3985984375,0.19748176340389556,0.09178980358345235,0.12330869724798099,0.0657804635747998,0.07417306615591457,0.026009340008652543
48443,ERCOT,2025,398.15226376666664,0.20890237833838005,0.12343538742789852,0.13225927742900012,0.08388175338762462,0.07664310090937992,0.0395536340402739
48447,ERCOT,2025,630.9262315208333,0.2544213691164299,0.08805508906101889,0.1208959502475761,0.07347163422987696,0.13352541886885377,0.014583454831141929
48449,ERCOT,2025,10684.5831636625,0.17873656508806754,0.10123002344272813,0.12719011318695495,0.09078816742541237,0.051546451901112594,0.01044185601731576
48451,ERCOT,2025,44526.80892817417,0.16151312957095834,0.0752329277176289,0.09583640847966889,0.06318854097828051,0.06567672109128946,0.012044386739348392
48453,ERCOT,2025,535926.7906096716,0.06540791863303005,0.02591725690762847,0.04214584702801765,0.016317701339947126,0.023262071605012404,0.009599555567681342
48455,MISO,2025,5862.4867342541675,0.3035436014561079,0.11428425293802735,0.2679546191380876,0.11146590359474277,0.035588982318020324,0.002818349343284579
48457,MISO,2025,6620.093509345833,0.3134162203015004,0.12522066411028915,0.2601372014086812,0.12205141909390368,0.05327901889281922,0.0031692450163854635
48461,ERCOT,2025,1322.9715390666665,0.22063959748844156,0.08390591100947808,0.1263707082350484,0.03404247685613326,0.09426888925339316,0.04986343415334483
48463,ERCOT,2025,8192.901974391667,0.24678337338921066,0.138140663873849,0.17783007499761364,0.09074926231762613,0.06895329839159703,0.04739140155622286
48465,ERCOT,2025,16345.660204591666,0.2595529502304768,0.1391632360294228,0.16369858780609858,0.10407375864086917,0.09585436242437823,0.03508947738855363
48467,ERCOT,2025,22089.762854684166,0.24261501959044574,0.11439402739811785,0.13705082560331175,0.1028423489091812,0.10556419398713399,0.01155167848893665
48469,ERCOT,2025,33246.9774956225,0.16615926845585274,0.07701808274116988,0.10782290705765145,0.06408741437415004,0.058336361398201295,0.012930668367019837
48471,MISO,2025,23857.69074880833,0.25978429008479137,0.14832631920006437,0.21949906290647195,0.13592530011300352,0.04028522717831942,0.012401019087060844
48473,ERCOT,2025,17535.533612283332,0.12423879525626566,0.09083598994591749,0.10971592637044074,0.08674010716082281,0.014522868885824922,0.004095882785094679
48475,ERCOT,2025,4226.302527579167,0.15272115565412345,0.08048514818633704,0.09811803296513986,0.055479726097043144,0.05460312268898358,0.02500542208929389
48477,ERCOT,2025,14165.969649559167,0.11864528656302059,0.06485077328718229,0.09994310112373599,0.053536860495363325,0.018702185439284605,0.011313912791818967
48479,ERCOT,2025,77011.57103454584,0.20336595945480782,0.12039191116627954,0.1421336699520977,0.09702260372636003,0.06123228950271012,0.02336930743991951
48481,ERCOT,2025,14898.1846929,0.20859948554477623,0.10593028874565535,0.12605060573475724,0.08666524179309286,0.08254887981001899,0.019265046952562495
48483,ERCOT,2025,1871.6318661249998,0.34066197057672376,0.14542281860259557,0.2615027131737662,0.08415654269008216,0.07915925740295754,0.06126627591251341
48485,ERCOT,2025,47575.9013893775,0.2131412256095813,0.10758431932473027,0.11691913567040985,0.08509874356909808,0.09622208993917145,0.02248557575563219
48487,ERCOT,2025,4586.547105416666,0.28355370878598063,0.11481217847567017,0.21366396449524164,0.0835752986238385,0.06988974429073899,0.03123687985183167
48489,ERCOT,2025,5333.207498758334,0.34134720097046156,0.17547764226178802,0.2993005048948745,0.1479111645634745,0.04204669607558709,0.027566477698313524
48491,ERCOT,2025,228605.08627990916,0.0630774159214057,0.029257125269509517,0.049635838526108485,0.017399172932959794,0.013441577395297215,0.011857952336549724
48493,ERCOT,2025,17096.289350361665,0.09680124347148603,0.07290381584588121,0.08550831820721423,0.06674336853574962,0.011292925264271794,0.0061604473101315865
48495,ERCOT,2025,2613.3526329666665,0.12673970504916984,0.05452460457721584,0.10107073244525117,0.03357519489453422,0.025668972603918677,0.020949409682681622
48497,ERCOT,2025,23862.608919196668,0.14545895030737144,0.06478744245055272,0.08528069643495943,0.05081998267536144,0.060178253872412005,0.01396745977519128
48499,ERCOT,2025,17625.194772051662,0.19378553280501332,0.10183000569319357,0.12064887988974751,0.0939490796788652,0.0731366529152658,0.007880926014328368
48503,ERCOT,2025,7449.75222735,0.2319348176345941,0.11140435604172501,0.17814589392788258,0.0970763830175847,0.05378892370671151,0.014327973024140309
48505,ERCOT,2025,4508.491494858334,0.4192067636890494,0.20344740892459454,0.24592183340357812,0.19109044271959333,0.1732849302854713,0.012356966205001207
48507,ERCOT,2025,3319.6653967791663,0.25115099951431324,0.12816976216447803,0.18293705484771944,0.1109173624217006,0.0682139446665938,0.01725239974277744
51003,PJM,2025,43510.70471643834,0.12427247665363216,0.06529472859924353,0.10031834247337758,0.053313741787514905,0.023954134180254577,0.01198098681172862
51005,PJM,2025,6101.614262383334,0.3268279024286261,0.16234598237938136,0.27976101697715366,0.14032537214021748,0.04706688545147242,0.02202061023916388
51007,PJM,2025,5082.612224698333,0.29568013498610557,0.16179480891320766,0.24166267504607863,0.14961595005774175,0.054017459940026935,0.012178858855465907
51009,PJM,2025,12392.672794741666,0.17164895985238318,0.10376697651930059,0.12441447921731187,0.06881733997206786,0.04723448063507131,0.034949636547232724
51011,PJM,2025,6427.303180707499,0.2945040326734628,0.14327132748341415,0.20695505305257947,0.1291763735756445,0.08754897962088334,0.014094953907769658
51013,PJM,2025,109634.49345004333,0.054484907390834544,0.01907540792527074,0.02865404007901455,0.015733717461764628,0.025830867311819994,0.0033416904635061133
51015,PJM,2025,29523.07950479167,0.2215951658761531,0.08251198366195607,0.16864451028009272,0.06982853096446363,0.05295065559606038,0.012683452697492437
51017,PJM,2025,1825.2426645166665,0.31438869785950047,0.20564215206889233,0.2921205989521718,0.17768812629043818,0.02226809890732867,0.027954025778454156
51019,PJM,2025,32079.413564569164,0.11034831768256097,0.06971772499576355,0.08913741339590905,0.05572031226829794,0.021210904286651913,0.01399741272746561
51021,PJM,2025,2192.1090365625,0.18828947335222201,0.08127048609134604,0.13055652869825066,0.05522869103332346,0.05773294465397136,0.026041795058022586
51023,PJM,2025,12763.103378851667,0.18996745789794836,0.08954744883955464,0.1392641607203886,0.08440057257547028,0.05070329717755975,0.00514687626408436
51025,PJM,2025,6072.066737399999,0.40102065479372295,0.19687357056828148,0.3401927700871255,0.15263356485840396,0.060827884706597446,0.04424000570987752
51027,PJM,2025,7325.177440583333,0.36917671461457185,0.16512841306674322,0.28131760901390507,0.1534927848999832,0.08785910560066679,0.011635628166760031
51029,PJM,2025,5840.087507979168,0.3691271886616434,0.20123028681479796,0.3473115756897893,0.15130369562760074,0.02181561297185408,0.04992659118719722
51031,PJM,2025,21900.176734456665,0.22804273571633207,0.11341647202441887,0.14385648875098733,0.10629994545625096,0.08418624696534474,0.0071165265681679135
51033,PJM,2025,11154.246799158333,0.1768901660160101,0.06908022383529676,0.14584028234006344,0.0662744749184482,0.03104988367594666,0.002805748916848552
51035,PJM,2025,11915.080149533333,0.2978779533043267,0.1371080536203793,0.2067064444813908,0.11596387302592198,0.0911715088229359,0.02114418059445733
51036,PJM,2025,2866.7122071125004,0.2656337204503868,0.1472621233106686,0.21323649264362451,0.1413964469835227,0.052397227806762287,0.005865676327145908
51037,PJM,2025,4476.679061945833,0.4415619838177829,0.24832172080129128,0.3867717513770293,0.20764046938404668,0.054790232440753595,0.0406812514172446
51041,PJM,2025,132780.84631940752,0.10238542056991408,0.06729963889530538,0.09321699224971393,0.06088695748425629,0.00916842832020015,0.006412681411049087
51043,PJM,2025,5542.518938076666,0.12980520110163582,0.0629810054321258,0.10326472868284191,0.04768397133374743,0.02654047241879391,0.015297034098378369
51045,PJM,2025,1758.6145008150002,0.2671283357859025,0.0935115741333806,0.22743858931541705,0.08536622594401816,0.039689746470485454,0.008145348189362439
51047,PJM,2025,17780.684221904165,0.18697821243521467,0.08967276981102486,0.15522000011478948,0.0745616945247691,0.031758212320425194,0.015111075286255757
51049,PJM,2025,3999.62056115,0.3344750812612969,0.13597431294506673,0.24703518811692216,0.1179393156645764,0.08743989314437473,0.018034997280490336
51051,PJM,2025,5498.313971679167,0.3996578396414446,0.20363541426146717,0.27155817240580543,0.19157134654301183,0.12809966723563915,0.012064067718455335
51053,PJM,2025,10301.523405283333,0.2692318510023373,0.1511683305872017,0.1953352298354868,0.1449780690471177,0.07389662116685053,0.00619026154008398
51057,PJM,2025,4165.47385585,0.35660830003502275,0.19202654162462487,0.31870008098292857,0.17457023990090123,0.03790821905209418,0.017456301723723644
51059,PJM,2025,408965.13119627,0.05289032378869455,0.022253547379900294,0.04053693294091735,0.014229165002709992,0.012353390847777201,0.008024382377190302
51061,PJM,2025,25583.265332286668,0.11697483604708606,0.05402711980927798,0.09750708456093059,0.0397766269396325,0.01946775148615547,0.014250492869645484
51063,PJM,2025,6447.608874516666,0.2453330130798933,0.12598001696896102,0.18757702745704502,0.11858591050530858,0.05775598562284828,0.007394106463652447
51065,PJM,2025,10088.1846039225,0.20558136095949378,0.10077240582956029,0.14312498840576915,0.08571142817547142,0.06245637255372463,0.01506097765408887
51067,PJM,2025,21633.064733683335,0.20665077996396777,0.12514815210091768,0.14980646442710688,0.09735956228363729,0.056844315536860895,0.027788589817280385
51069,PJM,2025,32792.7538973875,0.08468561313015886,0.050802834562746375,0.07082998263284146,0.04700467426825757,0.013855630497317403,0.003798160294488803
51071,PJM,2025,6705.063930129168,0.19825932268357824,0.08395762049206723,0.1332560569988412,0.08289258993092499,0.06500326568473705,0.0010650305611422384
51073,PJM,2025,14660.079218330833,0.16934147678609834,0.06997768968719151,0.10992027424438494,0.06432781785534174,0.0594212025417134,0.00564987183184977
51075,PJM,2025,9713.8666571825,0.1362045716692927,0.07385250556253907,0.0921638739928416,0.06311522248729604,0.04404069767645111,0.010737283075243034
51077,PJM,2025,6087.62467125,0.36156913937414364,0.16458079489841054,0.2695997680584394,0.12882202632324996,0.09196937131570426,0.03575876857516058
51079,PJM,2025,7308.493079968333,0.11380280464650912,0.07868754919618694,0.09212702248595193,0.060552003362994794,0.021675782160557183,0.018135545833192143
51085,PJM,2025,40897.41786501583,0.1285110390907267,0.05895755880326407,0.0895213630790164,0.04571135083332911,0.0389896760117103,0.013246207969934955
51087,PJM,2025,132681.00345781335,0.12024932676398234,0.07266408229017593,0.10723163361563719,0.06504143006936844,0.013017693148345152,0.007622652220807491
51089,PJM,2025,20197.875683620834,0.35678665367692775,0.15348078624392436,0.2725445737971371,0.13400287543703696,0.08424207987979065,0.019477910806887405
51091,PJM,2025,983.4779311958334,0.22615608074742288,0.06424291136000328,0.15799078254208443,0.0491442503438435,0.06816529820533845,0.015098661016159774
51093,PJM,2025,14960.219361513333,0.23664950145753547,0.09244866785285077,0.191065134813194,0.0870858324943178,0.045584366644341456,0.0053628353585329774
51095,PJM,2025,30207.85573826917,0.09266394357482738,0.04553056860082204,0.07127054352603504,0.039508224245778545,0.021393400048792338,0.0060223443550434935
51097,PJM,2025,2780.653949183333,0.2928105263008228,0.15240517197862669,0.26210587782173317,0.13324856424169082,0.030704648479089658,0.019156607736935866
51099,PJM,2025,9626.247947252497,0.12184168749480706,0.07772818812791524,0.1081952054109791,0.0707000024960485,0.01364648208382796,0.007028185631866732
51101,PJM,2025,6781.261365610833,0.1997650369232564,0.08266786363343538,0.12436719511226198,0.07396886624717455,0.07539784181099442,0.008698997386260829
51103,PJM,2025,5202.304517668334,0.31647965421269847,0.14150841910153125,0.268319490961504,0.13827814493112728,0.04816016325119449,0.003230274170403974
51107,PJM,2025,137216.82943131332,0.0472428856597722,0.02918332404863286,0.04215781008071618,0.022953741964549735,0.00508507557905602,0.006229582084083127
51109,PJM,2025,14348.583555971665,0.21469785179071305,0.09536619847524985,0.17581781667583082,0.0878775429001184,0.03888003511488222,0.007488655575131453
51111,PJM,2025,4489.897774529167,0.4181673707354551,0.23944991458357667,0.3712911332336846,0.19232216663026033,0.0468762375017705,0.04712774795331634
51113,PJM,2025,5228.747172925001,0.24261422687008338,0.11369566972052313,0.21333815384135044,0.1102978512127432,0.029276073028732946,0.003397818507779926
51115,PJM,2025,3689.8841678991666,0.18715744778239293,0.0834177697950828,0.13150104746276137,0.07600114060346391,0.055656400319631566,0.0074166291916188815
51119,PJM,2025,4673.629298998334,0.27717212989844964,0.11851984161403585,0.233384870944858,0.10943537249654874,0.043787258953591646,0.009084469117487115
51121,PJM,2025,35399.895473624165,0.1987845154874287,0.1460253466442636,0.17756863644004792,0.12990344317917485,0.021215879047380787,0.01612190346508874
51125,PJM,2025,5978.378385621667,0.23200466260508143,0.1406159088327066,0.19354622314966521,0.12940371527959427,0.038458439455416216,0.011212193553112343
51127,PJM,2025,8593.8624013875,0.16633644796925556,0.07022405198438257,0.07997600688863328,0.04926786014652049,0.08636044108062228,0.020956191837862084
51133,PJM,2025,5119.261494512501,0.3216758786572105,0.14488736526239887,0.2686365981706169,0.14183080895700742,0.053039280486593565,0.00305655630539145
51135,PJM,2025,5356.192075041667,0.4020805026807682,0.21139401593115167,0.35881038610844,0.18928448961811112,0.04327011657232821,0.022109526313040556
51137,PJM,2025,14064.271875955,0.1528864321693862,0.09535233458496681,0.12566401925126255,0.07535462196199684,0.027222412918123634,0.019997712622969968
51139,PJM,2025,9042.649432920833,0.23795476217803282,0.12899457468018807,0.18457502471854506,0.1149526270744461,0.053379737459487764,0.01404194760574197
51141,PJM,2025,7614.033354291666,0.3204072397439113,0.15485057238558497,0.22853071354948237,0.13399877922180214,0.0918765261944289,0.020851793163782828
51145,PJM,2025,10945.285253904167,0.13171122415158412,0.059874485767855166,0.07774140875434482,0.05924051389420986,0.0539698153972393,0.0006339718736453059
51147,PJM,2025,7295.796458054167,0.32617866677787266,0.16231574050552747,0.2762779446398177,0.14195532205945816,0.049900722138054965,0.02036041844606931
51149,PJM,2025,12675.501524816666,0.20913616706460125,0.09278560611525866,0.12557111906647192,0.08162391754961594,0.08356504799812933,0.011161688565642716
51153,PJM,2025,151187.90185902664,0.08544849509488282,0.027996182279585106,0.059106361882573705,0.014200254110247461,0.02634213321230912,0.013795928169337645
51155,PJM,2025,14066.470038054165,0.2125192215207695,0.1158475624816094,0.14873966000192917,0.10818610170525382,0.06377956151884032,0.007661460776355586
51157,PJM,2025,2777.184830316666,0.15130429893416697,0.0761000988235396,0.13193380184502196,0.06276376504384772,0.01937049708914501,0.013336333779691886
51159,PJM,2025,2802.264305366667,0.25918347008550024,0.1453505529801806,0.22814822450120228,0.11198712764971373,0.03103524558429796,0.033363425330466864
51161,PJM,2025,38517.717460768334,0.0977039802598572,0.05382065348567123,0.08077714334640992,0.041085297141508395,0.016926836913447277,0.012735356344162833
51163,PJM,2025,9171.825566041665,0.31424825030250036,0.12869607020096824,0.24105814050577523,0.10993477962644665,0.07319010979672513,0.018761290574521583
51165,PJM,2025,30994.956849151666,0.17983829478133517,0.08285009671302762,0.1285822551348623,0.07434508697212687,0.05125603964647288,0.008505009740900751
51167,PJM,2025,10289.869966416667,0.3318244536161556,0.14442115692708563,0.24053261351442923,0.13292813437528075,0.09129184010172636,0.011493022551804871
51169,PJM,2025,8727.960170725,0.34868773277101633,0.18209531902874324,0.2764606054045958,0.1611381975864174,0.07222712736642051,0.020957121442325838
51171,PJM,2025,17171.8886791775,0.19760453667251254,0.10132030849702488,0.14733509713904588,0.08575172155047016,0.05026943953346666,0.015568586946554719
51173,PJM,2025,12480.335794775001,0.31078476220258033,0.14974067119043874,0.23798690448979332,0.13056146651075556,0.07279785771278702,0.019179204679683176
51175,PJM,2025,6711.146117190834,0.3586786541455785,0.13983015306263458,0.25551416664335946,0.1226612982976708,0.10316448750221902,0.01716885476496377
51177,PJM,2025,48805.73033688333,0.12669385183820875,0.06740336789183556,0.11360980828419291,0.04018423064605875,0.013084043554015837,0.027219137245776806
51179,PJM,2025,49535.911123460006,0.0830128788234976,0.04192128308338567,0.07265569127321109,0.027933485246921814,0.010357187550286515,0.013987797836463856
51181,PJM,2025,2700.6224401333334,0.3442432877128137,0.17953129864272915,0.2962641895459964,0.15486844260621052,0.04797909816681728,0.024662856036518632
51183,PJM,2025,3644.1733882375,0.3661494366562431,0.18600291185225323,0.25560358996063065,0.16324356397580286,0.11054584669561246,0.02275934787645037
51185,PJM,2025,15431.287677133334,0.312888300151422,0.14374076870132957,0.22781493121175936,0.12987694669046873,0.08507336893966264,0.013863822010860838
51187,PJM,2025,15081.494536732502,0.2065036571774283,0.11391567606295643,0.15925480177888468,0.09751999823522219,0.04724885539854362,0.01639567782773424
51191,PJM,2025,21733.086372220834,0.2039965861504461,0.07909901120746804,0.11483657455279328,0.0599988127117808,0.08916001159765283,0.01910019849568724
51193,PJM,2025,7692.4005923899995,0.31017497964576857,0.16855151696838444,0.22619005311939155,0.16413933432344477,0.08398492652637701,0.004412182644939672
51197,PJM,2025,12133.341534454166,0.23394947091116378,0.1094850612640618,0.16549720537629845,0.0951087923019617,0.06845226553486533,0.014376268962100092
51199,PJM,2025,25470.238740225832,0.0860750419363977,0.045172613676024445,0.060023179264989936,0.03948694874821117,0.026051862671407765,0.005685664927813278
51510,PJM,2025,73646.97024392,0.05811677276178718,0.01873090207066439,0.046418907913308126,0.018233195839456245,0.011697864848479053,0.0004977062312081469
51530,PJM,2025,2624.5133998583333,0.32583824503601067,0.1620599057472108,0.28935353102318256,0.11528261926242468,0.0364847140128281,0.046777286484786115
51540,PJM,2025,19009.233979491666,0.2232793162023653,0.1499679476282733,0.19379366417777374,0.13367418762366234,0.029485652024591552,0.01629376000461097
51550,PJM,2025,90023.29669734417,0.14406299465594452,0.062030184250755266,0.10379780316526484,0.05461554795802522,0.04026519149067968,0.007414636292730044
51570,PJM,2025,7384.669586001666,0.25593577162998704,0.13057853005067172,0.2093415282319603,0.10506047439039633,0.04659424339802673,0.025518055660275388
51580,PJM,2025,2413.55132315,0.3839927920987496,0.10460489981232078,0.3277079100847074,0.10018253767692485,0.05628488201404219,0.00442236213539593
51590,PJM,2025,18344.662240391666,0.36324336210401825,0.17508396568706328,0.28928866995677444,0.14969035981460718,0.07395469214724382,0.025393605872456093
51595,PJM,2025,2184.4932891541666,0.41284097206818515,0.23879918241145873,0.3709132232203213,0.21299317040024265,0.04192774884786388,0.025806012011216073
51600,PJM,2025,8789.988759226666,0.05499118148237463,0.017441038297773024,0.03143149735923444,0.012599535102220501,0.023559684123140197,0.0048415031955525226
51610,PJM,2025,5605.6600278000005,0.015690011285703673,0.007655430940724023,0.014110115698729279,0.007226775815710484,0.001579895586974394,0.00042865512501353946
51620,PJM,2025,3296.0792778125005,0.4412368834165417,0.26822073965356785,0.34055720480626156,0.15695317981196588,0.10067967861028015,0.11126755984160197
51630,PJM,2025,10772.773106280001,0.1589304014310469,0.04723869260274381,0.11509276446537405,0.0388259333154283,0.043837636965672847,0.00841275928731551
51640,PJM,2025,2507.4262280541666,0.29074065004127075,0.13515088330088756,0.20076184222003976,0.11644319352913221,0.089978807821231,0.018707689771755354
51650,PJM,2025,56154.5096907025,0.22313500057839106,0.10210508386327023,0.1862519172479602,0.09425247671283016,0.03688308333043086,0.007852607150440075
51660,PJM,2025,16632.553152537505,0.16611647632458115,0.09909428961959345,0.13290796653600828,0.0935910785875556,0.03320850978857287,0.0055032110320378524
51670,PJM,2025,9088.151801186665,0.4106085892794226,0.20400663005389563,0.2813558140917744,0.17804612716530394,0.12925277518764822,0.025960502888591697
51678,PJM,2025,1888.8015510250002,0.14794810081557785,0.07516189798038465,0.11710183334063723,0.05612201742465123,0.030846267474940625,0.019039880555733427
51680,PJM,2025,28035.634291165836,0.17409896789504845,0.11399953180205938,0.15181791736280367,0.09475796043859941,0.022281050532244773,0.01924157136345997
51683,PJM,2025,13542.666123046667,0.053390185790881124,0.013814483823212785,0.02749778166104736,0.011953119098500142,0.025892404129833763,0.001861364724712643
51685,PJM,2025,4976.962107493334,0.041314673855044094,0.008052074504042626,0.016734485827797692,0.008031057667317567,0.024580188027246402,2.1016836725059468e-05
51690,PJM,2025,5463.648593225001,0.4499750182152846,0.24377861962775202,0.3731364616294136,0.15572776710833042,0.07683855658587097,0.0880508525194216
51700,PJM,2025,74532.18302123834,0.19042891253540467,0.12755380785540618,0.16766776608495215,0.09581260986704808,0.02276114645045252,0.0317411979883581
51710,PJM,2025,92491.0214923525,0.21875548429358013,0.12512334573829648,0.16402523573209987,0.10898264037693768,0.05473024856148026,0.016140705361358795
51730,PJM,2025,14046.044144674166,0.38676829092118653,0.2207104596384741,0.31342723880007367,0.20466733698351341,0.07334105212111286,0.01604312265496069
51735,PJM,2025,4548.48764045,0.10017334923894733,0.05363042910072258,0.08113347808818565,0.048971028546379955,0.01903987115076168,0.004659400554342628
51740,PJM,2025,37996.17944058417,0.3162790720863655,0.168351964369324,0.2610339898811507,0.14336424013870758,0.055245082205214846,0.02498772423061643
51750,PJM,2025,5359.690737330833,0.39672599353259097,0.2558720771268416,0.33325782445385166,0.22538384669309994,0.06346816907873931,0.030488230433741687
51760,PJM,2025,99590.52492371917,0.2734966513689686,0.14362633756271093,0.222682028327399,0.11140388636343315,0.05081462304156961,0.032222451199277774
51770,PJM,2025,41987.42435299,0.2593385934165924,0.12450582801040667,0.18387292005390388,0.10154747812697654,0.0754656733626885,0.022958349883430137
51775,PJM,2025,9835.425484811667,0.11910643027211804,0.061793699116377145,0.09116582982095255,0.05219484351569259,0.02794060045116549,0.009598855600684554
51790,PJM,2025,10800.1263987,0.23748276750642733,0.09291982747527186,0.18304571885207682,0.08803701587320757,0.054437048654350506,0.004882811602064288
51800,PJM,2025,35643.85399555917,0.2121280386934175,0.10166944787647907,0.15896654681945385,0.07440634684005905,0.05316149187396366,0.027263101036420018
51810,PJM,2025,177222.0326258525,0.10486734591374157,0.06603699095524375,0.09404762900089116,0.05480121103150533,0.010819716912850413,0.01123577992373842
51820,PJM,2025,9214.187320541667,0.25549525876498463,0.11735714543585292,0.21760063010414607,0.11026000178750535,0.037894628660838564,0.00709714364834757
51830,PJM,2025,4734.0189285783335,0.10123073882432694,0.05044982507003259,0.08231582276689918,0.03441565868409563,0.01891491605742776,0.01603416638593696
51840,PJM,2025,10772.8827765675,0.14037995671597642,0.0664887955037902,0.10292457311466154,0.05461446517258316,0.03745538360131488,0.011874330331207036
53025,CITY,2025,33372.0036098525,0.08125423733951181,0.044907441551273304,0.08041389280817378,0.042019519105060146,0.0008403445313380359,0.002887922446213158
53033,CITY,2025,912559.0444989525,0.05580043259191647,0.031114940034359703,0.054762481024424485,0.031114940034359703,0.0010379515674919862,0.0
55001,MISO,2025,9040.715278331667,0.29297139580775594,0.13968144341816227,0.2592948819542138,0.11467231748444631,0.033676513853542145,0.02500912593371596
55003,MISO,2025,6687.226502022499,0.2655496291362983,0.13472781077838172,0.21493506001333948,0.11207913435911288,0.050614569122958836,0.02264867641926885
55005,MISO,2025,18732.44472072,0.2811048073934619,0.12077950573770807,0.2205695243353528,0.09145332686693694,0.060535283058109096,0.02932617887077113
55007,MISO,2025,7430.091675579167,0.23577789102628338,0.09501946554200956,0.1978094401882018,0.08484610759967864,0.03796845083808159,0.010173357942330916
55009,MISO,2025,106386.66578452082,0.06275203122478329,0.03723266611005115,0.0557191655695491,0.0328048746370662,0.007032865655234186,0.00442779147298495
55011,MISO,2025,5519.3363185641665,0.2534895086578034,0.14357554010759827,0.19601339317425565,0.11659594751404441,0.05747611548354775,0.026979592593553856
55013,MISO,2025,6925.300150925834,0.2604565115899264,0.11743833445634433,0.2360614317444344,0.1094142578771406,0.024395079845491996,0.008024076579203732
55015,MISO,2025,20197.3657959475,0.0805849213055086,0.04580772075645144,0.07657459897131662,0.03485628873632233,0.004010322334191976,0.01095143202012911
55017,MISO,2025,25988.114318176667,0.22515243768747828,0.09328907930753491,0.15332055647344436,0.06848278071167627,0.07183188121403392,0.024806298595858645
55019,MISO,2025,12422.62860446,0.26093912212625797,0.1248652310108856,0.2102303056475535,0.09824455738043202,0.05070881647870448,0.02662067363045359
55021,MISO,2025,23373.839967354997,0.10735505151925995,0.06069771016600084,0.0940679839607377,0.053913113574334676,0.013287067558522242,0.006784596591666164
55023,MISO,2025,6435.822690589167,0.24695959265237818,0.1237217010744652,0.178719902660008,0.11222990529677637,0.06823968999237018,0.011491795777688829
55025,MISO,2025,237520.15799569,0.07427309593793208,0.02900175121083827,0.04896152190428411,0.0175874268546327,0.02531157403364797,0.011414324356205569
55027,MISO,2025,34799.04555811833,0.10228199920446691,0.056626959785595336,0.08558946174100332,0.052159438823240534,0.016692537463463594,0.004467520962354803
55029,MISO,2025,13528.68661488,0.17387424911079327,0.08627530120560434,0.16204173745480108,0.07561130803253563,0.011832511655992195,0.010663993173068709
55031,MISO,2025,18398.035900994168,0.14220990659136715,0.06957075405963134,0.1242781024365458,0.06317520766870881,0.017931804154821346,0.006395546390922532
55033,MISO,2025,16532.486142560832,0.21296299619129583,0.11075016527755499,0.17263119292174528,0.08380644304623334,0.04033180326955055,0.026943722231321646
55035,MISO,2025,41026.647419998335,0.13426382902745496,0.056184272841771146,0.08374364121858353,0.04922789478411514,0.05052018780887142,0.006956378057656004
55037,MISO,2025,2043.5456693541666,0.2456736166081529,0.10292410283102298,0.21327051908684308,0.10206735943827401,0.03240309752130982,0.0008567433927489654
55039,MISO,2025,41323.749355471664,0.09074191906764444,0.04989856015191513,0.0830465686648122,0.04234698779782813,0.0076953504028322295,0.007551572354086995
55041,MISO,2025,3650.6426816450003,0.22734046205352662,0.12324133954379085,0.213893048044711,0.11639084015298289,0.013447414008815634,0.006850499390807965
55043,MISO,2025,19313.705444675834,0.17719641965830485,0.07732434594496837,0.13822719516169338,0.06997012630595609,0.03896922449661147,0.007354219639012283
55045,MISO,2025,15207.6619492075,0.1032130032266485,0.0405014816865892,0.08851625134067036,0.03908010648130154,0.014696751885978146,0.0014213752052876644
55047,MISO,2025,7837.7579516275,0.14605910094977548,0.09629113118194549,0.1408705259551596,0.08329629405268062,0.005188574994615891,0.012994837129264872
55049,MISO,2025,9589.302911513334,0.13475888551729961,0.0689389163058575,0.10945019122782429,0.06384283434738754,0.025308694289475325,0.0050960819584699585
55051,MISO,2025,2902.642213735,0.31274262355328536,0.1131397452153624,0.21584668206390684,0.09310042119254855,0.09689594148937852,0.020039324022813845
55053,MISO,2025,7909.781121005,0.3142929769094085,0.1749188051229168,0.2448952351590331,0.15697315164020306,0.06939774175037539,0.017945653482713736
55055,MISO,2025,33290.743809616666,0.07874810587478388,0.047225001517113986,0.07393947253056815,0.043959158094587024,0.004808633344215732,0.0032658434225269622
55057,MISO,2025,10395.263670585,0.2266268287319056,0.1150381953208346,0.20679854814373905,0.10863898125489102,0.019828280588166547,0.006399214065943584
55059,MISO,2025,64033.521431497495,0.08496387213407024,0.043240260029304596,0.07439486599298205,0.039072493239236124,0.010569006141088189,0.004167766790068472
55061,MISO,2025,8063.985705010833,0.12000648035007482,0.057648780389015934,0.10424783230530343,0.04256029093467648,0.01575864804477138,0.015088489454339452
55063,MISO,2025,48176.56156461334,0.08413919376898285,0.03536216229999034,0.068508619128725,0.03197250797791957,0.015630574640257855,0.0033896543220707717
55065,MISO,2025,6524.603403386667,0.28474336321509885,0.11513753596848009,0.23123334693981393,0.10527742956633865,0.05351001627528493,0.009860106402141439
55067,MISO,2025,8076.2150365649995,0.19654511312405146,0.10634686294112944,0.1729960262458219,0.08944541182815983,0.02354908687822957,0.016901451112969604
55069,MISO,2025,11798.605530907498,0.14643848969148254,0.0794079266476901,0.13520287102329318,0.07110787694046272,0.011235618668189368,0.008300049707227378
55071,MISO,2025,33766.7590197175,0.10367238575820993,0.05432024786893545,0.09733883622181176,0.05277834583263804,0.00633354953639817,0.0015419020362974142
55073,MISO,2025,54721.32047213,0.09816382928370351,0.055138115081762924,0.09307798656879543,0.0496502093807675,0.005085842714908084,0.005487905700995423
55075,MISO,2025,18098.690111031665,0.2036565835237801,0.09640820935869591,0.19437944347073702,0.07893407821882786,0.009277140053043087,0.01747413113986805
55077,MISO,2025,6752.571978093332,0.21924377178928767,0.10364844737132638,0.19675862898011195,0.10134015035444148,0.022485142809175712,0.002308297016884897
55078,MISO,2025,1275.9365865666664,0.3063903381112434,0.14267482781532032,0.2798608222000454,0.13296467399672693,0.02652951591119801,0.009710153818593387
55079,MISO,2025,384825.1751244275,0.1280418108901436,0.08633820186771951,0.12309859896093897,0.08172448082908791,0.004943211929204633,0.004613721038631599
55081,MISO,2025,17710.193055913333,0.15301837406331859,0.0917748697199062,0.12656658081995908,0.07009323911141756,0.0264517932433595,0.021681630608488642
55083,MISO,2025,16074.242403741668,0.17485922247979382,0.07736729229768764,0.16165411947222744,0.06407050378951418,0.013205103007566388,0.013296788508173465
55085,MISO,2025,15858.853859720833,0.14750377166361078,0.07338102329502047,0.14347285878635496,0.07207057925927901,0.004030912877255821,0.0013104440357414593
55087,MISO,2025,74673.25127240416,0.06669611153704871,0.028109940493208235,0.05949771747156028,0.02622941934977489,0.007198394065488431,0.0018805211434333446
55089,MISO,2025,36635.504094388336,0.06026955474313725,0.03213123901549671,0.053335433386874936,0.02592659643669244,0.006934121356262313,0.006204642578804268
55091,MISO,2025,3022.8151432216664,0.2088227318193672,0.12077319931013349,0.15702520829252026,0.09659529965819727,0.05179752352684694,0.024177899651936216
55093,MISO,2025,15523.289282843334,0.14008101561906017,0.05718830918395159,0.1144333824546319,0.03804472719882167,0.025647633164428266,0.019143581985129922
55095,MISO,2025,18234.2732177725,0.16907308609445873,0.07311214683853047,0.14394674312062553,0.06332064641982187,0.025126342973833204,0.009791500418708604
55097,MISO,2025,28771.412261253332,0.09554466747351979,0.046999653288433814,0.09014128310109663,0.0454400487253158,0.005403384372423159,0.0015596045631180167
55099,MISO,2025,6553.198970079167,0.31719364820141505,0.12905225942800624,0.24710388726804328,0.09964023944941276,0.07008976093337177,0.02941201997859348
55101,MISO,2025,75858.86611764916,0.11583579178769975,0.060541485847534444,0.08974568728085779,0.05684109016419202,0.02609010450684196,0.0037003956833424265
55103,MISO,2025,7072.306021423333,0.24974709058008587,0.13274109316436677,0.21230262060106048,0.10553580479654086,0.0374444699790254,0.027205288367825917
55105,MISO,2025,64199.0805461275,0.15537227447602983,0.055435218519698966,0.13579058475992742,0.05462233963489152,0.019581689716102413,0.0008128788848074456
55107,MISO,2025,6103.626881164167,0.3025673699954708,0.1288930990920839,0.24626041842873023,0.10550292766866788,0.056306951566740565,0.023390171423416026
55109,MISO,2025,34782.802242227495,0.07740448536800376,0.05218082542823997,0.06806269592436352,0.030854250328210632,0.009341789443640239,0.02132657510002934
55111,MISO,2025,26365.950493061668,0.12574507296907908,0.06094635543468077,0.09985325171121677,0.05462801369146014,0.02589182125786231,0.006318341743220629
55113,MISO,2025,8031.799480254166,0.2628476079373801,0.11437257227806984,0.23136670068926585,0.10543292470907184,0.031480907248114254,0.008939647568997997
55115,MISO,2025,16365.279949675833,0.18744272250136054,0.0951156549732085,0.176057694990245,0.08797868074041226,0.01138502751111553,0.007136974232796231
55117,MISO,2025,47399.60897941583,0.07998727496783019,0.04643511526039158,0.07389364213702775,0.037246515720555595,0.006093632830802442,0.009188599539835987
55119,MISO,2025,7620.995402823333,0.34057922838652605,0.16540695750054743,0.29746371916326847,0.11657116065256787,0.043115509223257575,0.04883579684797956
55121,MISO,2025,12183.146334637499,0.22168414180974602,0.0938917799594037,0.14503516170173092,0.06543620535944425,0.0766489801080151,0.028455574599959454
55123,MISO,2025,11814.648978430832,0.23336695217946782,0.12635571350550104,0.18822304581680593,0.10855244749488979,0.045143906362661884,0.017803266010611246
55125,MISO,2025,10405.3739710525,0.16634682608304047,0.08318493845356535,0.1586190758044794,0.07751108400576652,0.0077277502785610686,0.005673854447798832
55127,MISO,2025,40610.23520634667,0.09423011317247809,0.04772843871090779,0.08284054842872647,0.03846982727244858,0.01138956474375162,0.009258611438459206
55129,MISO,2025,7161.930192894166,0.3111655846734713,0.12093488786458852,0.23676347188579627,0.09966408657750718,0.074402112787675,0.021270801287081337
55131,MISO,2025,54604.04755696084,0.065382422467918,0.03624146274106004,0.05990401882699843,0.031668890154027136,0.005478403640919574,0.004572572587032905
55133,MISO,2025,163567.09468500415,0.050470447489008405,0.03351859991071179,0.047573070881724834,0.03236569157445283,0.0028973766072835708,0.0011529083362589593
55135,MISO,2025,21845.535480461665,0.18233469285658005,0.10341806615161482,0.16312409446168105,0.08602702377342311,0.019210598394898998,0.01739104237819171
55137,MISO,2025,10030.396091709166,0.21772503012801814,0.11953486023666371,0.19682392462108264,0.11145905935508588,0.020901105506935497,0.008075800881577833
55139,MISO,2025,69703.34892783167,0.07017403165578423,0.03703749646502543,0.05385703031506093,0.02875404129563604,0.0163170013407233,0.00828345516938939
55141,MISO,2025,31349.468501871663,0.10684219698443036,0.06591628558388883,0.09877895517896745,0.053539207318638454,0.008063241805462903,0.012377078265250377
54001,PJM,2025,5628.344236941666,0.2890492384941335,0.1345430367462997,0.22935140281841276,0.11949135901993285,0.059697835675720734,0.015051677726366841
54003,PJM,2025,47407.1086198625,0.114428331748905,0.06447904373471854,0.0903570499697757,0.05002757932642604,0.024071281779129303,0.014451464408292494
54005,PJM,2025,7793.946163537501,0.2956316766745156,0.16329333850160738,0.2540883231246018,0.10685866954883104,0.04154335354991384,0.05643466895277634
54007,PJM,2025,4456.646636991667,0.23038141210597837,0.1267050782926041,0.1604601782448139,0.09513458750614112,0.06992123386116447,0.031570490786462985
54009,PJM,2025,9320.31058985,0.21903281363532917,0.09230897394389798,0.16760595146201818,0.0795944150039431,0.051426862173310994,0.012714558939954879
54011,PJM,2025,37799.79461083333,0.28633898446903633,0.14567732767116223,0.20625568202886208,0.12024000143160125,0.08008330244017425,0.02543732623956098
54013,PJM,2025,2390.5344339875,0.20365535047969352,0.10614729981532663,0.18690891313427657,0.08599142758896629,0.016746437345416948,0.02015587222636034
54015,PJM,2025,2798.6708101875,0.4037249732904343,0.17605784056717594,0.30954761127906993,0.14572785543363326,0.09417736201136434,0.03032998513354268
54017,PJM,2025,2317.1860796916662,0.18480326948155484,0.08691301487145343,0.14243800356468786,0.05073617095372721,0.042365265916866984,0.03617684391772622
54019,PJM,2025,15595.554492675,0.34260720647784154,0.2104300200969492,0.3022711703639095,0.16310148234756372,0.04033603611393205,0.047328537749385474
54021,PJM,2025,2090.0772429833332,0.1417135241684759,0.09965255224381242,0.13928449828141343,0.08184634397051842,0.0024290258870624803,0.017806208273294002
54023,PJM,2025,4067.8432781166666,0.2290427931879906,0.11771591060432027,0.18653373829431433,0.10770381686005091,0.04250905489367626,0.010012093744269354
54025,PJM,2025,14431.388297925,0.30651747671100293,0.16117005677457438,0.2721785888023171,0.1295364520050799,0.03433888790868583,0.03163360476949448
54027,PJM,2025,7941.182401270833,0.22791614470539762,0.13896749722498028,0.2120383545042194,0.11984365277384453,0.015877790201178216,0.019123844451135755
54029,PJM,2025,12543.1333672,0.2091591847307405,0.09751190818861821,0.14940590076317614,0.08619493596111272,0.05975328396756435,0.011316972227505495
54031,PJM,2025,5590.6749591875,0.1978577910210731,0.09270234907831607,0.15776973397096844,0.08522617930735142,0.04008805705010465,0.007476169770964644
54033,PJM,2025,25312.593570065,0.13779015275159642,0.09930384460560879,0.11679049033736538,0.08465887358789909,0.02099966241423104,0.014644971017709701
54035,PJM,2025,10903.992229366668,0.30542597400807847,0.13470758393677323,0.21529593523194276,0.11410124038133422,0.0901300387761357,0.020606343555439013
54037,PJM,2025,21210.483391213333,0.10691081488255423,0.06957237857583715,0.0966204485806991,0.04919702260128332,0.010290366301855133,0.020375355974553824
54039,PJM,2025,76183.26437432083,0.2634568415959129,0.11385819633240583,0.2181597218610237,0.08936862529770924,0.04529711973488923,0.024489571034696594
54041,PJM,2025,6668.754188283332,0.2132988123296429,0.08996734088779042,0.17547176692276514,0.0870802778918773,0.03782704540687776,0.0028870629959131117
54043,PJM,2025,7483.027618075,0.36285402107159764,0.19965347624018698,0.30813891533538146,0.14533140534451608,0.054715105736216185,0.0543220708956709
54045,PJM,2025,11977.786093437498,0.43803718621601423,0.21693618775247991,0.338241920732097,0.1448320380247866,0.0997952654839172,0.0721041497276933
54047,PJM,2025,5918.683558466666,0.619265010884229,0.29164653824031406,0.4561476827147849,0.22935050815689118,0.16311732816944413,0.06229603008342288
54049,PJM,2025,22711.828154225,0.10692362103319196,0.06954669429988174,0.09740524437542748,0.06362792474529058,0.009518376657764477,0.005918769554591155
54051,PJM,2025,11788.9384316375,0.32678946565815165,0.14914479890528265,0.2794194411647108,0.11784526370613127,0.047370024493440854,0.03129953519915138
54053,PJM,2025,9940.0680051,0.32575340983762124,0.17803722323298093,0.2653693969125714,0.13291728313223025,0.06038401292504986,0.04511994010075068
54055,PJM,2025,23798.375805925,0.33768659865589257,0.1594694320813402,0.2620275234361436,0.10480390965605461,0.07565907521974896,0.05466552242528559
54057,PJM,2025,10223.784925470834,0.18253651973454985,0.09820344789403869,0.16297015227100622,0.09602532788313599,0.01956636746354362,0.002178120010902701
54059,PJM,2025,8784.743335254167,0.44959458157036697,0.2623353092596822,0.3788100665729793,0.20176483273367618,0.07078451499738769,0.060570476526006
54061,PJM,2025,43254.56509037417,0.1275275877327969,0.07452403054120689,0.10555569043950605,0.04382306166808507,0.021971897293290854,0.03070096887312182
54063,PJM,2025,4528.599276391666,0.31907164129541116,0.17319960079447097,0.2668569706393649,0.14398605080992793,0.052214670656046236,0.029213549984543036
54065,PJM,2025,6923.024825049999,0.17144495801969453,0.08743180349154127,0.14911638551133044,0.08056970690796345,0.022328572508364092,0.006862096583577823
54067,PJM,2025,9387.969754716667,0.2812086721082904,0.1388347569926035,0.2362533791920067,0.12580562990185215,0.04495529291628372,0.013029127090751352
54069,PJM,2025,16924.995776009164,0.2535157248268694,0.09406265534631969,0.2152698101577177,0.08500094600698475,0.0382459146691517,0.009061709339334936
54071,PJM,2025,2314.684700433333,0.23585264898690694,0.10171205518909687,0.18308848007095527,0.09932386397787124,0.052764168915951676,0.002388191211225632
54073,PJM,2025,2651.3623402666667,0.11989312978582242,0.05416597748092869,0.10266851616527388,0.04341042379182716,0.017224613620548543,0.010755553689101527
54075,PJM,2025,2849.8247515666662,0.3661840839998361,0.18324201330728174,0.3133182729513928,0.1711338733733447,0.05286581104844329,0.012108139933937029
54077,PJM,2025,12275.9808574125,0.23167570160359421,0.14093204698930498,0.20787924538204441,0.1287654394742065,0.0237964562215498,0.012166607515098488
54079,PJM,2025,21961.971986682503,0.19957866474879343,0.08607258035535718,0.12699431070873687,0.07284732459844578,0.07258435404005656,0.0132252557569114
54081,PJM,2025,28850.486562554164,0.35349676063448615,0.19436717661719002,0.29290971511817004,0.1490692586593562,0.06058704551631611,0.04529791795783383
54083,PJM,2025,10097.8058207375,0.23527014968978896,0.1179481038828638,0.1830645536309184,0.10550977231314199,0.05220559605887057,0.012438331569721808
54085,PJM,2025,3206.1198171999995,0.16465822368741342,0.07461276187599952,0.14716306285626904,0.054859636503522914,0.017495160831144385,0.01975312537247661
54087,PJM,2025,5358.613610345834,0.25967632991179507,0.13783157957418016,0.23378301581084074,0.12609566563145522,0.02589331410095433,0.01173591394272494
54089,PJM,2025,4735.803687308334,0.3687731267735003,0.22846989983533958,0.3081155174820343,0.14134266585304353,0.06065760929146602,0.08712723398229605
54091,PJM,2025,6497.502297770833,0.21505346039832207,0.0975878915170536,0.16213962587025216,0.08586923351168602,0.052913834528069914,0.011718658005367588
54093,PJM,2025,2794.437782308333,0.21155664926780254,0.08582554365290587,0.17980832942865133,0.07962615905408695,0.03174831983915122,0.006199384598818927
54095,PJM,2025,2908.4020658625,0.1463377199401362,0.10212026074339253,0.13392857852294687,0.08793593307137491,0.012409141417189323,0.014184327672017619
54097,PJM,2025,9341.201955758333,0.24033826204767847,0.11144160643676931,0.1864529701164072,0.11096841830252975,0.053885291931271256,0.0004731881342395633
54099,PJM,2025,14562.118562808333,0.33305240576447487,0.17377799641683048,0.28783737752143784,0.14160864690846992,0.045215028243037025,0.03216934950836056
54101,PJM,2025,2871.9898857041667,0.36523039142376723,0.1838922867424523,0.31722869156331246,0.16946795380943097,0.04800169986045477,0.014424332933021339
54103,PJM,2025,5679.438100529167,0.2501285619957381,0.11140888323225369,0.19284281624437824,0.10769747534188462,0.057285745751359834,0.00371140789036907
54105,PJM,2025,2076.7978979833333,0.19821157292422467,0.10231853762211322,0.16053316668916534,0.07987398542057422,0.03767840623505933,0.022444552201539
54107,PJM,2025,34818.539696006665,0.12804307241259705,0.08101757704024361,0.11489005813011723,0.06159273969889172,0.013153014282479822,0.019424837341351885
54109,PJM,2025,7352.608123954167,0.4162043808453952,0.18806943613529278,0.31306103159402043,0.15321482120018515,0.10314334925137475,0.034854614935107636
