county_fips,iso,year,total_units_counted,share_bench_gt6,share_bench_gt10,share_dc_gt6,share_dc_gt10,share_diff_gt6,share_diff_gt10
01089,CITY,2026,158034.1294608183,0.10778735694526012,0.07203266202571995,0.10661081039826185,0.07051680442700176,0.0011765465469982667,0.0015158575987181955
05001,MISO,2026,6459.491017858333,0.26289564520720315,0.11325704977927073,0.24636981974151093,0.11003597696486832,0.01652582546569223,0.003221072814402412
05003,MISO,2026,7050.319913174999,0.34917791464912795,0.18567898272890374,0.32707313566177976,0.16331621923613837,0.022104778987348195,0.022362763492765364
05005,MISO,2026,18670.85956237083,0.24440549082660387,0.08009179945048099,0.23327093010549574,0.07577186499720125,0.011134560721108133,0.004319934453279745
05009,MISO,2026,14746.250343116666,0.1876923260331475,0.08140220408117636,0.1805894341880199,0.0793413696220499,0.007102891845127607,0.0020608344591264566
05011,MISO,2026,3464.6187361875,0.34319351118441543,0.18645104021316103,0.3278720670190333,0.18063028523675878,0.015321444165382114,0.005820754976402248
05013,MISO,2026,1469.333236083333,0.24186694096011352,0.11844026465629476,0.2003237430624892,0.11844026465629476,0.04154319789762431,0.0
05017,MISO,2026,3894.1840080541665,0.42202339323016586,0.26624917448510005,0.41010749697418664,0.2433332512607657,0.01191589625597922,0.02291592322433436
05019,MISO,2026,7734.878936825,0.22828998367617895,0.11018213836235705,0.20086042611087054,0.09392653993257587,0.027429557565308404,0.01625559842978118
05021,MISO,2026,5960.521219045833,0.3473265000497289,0.15813549793623938,0.32318696014278664,0.1376759088482924,0.024139539906942287,0.020459589087946983
05023,MISO,2026,10473.382977425,0.24373429981369293,0.11036719492322006,0.2389901732749774,0.10193993479960524,0.004744126538715532,0.008427260123614819
05025,MISO,2026,2684.024265520833,0.3422422999238728,0.1581489071833947,0.3179098671003466,0.13814718153378858,0.024332432823526207,0.020001725649606117
05027,MISO,2026,7669.765738129166,0.2709857647896214,0.1492086188242317,0.23235378354122485,0.1297234260536695,0.038631981248396535,0.01948519277056221
05029,MISO,2026,8209.410909900002,0.20728440928461958,0.09927812099572371,0.18541531136512138,0.09718082956024403,0.021869097919498204,0.0020972914354796812
05031,MISO,2026,41835.236877129166,0.18486634067478044,0.07768871415221519,0.15377623538917162,0.07697096379948766,0.03109010528560882,0.0007177503527275308
05035,MISO,2026,18346.199880426666,0.26287252237134723,0.12442898975287649,0.2448607159169916,0.10472888941667026,0.018011806454355628,0.019700100336206228
05037,MISO,2026,6454.8330351125005,0.2952331258815878,0.13185797310960176,0.2664884624986307,0.12689084405675227,0.028744663382957114,0.004967129052849489
05039,MISO,2026,2207.299146370833,0.2980665063165089,0.14341479009901137,0.2743531826873913,0.12324830172987138,0.0237133236291176,0.020166488369139993
05041,MISO,2026,4388.7474376166665,0.3541197337527019,0.17487891369280859,0.32994712815555427,0.1681023094476535,0.024172605597147623,0.006776604245155082
05043,MISO,2026,6673.7223832624995,0.3228365036572607,0.15460145393648306,0.29622635420572613,0.14429970696254657,0.02661014945153456,0.010301746973936488
05045,MISO,2026,46754.80228657583,0.15219549464467022,0.09479302834946474,0.14149744553641966,0.09314907099661611,0.010698049108250562,0.0016439573528486268
05049,MISO,2026,4729.7905249791675,0.35685892823603094,0.17521911994618766,0.33214902524555656,0.16479781822792244,0.024709902990474375,0.010421301718265219
05051,MISO,2026,42036.15773877917,0.18389307695688722,0.08152250874174904,0.16165056251546572,0.0785515595462317,0.0222425144414215,0.002970949195517339
05053,MISO,2026,6674.6441586125,0.15117533882356896,0.0875003036136496,0.13815683290024147,0.08535295543157374,0.013018505923327484,0.0021473481820758616
05055,MISO,2026,17315.1632092875,0.22072984148921013,0.08994283663863027,0.2035487569728984,0.08686068205125444,0.01718108451631173,0.003082154587375832
05059,MISO,2026,11744.49658625,0.2644337914955247,0.11411974722079446,0.20042930162867964,0.1043356383215507,0.06400448986684507,0.009784108899243762
05063,MISO,2026,14030.427683962498,0.24692046234787896,0.11244446316302686,0.23007408726112083,0.10879512757290846,0.016846375086758125,0.003649335590118402
05065,MISO,2026,4782.184604029167,0.3337946479699367,0.1627733810528405,0.3079348678558845,0.1539604562326322,0.02585978011405221,0.008812924820208318
05067,MISO,2026,6006.0821724874995,0.3865910433070807,0.18390365338553244,0.34266424354979425,0.14206503240793658,0.04392679975728647,0.04183862097759586
05069,MISO,2026,23635.280538966665,0.28546304634053843,0.13170149888502622,0.27092942946091186,0.1266310388689461,0.014533616879626565,0.005070460016080108
05075,MISO,2026,6212.944492291666,0.3110073846053481,0.13496353773740893,0.2944813002278217,0.11424638275200791,0.016526084377526395,0.020717154985401026
05077,MISO,2026,2500.593965225,0.4563224581747164,0.2671490975837913,0.44260799400896733,0.24209640673798674,0.013714464165749063,0.025052690845804554
05079,MISO,2026,3318.328375145834,0.34188860098250756,0.13417399147834472,0.31381422922143304,0.11904834248538528,0.028074371761074524,0.015125648992959442
05085,MISO,2026,27230.276562455838,0.1566973968053538,0.08347560607227501,0.13913363298429815,0.08216669476106411,0.01756376382105565,0.0013089113112109002
05089,MISO,2026,7012.550566925,0.28043458876437544,0.13799058169325323,0.2716097600713678,0.11801877088584635,0.008824828693007658,0.019971810807406884
05093,MISO,2026,14643.747071570833,0.3729029775108235,0.22892643066602952,0.3588781404130919,0.20422945986119267,0.014024837097731613,0.02469697080483685
05095,MISO,2026,2752.2094874666664,0.3538024999932447,0.19110835477951743,0.3232751348165471,0.17462505375570694,0.030527365176697574,0.016483301023810487
05097,MISO,2026,3473.578484875,0.3477192047963178,0.15127043732795023,0.3295321198191837,0.1425996237749205,0.018187084977134116,0.008670813553029733
05099,MISO,2026,3078.3910972916665,0.60504500098455,0.3188774740199926,0.591769441018029,0.30489176344311214,0.013275559966521078,0.013985710576880472
05103,MISO,2026,8188.612995804167,0.24716904691963662,0.12436440381307298,0.232999415984037,0.1200932797827167,0.014169630935599614,0.004271124030356288
05105,MISO,2026,3751.442242175,0.18895761817767376,0.12064048612521715,0.18640721035164623,0.11901158885126531,0.0025504078260275287,0.0016288972739518376
05107,MISO,2026,6046.003242866667,0.42777509585661055,0.23764905398444774,0.41713509083537625,0.21089719540622143,0.0106400050212343,0.026751858578226317
05109,MISO,2026,3927.9709829208336,0.29064166826878746,0.14475661479060195,0.2736642928273803,0.1436525400272725,0.01697737544140715,0.0011040747633294379
05111,MISO,2026,8989.969893104168,0.34410776391962594,0.16277533245661605,0.3116295895225721,0.15730879235913145,0.03247817439705386,0.005466540097484596
05115,MISO,2026,23288.075404625,0.17006239126073486,0.07400485416237507,0.1471343356442057,0.05968065821498974,0.022928055616529164,0.014324195947385328
05117,MISO,2026,3271.3852229500003,0.247456627901346,0.11200345567183201,0.21780485999647642,0.10475416544752719,0.02965176790486959,0.007249290224304816
05119,MISO,2026,165115.03954007334,0.19555068667850595,0.10900942319409349,0.1578161121883799,0.10200045930297687,0.037734574490126044,0.007008963891116618
05121,MISO,2026,7016.4738577125,0.2919219873726485,0.1043903707348988,0.287402400091143,0.0999467449635205,0.004519587281505533,0.004443625771378301
05123,MISO,2026,7819.575499487501,0.347388854358062,0.17145133705312632,0.31365612734912296,0.167158614745967,0.033732727008939034,0.004292722307159325
05125,MISO,2026,47351.23121746917,0.12374039165256576,0.05708947348066762,0.11549453652884265,0.05708947348066762,0.008245855123723111,0.0
05129,MISO,2026,2908.1031798749996,0.3091031867008256,0.12284655615664546,0.2979579407336955,0.11917688142570092,0.011145245967130069,0.0036696747309445388
05135,MISO,2026,6794.768088345833,0.3064028205257468,0.16424642822087707,0.2964869306364271,0.1437219415718484,0.009915889889319685,0.020524486649028673
05137,MISO,2026,4707.7088945333335,0.39465782743932953,0.1998076002047298,0.38827391024044217,0.17899593865061292,0.006383917198887368,0.020811661554116873
05139,MISO,2026,14633.797777129166,0.28678918986976437,0.13435371516945618,0.25687659602906693,0.12879653840866592,0.029912593840697443,0.005557176760790261
05141,MISO,2026,6721.658807479167,0.29665949710924044,0.14761715028713548,0.27477278979903913,0.12840845050313748,0.021886707310201314,0.019208699783998
05145,MISO,2026,28255.80070574167,0.21568823908353288,0.10527139919021654,0.18563649113194786,0.0852821935841598,0.030051747951585023,0.019989205606056742
05147,MISO,2026,2580.8743789666664,0.3140305913395515,0.13528309812349687,0.29910888731305824,0.12040434523341058,0.014921704026493288,0.014878752890086291
05149,MISO,2026,7513.4095315333325,0.15978518590813406,0.07784876959645758,0.1308843349344636,0.06880108591640574,0.028900850973670456,0.009047683680051835
04013,CITY,2026,1662543.2419804109,0.0940796953554249,0.06184858027371079,0.08829088577668129,0.05812817306876372,0.0057888095787436145,0.0037204072049470682
06001,CAISO,2026,586191.5006481259,0.0556205784479731,0.005504119174487867,0.049715807996497274,0.004564116220406433,0.005904770451475826,0.0009400029540814342
06005,CAISO,2026,15407.1254360475,0.17533174567104703,0.08093068815761381,0.14530954328412796,0.0753801646203083,0.030022202386919078,0.005550523537305507
06007,CAISO,2026,81633.20338762252,0.16857395320598828,0.08676278098484584,0.1451190025924697,0.07468664647647241,0.02345495061351857,0.012076134508373429
06009,CAISO,2026,16757.213450531664,0.19165485456263437,0.09117964280072609,0.16158736164648083,0.08417119806457136,0.030067492916153543,0.007008444736154723
06011,CAISO,2026,7150.191002635,0.14646965640939558,0.06931877868493466,0.11523636970112903,0.06407877332197406,0.03123328670826654,0.005240005362960598
06013,CAISO,2026,408579.85062627494,0.07808886218451115,0.02321285230505503,0.06930902784903244,0.01904850826477671,0.008779834335478715,0.004164344040278319
06017,CAISO,2026,73033.55126193333,0.1157960349941311,0.06632038307391738,0.09533990040135532,0.05318694693498104,0.020456134592775788,0.01313343613893634
06019,CAISO,2026,315126.04696571163,0.18090571089597351,0.10340016064221517,0.14551301611218784,0.09000594705006613,0.03539269478378568,0.01339421359214904
06021,CAISO,2026,9416.891284420833,0.1454899236739919,0.07411677905430542,0.1277617956571566,0.07076070898116446,0.01772812801683532,0.0033560700731409543
06023,CAISO,2026,52952.84376251249,0.1551288068269664,0.08121388388396003,0.14206538023559703,0.0727442294870888,0.01306342659136936,0.008469654396871237
06027,CAISO,2026,7326.757354973333,0.2447372153304864,0.12415914533528469,0.2091223669629191,0.11978903433045762,0.03561484836756729,0.004370111004827065
06029,CAISO,2026,275292.02611788665,0.18893481989564154,0.12295080840151751,0.16249475394591176,0.12002586578371523,0.02644006594972978,0.0029249426178022814
06031,CAISO,2026,42515.48111168333,0.15101085366111552,0.08372803295374473,0.12071414802200503,0.06600410797547937,0.030296705639110494,0.01772392497826536
06033,CAISO,2026,25597.30602067333,0.26809016025505505,0.11558522007568436,0.21269302795160397,0.11009167444749349,0.055397132303451085,0.005493545628190877
06037,CAISO,2026,3363982.2006075103,0.10337592183036166,0.04075686365592881,0.08338447546500635,0.03791240901605331,0.01999144636535531,0.002844454639875496
06039,CAISO,2026,42316.030875575,0.15983388139447666,0.08823836813694536,0.13059530896035565,0.08118523857447327,0.029238572434121007,0.007053129562472088
06041,CAISO,2026,140776.1263676975,0.057363883638189554,0.016674837363181202,0.054478559579046584,0.009378951228927717,0.00288532405914297,0.007295886134253485
06043,CAISO,2026,7333.61498464,0.21843217623029268,0.11345028890334845,0.19736768986769382,0.09940811105122216,0.02106448636259886,0.014042177852126289
06045,CAISO,2026,33273.861457286665,0.19917339527341485,0.0902195398450696,0.17838641886698797,0.0772746724891146,0.020786976406426877,0.012944867355955
06047,CAISO,2026,81450.75304748917,0.15948414157847499,0.0789298248406415,0.12685893867407105,0.07746391789759925,0.03262520290440393,0.0014659069430422444
06051,CAISO,2026,4861.880706630834,0.15548473218326947,0.07446384338703388,0.1371451391774408,0.06539173508920768,0.018339593005828658,0.009072108297826204
06053,CAISO,2026,129885.58964476583,0.047436222516890704,0.019978602025614096,0.041835272345233356,0.011056749769568242,0.005600950171657348,0.008921852256045854
06055,CAISO,2026,48369.2942781575,0.07158228871937879,0.03106241743886984,0.06123433167515073,0.0268626931089713,0.010347957044228057,0.004199724329898541
06057,CAISO,2026,40054.44241428583,0.22090196189366332,0.0908786884170528,0.15971153172086652,0.07595569036789894,0.061190430172796795,0.014922998049153854
06059,CAISO,2026,1078102.5142456368,0.06802327747415877,0.028186947081208103,0.06355638873726566,0.01516952421697037,0.004466888736893118,0.013017422864237732
06061,CAISO,2026,150923.20744688416,0.07813103406597244,0.05357318828317983,0.06769518956245138,0.053174112910872595,0.010435844503521058,0.0003990753723072324
06063,CAISO,2026,7817.191105084166,0.2895290819040255,0.12960173589614774,0.25833337959002817,0.10114981047507002,0.03119570231399732,0.028451925421077717
06065,CAISO,2026,747429.7213643099,0.12804612749335648,0.08316392478218146,0.12136094346273485,0.07514191686580887,0.006685184030621627,0.008022007916372587
06069,CAISO,2026,19432.356490785834,0.04900881882346978,0.02039287079076436,0.04861476249717549,0.01488286990328733,0.00039405632629429393,0.00551000088747703
06071,CAISO,2026,656677.2199618391,0.13755759096128584,0.09258367460220625,0.12242130039847182,0.08811113935839344,0.015136290562814014,0.004472535243812803
06073,CAISO,2026,1151147.260543026,0.07079071370944509,0.027466515111291348,0.06817134376363616,0.019112032233520093,0.0026193699458089276,0.008354482877771255
06075,CAISO,2026,459497.1048350375,0.026536721220283988,0.0020984253156781656,0.010937792593359922,0.0018479592229527627,0.015598928626924066,0.00025046609272540285
06077,CAISO,2026,235021.55841829997,0.09510978711534374,0.07655447689064307,0.09108000762300453,0.06644846458608182,0.004029779492339208,0.010106012304561249
06079,CAISO,2026,106464.99714421,0.07811425900661799,0.018383652502119797,0.06601494243485162,0.01793926259211102,0.01209931657176637,0.00044438991000877656
06081,CAISO,2026,382661.7877212617,0.03943643184523852,0.002912865692106317,0.020470204048226425,0.001810741722935563,0.018966227797012094,0.0011021239691707538
06083,CAISO,2026,148875.68897707833,0.0661444332002127,0.010736447017950864,0.05543638077213103,0.01059924304390369,0.010708052428081663,0.0001372039740471752
06085,CAISO,2026,782531.4141694943,0.03780361303257534,0.004191133897000281,0.037478050072605164,0.004162709635178657,0.00032556295997017426,2.842426182162426e-05
06087,CAISO,2026,101965.98027766668,0.06895756760089114,0.021794459653455705,0.06087192407787605,0.01889552457208449,0.008085643523015093,0.0028989350813712136
06089,CAISO,2026,69739.0567538175,0.1922832340495265,0.10493463939350475,0.17044197514469064,0.09031990120844592,0.021841258904835847,0.014614738185058831
06095,CAISO,2026,152925.34469690418,0.07762756778327747,0.04284103530479706,0.07312155065993912,0.037266287026873075,0.004506017123338341,0.005574748277923987
06097,CAISO,2026,187467.15669390082,0.06980172165695003,0.04428574862873623,0.06491345219622009,0.034696669138569634,0.004888269460729941,0.009589079490166595
06101,CAISO,2026,32149.185855298332,0.13641526669877999,0.06420583480451703,0.11751301603816126,0.053110316807637094,0.018902250660618722,0.011095517996879932
06103,CAISO,2026,24065.820242534166,0.19514811914286517,0.10536690400877367,0.15663714494492498,0.09723445346026673,0.038510974197940195,0.008132450548506948
06107,CAISO,2026,138638.66622197168,0.22677404037301602,0.12168436102001312,0.193415175885064,0.11503461411577325,0.03335886448795203,0.0066497469042398755
06109,CAISO,2026,22172.969592025,0.17801266531185117,0.09425133758553117,0.15607126116640394,0.08029880695699489,0.021941404145447235,0.013952530628536283
06111,CAISO,2026,274917.98054455995,0.07214429300528631,0.03051394077463272,0.06368847786589953,0.028027365426174566,0.008455815139386785,0.0024865753484581525
06113,CAISO,2026,74453.37871047584,0.11875010580084204,0.04814364444713448,0.10830508653686408,0.03677359159454908,0.010445019263977964,0.011370052852585404
06115,CAISO,2026,26616.08514604417,0.16075373110581517,0.07458367364405732,0.13674710363976206,0.056153362521227115,0.024006627466053115,0.01843031112283021
11001,PJM,2026,313307.97592506,0.1366841115641641,0.06035601197600245,0.13150447916690852,0.05299618985170108,0.005179632397255579,0.00735982212430137
12086,CITY,2026,950441.7853134791,0.149262214255126,0.060843458475204615,0.149262214255126,0.060843458475204615,0.0,0.0
13097,CITY,2026,49488.96469927333,0.09834515461739826,0.08232778671955443,0.09834515461739826,0.08232778671955443,0.0,0.0
13121,CITY,2026,448290.8958891242,0.1294367735247548,0.07593231754274214,0.12795418656885246,0.07174361917176794,0.0014825869559023375,0.0041886983709742
19001,MISO,2026,3192.1886761124997,0.39502631985499204,0.22922205356068348,0.3870830820923736,0.21183171035392223,0.00794323776261846,0.01739034320676125
19003,MISO,2026,1506.5505336749998,0.2957584798111093,0.1404756339274055,0.2937566382116488,0.13774657976818605,0.0020018415994604855,0.0027290541592194517
19005,MISO,2026,5756.922564621667,0.31976214048676826,0.12907477650671392,0.2752691292999833,0.11093898974280164,0.04449301118678495,0.01813578676391228
19007,MISO,2026,4948.4480451375,0.3401815926769807,0.14949492722610658,0.33342548596634214,0.14442326929327362,0.0067561067106385875,0.005071657932832957
19009,MISO,2026,2495.064808108333,0.397927010334284,0.15326712672843568,0.38774612832641664,0.152492374568204,0.010180882007867376,0.0007747521602316787
19011,MISO,2026,9937.123587869999,0.1964765612504066,0.08594355012324646,0.19625821959642453,0.08488164028182973,0.00021834165398207372,0.0010619098414167277
19013,MISO,2026,52311.450991503334,0.10640594002765785,0.0610021642494677,0.10490582141810625,0.0610021642494677,0.0015001186095515984,0.0
19015,MISO,2026,10642.453409129168,0.16486698823544468,0.05576450982683339,0.11613325311254202,0.05349485227500612,0.04873373512290266,0.0022696575518272727
19017,MISO,2026,9367.821028923332,0.15190422827266056,0.07333928876972742,0.1494481365315152,0.07283529280466546,0.002456091741145361,0.000503995965061968
19019,MISO,2026,7864.830278248332,0.17170565541825925,0.08396455131943986,0.1712542526702789,0.08257552935539143,0.000451402747980334,0.0013890219640484286
19021,MISO,2026,7353.454164331666,0.1111557174104073,0.04850606369148672,0.10542836632630248,0.046773883493875096,0.005727351084104826,0.0017321801976116213
19023,MISO,2026,5730.949974016667,0.2329492280138774,0.09783671106456299,0.23247214969136612,0.09762149378140306,0.00047707832251128734,0.00021521728315992972
19025,MISO,2026,3808.955806745,0.25085812936832413,0.1192847197842931,0.25085812936832413,0.11853089113789203,0.0,0.0007538286464010696
19027,MISO,2026,8569.046708908332,0.20859328216211592,0.08997370559416885,0.18874976398758037,0.08717118965599562,0.019843518174535557,0.002802515938173239
19029,MISO,2026,5647.117060671666,0.3589228604518115,0.14020418544369545,0.3234916561015214,0.13407619747924007,0.03543120435029007,0.006127987964455378
19031,MISO,2026,7380.572937450001,0.19272884641965093,0.09313271624128885,0.19244506954224358,0.09294146604811786,0.0002837768774073546,0.000191250193170997
19033,MISO,2026,18881.69574681917,0.19212575088240963,0.07047526034091349,0.18540364481739255,0.06979536875849761,0.0067221060650170805,0.0006798915824158813
19035,MISO,2026,5060.47461379,0.18004779815835997,0.07831728248934162,0.16390078808497027,0.07614143321787968,0.0161470100733897,0.0021758492714619437
19037,MISO,2026,4853.718021243334,0.2723341443059145,0.11151117263085006,0.2718264082282903,0.10650608810313843,0.0005077360776242212,0.005005084527711631
19039,MISO,2026,3683.5561754608334,0.2980088875580496,0.1622220650140013,0.27475515837356557,0.16196123321064765,0.02325372918448404,0.0002608318033536505
19041,MISO,2026,6999.356107154166,0.22598617296143245,0.07851904785688239,0.22537700587024218,0.07779429093843553,0.0006091670911902713,0.0007247569184468672
19043,MISO,2026,7151.523380911667,0.29272660008625995,0.13210825369296744,0.24184276242057393,0.11219653301583894,0.05088383766568602,0.0199117206771285
19045,MISO,2026,18489.533118716667,0.21494461399917414,0.0905210911391671,0.21196317886344693,0.08927081868475167,0.0029814351357272117,0.0012502724544154326
19047,MISO,2026,5956.947536412499,0.28843756113452973,0.1652986675192111,0.287080686728537,0.1380455246943591,0.0013568744059927473,0.027253142824852
19049,MISO,2026,38727.0949427975,0.05013352288151047,0.021918889062760374,0.04820505561304343,0.019544532939849035,0.0019284672684670365,0.0023743561229113384
19051,MISO,2026,3069.0700934375,0.22021665218568057,0.11425421620589897,0.21733409716173907,0.11300238490748218,0.0028825550239414965,0.0012518312984167862
19053,MISO,2026,2982.9013591858334,0.33241573145548975,0.1888048415007099,0.3264038574976816,0.1829449651196694,0.006011873957808167,0.005859876381040491
19055,MISO,2026,6925.474796900833,0.1758742679187951,0.07669960261897206,0.150550614030812,0.07669960261897206,0.025323653887983105,0.0
19057,MISO,2026,16503.344314200003,0.21185941136361652,0.11877112431044959,0.2040669684407389,0.11621544291660572,0.007792442922877618,0.0025556813938438644
19059,MISO,2026,8076.162193749167,0.15999312951196756,0.05720849077456625,0.1592074847695208,0.05707721739067848,0.0007856447424467727,0.00013127338388777
19061,MISO,2026,38657.388200216665,0.14991880675651847,0.0761654235636341,0.14303139251750266,0.06841613000086685,0.0068874142390158155,0.00774929356276724
19063,MISO,2026,3723.5945551833333,0.30055442193676163,0.10549076031918483,0.27616823926050915,0.10538903737529645,0.024386182676252477,0.00010172294388838266
19065,MISO,2026,8063.283419083334,0.338902203175605,0.1639965153362628,0.3230627321786663,0.15915745794131606,0.015839470996938665,0.00483905739494675
19067,MISO,2026,6434.762384494999,0.19418704486652122,0.08574425272684474,0.19416152721875293,0.08504051423124599,2.5517647768286134e-05,0.0007037384955987519
19069,MISO,2026,4011.243871820833,0.290298656711253,0.13524161494002634,0.2820083751528865,0.13006803371107453,0.008290281558366475,0.005173581228951812
19071,MISO,2026,2689.836087641667,0.1949494307661534,0.08090559994833577,0.18148133888757764,0.08079771233342373,0.013468091878575755,0.00010788761491203891
19073,MISO,2026,3807.4497336266663,0.2889338316104219,0.15471843045354872,0.2889338316104219,0.1306726039602701,0.0,0.024045826493278605
19075,MISO,2026,4983.103277999167,0.21954883204764322,0.07801981026074002,0.21262488318532838,0.07798359815757196,0.006923948862314844,3.621210316806511e-05
19077,MISO,2026,4468.077056948333,0.33238585899918754,0.17644641217836465,0.32652478204530155,0.1660918199502861,0.005861076953885991,0.010354592228078552
19079,MISO,2026,5963.59595403,0.26987726209621254,0.09943602624927546,0.2673221117952654,0.09176176397567647,0.002555150300947162,0.007674262273598992
19081,MISO,2026,4428.295769292499,0.23559671138038843,0.11627247996048591,0.23025572409381004,0.11627247996048591,0.005340987286578391,0.0
19083,MISO,2026,6926.159841225833,0.27895415747384517,0.11601942411993862,0.2733553036637079,0.11453229735184241,0.00559885381013725,0.001487126768096217
19085,MISO,2026,5862.3108993000005,0.24572552579853923,0.10210039289707468,0.24107921904319712,0.10197559569464598,0.004646306755342111,0.00012479720242869474
19087,MISO,2026,7393.167746462499,0.2462413472612709,0.0949058996894887,0.22313255796635095,0.09299324485939021,0.02310878929491994,0.0019126548300984897
19089,MISO,2026,3555.410977683334,0.27469816124104374,0.14918321311870983,0.26869809769783176,0.14166715502695432,0.006000063543211975,0.007516058091755512
19091,MISO,2026,4164.4668065000005,0.22744944005714693,0.09655157648971566,0.22209169751689148,0.09280012251591628,0.00535774254025545,0.0037514539737993763
19093,MISO,2026,2970.882855070833,0.19571269133828023,0.09245115696681279,0.16061667043592992,0.08804914546451541,0.03509602090235031,0.004402011502297382
19095,MISO,2026,6511.872270395834,0.2114712254166792,0.07726458011262292,0.21013325807834915,0.07471185767598394,0.0013379673383300539,0.0025527224366389822
19097,MISO,2026,7891.953624070833,0.20190724394347145,0.11105485853973475,0.19792072095347638,0.10939277449029326,0.003986522989995078,0.0016620840494414868
19099,MISO,2026,14288.030765910833,0.1317841691388463,0.07026182330214233,0.11693444896750209,0.06847778200590225,0.014849720171344213,0.0017840412962400742
19101,MISO,2026,6579.557378854166,0.28341067751805843,0.1514176436518641,0.2765338656402946,0.14450022791916742,0.006876811877763844,0.006917415732696691
19103,MISO,2026,59600.63231272083,0.07463458313075233,0.021503398328792434,0.07152596785866588,0.021503398328792434,0.0031086152720864457,0.0
19105,MISO,2026,7732.309341340833,0.21224188385532858,0.1016655571575141,0.1918671388869195,0.0996023477948159,0.020374744968409075,0.002063209362698201
19107,MISO,2026,4022.2128164391665,0.33660387038444267,0.15979794521100135,0.3341449837753325,0.15806836908773728,0.0024588866091101447,0.001729576123264076
19109,MISO,2026,6217.297858424166,0.2916404882041864,0.11845247690127471,0.2897049477613725,0.11845247690127471,0.00193554044281391,0.0
19111,MISO,2026,13838.460774424999,0.20011072412357198,0.10748277042792254,0.20011072412357198,0.10549146420120253,0.0,0.001991306226720002
19113,MISO,2026,92132.6279741625,0.08353934570505014,0.04682794051330273,0.07990608805986271,0.04214430075952286,0.003633257645187432,0.004683639753779875
19115,MISO,2026,4002.869632358333,0.254825949186368,0.11314370642389272,0.23506229638618317,0.11277372185381632,0.0197636528001848,0.0003699845700764065
19117,MISO,2026,3495.3714277283334,0.2998858333751502,0.16648305109161474,0.2925163732979396,0.15854605443562172,0.007369460077210566,0.007936996655993012
19119,MISO,2026,4358.6488735933335,0.33930471926707373,0.1409804838607574,0.33473008620972866,0.13207882922758357,0.004574633057345068,0.008901654633173828
19121,MISO,2026,6330.657835554166,0.15034849420431762,0.07125407026422345,0.14649172584297251,0.07066273411524135,0.003856768361345103,0.0005913361489821023
19123,MISO,2026,8646.124434914167,0.1674121051618163,0.08755356481991788,0.16718858304915782,0.08054221124761239,0.00022352211265846966,0.007011353572305493
19125,MISO,2026,12901.031590516666,0.13790684104688056,0.08589110008099668,0.1314452981588728,0.08337159065738128,0.006461542888007765,0.002519509423615396
19127,MISO,2026,14703.392720484166,0.2259986710736454,0.09238040746990304,0.2258223153475015,0.08821786588079523,0.00017635572614391193,0.00416254158910781
19129,MISO,2026,5145.318319035,0.09826523967970154,0.04659148261241638,0.09790267862108534,0.04501323108423435,0.0003625610586161926,0.0015782515281820286
19131,MISO,2026,4418.491638785834,0.2954560668286262,0.1275347445472399,0.27544098931619365,0.12641517683324674,0.020015077512432533,0.0011195677139931581
19133,MISO,2026,3772.80232529,0.22288204459210945,0.09127884820541075,0.19541217923138793,0.09127884820541075,0.027469865360721518,0.0
19135,MISO,2026,2958.9371419,0.246160670651251,0.13015880994215093,0.24265295028165398,0.12999771155541942,0.0035077203695970116,0.00016109838673150634
19137,MISO,2026,4378.322850708333,0.18220523734469193,0.10557899286562394,0.15594354074099553,0.10289093983680356,0.0262616966036964,0.0026880530288203863
19139,MISO,2026,16598.72085411667,0.12448731670750161,0.0630605248442724,0.12345208565710784,0.06206720601296555,0.00103523105039377,0.0009933188313068428
19141,MISO,2026,5471.7526595966665,0.18689107015262627,0.08234106975238856,0.17290856536019056,0.0784042608010154,0.013982504792435707,0.003936808951373161
19143,MISO,2026,2571.9474435916663,0.399787283794544,0.1585508639465839,0.3932706556553905,0.15503244879031244,0.006516628139153491,0.003518415156271465
19145,MISO,2026,5945.947354387499,0.18567213992210965,0.09359069888687083,0.1839951920102445,0.09041358209778136,0.001676947911865151,0.003177116789089468
19147,MISO,2026,3555.309433099167,0.21454232991780153,0.08116333739460047,0.19285295849733766,0.0791531671486677,0.02168937142046387,0.002010170245932766
19149,MISO,2026,9826.32694981,0.11603809514554984,0.05635093542292932,0.11253175219417882,0.0552293851166663,0.0035063429513710193,0.0011215503062630208
19151,MISO,2026,3056.4066516908333,0.280298190973234,0.13064361623638554,0.27926113598964847,0.12778179986693708,0.001037054983585528,0.002861816369448461
19153,MISO,2026,195867.11989394418,0.057524369000230675,0.031016915552065046,0.05637417298704249,0.031016915552065046,0.0011501960131881858,0.0
19155,MISO,2026,36287.03382602,0.11518072055900576,0.07117899448557084,0.11230345133857514,0.061381321611436265,0.00287726922043062,0.009797672874134578
19157,MISO,2026,7416.943097704167,0.2515969813657855,0.12033931468146838,0.24649484709476577,0.12016598181601902,0.005102134271019743,0.00017333286544936322
19159,MISO,2026,1808.17678674,0.27884877248132006,0.14900541346444207,0.2760001728839582,0.14181578758899244,0.0028485995973618894,0.0071896258754496345
19161,MISO,2026,4151.319331815001,0.20731512287252934,0.08820849482403821,0.20028267785127327,0.08820849482403821,0.0070324450212560785,0.0
19163,MISO,2026,69366.14363869166,0.07792488701255439,0.053239252757451616,0.07645554754911407,0.04066426369652807,0.001469339463440314,0.012574989060923546
19165,MISO,2026,4879.281450329167,0.30872466339896104,0.14340314721022357,0.28817392921898555,0.13824780303859976,0.020550734179975494,0.005155344171623805
19167,MISO,2026,12137.8988074675,0.15654629258574726,0.07214370305904458,0.14537677138946534,0.06695369054458503,0.011169521196281923,0.005190012514459552
19169,MISO,2026,37117.20284699084,0.11552533368852626,0.07386910914213149,0.11245132395049855,0.07386910914213149,0.003074009738027711,0.0
19171,MISO,2026,6599.266129834166,0.2903059821805736,0.15189529001944585,0.28468657628370425,0.14937346360002576,0.005619405896869323,0.002521826419420087
19173,MISO,2026,2396.5139848,0.27552475644608915,0.12507225252085527,0.273541323392851,0.12193260951325233,0.0019834330532381705,0.0031396430076029436
19175,MISO,2026,4890.497120233333,0.2810317145968233,0.11997104283344105,0.2800218112416886,0.1041115674106986,0.001009903355134678,0.01585947542274245
19177,MISO,2026,2746.4522525833336,0.34246922683568265,0.17562110353079885,0.3417961103518281,0.17555926619143122,0.0006731164838545411,6.183733936762636e-05
19179,MISO,2026,13710.180649156666,0.23549368280937033,0.1279815087695141,0.2331957744792124,0.1161306420918388,0.002297908330157944,0.011850866677675306
19181,MISO,2026,19285.782274384997,0.11101579911454613,0.05803579840747521,0.10603454847932588,0.05677234994304018,0.004981250635220258,0.0012634484644350324
19183,MISO,2026,8717.926417358332,0.15768139866106773,0.06710665708171999,0.151017201262668,0.06710665708171999,0.0066641973983997405,0.0
19185,MISO,2026,2494.207823693333,0.3085962371946956,0.15090793224184773,0.2970313629391011,0.1394297046179468,0.011564874255594493,0.011478227623900938
19187,MISO,2026,15112.699201213334,0.1745422932058505,0.07272003997848156,0.1721224259187592,0.07133431055178067,0.0024198672870912874,0.0013857294267008852
19189,MISO,2026,4435.345312133333,0.2843511790941898,0.12583588542509294,0.2659567763396891,0.12405318319030417,0.01839440275450066,0.0017827022347887689
19191,MISO,2026,8069.707902095,0.225960315804299,0.11082346962577065,0.20909759668225092,0.09774297228014434,0.016862719122048092,0.013080497345626316
19193,MISO,2026,38896.809651794174,0.10115801641446888,0.06241825135165922,0.10112542529252302,0.06241825135165922,3.259112194585467e-05,0.0
19195,MISO,2026,3150.8684884241666,0.2363092691304985,0.09529820771235704,0.2363092691304985,0.09529820771235704,0.0,0.0
19197,MISO,2026,5299.563540961666,0.24158935595370526,0.0786505078644705,0.23581454056778642,0.0786505078644705,0.005774815385918841,0.0
17001,MISO,2026,26822.3870105325,0.19612686850139874,0.0874290264573577,0.19612686850139874,0.0874290264573577,0.0,0.0
17003,MISO,2026,1660.5668982308334,0.5713511853512087,0.3726740492846083,0.5713511853512087,0.3726740492846083,0.0,0.0
17005,MISO,2026,6107.751612714167,0.2188953610998622,0.09129676308751176,0.2188953610998622,0.09129676308751176,0.0,0.0
17007,PJM,2026,18269.789074311666,0.1382736408332168,0.05837499980260983,0.09368184965737768,0.05331851269023846,0.04459179117583913,0.0050564871123713676
17009,MISO,2026,2014.51421517,0.2521920224294838,0.10154297159397525,0.2521920224294838,0.10154297159397525,0.0,0.0
17011,MISO,2026,13672.6501362225,0.23480959089321748,0.09940826134180461,0.23480959089321748,0.09940826134180461,0.0,0.0
17013,MISO,2026,1176.6411084316665,0.2565611809016601,0.13308296621308072,0.2565611809016601,0.13308296621308072,0.0,0.0
17015,PJM,2026,6165.398735520834,0.24319863187472618,0.1048310039647258,0.22503148263834546,0.09221207276160696,0.018167149236380714,0.012618931203118841
17017,MISO,2026,4911.1977952975,0.23845227350759288,0.11741321888599199,0.23845227350759288,0.11741321888599199,0.0,0.0
17019,MISO,2026,80560.12149991667,0.2070760439322089,0.13209807331490112,0.2070760439322089,0.13209807331490112,0.0,0.0
17021,MISO,2026,13278.740522779166,0.24443910883316686,0.10381123176593944,0.24443910883316686,0.10381123176593944,0.0,0.0
17023,MISO,2026,6302.749188533333,0.2637440643406212,0.1088449284913778,0.2637440643406212,0.1088449284913778,0.0,0.0
17025,MISO,2026,5374.900578375,0.43431340135270485,0.22240469664986331,0.43431340135270485,0.22240469664986331,0.0,0.0
17027,MISO,2026,14365.250226815831,0.1744680419794564,0.06708370348127281,0.1744680419794564,0.06708370348127281,0.0,0.0
17029,MISO,2026,19991.86584141,0.22651006899713108,0.08579654917262226,0.22651006899713108,0.08579654917262226,0.0,0.0
17031,PJM,2026,2061913.7111826267,0.148753670698597,0.08821956859665862,0.1258583285673656,0.0865662209353519,0.0228953421312314,0.0016533476613067172
17033,MISO,2026,7382.583841805834,0.24495948795992864,0.11481930522954352,0.24495948795992864,0.11481930522954352,0.0,0.0
17035,MISO,2026,4027.260827270834,0.22211169839898676,0.09382424399515786,0.22211169839898676,0.09382424399515786,0.0,0.0
17037,PJM,2026,38173.533714445,0.13306741625661117,0.0964205867618487,0.12452764537114443,0.08539521995688686,0.008539770885466744,0.011025366804961842
17039,MISO,2026,6590.045297108332,0.21033917961482967,0.08788951217515109,0.21033917961482967,0.08788951217515109,0.0,0.0
17041,MISO,2026,7443.014766884167,0.22833856388408025,0.09532450330970056,0.22833856388408025,0.09532450330970056,0.0,0.0
17043,PJM,2026,346636.3820633292,0.05485915896219786,0.035651782428257055,0.04941857267406037,0.03375706719342728,0.00544058628813749,0.0018947152348297719
17045,MISO,2026,7450.795874725,0.27187884461098144,0.11517237275765152,0.27187884461098144,0.11517237275765152,0.0,0.0
17047,MISO,2026,2559.8595359366664,0.2623531775911535,0.09210432135373486,0.2623531775911535,0.09210432135373486,0.0,0.0
17049,MISO,2026,13902.61393332083,0.1403788725317781,0.0659058419423532,0.1403788725317781,0.0659058419423532,0.0,0.0
17051,MISO,2026,7576.6689064825,0.3196789589471632,0.1314644260226217,0.3196789589471632,0.1314644260226217,0.0,0.0
17053,MISO,2026,5555.675413168334,0.2576617425723536,0.11467478348835694,0.2576617425723536,0.11467478348835694,0.0,0.0
17055,MISO,2026,15858.620901304168,0.2925089489103065,0.15165003340478928,0.2925089489103065,0.15165003340478928,0.0,0.0
17057,MISO,2026,13840.230393375,0.2609826715415935,0.09743859776813138,0.2609826715415935,0.09743859776813138,0.0,0.0
17059,MISO,2026,2130.1405579616667,0.3007639315985125,0.15973322804681783,0.3007639315985125,0.15973322804681783,0.0,0.0
17061,MISO,2026,4471.39687964,0.3498563912289713,0.1446495227871028,0.3498563912289713,0.1446495227871028,0.0,0.0
17063,PJM,2026,19886.625808770834,0.07078782584503594,0.035326691572458144,0.0653403021694901,0.035105778128305024,0.005447523675545837,0.0002209134441531202
17065,MISO,2026,3182.7426590333334,0.2953169419064205,0.12746083442486428,0.2953169419064205,0.12746083442486428,0.0,0.0
17067,MISO,2026,7405.284694595834,0.27702315982626285,0.10361577732126764,0.27702315982626285,0.10361577732126764,0.0,0.0
17069,MISO,2026,1470.2696296333334,0.2183961426563271,0.07811976946385717,0.2183961426563271,0.07811976946385717,0.0,0.0
17071,MISO,2026,2708.118064745833,0.2658312098833471,0.08027456301850824,0.2658312098833471,0.08027456301850824,0.0,0.0
17073,MISO,2026,19956.843237517496,0.17310527186883398,0.08734662146439273,0.17173710111845347,0.08562182520827492,0.0013681707503805096,0.0017247962561178082
17075,MISO,2026,11094.799559195,0.25958433716683255,0.10657795424073394,0.25958433716683255,0.10657795424073394,0.0,0.0
17077,MISO,2026,22679.41137383,0.24250657010325807,0.10920018721353451,0.24250657010325807,0.10920018721353451,0.0,0.0
17079,MISO,2026,3593.4476463216665,0.24657905608754313,0.11043284237943715,0.24657905608754313,0.11043284237943715,0.0,0.0
17081,MISO,2026,14594.887241395001,0.2500007014059842,0.09916720090546322,0.2500007014059842,0.09916720090546322,0.0,0.0
17083,MISO,2026,7687.279900851667,0.17784317693660018,0.09655671625790971,0.17784317693660018,0.09655671625790971,0.0,0.0
17085,PJM,2026,9865.557352065,0.2338333225265914,0.09227760710526711,0.18264540626598968,0.0905554003533316,0.05118791626060171,0.0017222067519355178
17087,MISO,2026,4071.028846796667,0.18860614207736903,0.08699516976411042,0.18860614207736903,0.08699516976411042,0.0,0.0
17089,PJM,2026,180280.96191613498,0.0773180702837013,0.0524431377996889,0.07619440199925295,0.04377323155501047,0.001123668284448348,0.008669906244678428
17091,PJM,2026,39374.96228577416,0.19436074072822948,0.10068039277899861,0.16800991916317126,0.0978691469117234,0.02635082156505822,0.002811245867275214
17093,PJM,2026,43071.48295960833,0.07098231402233726,0.04077640890092007,0.06942002600171265,0.03543790116060618,0.0015622880206246081,0.005338507740313886
17095,MISO,2026,20382.94210148,0.2666597425206186,0.11809192672142382,0.2666597425206186,0.11809192672142382,0.0,0.0
17097,PJM,2026,252830.35704764916,0.089494657174487,0.059405664306993684,0.07976557498779073,0.05285430584766187,0.00972908218669627,0.006551358459331816
17099,PJM,2026,44124.492720480834,0.14522098198515387,0.08238705014496353,0.1359373905659858,0.08078173569344754,0.009283591419168069,0.0016053144515159878
17101,MISO,2026,5329.157866826667,0.25084571226075986,0.09788980859977858,0.25084571226075986,0.09788980859977858,0.0,0.0
17103,PJM,2026,13493.193607267498,0.22280720675749305,0.10936569685636556,0.2094088156831744,0.10138578109038959,0.013398391074318644,0.007979915765975967
17105,PJM,2026,14461.8359399925,0.20708200301744584,0.08102012620597751,0.17765216387085722,0.07537070059237112,0.029429839146588616,0.0056494256136063875
17107,MISO,2026,10976.580139691667,0.172022172513731,0.09154887978265706,0.172022172513731,0.09154887978265706,0.0,0.0
17109,MISO,2026,11274.753214779166,0.3223774125953548,0.14436261841262366,0.3223774125953548,0.14436261841262366,0.0,0.0
17111,PJM,2026,114060.28730408667,0.0632562782691149,0.0502091241006864,0.060021801228611116,0.046987338559148197,0.0032344770405037804,0.003221785541538201
17113,MISO,2026,66825.56237275168,0.14031580164025234,0.09587255416405394,0.14031580164025234,0.09587255416405394,0.0,0.0
17115,MISO,2026,42283.16534315833,0.19491557401938645,0.09945463459875376,0.19491557401938645,0.09945463459875376,0.0,0.0
17117,MISO,2026,17314.7359936875,0.23404110862826427,0.09875272248043766,0.23404110862826427,0.09875272248043766,0.0,0.0
17119,MISO,2026,107600.06819375584,0.1761070203337285,0.0905827349360727,0.1761070203337285,0.0905827349360727,0.0,0.0
17121,MISO,2026,15084.621377220832,0.26716683543534864,0.11272262752156716,0.26716683543534864,0.11272262752156716,0.0,0.0
17123,MISO,2026,4914.7000300875,0.25429055464606853,0.13586634663433947,0.25429055464606853,0.13586634663433947,0.0,0.0
17125,MISO,2026,5664.325459991667,0.23582210422697567,0.10076829506176946,0.23582210422697567,0.10076829506176946,0.0,0.0
17127,MISO,2026,5326.249361768333,0.29289448428404,0.11209178676345669,0.29289448428404,0.11209178676345669,0.0,0.0
17129,MISO,2026,5033.684507850834,0.14720104796235223,0.07178858488377644,0.14720104796235223,0.07178858488377644,0.0,0.0
17131,MISO,2026,6365.181087763333,0.18030130958718837,0.08170487401944651,0.18005751872270173,0.08010907732071725,0.00024379086448664267,0.0015957966987292654
17133,MISO,2026,13421.574100064165,0.10717579160255054,0.056816722196891024,0.10717579160255054,0.056816722196891024,0.0,0.0
17135,MISO,2026,11133.625784646667,0.2959103330928405,0.12749992551116773,0.2959103330928405,0.12749992551116773,0.0,0.0
17137,MISO,2026,13078.547721016668,0.21523437084122815,0.09975888302669883,0.21523437084122815,0.09975888302669883,0.0,0.0
17139,MISO,2026,5678.895158770833,0.21030295705957894,0.09963543143060982,0.21030295705957894,0.09963543143060982,0.0,0.0
17141,PJM,2026,20182.440157489167,0.1566104021785634,0.07366290766249721,0.13186047059498604,0.07232345119494174,0.024749931583577356,0.0013394564675554693
17143,MISO,2026,75047.67113840417,0.19555347454663738,0.11188446553160043,0.19555347454663738,0.11188446553160043,0.0,0.0
17145,MISO,2026,8073.546717079166,0.25747347601448006,0.10734153919326386,0.25747347601448006,0.10734153919326386,0.0,0.0
17147,MISO,2026,6674.663314891667,0.1281286511676103,0.07803960006110375,0.1281286511676103,0.07803960006110375,0.0,0.0
17149,MISO,2026,5625.84849005,0.35103476884973517,0.17581324306120377,0.35103476884973517,0.17581324306120377,0.0,0.0
17151,MISO,2026,1307.4352865583335,0.3038168386366586,0.19915158428127386,0.3038168386366586,0.19915158428127386,0.0,0.0
17153,MISO,2026,1861.3923274833332,0.4079577421273822,0.1982860782913795,0.4079577421273822,0.1982860782913795,0.0,0.0
17155,MISO,2026,2368.842754754167,0.11858934166287442,0.06393263397646534,0.11858934166287442,0.06393263397646534,0.0,0.0
17157,MISO,2026,11507.196893771667,0.22664143355921013,0.0906892761313872,0.22664143355921013,0.0906892761313872,0.0,0.0
17159,MISO,2026,6395.723887719167,0.25257384812676437,0.10925816086733846,0.25257384812676437,0.10925816086733846,0.0,0.0
17161,MISO,2026,59800.418968787504,0.09801952037185727,0.054543837043208955,0.096218734048807,0.05363116507633717,0.0018007863230502658,0.0009126719668717878
17163,MISO,2026,99332.56845519916,0.20543837839811463,0.11206931621157198,0.20543837839811463,0.11206931621157198,0.0,0.0
17165,MISO,2026,10040.235713340833,0.2606866117512782,0.12634718968676767,0.2606866117512782,0.12634718968676767,0.0,0.0
17167,MISO,2026,82857.68274026582,0.14901789863665038,0.10157023597372691,0.14901789863665038,0.10157023597372691,0.0,0.0
17169,MISO,2026,2666.1755106083333,0.22736698212433823,0.11776645128850703,0.22736698212433823,0.11776645128850703,0.0,0.0
17171,MISO,2026,1924.2264134375,0.35268529909861857,0.14703533754008677,0.35268529909861857,0.14703533754008677,0.0,0.0
17173,MISO,2026,8659.403996709167,0.21959795365104348,0.10103595473227632,0.21959795365104348,0.10103595473227632,0.0,0.0
17175,MISO,2026,2311.3504983775,0.29154614813130547,0.1486152190791177,0.29154614813130547,0.1486152190791177,0.0,0.0
17177,PJM,2026,18876.15375085417,0.21967389681645436,0.10258862136240927,0.2008135485080025,0.1025314010189931,0.018860348308451846,5.722034341616722e-05
17179,MISO,2026,52811.993328945835,0.10117676713787953,0.06857553546604518,0.10117676713787953,0.06857553546604518,0.0,0.0
17181,MISO,2026,6690.624029808333,0.3276908632767907,0.11836056493388393,0.3276908632767907,0.11836056493388393,0.0,0.0
17183,MISO,2026,29598.197123142505,0.2286487192441809,0.10687526475618697,0.2286487192441809,0.10687526475618697,0.0,0.0
17185,MISO,2026,4676.778898763334,0.2519356944876227,0.10981151099833554,0.2519356944876227,0.10981151099833554,0.0,0.0
17187,MISO,2026,6756.7494031108345,0.227902845898088,0.09045966330919344,0.227902845898088,0.09045966330919344,0.0,0.0
17189,MISO,2026,5698.072004243333,0.18653690981296747,0.08660070017879577,0.18653690981296747,0.08660070017879577,0.0,0.0
17191,MISO,2026,6717.640932045833,0.3323259008401058,0.15884723060535655,0.3323259008401058,0.15884723060535655,0.0,0.0
17193,MISO,2026,5596.099604995834,0.33404087221979645,0.1450113955662763,0.33404087221979645,0.1450113955662763,0.0,0.0
17195,MISO,2026,22825.037960458336,0.2442458680514379,0.09722794061414292,0.2419228268942801,0.0940807313417226,0.0023230411571577847,0.0031472092724203204
17197,PJM,2026,237303.76448483331,0.07532817363252355,0.055332914230967534,0.0680145838927328,0.05429885359340154,0.007313589739790752,0.0010340606375659964
17199,MISO,2026,28170.239563674168,0.17721522434793766,0.09051051407154292,0.17721522434793766,0.09051051407154292,0.0,0.0
17201,PJM,2026,113627.18732917416,0.23387127994892293,0.10067813974450521,0.1714402220483962,0.09845043642851357,0.06243105790052672,0.002227703315991633
17203,MISO,2026,14497.905692679999,0.1520304106292076,0.07227160776647173,0.1520304106292076,0.07227160776647173,0.0,0.0
18001,PJM,2026,12064.162854345834,0.14674128236546366,0.05055241127660515,0.09025458798095845,0.04870892115340484,0.05648669438450521,0.0018434901232003073
18003,PJM,2026,150553.54016868083,0.11303235130586728,0.07619944912229638,0.09727329996221074,0.056044138372057496,0.015759051343656544,0.020155310750238888
18005,MISO,2026,32032.9380042125,0.15127685991690012,0.08288245732634715,0.15108395042482706,0.07778631147864087,0.00019290949207306785,0.0050961458477062765
18007,MISO,2026,3348.5848568791666,0.2847127220669293,0.13785964454854427,0.28209644293600966,0.12472919467939829,0.002616279130919663,0.01313044986914598
18009,PJM,2026,4857.653365737499,0.23979472004256216,0.15200774727717958,0.19966442336595464,0.12038097098392947,0.04013029667660753,0.031626776293250114
18011,MISO,2026,26441.131442360835,0.09377571027769696,0.043768110547995676,0.09368261290002364,0.043768110547995676,9.309737767332349e-05,0.0
18013,MISO,2026,6389.133802711666,0.1445096059199978,0.08562641515132194,0.14432976933565325,0.08562641515132194,0.0001798365843445615,0.0
18015,MISO,2026,7810.796181008333,0.15034764510322082,0.056861619377961775,0.13455797653536866,0.055399065787359036,0.01578966856785216,0.0014625535906027387
18017,MISO,2026,14725.671740562499,0.14017398563936878,0.0785831536578829,0.13200324515246292,0.07752865790220018,0.008170740486905859,0.0010544957556827272
18019,MISO,2026,46483.18936268167,0.1101179593088425,0.055879444151989734,0.09912237090621731,0.05500132618591123,0.010995588402625184,0.0008781179660785066
18021,MISO,2026,10247.153466958334,0.20291526745708702,0.0869501928810096,0.19286740576665126,0.07932514142506678,0.010047861690435755,0.007625051455942819
18023,MISO,2026,12248.051301119165,0.12674507449080094,0.04516793835640201,0.1233235019671644,0.044531741559995064,0.0034215725236365346,0.0006361967964069459
18025,MISO,2026,4212.3228507525,0.26381770215072115,0.1459969811945454,0.2632644882670995,0.1428868278506108,0.0005532138836216727,0.0031101533439346074
18027,MISO,2026,11306.198297789168,0.2264766155313853,0.07134296828708499,0.2183470238882356,0.06772522325929803,0.008129591643149692,0.003617745027786959
18029,MISO,2026,19426.936173996666,0.21877912795297008,0.09847715519431216,0.20839800557386445,0.07880139945771611,0.010381122379105628,0.01967575573659605
18031,MISO,2026,9851.131472270834,0.16194079129502195,0.06158962505850171,0.15544332354464194,0.06158962505850171,0.006497467750380015,0.0
18033,PJM,2026,16752.970829214166,0.10075256163013972,0.05291191414435916,0.08049257705724705,0.0446441072699631,0.020259984572892673,0.008267806874396058
18035,PJM,2026,44944.26829246583,0.25462021432708515,0.1100463539889418,0.1677531956392175,0.08427117684571911,0.08686701868786764,0.025775177143222694
18037,MISO,2026,17161.470756575,0.11877790505609989,0.06832660781666508,0.11296962756584979,0.06796790839511493,0.005808277490250105,0.000358699421550146
18039,MISO,2026,70088.42852258167,0.09585017185436266,0.0790571762859508,0.09316027930518209,0.07643830379036433,0.0026898925491805753,0.002618872495586469
18041,MISO,2026,9479.0942160625,0.2933027548687607,0.12277919520459306,0.2732963206042421,0.11870456604668424,0.02000643426451859,0.004074629157908821
18043,MISO,2026,30394.90303189417,0.12005217288847307,0.05854591851138308,0.11539329666522134,0.05304599187155849,0.004658876223251729,0.005499926639824584
18045,MISO,2026,6709.405191055833,0.25230106816994097,0.11344966764188169,0.24720022659350888,0.10663813561167676,0.005100841576432091,0.006811532030204931
18047,MISO,2026,8778.965683028333,0.1898691651998818,0.0724126577500996,0.1718499089895536,0.07222702084720672,0.01801925621032821,0.0001856369028928745
18049,MISO,2026,7529.580916141666,0.2565480211619597,0.09928576231711148,0.24862691283135213,0.09324427102674228,0.007921108330607551,0.006041491290369197
18051,MISO,2026,12701.527738012499,0.2071129024677969,0.0747276400526541,0.1915858238792024,0.07291158292348161,0.015527078588594506,0.001816057129172488
18053,PJM,2026,26249.913848633332,0.22771216983624018,0.11683830989844739,0.184684932191815,0.10069686326609102,0.043027237644425176,0.016141446632356365
18055,MISO,2026,12370.641132700834,0.26236094518730413,0.09866902581017195,0.24294821249802143,0.09451705110086925,0.019412732689282702,0.004151974709302703
18057,MISO,2026,128813.5997337125,0.05508423160228481,0.03384287824560272,0.05387919571722128,0.032926467931152,0.0012050358850635295,0.0009164103144507219
18059,MISO,2026,30706.08130827917,0.06764388884860076,0.04111613513470134,0.061148266259624495,0.04111613513470134,0.006495622588976263,0.0
18061,MISO,2026,14510.867182948334,0.13475395594306355,0.06454703163874091,0.11596754334841593,0.06454703163874091,0.018786412594647625,0.0
18063,MISO,2026,63085.435009508335,0.06486387933231476,0.039911778119183484,0.06353106781952536,0.03842296633583217,0.0013328115127893975,0.001488811783351314
18065,MISO,2026,18109.135418875,0.253043528737829,0.09299827499327534,0.2123150862804795,0.08890916240499659,0.040728442457349495,0.004089112588278751
18067,MISO,2026,34237.438920358334,0.16352583983706076,0.07950668302756848,0.16014543412807294,0.0721260728619112,0.003380405708987816,0.007380610165657289
18069,MISO,2026,14831.038097421668,0.17499455609614595,0.05785334871658996,0.17089321622445655,0.05732035340198411,0.004101339871689397,0.0005329953146058497
18071,MISO,2026,17263.168160066663,0.18654655937224932,0.09157160698434794,0.17729734393332514,0.09127401414763925,0.00924921543892418,0.00029759283670868775
18073,MISO,2026,12246.869159781667,0.20201633703410177,0.10463171873073052,0.1863640811595004,0.10193189396093692,0.015652255874601367,0.0026998247697935934
18075,PJM,2026,7854.248365906667,0.3432704354324215,0.1422471883291656,0.23619185412477758,0.09787370836932545,0.10707858130764389,0.04437347995984016
18077,MISO,2026,12434.4861421875,0.20376397612037545,0.0693444300035205,0.1934321745554149,0.0693444300035205,0.010331801564960552,0.0
18079,MISO,2026,10233.564243744167,0.18602249803039628,0.08210229492503404,0.17246594873992716,0.07748590352172807,0.013556549290469122,0.004616391403305969
18081,MISO,2026,58950.08059936083,0.07344983359621757,0.048220154813028146,0.07227888786951378,0.04396026262209665,0.001170945726703787,0.004259892190931494
18083,MISO,2026,14648.9795167875,0.20372853544808864,0.08164370707349088,0.19118585315064443,0.0779354830577669,0.012542682297444208,0.0037082240157239738
18085,MISO,2026,30455.066074058333,0.10612179406585853,0.06278637801754051,0.1017361313072049,0.05177569253384354,0.004385662758653638,0.011010685483696978
18087,MISO,2026,12495.096932287499,0.10276528338810237,0.05455579948378496,0.10232432402381267,0.04977044261848584,0.0004409593642897003,0.004785356865299122
18089,MISO,2026,190073.95527551667,0.1947420343936583,0.10191096304293853,0.17559870531994398,0.10162416745371128,0.019143329073714327,0.0002867955892272567
18091,MISO,2026,41944.053696351664,0.10057345708730166,0.06342139420830982,0.09944296754695808,0.06342139420830982,0.0011304895403435739,0.0
18093,MISO,2026,18563.8514339875,0.21582844654874242,0.08064765370414034,0.21530445628997222,0.08055655104053017,0.0005239902587702017,9.110266361017638e-05
18095,MISO,2026,50680.391666468335,0.20640454006421485,0.08424012382014359,0.20640454006421485,0.08038765489518106,0.0,0.003852468924962535
18097,MISO,2026,390003.18406776746,0.14100767740848566,0.10913295316617894,0.13800523980849794,0.10861171108840997,0.003002437599987723,0.000521242077768963
18099,MISO,2026,16546.954554620832,0.2570093224609864,0.10808397402880773,0.24412491771002492,0.10499679453113182,0.012884404750961476,0.00308717949767591
18101,MISO,2026,3845.340132666667,0.2217377366852589,0.07481432196233187,0.213339493813584,0.07481432196233187,0.0083982428716749,0.0
18103,MISO,2026,12799.7333866,0.17215347832278732,0.10668894014266202,0.16271064971493776,0.10123305217876824,0.009442828607849563,0.005455887963893777
18105,MISO,2026,56310.05220479584,0.18449241011868342,0.11977730061807511,0.17813604820198858,0.11542786161546884,0.006356361916694836,0.004349439002606273
18107,MISO,2026,15110.710111139166,0.1373446432208103,0.06335343648835508,0.13467866354301633,0.06326493462509623,0.0026659796777939726,8.850186325884413e-05
18109,MISO,2026,26635.664693646668,0.11504876483575331,0.07509041474163303,0.11497177809922599,0.07167959744610407,7.698673652732635e-05,0.003410817295528959
18111,MISO,2026,5340.259438659166,0.26232744705565664,0.11404006894833098,0.2427300298620187,0.11371275991773472,0.019597417193637945,0.0003273090305962595
18113,PJM,2026,17375.174113298333,0.11375719897629027,0.05416060498451374,0.0735642853974847,0.03987559966562988,0.04019291357880557,0.01428500531888386
18115,MISO,2026,2472.413975108333,0.24249817428615,0.10572415204127777,0.21080737733608274,0.09766966816418858,0.03169079695006727,0.008054483877089194
18117,MISO,2026,7814.180188525001,0.23514325449562434,0.11209608129787807,0.22855395270768858,0.11185135159445911,0.006589301787935764,0.00024472970341896105
18119,MISO,2026,8298.568918558332,0.2498847681874669,0.10056763902230968,0.24646253630061438,0.10056763902230968,0.0034222318868525337,0.0
18121,MISO,2026,5525.4074749625,0.22425640713177927,0.09510131667096032,0.21677780197389507,0.0900756245604694,0.007478605157884205,0.00502569211049092
18123,MISO,2026,7452.150763513333,0.3362172871981399,0.18070788099916896,0.3219489191326495,0.1634926922522784,0.014268368065490422,0.01721518874689057
18125,MISO,2026,4959.2239898875,0.18570561392510498,0.07487857619250705,0.18559957894340776,0.07478423429426773,0.00010603498169722836,9.434189823932793e-05
18127,MISO,2026,66843.00570510249,0.08354113694589185,0.05489720650961921,0.08126399793756359,0.05269095816778646,0.002277139008328266,0.0022062483418327505
18129,MISO,2026,9949.280010614168,0.1235862679316059,0.07791605213472591,0.11101313634387157,0.07690307955219584,0.012573131587734335,0.0010129725825300667
18131,MISO,2026,4695.670588962501,0.3653093994841267,0.15548401267442424,0.32026447903112115,0.13559447132694047,0.045044920453005566,0.019889541347483775
18133,MISO,2026,13348.007685399167,0.1449819833260104,0.08553734869066514,0.13635457219576103,0.08457054395814194,0.008627411130249368,0.0009668047325231965
18135,PJM,2026,10007.751424316666,0.2745708107391823,0.10550329689289761,0.18909198011947156,0.09245334072057482,0.08547883061971076,0.013049956172322796
18137,MISO,2026,10858.689773408334,0.2002831973100196,0.08915157048849075,0.18696174941711577,0.08255952361232953,0.01332144789290382,0.006592046876161217
18139,MISO,2026,6563.062243666665,0.21720058532949882,0.08085168841718068,0.19017278911980878,0.07933394891080739,0.027027796209690036,0.0015177395063732946
18141,PJM,2026,106113.94439323,0.10712431784634736,0.08347767920828016,0.09413739566814786,0.08088498715527209,0.012986922178199509,0.002592692053008064
18143,MISO,2026,9366.735802039168,0.33406590798263475,0.16879513632761997,0.30649440459690414,0.14477369264014206,0.02757150338573061,0.02402144368747791
18145,MISO,2026,17569.4329209025,0.1965691131399322,0.08644464879226449,0.18275970367593358,0.08110730278643888,0.013809409463998612,0.005337346005825611
18147,MISO,2026,7745.402981591667,0.12494080871205607,0.07036578523226183,0.12156254482016801,0.06325976169697133,0.003378263891888056,0.007106023535290509
18149,MISO,2026,8384.812662066666,0.19035055160532063,0.09297517377283712,0.16758551654682888,0.0911762056931358,0.022765035058491756,0.0017989680797013269
18151,MISO,2026,13597.80539329,0.1654888009704441,0.0798460907724811,0.15608291999278423,0.06978186204578544,0.009405880977659875,0.010064228726695656
18153,MISO,2026,7436.5102843625,0.2516230644064895,0.0965776986588589,0.20870108842553875,0.09574424285369451,0.042921975980950766,0.0008334558051643903
18155,MISO,2026,3672.431162366667,0.20364898917207494,0.08601056328825551,0.17982851406788677,0.08326922776557355,0.023820475104188166,0.0027413355226819647
18157,MISO,2026,72001.39653594917,0.16607260489366338,0.11043377991698625,0.1588254017084751,0.10495784625542208,0.007247203185188289,0.005475933661564167
18159,MISO,2026,5936.952196755834,0.19555072821136502,0.06293062987787304,0.18031354915040418,0.06271070665687871,0.015237179060960837,0.00021992322099433081
18161,MISO,2026,2855.617117870833,0.18653507046829312,0.07317085631737621,0.15539768710514928,0.06813803121392452,0.03113738336314384,0.005032825103451696
18163,MISO,2026,75781.092209295,0.20076866795906628,0.07645091888302696,0.19903224762970617,0.07209185912458921,0.001736420329360111,0.0043590597584377555
18165,MISO,2026,6396.316115745833,0.26909007181891037,0.12374616712863522,0.2511657909826958,0.11392341682196533,0.017924280836214557,0.009822750306669889
18167,MISO,2026,41401.204050897504,0.23065884730884575,0.11806120474367073,0.2285583772593775,0.11193810065711207,0.002100470049468256,0.006123104086558653
18169,MISO,2026,12305.388246320834,0.18333117910037006,0.09506903657683792,0.17793152966225775,0.08942928240215083,0.005399649438112303,0.005639754174687095
18171,MISO,2026,3233.3598344066663,0.25816888006136407,0.11319646777204326,0.24466287008855817,0.10712180606123568,0.013506009972805905,0.0060746617108075746
18173,MISO,2026,24081.581261166666,0.08077679343466393,0.04920942469660964,0.07178551372175344,0.04786421655722945,0.008991279712910485,0.0013452081393801885
18175,MISO,2026,10716.238118070833,0.20424955934426345,0.0954031346213263,0.19882422058527677,0.08658092917867424,0.005425338758986681,0.008822205442652054
18177,MISO,2026,26649.330911242498,0.224515609593881,0.11421546023753765,0.21529413076303752,0.11227603645013981,0.009221478830843483,0.001939423787397837
18179,PJM,2026,10814.555437131667,0.1139959972047307,0.06742562631467099,0.09136102243795859,0.049887055657040116,0.02263497476677212,0.01753857065763087
18181,MISO,2026,9718.088419041667,0.1478415977216791,0.06395838491571303,0.14672391291766795,0.06109893215503588,0.0011176848040111431,0.0028594527606771447
18183,PJM,2026,13468.452868026667,0.12839145842096705,0.055150549745399007,0.08187959280037006,0.04967092447726334,0.04651186562059699,0.005479625268135668
21001,PJM,2026,6719.996593766667,0.1651491438633213,0.09652105895993278,0.12778967583367362,0.08401565912045215,0.03735946802964768,0.012505399839480624
21005,PJM,2026,9021.093088383333,0.1049320925148152,0.05795977765783536,0.08167290686198553,0.04075442503822113,0.023259185652829667,0.017205352619614228
21009,PJM,2026,17407.093875666666,0.2244233704162494,0.09781071613812348,0.17973746247515665,0.08461739112967942,0.044685907941092756,0.013193325008444057
21011,PJM,2026,4759.348223170833,0.24373771773567526,0.0871486195598928,0.1845776095449757,0.0734354296155035,0.059160108190699556,0.01371318994438929
21015,PJM,2026,48267.626115080835,0.0374896859469324,0.01852328914885223,0.03419036250972189,0.015608286713654659,0.0032993234372105107,0.0029150024351975723
21017,PJM,2026,7840.4438576708335,0.1726829589975374,0.12723258048658645,0.15359126661732211,0.10479309477224086,0.019091692380215297,0.02243948571434559
21019,PJM,2026,18144.680229775,0.2672215131379194,0.10357763478608877,0.20765999966229348,0.08752146345594168,0.05956151347562594,0.016056171330147084
21021,PJM,2026,11342.695052545834,0.19941963302009175,0.10407132239389777,0.13862145218054617,0.09757749398307684,0.06079818083954558,0.006493828410820926
21023,PJM,2026,3066.7403727941664,0.1722359616519295,0.09615904132101308,0.16457060711179874,0.06973774232480631,0.007665354540130759,0.026421298996206766
21025,PJM,2026,5258.062579345833,0.36832274022119216,0.20177392059703492,0.2831924992294891,0.1745787587225148,0.08513024099170308,0.02719516187452012
21029,PJM,2026,30497.8248441325,0.08234946631988584,0.05529022825927039,0.07168666856806855,0.04779657777212855,0.01066279775181729,0.007493650487141838
21037,PJM,2026,37818.431530366666,0.12344162813974685,0.07221915800197262,0.11041118401051385,0.06869442726603593,0.013030444129233001,0.0035247307359366903
21041,PJM,2026,3870.2058537208336,0.19516616530737052,0.10842980957349267,0.18682589932217306,0.08309359532172067,0.008340265985197465,0.025336214251772002
21043,PJM,2026,9434.651924462501,0.3603483015933154,0.18255644490630815,0.33219089928466566,0.1612208779745193,0.028157402308649715,0.02133556693178884
21045,PJM,2026,5876.762157945834,0.23431883283308336,0.14697956004191154,0.16421538229023022,0.11185921988145325,0.07010345054285314,0.035120340160458285
21049,PJM,2026,14427.592676434168,0.1494865251045617,0.08411981568402517,0.11782119407100082,0.07331979510832339,0.03166533103356088,0.010800020575701785
21051,PJM,2026,6789.596523095833,0.38264113490520646,0.21831350143247852,0.31328058338253595,0.1893360666103343,0.06936055152267051,0.02897743482214421
21053,PJM,2026,3588.0956469124994,0.19757530637968004,0.13862778370531453,0.15689200470944453,0.1015006641803292,0.04068330167023551,0.03712711952498533
21063,PJM,2026,2081.1878467375,0.3898087951856042,0.17548594904268552,0.2763095278684045,0.1457815373704872,0.11349926731719967,0.02970441167219831
21065,PJM,2026,5421.782523666667,0.3256211527869846,0.17046842120398853,0.2811740037162837,0.14817245683529084,0.04444714907070091,0.022295964368697685
21067,PJM,2026,134844.43807096584,0.11742615538428255,0.051859735534003984,0.09442248896764578,0.04500969477446436,0.023003666416636773,0.006850040759539627
21069,PJM,2026,5660.835739425,0.24360668075401065,0.08798077871444396,0.15852236751608764,0.07815221809440882,0.08508431323792301,0.009828560620035134
21071,PJM,2026,14003.588588229166,0.40284252987630315,0.2008141048952564,0.34105142279103323,0.18234030356782724,0.061791107085269914,0.01847380132742915
21073,PJM,2026,21916.23096850417,0.12457116801109516,0.05050643554640282,0.10474128317355665,0.04382898553213507,0.019829884837538517,0.006677450014267748
21077,PJM,2026,3067.5448566749997,0.1681059489267319,0.07716461347797177,0.12492788021755347,0.05235749630539671,0.043178068709178424,0.024807117172575055
21079,PJM,2026,6300.894417404166,0.14074085100516676,0.07688900940967644,0.09679397012105907,0.07037779428969637,0.043946880884107684,0.006511215119980068
21081,PJM,2026,8654.637724204167,0.16893226299383995,0.10754518205851164,0.15810633022202278,0.08818311712793413,0.010825932771817176,0.019362064930577516
21087,PJM,2026,4310.6458820749995,0.22285246245977444,0.12099966970392673,0.15790589952280626,0.08797439230865015,0.06494656293696818,0.03302527739527658
21089,PJM,2026,14206.5848341,0.2615846723823422,0.1135959431603185,0.22587754380672187,0.10436468202872824,0.035707128575620306,0.009231261131590257
21093,PJM,2026,41960.43985528583,0.11323187547144621,0.056798250248893435,0.07838452195911634,0.04994536214329421,0.03484735351232987,0.006852888105599225
21097,PJM,2026,7023.788876795832,0.22851933133899674,0.1541713821311959,0.21458752591142913,0.14913578668851682,0.013931805427567612,0.005035595442679092
21099,PJM,2026,7031.387800541666,0.2673777634085034,0.14189540052969912,0.20473645258217746,0.12519061727741077,0.06264131082632593,0.016704783252288358
21103,PJM,2026,5827.137300858333,0.1709373006298671,0.12223087314476329,0.1452692091776026,0.11124481035902739,0.02566809145226448,0.010986062785735898
21109,PJM,2026,4952.208809825,0.3301679160380112,0.1937134124627242,0.254892891555921,0.17306313153883068,0.07527502448209022,0.02065028092389351
21111,PJM,2026,325392.4317025325,0.1170655542252589,0.07255379079689453,0.10748438578238488,0.0665745606189414,0.009581168442874016,0.0059792301779531265
21113,PJM,2026,18842.44632072,0.11986401197871097,0.08228960069682104,0.10857039960156807,0.07610033535949104,0.011293612377142895,0.006189265337329997
21115,PJM,2026,8227.108196329167,0.32685538640669204,0.15076164635467995,0.2892168908930844,0.13718270902833649,0.03763849551360765,0.013578937326343465
21117,PJM,2026,66237.62728063832,0.08630841052571554,0.05549214397090511,0.08505341681109871,0.050588396186827325,0.0012549937146168338,0.004903747784077782
21119,PJM,2026,5422.763019604166,0.38724829500047353,0.18625369477444462,0.3242450668486303,0.1497002869344927,0.06300322815184323,0.036553407839951924
21121,PJM,2026,10899.837005929166,0.3852157258727195,0.21561855186503204,0.3195216833840117,0.19379223001004267,0.0656940424887078,0.021826321854989367
21123,PJM,2026,5862.945893416667,0.20782272422224912,0.13109532432899942,0.1671462712798321,0.12196352352897541,0.040676452942417035,0.009131800800024015
21125,PJM,2026,22870.712844995833,0.23601154749778777,0.13439163254415212,0.18561647284129246,0.12184775459355275,0.050395074656495314,0.012543877950599372
21127,PJM,2026,5501.155341162499,0.37685707126224693,0.16353530991741158,0.301288557076343,0.14399917139559168,0.07556851418590393,0.0195361385218199
21129,PJM,2026,2564.4527658708334,0.468851055547079,0.2409297746083423,0.3642719321492149,0.22858446799114313,0.10457912339786413,0.012345306617199181
21131,PJM,2026,3623.095316883333,0.3783788718767266,0.20127178147168662,0.2568997246418028,0.18295071620193068,0.12147914723492381,0.018321065269755937
21133,PJM,2026,8187.411032958333,0.38445170762822495,0.20810639895244787,0.2996682090705192,0.1869401673472152,0.08478349855770573,0.021166231605232677
21135,PJM,2026,4661.283655679166,0.39969791306415114,0.17561905543053505,0.3577189446904727,0.15353515036636917,0.04197896837367843,0.022083905064165882
21137,PJM,2026,9406.127076045834,0.2207677009759918,0.09074079014397116,0.1613509654434921,0.08863170392393471,0.05941673553249971,0.0021090862200364435
21147,PJM,2026,5194.244980875001,0.2676173910824735,0.19776665286032022,0.22097515914831056,0.1849269529866024,0.04664223193416295,0.01283969987371783
21151,PJM,2026,35464.0141138425,0.1339198666736294,0.0670186254770474,0.10243801985116611,0.04509150068785231,0.031481846822463286,0.02192712478919509
21153,PJM,2026,4412.8355437875,0.4662176996301643,0.24728876277059883,0.41483069719906124,0.233637680471832,0.05138700243110306,0.013651082298766826
21155,PJM,2026,7389.0219790708325,0.21157205012197286,0.1282109255505462,0.17123687241363095,0.11357065769916587,0.04033517770834191,0.014640267851380326
21159,PJM,2026,3708.1206541833335,0.4266865107605191,0.22516970240361694,0.3341158904416397,0.19948950321226344,0.09257062031887942,0.025680199191353503
21161,PJM,2026,6490.7516516666665,0.17067494228662125,0.10205318558674345,0.14660104520673373,0.09083930248770716,0.024073897079887524,0.011213883099036287
21165,PJM,2026,2166.1096165416666,0.29964684206846,0.1662545717542204,0.2641072037638631,0.1567536675923661,0.03553963830459689,0.009500904161854284
21167,PJM,2026,8905.203229449999,0.1637635140682507,0.07689173297646244,0.15171787228694666,0.06636566219685268,0.012045641781304045,0.010526070779609764
21169,PJM,2026,4115.2881773291665,0.25402649979973674,0.11141492897772488,0.2041479128016769,0.10625533709090663,0.04987858699805983,0.005159591886818249
21173,PJM,2026,10475.015938570832,0.19312476847936655,0.07935846052446038,0.15270759155617203,0.07840005498394625,0.04041717692319452,0.000958405540514129
21175,PJM,2026,4600.240194837499,0.29312954010096,0.12881291679309054,0.23736775257327752,0.11562817262714468,0.05576178752768246,0.013184744165945853
21179,PJM,2026,18073.633613956667,0.11451359134437906,0.053455983742652945,0.09455703877928558,0.036519072984230946,0.01995655256509349,0.016936910758422
21181,PJM,2026,2475.1288244458333,0.23579096165556857,0.14050293504535546,0.20577798344726642,0.10863680075899466,0.03001297820830215,0.0318661342863608
21185,PJM,2026,21817.85155746583,0.049249920251152095,0.021703400827733324,0.037204545858789524,0.02081736923502203,0.01204537439236257,0.0008860315927112956
21187,PJM,2026,4052.409011941666,0.19475987054430488,0.11553411171589464,0.18771341113089915,0.09796157376312269,0.007046459413405731,0.017572537952771958
21189,PJM,2026,1295.7421177291667,0.36831219378336555,0.19781832409745162,0.32550734059066183,0.187232679292832,0.04280485319270372,0.010585644804619626
21191,PJM,2026,5047.784425419167,0.23357403949811645,0.17388408255346208,0.20524149064777789,0.15509453906139345,0.028332548850338563,0.018789543492068628
21193,PJM,2026,11007.486605766668,0.3144312212497671,0.15915651174618406,0.24820400465650866,0.14604833631475458,0.06622721659325842,0.013108175431429475
21195,PJM,2026,23578.32168849583,0.440525520116375,0.1872981967957333,0.34982704688909083,0.17009545306021392,0.0906984732272842,0.017202743735519388
21197,PJM,2026,4462.536635766667,0.30663270772003753,0.1679730527411989,0.2572526093639803,0.13652449167688036,0.04938009835605722,0.031448561064318536
21199,PJM,2026,25119.22749265,0.18425737932460134,0.13045794551091852,0.15232047053989706,0.12635963745084955,0.03193690878470429,0.0040983080600689725
21201,PJM,2026,747.75950715,0.19389022376894113,0.13836323260001318,0.17436822724409898,0.12845282466920044,0.019521996524842156,0.009910407930812742
21203,PJM,2026,6201.754472070834,0.31144869930600594,0.17925481033333995,0.25543549821814143,0.14763347021636322,0.056013201087864506,0.03162134011697673
21205,PJM,2026,8799.926772183335,0.2090609075183304,0.1067153998236629,0.17442029703892434,0.0816188187122606,0.03464061047940606,0.02509658111140231
21207,PJM,2026,6853.610359333334,0.15552804870733639,0.11323558664859529,0.13263941245634117,0.088002410495875,0.022888636250995215,0.02523317615272029
21209,PJM,2026,21050.396041445834,0.07699015951746206,0.04861797409773135,0.06757175804401805,0.043659244447491925,0.009418401473444013,0.004958729650239427
21211,PJM,2026,17147.353828435836,0.09602047264835564,0.05839990424689804,0.08643936342743591,0.04843122619457184,0.009581109220919731,0.0099686780523262
21215,PJM,2026,6745.632096014167,0.07526338569343571,0.0589382897005681,0.06975578591980554,0.05675197056989475,0.005507599773630176,0.002186319130673353
21217,PJM,2026,9545.6912555,0.13588024677217506,0.07512819837773699,0.10515143550683145,0.061974006029157515,0.030728811265343603,0.013154192348579473
21223,PJM,2026,3156.3592741975,0.2235322968238097,0.11866785864685749,0.1688345559633701,0.10911267009574808,0.0546977408604396,0.0095551885511094
21229,PJM,2026,4501.3313152,0.1779785128612343,0.13159861678674212,0.159140840480769,0.0918156109283127,0.018837672380465298,0.03978300585842942
21231,PJM,2026,7736.626328412501,0.23804764078376614,0.16538792404536184,0.1964928847792884,0.12890470781603194,0.04155475600447775,0.0364832162293299
21235,PJM,2026,12644.394234570833,0.28713340291135175,0.164545128257894,0.21488659769352106,0.10795336178775802,0.0722468052178307,0.056591766470135973
21237,PJM,2026,2433.114459516667,0.4362189316602635,0.21252421593100337,0.34523661440121106,0.1525885667073184,0.09098231725905243,0.05993564922368497
21239,PJM,2026,10302.613649768333,0.0954449382905322,0.059400434527643174,0.07601387183784604,0.041640546986474,0.019431066452686163,0.017759887541169174
22001,MISO,2026,20873.484652258332,0.3408459215258255,0.1561725773233465,0.29571616046663174,0.1482550933261491,0.04512976105919375,0.007917483997197383
22003,MISO,2026,7457.858676020834,0.286143287358047,0.13197620749791708,0.25902614183159983,0.12260008807642264,0.027117145526447173,0.009376119421494439
22005,MISO,2026,45223.479956426665,0.11323903788048899,0.06708439122604211,0.11035610264133992,0.05883215897059478,0.002882935239149065,0.008252232255447328
22007,MISO,2026,8192.409223595834,0.2461305893810224,0.13433828997368394,0.23213540079853084,0.12960026790261,0.013995188582491547,0.004738022071073933
22009,MISO,2026,14311.596296920832,0.4343742603969699,0.25191439104122526,0.3995914202155009,0.22538748621999205,0.03478284018146899,0.02652690482123321
22011,MISO,2026,13304.595621633334,0.17711490950346861,0.0998150413674105,0.16638114666545153,0.09782164537633836,0.01073376283801708,0.001993395991072136
22013,MISO,2026,5332.168409179167,0.42612496292256286,0.24300292757122394,0.3891509298002014,0.16414645039732284,0.03697403312236147,0.0788564771739011
22017,MISO,2026,93305.01487788332,0.32506483350305454,0.17127590664266343,0.3084324758415334,0.1553991436810068,0.016632357661521158,0.015876762961656632
22019,MISO,2026,76030.05975611499,0.20542511932168808,0.10855816430140539,0.18925274975747633,0.10507057413394744,0.016172369564211753,0.003487590167457949
22021,MISO,2026,3392.212428070833,0.32771293133084034,0.15755245084615127,0.30911960765323004,0.1446594852514604,0.018593323677610296,0.012892965594690858
22023,MISO,2026,2150.2608660958335,0.10844404387627485,0.03088317541934949,0.10608620777371612,0.03088317541934949,0.0023578361025587274,0.0
22025,MISO,2026,2990.8223168833333,0.3500399994532691,0.15418435645781678,0.3401725419135021,0.15327059385550304,0.009867457539766977,0.0009137626023137391
22027,MISO,2026,5000.859199170834,0.44406190060164086,0.2681165720452224,0.40744986432871577,0.2402037225446517,0.036612036272925086,0.027912849500570686
22029,MISO,2026,6221.051018958333,0.5071095693501331,0.32813791465325587,0.4878524555900812,0.3057529044930299,0.019257113760051847,0.022385010160225982
22031,MISO,2026,10083.513777304166,0.3427664508088973,0.15879563798813523,0.33834823484141957,0.15313023079402655,0.004418215967477712,0.005665407194108685
22033,MISO,2026,171905.64957644584,0.2605049697763936,0.15500584954549218,0.24849212404905371,0.1486057774772146,0.012012845727339877,0.006400072068277585
22035,MISO,2026,2211.5923978458336,0.488228883884779,0.2910911587383336,0.44688310004976234,0.2680562612158722,0.041345783835016636,0.02303489752246135
22037,MISO,2026,6454.29251908,0.24458966376225272,0.13770679769200952,0.23484151902539646,0.13533342199544027,0.009748144736856257,0.0023733756965692576
22039,MISO,2026,11878.686405995833,0.4210987400488291,0.2184158877395944,0.4166983973582757,0.17198988874782295,0.004400342690553394,0.04642599899177144
22041,MISO,2026,7091.117574112501,0.3896182776603145,0.22408024748642968,0.3625279732171474,0.18442728844841907,0.027090304443167068,0.03965295903801061
22043,MISO,2026,6640.967086129167,0.30930062572303524,0.12805958447823454,0.2863394697546035,0.12469927942430493,0.022961155968431735,0.0033603050539296048
22045,MISO,2026,26488.2379976,0.3146201567278688,0.1663453954326531,0.30079287248068004,0.1501239555638606,0.013827284247188765,0.016221439868792487
22047,MISO,2026,10650.113071670832,0.2748758086595972,0.1589283411958765,0.23949030945474753,0.1395398920152202,0.03538549920484968,0.019388449180656298
22049,MISO,2026,5376.886951579167,0.3268552942974449,0.15905556562079567,0.31158910394076295,0.15149915691192978,0.015266190356681975,0.007556408708865897
22051,MISO,2026,174894.42816830752,0.14077801420976468,0.09718696034238078,0.13825512201412513,0.09682965003435963,0.002522892195639559,0.0003573103080211498
22053,MISO,2026,11551.242528804167,0.22981712771493132,0.12595781173405288,0.21034426004529028,0.12064371909882926,0.019472867669641042,0.005314092635223616
22055,MISO,2026,96625.15246430249,0.219597497344018,0.12157428909426456,0.20790304566300635,0.11156109650077864,0.011694451681011658,0.010013192593485917
22057,MISO,2026,35954.49883643917,0.20547167484657813,0.10649417150120144,0.15475001893407578,0.0910360575150813,0.050721655912502356,0.01545811398612014
22059,MISO,2026,4585.435611645833,0.2422245721840312,0.13264779607874969,0.23713881911531384,0.10514859120755227,0.0050857530687173635,0.02749920487119742
22061,MISO,2026,17725.416454933333,0.2750786047992277,0.16658706025770156,0.23810671686176413,0.1524209029276276,0.03697188793746356,0.014166157330073953
22063,MISO,2026,49127.8272322125,0.19802067314744637,0.1035298349017977,0.19218154741891752,0.1014789211798504,0.005839125728528849,0.002050913721947295
22065,MISO,2026,2979.592527141667,0.4280519881517206,0.26746691632709346,0.3982768382961549,0.2446566781297923,0.029775149855565675,0.022810238197301158
22067,MISO,2026,9302.618222491667,0.41321141371723574,0.25865465266352927,0.366253209015915,0.23628942385251905,0.04695820470132073,0.022365228811010218
22069,MISO,2026,13665.6694077375,0.3552668929263688,0.19135006444709995,0.3298318389796253,0.17268956515597503,0.025435053946743502,0.018660499291124927
22071,MISO,2026,154637.87520439,0.30997992662728885,0.19798529668389528,0.29191288607598614,0.18492546690681752,0.018067040551302704,0.013059829777077758
22073,MISO,2026,58661.32019112083,0.3208292504886442,0.17356075916449584,0.2873186916909913,0.16894668807469618,0.03351055879765291,0.004614071089799665
22075,MISO,2026,7979.912065813334,0.15957844447440156,0.11456761973251371,0.141559997109216,0.11271757177731798,0.01801844736518557,0.0018500479551957355
22077,MISO,2026,8014.921662595834,0.25632709238935764,0.21308642297407848,0.24709755393690389,0.20099968188313375,0.00922953845245375,0.012086741090944736
22079,MISO,2026,48119.28366633333,0.2936553450755419,0.12854953061708468,0.2767724909956701,0.12099613277906163,0.016882854079871834,0.007553397838023057
22081,MISO,2026,2899.984337875,0.3898444692058531,0.2760632922687786,0.35184661116199006,0.26606689637430664,0.03799785804386302,0.009996395894471988
22083,MISO,2026,7112.6187026416665,0.3728211480766052,0.20584688713554325,0.3495563619975048,0.17582114690374714,0.02326478607910043,0.030025740231796105
22085,MISO,2026,8247.93302435,0.35782160187936907,0.18799179939303984,0.3406552093386159,0.1735205440158694,0.01716639254075314,0.01447125537717045
22087,MISO,2026,15325.546456348333,0.24859337720495098,0.17021162240022053,0.2242302727271765,0.15523932645935046,0.024363104477774483,0.014972295940870073
22089,MISO,2026,18180.386979896666,0.12044019030574446,0.0603119692458493,0.1089359063926495,0.054575508250896035,0.011504283913094965,0.005736460994953264
22091,MISO,2026,3809.5234495199998,0.33857255627669514,0.15309622457724634,0.3011282569095465,0.1403275571954695,0.03744429936714866,0.012768667381776844
22093,MISO,2026,7358.2519694041675,0.1639390839848947,0.09516957058541788,0.12954638421589978,0.056539444028944834,0.03439269976899492,0.03863012655647304
22095,MISO,2026,15002.419264269169,0.16090061893550373,0.10097349975482736,0.15234523522400073,0.08571480907517105,0.008555383711502995,0.015258690679656309
22097,MISO,2026,30351.252312166667,0.37620251238687336,0.22888372606686197,0.36403677125155676,0.19711947873487623,0.012165741135316599,0.03176424733198574
22099,MISO,2026,19606.880385749166,0.29439137944688837,0.15996530229130548,0.25051038015571564,0.1570097179346977,0.04388099929117273,0.002955584356607782
22101,MISO,2026,18279.428146924998,0.35433983232231264,0.18981597050764512,0.3446118724651596,0.1831597613968967,0.009727959857153023,0.0066562091107484345
22103,MISO,2026,99976.33604572584,0.16785706558565444,0.06490136422073585,0.1402458699109021,0.06337774730272505,0.027611195674752342,0.0015236169180107978
22105,MISO,2026,47781.188282924995,0.2840715381134565,0.1239335952129547,0.23152415177179209,0.11161438411277051,0.05254738634166439,0.01231921110018419
22107,MISO,2026,1561.5364993416665,0.36616668082434173,0.2111880524843312,0.36514175445331254,0.20017509899071545,0.001024926371029189,0.011012953493615751
22109,MISO,2026,40223.223676075,0.19104132068212776,0.0979986926011341,0.17531411795024915,0.09563359275816491,0.01572720273187861,0.00236509984296919
22111,MISO,2026,8085.8152056,0.34789394634797743,0.2008052822074131,0.34320018842520816,0.17686906927005946,0.0046937579227692705,0.023936212937353624
22113,MISO,2026,21023.655567395832,0.2784556147688771,0.13140106953442432,0.26182005740947,0.13113955459557958,0.016635557359407083,0.0002615149388447424
22115,MISO,2026,17448.096772616664,0.25864615262026325,0.12929793081136745,0.23257411206721537,0.12188853861653734,0.026072040553047876,0.007409392194830111
22117,MISO,2026,16652.220901566667,0.3481740472943178,0.142000476936785,0.3246611099578934,0.12354327121178668,0.0235129373364244,0.018457205724998316
22119,MISO,2026,14477.2410151125,0.48920791292105853,0.3087738239066285,0.4659506020771952,0.2793389425756945,0.023257310843863344,0.02943488133093397
22121,MISO,2026,9795.310435094167,0.17330171674309103,0.08409133890001258,0.1695473086699269,0.08359058509210607,0.0037544080731641283,0.0005007538079065121
22123,MISO,2026,3740.5475148124997,0.3539517880912948,0.17879230923458103,0.3301150498071484,0.16215031035736935,0.023836738284146397,0.016641998877211683
22125,MISO,2026,3747.7440598124995,0.25616148420645635,0.09040972267156859,0.2455862965980431,0.08248922822844348,0.01057518760841325,0.007920494443125106
22127,MISO,2026,4796.283017041666,0.38964983877474507,0.2540135903166094,0.3615278629143226,0.21355582138081086,0.028121975860422477,0.040457768935798555
24001,PJM,2026,26666.477862033338,0.1965190699770981,0.0991486234101058,0.17402581866097064,0.09194957544459535,0.02249325131612745,0.0071990479655104495
24003,PJM,2026,193069.99673910916,0.07381669288432438,0.04737600973760638,0.06570426723972882,0.03620968454320106,0.008112425644595564,0.011166325194405323
24005,PJM,2026,326322.6920135475,0.12300366078596807,0.07254122087317866,0.10824773940796568,0.04902130326523809,0.014755921378002385,0.023519917607940567
24013,PJM,2026,61989.40874574917,0.06588504560238123,0.034938968023041826,0.05930754793482535,0.03296389493968931,0.00657749766755588,0.001975073083352513
24017,PJM,2026,58193.22883095333,0.11398320885444962,0.0693077853084291,0.09251909986767323,0.046159590816824955,0.021464108986776392,0.023148194491604143
24021,PJM,2026,98652.08427072334,0.06442500765307685,0.032432080769355186,0.05669151213624928,0.027676206089277736,0.007733495516827567,0.004755874680077449
24023,PJM,2026,12019.210306415833,0.15740065251792318,0.05974962349578461,0.15150906317444246,0.058245602099552186,0.005891589343480719,0.001504021396232423
24025,PJM,2026,97132.84759477916,0.09742908090429883,0.05136404239139349,0.08837449164014546,0.04689816834972706,0.009054589264153368,0.004465874041666436
24027,PJM,2026,117643.62089344251,0.057647268955161465,0.026332935497207884,0.047310789231668746,0.02265240925230829,0.01033647972349272,0.0036805262448995936
24031,PJM,2026,369540.7327031633,0.07605754506698274,0.029874467335579226,0.058439368872615235,0.029012135902553398,0.017618176194367507,0.0008623314330258279
24033,PJM,2026,339223.0202935833,0.08068071592336752,0.05224193670713338,0.0775055401032601,0.03751890202908914,0.003175175820107415,0.014723034678044242
24043,PJM,2026,57734.388594695,0.1126550054831787,0.05567684101492673,0.10209225408408959,0.042724813350120454,0.010562751399089104,0.012952027664806277
24510,PJM,2026,245307.75649945,0.24472159080831496,0.15028399312203428,0.21916943494163305,0.14289476454167316,0.025552155866681914,0.007389228580361118
26001,MISO,2026,4771.078615768333,0.31300225488553945,0.16618449082430004,0.30956272291316095,0.1525328041313297,0.0034395319723785067,0.013651686692970344
26003,MISO,2026,3199.976778483333,0.1816085544177833,0.13119083317061012,0.17980071187559193,0.12429946739572519,0.001807842542191379,0.0068913657748849305
26005,MISO,2026,43256.201359017505,0.10278436199521884,0.052987548434921705,0.0974665165017107,0.0444490669327466,0.005317845493508139,0.008538481502175108
26007,MISO,2026,12353.209613345833,0.20310487594915383,0.09552486764061768,0.190286884920887,0.09429785428401401,0.012817991028266834,0.0012270133566036762
26009,MISO,2026,10445.443550879167,0.1840251821876801,0.07550932386585422,0.17047914743163653,0.07365935303510796,0.013546034756043573,0.0018499708307462698
26011,MISO,2026,6237.4557551525,0.22577076492634293,0.10568587553901608,0.21710233998916628,0.10139017854971083,0.00866842493717665,0.0042956969893052505
26013,MISO,2026,3173.002568525,0.2450256559653253,0.09626797849194996,0.2292265208189255,0.08747757167612255,0.0157991351463998,0.008790406815827406
26015,MISO,2026,23913.083137375834,0.15308648615430653,0.08114264359672743,0.14310996403099296,0.08088774336672991,0.00997652212331357,0.0002549002299975234
26017,MISO,2026,44123.78348309584,0.21936449348117834,0.08194085068294611,0.18481079305555406,0.08192797463390517,0.03455370042562428,1.2876049040946858e-05
26019,MISO,2026,7057.721204854166,0.19080800631625303,0.10167389063292245,0.18404261004162742,0.09874122022379696,0.006765396274625607,0.0029326704091254957
26021,PJM,2026,62051.45464497749,0.2277784438203983,0.10979769347746401,0.16258063804842476,0.09570669026154228,0.06519780577197354,0.01409100321592173
26023,MISO,2026,16365.692972587502,0.1299629437701951,0.07970223308894837,0.12732673037312525,0.07922568901131208,0.0026362133970698476,0.0004765440776362956
26025,MISO,2026,51966.72735397167,0.22392909802382674,0.07946397139077739,0.2092141827407809,0.07801541045644626,0.014714915283045832,0.0014485609343311279
26029,MISO,2026,11976.329161432499,0.1776273188454502,0.0645693444340423,0.14312190694108404,0.05694617206772657,0.03450541190436615,0.007623172366315732
26031,MISO,2026,10523.1627943725,0.19089212150925247,0.0949842294262859,0.17597529383136606,0.09170488508853085,0.014916827677886407,0.0032793443377550496
26033,MISO,2026,13371.240413542502,0.1885317962873368,0.11126418597957483,0.17421706500379466,0.10021004544639991,0.014314731283542131,0.011054140533174911
26035,MISO,2026,11709.8428090125,0.34395873182047093,0.13700369220394268,0.3347632764278395,0.133229068738945,0.009195455392631446,0.003774623464997684
26037,MISO,2026,30529.477480433336,0.12928293934145457,0.06678063865221213,0.09734920429222214,0.060041834613661006,0.03193373504923243,0.006738804038551129
26039,MISO,2026,5761.81098304,0.27142635483647837,0.16767855844290885,0.270074278976198,0.1614428871233202,0.001352075860280355,0.006235671319588659
26041,MISO,2026,15598.286558045831,0.24068402814908305,0.12467290408099789,0.23126603248884445,0.11519953921037931,0.009417995660238598,0.009473364870618575
26043,MISO,2026,11421.670771325,0.17881571250394823,0.07640023907980055,0.15829400982041505,0.07304628323113656,0.020521702683533177,0.003353955848663992
26045,MISO,2026,44070.604305471665,0.10464908490423312,0.052727134094532065,0.0994473002197981,0.04992878155844742,0.0052017846844350235,0.002798352536084646
26047,MISO,2026,14161.784488406665,0.1869106289843099,0.07297516056046412,0.17063826724484704,0.06911564010303793,0.016272361739462865,0.0038595204574261854
26049,MISO,2026,164667.29742035415,0.22688235881031715,0.10306640211700493,0.2177288875303471,0.10041208352806506,0.009153471279970044,0.002654318588939872
26051,MISO,2026,10715.294369055,0.23682768267876983,0.14380344732471037,0.23090553060325045,0.12447068883606645,0.005922152075519382,0.019332758488643922
26053,MISO,2026,6806.012627445833,0.29252894518426237,0.11889145471918337,0.2768674656566864,0.11879762067836905,0.01566147952757596,9.383404081432511e-05
26055,MISO,2026,37328.721364569166,0.0805007101140323,0.04744288502425394,0.08026471473028217,0.045685913526102094,0.00023599538375013163,0.0017569714981518492
26057,MISO,2026,14412.389597995834,0.23789238856413808,0.090434852960556,0.21826640738141545,0.07828809508881875,0.01962598118272263,0.01214675787173726
26059,MISO,2026,17247.045537029167,0.2827255223670575,0.10759379270100057,0.25685106271017166,0.10300193431401092,0.02587445965688584,0.004591858386989653
26061,MISO,2026,13816.525760937498,0.20465371889998712,0.08727218052384073,0.19763094471307874,0.08593230680791435,0.007022774186908387,0.001339873715926379
26063,MISO,2026,13460.721420816666,0.29181079390233416,0.1290399526224242,0.2807486449358563,0.12169003929376962,0.011062148966477892,0.007349913328654589
26065,MISO,2026,113184.50817140666,0.12123795863725013,0.07928866749644803,0.11791320683672002,0.07003559571134446,0.003324751800530115,0.009253071785103567
26067,MISO,2026,22314.507808831666,0.15647212675123806,0.07176717511822105,0.1505396179915435,0.07073344314751764,0.00593250875969456,0.0010337319707034026
26069,MISO,2026,11281.318642333334,0.22625049619025878,0.15100381566625304,0.20902705024263338,0.13785132686669804,0.0172234459476254,0.013152488799554996
26071,MISO,2026,5086.898056770833,0.2830398897435312,0.13350059991083496,0.2383676180462707,0.1327453838360367,0.04467227169726051,0.0007552160747982539
26073,MISO,2026,24225.647866850835,0.25298324474844486,0.1059177265966366,0.23203954074269567,0.10068180228264127,0.020943704005749186,0.005235924313995333
26075,MISO,2026,60526.70431604667,0.201037250174174,0.0792800462380837,0.1885235701699163,0.07611711928190303,0.012513680004257705,0.0031629269561806728
26079,MISO,2026,7262.089770320832,0.2634073537134877,0.128278286205305,0.25229590511748184,0.12005107198236278,0.01111144859600588,0.008227214222942203
26081,MISO,2026,250297.79169441081,0.07970215634513517,0.04083098331468371,0.07816207995716354,0.035791421721027956,0.0015400763879716284,0.0050395615936557545
26083,MISO,2026,1055.7583443583335,0.26929438782647164,0.12433921319272259,0.25448265701367456,0.11842885075829088,0.014811730812797075,0.005910362434431715
26085,MISO,2026,4495.266810646666,0.381039525515267,0.2090517363826909,0.36957837185386244,0.17072156448290257,0.011461153661404544,0.03833017189978832
26087,MISO,2026,33645.12766489916,0.15224914138746373,0.08912167720845296,0.13527521380423452,0.08119421351019726,0.016973927583229215,0.007927463698255699
26089,MISO,2026,9045.722980177501,0.12080766637242557,0.06908513489481236,0.11855644737666834,0.06558608552978537,0.002251218995757226,0.003499049365026985
26091,MISO,2026,37653.17002485834,0.18431407880566916,0.06660412690928366,0.16254872062056067,0.06557708845476656,0.021765358185108497,0.0010270384545170985
26093,MISO,2026,73713.66943356584,0.0819776844697412,0.030131861691950066,0.07524548523152644,0.029962327762951154,0.006732199238214762,0.000169533928998912
26095,MISO,2026,2054.0939317958337,0.2377301622130507,0.124172119549165,0.22432740280186636,0.124172119549165,0.01340275941118435,0.0
26097,MISO,2026,5041.095834520834,0.22358622028682415,0.1218404442819356,0.21485838550676017,0.10708814448270577,0.008727834780063976,0.014752299799229832
26099,MISO,2026,351532.2330202642,0.1015491985590423,0.07923736557928764,0.10028955223848386,0.0776408065133153,0.001259646320558444,0.001596559065972336
26101,MISO,2026,9760.880229179165,0.2142988570523867,0.10880807804932774,0.1978915458139923,0.10462314844862562,0.016407311238394395,0.004184929600702117
26103,MISO,2026,26773.891520620837,0.15168757121278298,0.06936209465801273,0.12566304679854715,0.06584684804960769,0.026024524414235833,0.0035152466084050343
26105,MISO,2026,11981.90325629,0.2000433707204149,0.10041017498152918,0.19662375043671823,0.08969160953617059,0.0034196202836966616,0.010718565445358597
26107,MISO,2026,15792.003570425,0.262533884137588,0.12908260157175058,0.2398502329922998,0.1216702729395421,0.022683651145288197,0.007412328632208476
26109,MISO,2026,9790.747282441665,0.19707287610409863,0.1062189880550141,0.18710295867033044,0.10153252392416888,0.009969917433768183,0.004686464130845225
26111,MISO,2026,33784.81317012167,0.18281038036133745,0.08532578712749032,0.16615509436592366,0.0804390300831741,0.0166552859954138,0.004886757044316223
26113,MISO,2026,5712.952033398333,0.26695386434179497,0.12859425012311204,0.2612530139757435,0.1171056104919782,0.0057008503660514465,0.011488639631133848
26115,MISO,2026,60919.73485117416,0.0953208844744161,0.07386129651979721,0.0891191032005046,0.06358028440557709,0.006201781273911494,0.010281012114220126
26117,MISO,2026,23685.637822812503,0.22081120550253494,0.11034926308564472,0.21504249570838418,0.10893008714444943,0.005768709794150756,0.0014191759411952831
26119,MISO,2026,4616.966919534167,0.29856399171379544,0.15469825172068383,0.2600700028794335,0.14898747052377337,0.03849398883436195,0.005710781196910458
26121,MISO,2026,65119.7732379275,0.10956933208743593,0.07233000533502633,0.09952434886728521,0.06704547097661934,0.01004498322015071,0.005284534358406992
26123,MISO,2026,18802.4018628725,0.26355316138245105,0.12774132548384945,0.25070123515152665,0.11236929802318633,0.012851926230924404,0.015372027460663115
26125,MISO,2026,521526.56082772743,0.08094543596368814,0.05359054625993539,0.07771676471043655,0.052481990430552974,0.0032286712532515888,0.001108555829382414
26127,MISO,2026,9780.931372478333,0.2711231219497419,0.13050233220290677,0.2622507374224514,0.12916108134443396,0.0088723845272905,0.001341250858472809
26129,MISO,2026,8879.656253620833,0.24706838813453388,0.15551204964393567,0.24576401542121967,0.1381552792607367,0.0013043727133142113,0.017356770383198966
26131,MISO,2026,2845.694941808333,0.3099811492822151,0.14369761611762227,0.30161145095296804,0.1407350208855032,0.008369698329247055,0.0029625952321190863
26133,MISO,2026,8782.571058295833,0.28238964299201536,0.1459704035513102,0.2664351718684775,0.13864600288486317,0.015954471123537872,0.007324400666447017
26135,MISO,2026,3434.789023983333,0.311828532192607,0.13847855328172687,0.30618558417052183,0.1292126493925488,0.005642948022085148,0.009265903889178057
26137,MISO,2026,10480.722302161666,0.1756766176436217,0.078555866308647,0.16090520586676008,0.07453056615777234,0.014771411776861615,0.0040253001508746555
26139,MISO,2026,106091.79930614916,0.05445202738631309,0.0287331327915369,0.05327903133051786,0.0274354655552027,0.001172996055795232,0.001297667236334201
26141,MISO,2026,6044.054568874167,0.19728157850011593,0.09326647989739596,0.18816609679551757,0.09302542608436407,0.00911548170459836,0.00024105381303189677
26143,MISO,2026,11213.417281721668,0.1990740456891087,0.11126006402967646,0.1742385719626366,0.1048076778971631,0.0248354737264721,0.006452386132513366
26145,MISO,2026,75787.41961827333,0.24445943202101814,0.11670356497002443,0.22123321100633347,0.11156297608134123,0.02322622101468466,0.005140588888683198
26147,MISO,2026,64617.187098355,0.13698713769121978,0.0919515670524485,0.13617504034558436,0.08226886794695623,0.0008120973456354208,0.00968269910549227
26151,MISO,2026,16995.631359,0.29044026055139,0.12082772621526557,0.27272439674605836,0.10731396864181068,0.017715863805331633,0.013513757573454882
26153,MISO,2026,3738.894939258333,0.2288040838809616,0.10758944166663201,0.20701629173312291,0.09100244800138556,0.021787792147838686,0.01658699366524645
26155,MISO,2026,27333.5277230375,0.20741226584555494,0.08352223615867886,0.1972952156623376,0.07937768809858634,0.010117050183217347,0.004144548060092526
26157,MISO,2026,21242.884235037498,0.26585944153650365,0.11139889075009388,0.22980869731461628,0.10676136462777729,0.036050744221887365,0.00463752612231659
26161,MISO,2026,146913.13311006164,0.10947510092774339,0.04563010142760944,0.10396273136772162,0.03577759821233222,0.005512369560021768,0.009852503215277218
26163,MISO,2026,684085.8793378675,0.26732669747554555,0.14242012525431405,0.2581151896861104,0.1393029357841036,0.009211507789435136,0.0031171894702104463
26165,MISO,2026,12860.331449991667,0.22527884577748403,0.11227199586673708,0.1967457654168112,0.08682744569839401,0.028533080360672813,0.025444550168343072
27001,MISO,2026,6700.31171718,0.36447975848420666,0.15752937746443127,0.31560959814158,0.13614115139266755,0.048870160342626645,0.021388226071763716
27003,MISO,2026,132001.03064151,0.05893047589858839,0.015028102672691177,0.057890613996743744,0.014352982605204555,0.0010398619018446437,0.0006751200674866217
27005,MISO,2026,13758.14815455,0.25976270025014814,0.12405685602308872,0.2214565885749219,0.10751740399348701,0.03830611167522624,0.016539452029601706
27007,MISO,2026,17212.4980336675,0.2651996762131634,0.14164860981456878,0.23121753903498787,0.12511273947818422,0.03398213717817555,0.016535870336384567
27009,MISO,2026,15407.020123136666,0.08583685192698974,0.04196752106062212,0.07778038679229007,0.039292236114501805,0.008056465134699667,0.002675284946120314
27011,MISO,2026,2171.8248583575,0.3022475075717085,0.15600903562096843,0.26487345526220496,0.13862572720574995,0.037374052309503525,0.017383308415218485
27013,MISO,2026,25563.211416009166,0.11087187645178649,0.04848603035886352,0.10655993414801283,0.04847502939363175,0.004311942303773658,1.1000965231773574e-05
27015,MISO,2026,10587.389143488334,0.2996294379028048,0.10308356284368551,0.25437431046520736,0.09726863996619801,0.04525512743759741,0.0058149228774874995
27017,MISO,2026,13447.770504454998,0.18310648258008722,0.07957428258229346,0.14905887948496316,0.06970172774930578,0.03404760309512406,0.009872554832987684
27019,MISO,2026,37792.48906580084,0.0658096151589497,0.033430966275385596,0.05877920326967913,0.019933173109654513,0.007030411889270574,0.013497793165731083
27021,MISO,2026,12219.805739558335,0.2845054120519232,0.12153895822477119,0.2676911773743601,0.11056737263284026,0.0168142346775631,0.010971585591930927
27023,MISO,2026,5048.486212538333,0.3029044974782901,0.16331893400486125,0.2861521322161475,0.09677772737100915,0.016752365262142632,0.0665412066338521
27025,MISO,2026,20511.817690471667,0.095721958594406,0.05379006668608716,0.08754588436511404,0.029675036646610167,0.008176074229291966,0.02411503003947699
27027,MISO,2026,24334.185865260835,0.0839958736449701,0.04432839867564385,0.07523387998576503,0.04364641312486809,0.008761993659205075,0.0006819855507757613
27029,MISO,2026,3110.9674509041665,0.37262175391766134,0.19178494642395816,0.33237585650657003,0.17029373586964386,0.0402458974110913,0.0214912105543143
27031,MISO,2026,2544.0144325141664,0.240781242712449,0.08515315510582389,0.19790725411815435,0.08202167067062739,0.04287398859429464,0.0031314844351964938
27033,MISO,2026,4476.550964800001,0.3321427601890961,0.11897892591112919,0.32577754652742025,0.11897892591112919,0.0063652136616758614,0.0
27035,MISO,2026,27458.026502777502,0.1689529737687351,0.0754553016172553,0.14053825825327085,0.06656358581488439,0.02841471551546426,0.008891715802370914
27037,MISO,2026,166105.97013297916,0.050791316422351636,0.02316563498214094,0.03964623476909776,0.02016242562769107,0.011145081653253876,0.0030032093544498685
27039,MISO,2026,7695.352213774166,0.0928414870150911,0.03655890730291698,0.07508988439485584,0.03362356483396087,0.017751602620235257,0.0029353424689561106
27041,MISO,2026,16698.018225331667,0.12146280544946014,0.06208105371784279,0.1077673577087573,0.04656351835685518,0.013695447740702846,0.015517535360987607
27043,MISO,2026,5913.530371708333,0.2789904087412437,0.11107628238722952,0.27167136927041124,0.11107363633672901,0.007319039470832456,2.6460505005154733e-06
27045,MISO,2026,8272.708848130833,0.16307945011141334,0.08687117326255758,0.14764428281505057,0.07471405824280314,0.015435167296362767,0.012157115019754444
27047,MISO,2026,12455.7295177175,0.1928445420351154,0.08373261991022958,0.19229313288987848,0.08282367720300163,0.0005514091452369085,0.0009089427072279527
27049,MISO,2026,18838.428201214167,0.1404777043479811,0.06409046800113877,0.11422732487613496,0.06247057412080077,0.026250379471846136,0.0016198938803379942
27051,MISO,2026,2486.0468851125,0.2773209276577265,0.15626479360991086,0.2552157488210934,0.13900780464673132,0.0221051788366331,0.017256988963179537
27053,MISO,2026,523940.52848666743,0.05291314548942895,0.03533872728988138,0.04971090179345188,0.026506408703966863,0.003202243695977068,0.00883231858591452
27055,MISO,2026,7743.28249308,0.16569824321015864,0.0801487960660908,0.1361404741277908,0.06890814804920838,0.029557769082367846,0.011240648016882418
27057,MISO,2026,8534.585263393332,0.243777833387686,0.1213067805447212,0.23298474391373905,0.11111027494943157,0.010793089473946943,0.010196505595289632
27059,MISO,2026,15302.368952738334,0.1372685946359597,0.049844079761160794,0.1270555068683497,0.0487096572588706,0.010213087767609985,0.0011344225022901916
27061,MISO,2026,17541.640615383334,0.253730008417093,0.1116136398040506,0.22376167754791607,0.0949655854180735,0.029968330869176912,0.016648054385977107
27063,MISO,2026,4292.5669838625,0.2492781654697666,0.09945853900669356,0.24696542635142824,0.09921738045194257,0.002312739118338375,0.00024115855475098646
27065,MISO,2026,6387.487604328333,0.2821381703786757,0.11168413996502481,0.242565421697272,0.09474025132431296,0.03957274868140373,0.01694388864071185
27067,MISO,2026,16434.54634230583,0.13755037988808472,0.048349363428804026,0.09869518279646403,0.036994390789069416,0.03885519709162069,0.01135497263973461
27069,MISO,2026,1688.2253223508333,0.3668655015883151,0.17630250019620736,0.3289273246733519,0.16116951860151224,0.037938176914963206,0.015132981594695116
27071,MISO,2026,5448.476537095834,0.21161561319862088,0.11969692627802944,0.19860721833984224,0.10296352772583589,0.013008394858778638,0.01673339855219355
27073,MISO,2026,2796.559982125,0.2009137488651533,0.07560249860414034,0.13997279549411198,0.07344764784516575,0.06094095337104133,0.0021548507589745913
27075,MISO,2026,4837.513022858333,0.2328679418646924,0.12294886838056258,0.2081731077805909,0.09725830253999745,0.024694834084101502,0.02569056584056513
27077,MISO,2026,1580.1614707958333,0.40381349875241873,0.24918894205266698,0.3719139016195088,0.22643252938034494,0.03189959713290991,0.022756412672322035
27079,MISO,2026,11093.983852969166,0.1154168003500662,0.06239794311383133,0.09330980934195979,0.04687377448776654,0.02210699100810641,0.015524168626064788
27081,MISO,2026,2395.3585170983333,0.30862319204504235,0.15548894804879163,0.2727190083733296,0.1450845053559332,0.035904183671712775,0.010404442692858423
27083,MISO,2026,9592.486386540833,0.14997931395810266,0.06839568154983768,0.12498782998315214,0.06410954417298186,0.024991483974950518,0.00428613737685582
27085,MISO,2026,14334.583948630001,0.17395951934551898,0.08425188854740064,0.1383640440236071,0.0645810653836109,0.035595475321911874,0.019670823163789736
27087,MISO,2026,1823.6280281633335,0.3957923720228764,0.22554236947793538,0.35856402121621034,0.20065995469402023,0.03722835080666609,0.024882414783915147
27089,MISO,2026,3687.64934932,0.2903203689291258,0.15158449458408443,0.2621349799106898,0.13598433148408465,0.028185389018436036,0.015600163099999786
27091,MISO,2026,8508.624117628335,0.28438133024157186,0.09390358023911327,0.2561721530349948,0.09390358023911327,0.028209177206577063,0.0
27093,MISO,2026,8783.251516250833,0.2423792492488272,0.1381413345980231,0.21865218055779834,0.08727865259332673,0.023727068691028863,0.050862682004696375
27095,MISO,2026,10276.049393975833,0.22175606568797038,0.08088969318409722,0.18521089806773486,0.06907698322172962,0.03654516762023552,0.011812709962367607
27097,MISO,2026,13440.4913057475,0.18778060071762884,0.09002885011093749,0.16446678391446848,0.08565371344524725,0.02331381680316036,0.004375136665690241
27099,MISO,2026,15099.276745869167,0.09963792468740294,0.0505485543721252,0.093286507080183,0.0472593325878045,0.006351417607219939,0.0032892217843207006
27101,MISO,2026,3480.3904792825,0.38737742493971816,0.1821290558951911,0.36979810965118975,0.176040324316227,0.017579315288528408,0.006088731578964113
27103,MISO,2026,12393.164974718333,0.15823533454458857,0.06120417040211359,0.12864296185409257,0.056718371324148024,0.029592372690496,0.004485799077965563
27105,MISO,2026,7388.2127862433335,0.19344020032279333,0.12450651209827018,0.1857236028959901,0.12412866366061673,0.007716597426803223,0.0003778484376534552
27107,MISO,2026,2608.6238727708333,0.26057835906810156,0.1488510951606546,0.23455647091081652,0.13737765853221662,0.02602188815728504,0.011473436628437972
27109,MISO,2026,63411.11019054,0.06174433254923417,0.033897193358722606,0.05873676700937416,0.024672782454481262,0.0030075655398600076,0.009224410904241344
27111,MISO,2026,24172.569129024167,0.18115303212901013,0.08169979836081628,0.1463878680373165,0.06370888984717267,0.03476516409169364,0.017990908513643614
27113,MISO,2026,5957.608540588333,0.2709614515183332,0.13499695408790266,0.23133424570021596,0.09858385256550159,0.03962720581811721,0.03641310152240107
27115,MISO,2026,11170.791052523333,0.23937727867842493,0.11393970926891749,0.20630123093821545,0.1009272680659436,0.033076047740209474,0.013012441202973887
27117,MISO,2026,3829.0824632333333,0.27603090677128783,0.1332896463220931,0.2624497816063605,0.1267582889607749,0.013581125164927321,0.006531357361318213
27119,MISO,2026,11994.683954574166,0.3104427562075656,0.14021995057168168,0.2698299921807516,0.1261100783286153,0.04061276402681402,0.014109872243066396
27121,MISO,2026,4804.753283909166,0.2290522324636955,0.1080356250807334,0.200004929388344,0.07709033508122352,0.0290473030753515,0.03094528999950988
27123,MISO,2026,212464.01918350667,0.07141894634701644,0.023449169611790065,0.06245110668771546,0.020383825903565182,0.00896783965930098,0.003065343708224883
27125,MISO,2026,1610.1242651966666,0.22315253391758968,0.13696314404532245,0.2043653672908541,0.12391323266217825,0.018787166626735574,0.013049911383144194
27127,MISO,2026,5931.407547675,0.3666112489541437,0.1986577469516847,0.302657650646011,0.15483606768542832,0.06395359830813269,0.04382167926625638
27129,MISO,2026,5807.616984971666,0.5026012066925658,0.22378796199726328,0.4176987999206876,0.1890584694180477,0.08490240677187821,0.03472949257921559
27131,MISO,2026,22053.813363566667,0.0891005386695193,0.043585244116426704,0.0829403716017186,0.0396645177440202,0.00616016706780069,0.003920726372406501
27133,MISO,2026,3816.2726701999995,0.31024572009301704,0.14100102147884522,0.30335819253759677,0.13751942436828798,0.00688752755542027,0.003481597110557233
27135,MISO,2026,5664.0760651049995,0.35127143202594857,0.15972018324579051,0.3030626474943321,0.13870658075347886,0.04820878453161648,0.021013602492311656
27137,MISO,2026,83681.71071696334,0.1594943084563731,0.08799733931589272,0.14574797206632584,0.08611125448665012,0.01374633639004727,0.0018860848292426013
27139,MISO,2026,51303.06033918666,0.04153997726640205,0.014842165966787722,0.034077060329406904,0.014731879833674823,0.007462916936995148,0.00011028613311289855
27141,MISO,2026,33288.806698390836,0.06273795560213404,0.031378408311959496,0.0581518972207128,0.017214734750295748,0.004586058381421232,0.014163673561663748
27143,MISO,2026,5712.814970596666,0.2491699682071088,0.10742332624434783,0.2294399609797679,0.09256223524800032,0.01973000722734089,0.014861090996347512
27145,MISO,2026,58867.05061957417,0.12025324282766613,0.054054276154306476,0.10589329572417137,0.04202786247400918,0.014359947103494752,0.012026413680297297
27147,MISO,2026,14541.437418163332,0.0754933120462211,0.04232633867138973,0.06672864234026725,0.03780962755602492,0.008764669705953854,0.004516711115364808
27149,MISO,2026,3691.2856137991666,0.16618584366946315,0.06180754210527828,0.1526878873195835,0.0506040979015655,0.013497956349879658,0.011203444203712783
27151,MISO,2026,4024.677264665,0.28485304327801614,0.13458924135583347,0.23177599926226095,0.10983423750379344,0.05307704401575519,0.024755003852040033
27153,MISO,2026,9560.50066513,0.28049568569467126,0.13323791235581828,0.24061075415869843,0.10595553658638433,0.039884931535972834,0.027282375769433945
27155,MISO,2026,1392.2160205333334,0.4685953629793618,0.23472877458866714,0.4340859990087272,0.19751238498030887,0.03450936397063459,0.03721638960835827
27157,MISO,2026,8954.798220530833,0.18078620270080184,0.08480120209006617,0.14176686493460847,0.06293832687424385,0.039019337766193374,0.021862875215822322
27159,MISO,2026,5647.303586095833,0.2970747566233338,0.1470224869201398,0.2579799870226852,0.1142119545403678,0.039094769600648616,0.03281053237977201
27161,MISO,2026,7279.8464098475,0.11951008577458327,0.05251779228306671,0.10364374283790315,0.05010872015695565,0.015866342936680128,0.0024090721261110573
27163,MISO,2026,98412.09299001333,0.03988490036055139,0.02690045521880439,0.03611238820362563,0.0242296265501501,0.003772512156925756,0.0026708286686542917
27165,MISO,2026,4066.6788152249997,0.2863036420279108,0.13151214622037385,0.2848928578327864,0.12967396924239027,0.0014107841951244149,0.00183817697798358
27167,MISO,2026,2584.059975643333,0.1620736848215888,0.0889453018769215,0.14778611471821235,0.07319056509111431,0.014287570103376446,0.01575473678580719
27169,MISO,2026,19611.862048659998,0.1364446324250822,0.061706379358312226,0.12620652057147647,0.052618676642588826,0.010238111853605736,0.0090877027157234
27171,MISO,2026,49541.01582731833,0.06848278419871771,0.025694010023621323,0.05846842773132183,0.017558080874110964,0.010014356467395881,0.008135929149510359
27173,MISO,2026,3926.09278723,0.22171773539747597,0.10670491373152337,0.188813650830197,0.08447189853027405,0.032904084567278974,0.022233015201249318
29001,MISO,2026,8574.200334841666,0.31361874469676976,0.19319604093694834,0.3075728313286916,0.18911765887397014,0.006045913368078137,0.0040783820629781975
29007,MISO,2026,8813.9755704375,0.22672769990594682,0.1022799466521272,0.21073663763280312,0.10180418590245317,0.015991062273143702,0.00047576074967402293
29019,MISO,2026,73035.78236890833,0.13277257305894835,0.06679172738042259,0.12679084791352635,0.06307467848747379,0.005981725145422001,0.003717048892948799
29025,MISO,2026,3410.5416178758333,0.21866178531890798,0.1323064715515404,0.21453919738459323,0.12147048547053267,0.004122587934314748,0.010835986081007734
29027,MISO,2026,15641.421081412498,0.17067109011750956,0.07157861722613135,0.1653309639450273,0.0695201275893897,0.005340126172482251,0.002058489636741642
29029,MISO,2026,16123.793881664165,0.16267602277708768,0.1020606243871074,0.15489594526117162,0.10203779812160801,0.007780077515916056,2.282626549938993e-05
29031,MISO,2026,30889.718558529166,0.1821043038553401,0.09144671636554517,0.17406943786544576,0.09053719218367973,0.008034865989894335,0.0009095241818654481
29045,MISO,2026,2277.90236405,0.3476477451439256,0.13410923981513015,0.3308476480587168,0.12925396437274048,0.0168000970852088,0.004855275442389673
29047,MISO,2026,98151.435979195,0.07087683685819525,0.04547584055728393,0.06972596077703488,0.040756700507227184,0.0011508760811603652,0.004719140050056747
29049,MISO,2026,7887.991133896667,0.19698409510412557,0.12376761044093436,0.1917179023684584,0.11623858473778362,0.005266192735667169,0.007529025703150741
29051,MISO,2026,29270.92482980833,0.09218267415736113,0.04401950691343327,0.08325132519927819,0.04292981206486061,0.008931348958082938,0.0010896948485726657
29053,MISO,2026,6050.549321225833,0.22121287609877102,0.10350349170827385,0.21696039949887988,0.09349308033523468,0.004252476599891142,0.010010411373039166
29063,MISO,2026,3586.2714617166666,0.2176266812448922,0.09063876338511663,0.21152684009644906,0.0824633852396953,0.006099841148443141,0.008175378145421325
29069,MISO,2026,11030.351996854166,0.3536397476511471,0.19444642581510813,0.35183946920039316,0.18239230153787864,0.0018002784507539227,0.012054124277229489
29071,MISO,2026,40581.811151104164,0.12295164313941441,0.08515072188169977,0.12178839757050106,0.06573351970050632,0.0011632455689133542,0.019417202181193444
29073,MISO,2026,5865.083543488333,0.2325379346703213,0.10862396896130432,0.22743748588275958,0.10056554013636902,0.005100448787561718,0.008058428824935293
29089,MISO,2026,3299.4917307083333,0.2591388511053923,0.09867934878617465,0.2501951772696048,0.0981818057172262,0.008943673835787536,0.0004975430689484472
29093,MISO,2026,3784.1450945541665,0.27268012076822074,0.11674974043299759,0.25991031969887424,0.10480511762747097,0.012769801069346498,0.01194462280552662
29099,MISO,2026,84897.97339057083,0.09187809175850521,0.06098897306852646,0.09007809662585375,0.05614839341052437,0.001799995132651458,0.004840579658002088
29103,MISO,2026,1144.3478573375,0.34882996426272556,0.20450259611792185,0.34882996426272556,0.1980990183737533,0.0,0.006403577744168554
29111,MISO,2026,3284.2652867749994,0.32112996008862127,0.16552376817017553,0.30608967711582336,0.16116387515387154,0.015040282972797914,0.0043598930163039895
29113,MISO,2026,21753.277692804164,0.13366790210049675,0.10652460454085348,0.13214667683539813,0.10301856273524415,0.0015212252650986247,0.0035060418056093307
29115,MISO,2026,4720.326003395834,0.2845086991635794,0.12150460254932048,0.2787547968004176,0.11654007426872266,0.005753902363161811,0.004964528280597819
29121,MISO,2026,5788.0863867875,0.2916607525710457,0.15978917888467384,0.29132960803750135,0.15770855337878006,0.00033114453354432527,0.002080625505893774
29125,MISO,2026,3498.7990993625,0.279600133459338,0.13522440224405535,0.27518537750341177,0.12430527594694168,0.0044147559559262195,0.010919126297113668
29131,MISO,2026,9893.68748085,0.24733259639910996,0.0902203879846168,0.23671143780100767,0.08972748905189443,0.010621158598102282,0.0004928989327223771
29133,MISO,2026,4555.9590927624995,0.3557681103633858,0.19262121038683808,0.35252762979089347,0.18313577907147557,0.0032404805724923214,0.009485431315362503
29135,MISO,2026,5557.2832588158335,0.13913158815597632,0.07017259729977536,0.13485877681649105,0.0670451348226566,0.004272811339485261,0.0031274624771187587
29137,MISO,2026,3369.9941472749997,0.34688419323722747,0.2007653695399103,0.3446191900973341,0.19477212275895323,0.0022650031398933623,0.005993246780957084
29139,MISO,2026,4587.795988941667,0.2635196835867931,0.1450024054604473,0.2593324746514706,0.13574635818527278,0.0041872089353225395,0.009256047275174512
29141,MISO,2026,7616.959287412499,0.3154073244965162,0.1706455671619515,0.31398070128989214,0.15148650761993304,0.001426623206624067,0.019159059542018464
29143,MISO,2026,6676.33391405,0.3192816238847929,0.15721968950645154,0.3143625052134835,0.15721968950645154,0.004919118671309397,0.0
29151,MISO,2026,5131.1008674458335,0.15977237804147573,0.06698349437393805,0.15852461773323084,0.06394637750514469,0.0012477603082448885,0.003037116868793363
29155,MISO,2026,6146.664088025,0.41983257095950544,0.23610966519802937,0.4040397696764563,0.23610966519802937,0.015792801283049163,0.0
29163,MISO,2026,6195.6307191375,0.2620781855330153,0.11358326050601013,0.2433743885584706,0.11066226305709836,0.018703796974544717,0.0029209974489117635
29173,MISO,2026,3941.1977981958335,0.29649626734730966,0.1526927175004554,0.29563219047604505,0.1510673362260285,0.0008640768712646074,0.001625381274426907
29175,MISO,2026,8968.345854403333,0.25379418975908025,0.08693384727683102,0.22662625616949822,0.0840774409911328,0.027167933589582027,0.002856406285698221
29183,MISO,2026,154825.17121664083,0.05155157723397675,0.027808719705965396,0.05000509777883719,0.027702718292428864,0.0015464794551395614,0.00010600141353653281
29187,MISO,2026,23462.234006766666,0.194951620566126,0.08538956487322834,0.18290850039293588,0.08498940690032211,0.01204312017319012,0.000400157972906226
29189,MISO,2026,410914.95790792,0.10254337754989448,0.08092837423525613,0.10178665491211772,0.08061717761125704,0.0007567226377767633,0.0003111966239990882
29197,MISO,2026,1242.8722417333333,0.3856795068009743,0.20232243484935705,0.3749580228442515,0.19087418018925645,0.010721483956722788,0.011448254660100604
29199,MISO,2026,1512.9525292791666,0.29450479448163663,0.10110090171470454,0.29280755789381274,0.09689153537521057,0.0016972365878238915,0.004209366339493967
29201,MISO,2026,14865.446951016667,0.25704645094309364,0.13726475925981363,0.24686943216042012,0.13638804518608877,0.01017701878267352,0.0008767140737248602
29205,MISO,2026,2328.0044294249997,0.3396453248084224,0.1988421633634954,0.33275782889425276,0.1816848608081481,0.00688749591416965,0.01715730255534728
29219,MISO,2026,12819.59942883,0.12077922583066582,0.0872707461262259,0.11374232498371271,0.0805033200079889,0.007036900846953104,0.006767426118236997
29221,MISO,2026,8759.827449083334,0.24211236934108826,0.11896393468875352,0.24017724937456725,0.11745560093758857,0.001935119966521015,0.0015083337511649503
28001,MISO,2026,11424.408591629166,0.40948639811781956,0.20103348770240217,0.37632339435314904,0.20083470834049597,0.03316300376467052,0.00019877936190620948
28005,MISO,2026,5729.492320525,0.4248377062907835,0.18902891801588564,0.4032206278219852,0.16867349051380634,0.02161707846879829,0.020355427502079304
28007,MISO,2026,6227.723299333333,0.44868780493171967,0.24734544761096408,0.4309345085151674,0.21703738179269436,0.017753296416552267,0.030308065818269725
28011,MISO,2026,11504.9766223125,0.41037044181438037,0.24479678221999207,0.3945611214984005,0.22881929544793417,0.01580932031597987,0.015977486772057903
28015,MISO,2026,3928.287986595833,0.36219289465620325,0.1706409422532919,0.3375682781298507,0.16316658083931526,0.02462461652635256,0.0074743614139766434
28021,MISO,2026,2477.1981455,0.4201750447405486,0.18816314967950148,0.39345362362132447,0.18347791535192715,0.026721421119224154,0.004685234327574339
28027,MISO,2026,8108.285159758334,0.5538020846532901,0.37377176810192847,0.5213251306520389,0.3194804426236461,0.03247695400125117,0.05429132547828236
28029,MISO,2026,9577.368846284166,0.29963352642569,0.16959405983897655,0.2725225450379637,0.15443918710588286,0.02711098138772633,0.015154872733093683
28031,MISO,2026,6749.850779720833,0.4182186296698527,0.23853593193247227,0.40092999141756724,0.23704331760234976,0.017288638252285438,0.0014926143301225159
28033,MISO,2026,67433.12293039085,0.12523010146411523,0.07775778600982913,0.11940731312118194,0.0755413779084754,0.005822788342933288,0.002216408101353734
28035,MISO,2026,28716.137006124998,0.25722510535610443,0.13469903498988978,0.23667942137494583,0.1134289743102835,0.020545683981158608,0.02127006067960628
28037,MISO,2026,2909.037181220833,0.37896852860660557,0.15703787513409606,0.37581559794193664,0.15561214017726083,0.0031529306646689292,0.001425734956835234
28039,MISO,2026,8748.133655420834,0.22464031463525505,0.11751939169338674,0.2142591025364254,0.11367279551350919,0.01038121209882964,0.003846596179877551
28041,MISO,2026,3821.0158613083336,0.31337145975145786,0.1521718469884625,0.23571961674718098,0.1521718469884625,0.07765184300427688,0.0
28043,MISO,2026,8231.2616513875,0.33097589302059643,0.17967537779084375,0.31337679436098637,0.17176892100678198,0.01759909865961007,0.007906456784061766
28045,MISO,2026,19017.921029404166,0.17900970383463763,0.07926731953850498,0.16478455886093685,0.07559501889155101,0.014225144973700782,0.003672300646953966
28047,MISO,2026,78773.43333903834,0.17640313107851233,0.11827095295400268,0.1712693410342075,0.11651127056819033,0.005133790044304837,0.0017596823858123528
28049,MISO,2026,88550.03062125834,0.2981981468565124,0.13975280589470987,0.2516916763271879,0.13870947131940273,0.046506470529324495,0.0010433345753071421
28051,MISO,2026,5613.9320853875,0.5611736294683691,0.3565659644174037,0.5335390980118624,0.33783553585580806,0.02763453145650674,0.018730428561595625
28053,MISO,2026,2918.7746465875,0.5846786566779714,0.30757493352262266,0.5288626551544192,0.2595608991924351,0.05581600152355215,0.04801403433018758
28055,MISO,2026,356.9229337875,0.615742980789644,0.4893808089647537,0.6047493042041653,0.4043452935863275,0.010993676585478673,0.08503551537842624
28059,MISO,2026,53980.201243744166,0.19187181041691623,0.10850618170059396,0.15183873908278323,0.10636479249053808,0.040033071334133,0.002141389210055883
28061,MISO,2026,6276.837016183334,0.31485779275526055,0.13087238390576048,0.27025709723127095,0.1242434445734362,0.0446006955239896,0.0066289393323242796
28063,MISO,2026,2495.7167553166664,0.4743485364420382,0.16755036547150523,0.438104371280947,0.1636552495777281,0.036244165161091246,0.00389511589377714
28065,MISO,2026,4319.2742489,0.4050746164300053,0.16844231836562665,0.3831707884916054,0.15583385243398637,0.0219038279383999,0.012608465931640278
28067,MISO,2026,23606.575387004166,0.28335928036703517,0.11523105395128697,0.27499152199272736,0.10849232859826907,0.00836775837430781,0.006738725353017894
28073,MISO,2026,24256.470963825,0.15101596427920214,0.0886083291288363,0.1308772596633898,0.08553810237974603,0.020138704615812325,0.0030702267490902713
28077,MISO,2026,4411.067687491666,0.30231637969755204,0.14699548892406902,0.2919051508269182,0.1403862305561526,0.010411228870633837,0.006609258367916426
28083,MISO,2026,9542.145551866666,0.42540501163258587,0.27337180044749365,0.4231328337452352,0.24940106562532485,0.0022721778873506793,0.0239707348221688
28085,MISO,2026,12862.8369668875,0.30131900575652626,0.1557398606879599,0.29512929264794396,0.15446614377448462,0.006189713108582295,0.0012737169134752757
28089,MISO,2026,41343.383816170826,0.1253614661679023,0.0629828801703337,0.12078611267826662,0.060272085063753714,0.0045753534896356834,0.002710795106579983
28091,MISO,2026,8926.573698170832,0.3535288397090509,0.15578345762457782,0.28856743176587885,0.14384012129944562,0.06496140794317207,0.011943336325132198
28097,MISO,2026,3758.2294217625,0.36269197168980233,0.20156483578990111,0.3403207380310358,0.18152899019069338,0.02237123365876653,0.020035845599207736
28109,MISO,2026,20822.5998506375,0.2271518539769114,0.09488995263069938,0.21027081261117292,0.09264142404445112,0.01688104136573848,0.002248528586248258
28111,MISO,2026,4442.217694966667,0.22555383933144946,0.12911142369268863,0.20581602036919697,0.09239702702775349,0.01973781896225249,0.036714396664935145
28113,MISO,2026,14339.243297016666,0.3534903499542578,0.20927386433571432,0.3301033224129855,0.20081414486895757,0.02338702754127231,0.008459719466756749
28119,MISO,2026,2602.5199830625,0.5000266787760973,0.29375640024239286,0.479973176125273,0.23702103981187872,0.020053502650824284,0.05673536043051414
28121,MISO,2026,58122.153365274164,0.10574923804394115,0.06431218466756708,0.09959871902339304,0.06300380609593907,0.006150519020548112,0.0013083785716280077
28125,MISO,2026,1309.4856947541666,0.43348781828291183,0.19514739900904915,0.409812372572281,0.1743507712274229,0.02367544571063085,0.020796627781626248
28127,MISO,2026,9292.243053975002,0.23293318581718434,0.11632621572329656,0.21635617226617673,0.09317630523607796,0.016577013551007602,0.023149910487218595
28129,MISO,2026,5394.015598929167,0.3309650422274285,0.1657168549141673,0.32291269138925344,0.16148375447667515,0.00805235083817507,0.004233100437492143
28131,MISO,2026,6352.8924760875,0.22585072145559237,0.10041746557919343,0.2143684023899745,0.0664070180965533,0.011482319065617863,0.03401044748264012
28133,MISO,2026,8045.0999023625,0.40352380053892706,0.1984372789430734,0.39151181027597354,0.1963726113082287,0.01201199026295352,0.002064667634844697
28137,MISO,2026,10289.61831355,0.271966519259581,0.11378707806900396,0.24354326200078663,0.09660261116855048,0.028423257258794354,0.01718446690045347
28143,MISO,2026,3415.004187841667,0.3518247672428737,0.21737291301781095,0.33881713134211805,0.19645398012889304,0.013007635900755654,0.020918932888917913
28147,MISO,2026,5215.031036279167,0.35496547866902706,0.17614065925522407,0.34598787837861006,0.17586796140307193,0.008977600290416998,0.0002726978521521428
28149,MISO,2026,16463.006136895834,0.22717765134500098,0.13105759599839145,0.21571213381858945,0.11978781702856778,0.011465517526411534,0.011269778969823674
28151,MISO,2026,16941.00142145,0.4693721390105448,0.260676605642302,0.42437474973176587,0.22418613211103963,0.04499738927877894,0.03649047353126236
28153,MISO,2026,7194.901463620834,0.40323063100343026,0.17196546834613283,0.3841278960755639,0.16634883619810018,0.01910273492786635,0.005616632148032652
28157,MISO,2026,3179.0358022291666,0.40125824578808716,0.09774950393987387,0.35110993185700645,0.09197311444871953,0.05014831393108071,0.005776389491154346
28163,MISO,2026,8279.773387408335,0.43066930094240385,0.2638566471282569,0.42201255342392674,0.2224003279194481,0.008656747518477115,0.041456319208808795
30017,MISO,2026,4704.706689578334,0.19063515950758475,0.12433602718740262,0.1588916777559338,0.11347533546089113,0.031743481751650954,0.010860691726511496
30019,MISO,2026,698.5705627291667,0.6038725094490545,0.4065542553717776,0.5450766740524081,0.3717729514496522,0.058795835396646345,0.03478130392212536
30021,MISO,2026,3700.7947277041667,0.1161170152149325,0.055807210911953876,0.08716945888790034,0.05139294439728526,0.028947556327032165,0.004414266514668613
30025,MISO,2026,1137.0867504,0.3099307472034956,0.2241899762282787,0.29145377636175823,0.2086584016082062,0.018476970841737383,0.015531574620072486
30055,MISO,2026,772.2936121758332,0.3030224618208011,0.1616289406110573,0.2880333971373754,0.15282763416986694,0.014989064683425701,0.008801306441190343
30079,MISO,2026,466.304513625,0.39658681808919116,0.2687164714017087,0.37348582346675974,0.23901375798454488,0.023100994622431426,0.029702713417163795
30083,MISO,2026,4322.628225803333,0.17339103552423657,0.11888680328995006,0.16107668889890134,0.10633367976868871,0.012314346625335232,0.012553123521261353
30085,MISO,2026,2994.8861414325,0.3395611425437736,0.22584373545577,0.3173815777409991,0.20410678404709467,0.0221795648027745,0.02173695140867532
30091,MISO,2026,1385.2617410025,0.5229769133267785,0.3652423451443512,0.4635829454381124,0.3013878287750097,0.05939396788866613,0.06385451636934153
30105,MISO,2026,2729.152762139167,0.23126061690550495,0.14669234775430226,0.21104841777136923,0.1288831433264283,0.020212199134135717,0.017809204427873954
30109,MISO,2026,457.38512948,0.31773825826364444,0.18452213349200527,0.2741760732636226,0.1673781573627823,0.04356218500002185,0.01714397612922297
37013,PJM,2026,18547.6940029,0.31050595867871944,0.15851640977549386,0.23451084585406787,0.14027906724693237,0.07599511282465157,0.01823734252856149
37015,PJM,2026,6850.2691866458335,0.5066019934161002,0.3104487158676115,0.4036016315111524,0.24820211888016494,0.10300036190494782,0.062246596987446584
37029,PJM,2026,3842.0881747000003,0.19795964839468783,0.06590351313790563,0.09379301355782597,0.049424997403005766,0.10416663483686185,0.016478515734899862
37041,PJM,2026,5999.616533479167,0.3840876477409401,0.2047079281089409,0.29412128391229636,0.1702939196528147,0.08996636382864376,0.03441400845612619
37049,PJM,2026,40161.6283435,0.1812917453543704,0.1000794081884012,0.1296502583861093,0.09070157290670615,0.0516414869682611,0.009377835281695057
37053,PJM,2026,10942.13104403,0.11674738712029181,0.08363051925315841,0.10668579118372444,0.06029654934614438,0.010061595936567372,0.02333396990701403
37055,PJM,2026,15926.180258133336,0.09382415276905856,0.04463461980462254,0.06625941538112527,0.03448746063552612,0.02756473738793329,0.01014715916909642
37065,PJM,2026,18899.6650035875,0.35240830116688493,0.20135290732041086,0.29854597600670696,0.17150584050769627,0.05386232516017797,0.029847066812714595
37073,PJM,2026,4068.242430258333,0.33011746278491894,0.15488205331849467,0.22851004770467137,0.13625127232620904,0.10160741508024757,0.018630780992285628
37083,PJM,2026,19661.826498008333,0.44554609117485666,0.2752459869522989,0.3754763609653452,0.21508574818905454,0.07006973020951146,0.06016023876324436
37091,PJM,2026,8251.081728816665,0.4366205458230669,0.23710757216745904,0.3401495445078663,0.17861266127724545,0.09647100131520064,0.05849491089021358
37095,PJM,2026,1772.983998275,0.4296494664923534,0.2076177710781977,0.35542213413033424,0.1615121693118918,0.07422733236201917,0.046105601766305904
37117,PJM,2026,9060.079656570833,0.3804700516567749,0.21563579591614593,0.32807386762719554,0.16053936331648286,0.05239618402957935,0.05509643259966307
37119,CITY,2026,444854.9140359084,0.08886604426433058,0.04818546542097185,0.0821352179781451,0.045700938086042184,0.006730826286185473,0.0024845273349296676
37131,PJM,2026,7396.048073116666,0.42433687214032895,0.2650837585656726,0.38366796662915714,0.21033916304072597,0.040668905511171805,0.05474459552494665
37137,PJM,2026,5060.681303905,0.30175565954462374,0.15137545493967625,0.22118937693634694,0.12787892613321966,0.0805662826082768,0.023496528806456585
37139,PJM,2026,15052.069630233333,0.2347029153120013,0.0957205045819336,0.15728089983839877,0.08447633110948848,0.07742201547360253,0.011244173472445121
37143,PJM,2026,5379.903104675001,0.2964733322352628,0.12091461113733765,0.20651396698893093,0.10221375266833042,0.08995936524633186,0.018700858469007223
37177,PJM,2026,1342.882513375,0.3282760582342891,0.13711112426339517,0.2582561777463705,0.10520291000980682,0.07001988048791863,0.03190821425358835
37187,PJM,2026,4621.444139825,0.43811892072640535,0.20924452769719826,0.36697584240717895,0.16860006170701114,0.0711430783192264,0.04064446599018712
38001,MISO,2026,982.8829442158333,0.2690325357674879,0.14864794687892852,0.25311145824878967,0.1442339943065179,0.015921077518698257,0.004413952572410618
38003,MISO,2026,4666.479500219167,0.17528766043150576,0.0734340129364272,0.12303902340898187,0.06992257707864682,0.052248637022523886,0.0035114358577803817
38005,MISO,2026,1773.25306474,0.4477390083963635,0.2229790890269656,0.3899400958466041,0.19931583961489194,0.057798912549759385,0.02366324941207365
38007,MISO,2026,313.5195177933333,0.17898199200894074,0.09424488425675605,0.16304541497061134,0.08687819775425114,0.015936577038329403,0.00736668650250491
38009,MISO,2026,2533.1964515125,0.20391873398622765,0.06439599919340422,0.18031366964575876,0.058997027702200916,0.023605064340468884,0.005398971491203303
38011,MISO,2026,1173.7892680925002,0.09711779446315678,0.042963956409558156,0.08493033989426223,0.03440712557001956,0.012187454568894557,0.008556830839538593
38013,MISO,2026,940.3621605583332,0.14482576469347258,0.085550472033634,0.13896059485466078,0.07862560279375133,0.005865169838811801,0.0069248692398826694
38015,MISO,2026,38501.18236611833,0.04898045889004195,0.027021031427133115,0.04185738998983397,0.023362072658186194,0.007123068900207981,0.0036589587689469204
38017,MISO,2026,77201.52990198751,0.057935218541437905,0.01414977936927142,0.05440587546402843,0.01213295804853239,0.003529343077409472,0.002016821320739031
38019,MISO,2026,1497.7792380041667,0.2894770263369484,0.16260354012041378,0.23529415936909007,0.12330968308638879,0.05418286696785832,0.03929385703402499
38021,MISO,2026,1866.1009070458333,0.34416472122929653,0.15195890333519632,0.2636772317378484,0.10699620445869563,0.08048748949144813,0.04496269887650069
38023,MISO,2026,873.9692380583333,0.32771781173383796,0.1359404104835745,0.3027198237914502,0.09969748194865448,0.024997987942387778,0.03624292853492002
38025,MISO,2026,1457.8300404249999,0.15818759429329884,0.06980344465851923,0.1402093849525452,0.0696512485904952,0.017978209340753643,0.00015219606802403807
38027,MISO,2026,1046.5690943683335,0.2668457812192746,0.11753584430968071,0.20957071250740383,0.10399384512912269,0.05727506871187077,0.013541999180558026
38029,MISO,2026,1435.9576901758332,0.2729566797730684,0.16281330722195955,0.2581187391957772,0.14595606432944605,0.014837940577291209,0.016857242892513502
38031,MISO,2026,1456.7548195516667,0.2095932368574333,0.11491960225378829,0.19229609152214516,0.10553264011154176,0.017297145335288144,0.009386962142246533
38033,MISO,2026,645.5233436833333,0.3236589091811248,0.14740245631614332,0.27850114521036645,0.11579207467824872,0.045157763970758324,0.031610381637894605
38035,MISO,2026,29156.009784589998,0.12873274682682306,0.06023269498871958,0.1014754155648236,0.04458175715875925,0.02725733126199946,0.015650937829960333
38037,MISO,2026,1027.83723035,0.4426118700591849,0.30377658919984,0.39134643026570987,0.23453438782122432,0.05126543979347503,0.0692422013786157
38039,MISO,2026,893.3418977833333,0.22240680736905077,0.1265445753324386,0.1844512934788652,0.11114964083521481,0.03795551389018556,0.015394934497223789
38041,MISO,2026,1042.6464601233333,0.2560421811332432,0.13304485253348272,0.24251403202713917,0.12717637723143627,0.013528149106104004,0.005868475302046455
38043,MISO,2026,1046.9481251166667,0.31420353180982696,0.15027204567160535,0.2624996903477986,0.1272589425719189,0.05170384146202839,0.02301310309968646
38045,MISO,2026,1677.4349564575,0.29257199705760056,0.13787079893502435,0.2710942115258036,0.11583246536942918,0.021477785531796967,0.022038333565595175
38047,MISO,2026,742.3977873325,0.492965777393392,0.26690034649567496,0.4485852674277688,0.23699759636792259,0.044380509965623205,0.02990275012775237
38049,MISO,2026,2259.9656230858336,0.2690357807193694,0.13493493120569977,0.23432858834090034,0.12423373579681653,0.03470719237846906,0.010701195408883243
38051,MISO,2026,1145.2925591083333,0.45885766743082784,0.24804821907063032,0.41637510973143943,0.236496571556537,0.04248255769938841,0.011551647514093322
38053,MISO,2026,5248.002428741666,0.11295756885072011,0.0721855140698109,0.10054418150549232,0.0663225068524068,0.012413387345227789,0.005863007217404098
38055,MISO,2026,4108.86439691,0.14807629262277974,0.07887358011507657,0.1296821539374848,0.0780306209978069,0.018394138685294936,0.0008429591172696704
38057,MISO,2026,3464.6751419800003,0.2350181337228721,0.0900136340531789,0.2130260068877266,0.07720836496389696,0.02199212683514551,0.012805269089281937
38059,MISO,2026,12825.401206399165,0.09872974502179409,0.036186517429575855,0.07722447248401304,0.031204052385666252,0.021505272537781048,0.0049824650439096035
38061,MISO,2026,3449.8607125424996,0.1605137517620416,0.08249205696827414,0.13829308066374746,0.06859891819291856,0.022220671098294148,0.01389313877535557
38063,MISO,2026,1272.6705460733333,0.3282480666439984,0.21177912786351974,0.30185460474717174,0.15060037793993433,0.026393461896826675,0.06117874992358541
38065,MISO,2026,654.5842533666666,0.23024442164602008,0.07406109749406228,0.20826122520340798,0.06615513966910198,0.021983196442612096,0.0079059578249603
38067,MISO,2026,2856.890848135833,0.23799603338987593,0.1313085112713054,0.19447903794377538,0.09258707325282113,0.04351699544610055,0.03872143801848428
38069,MISO,2026,1646.0866367066667,0.3259367191227664,0.14585956880355794,0.23479906412354548,0.1229281525018493,0.09113765499922091,0.02293141630170864
38071,MISO,2026,4847.34856619,0.13510754624765095,0.06120453681578803,0.10182464459182722,0.0584308571502121,0.03328290165582373,0.002773679665575929
38073,MISO,2026,2281.5420184591667,0.2069856269305516,0.07807538932169271,0.16318074314958309,0.060787115425848186,0.0438048837809685,0.017288273895844523
38075,MISO,2026,834.8072658266667,0.16837968989062338,0.08377463504794282,0.14670612041657655,0.07514436920105223,0.021673569474046833,0.008630265846890584
38077,MISO,2026,6604.444519288334,0.1886379075903339,0.08480113002907776,0.14723392809444752,0.07096690465405531,0.04140397949588637,0.01383422537502245
38079,MISO,2026,3542.101325660833,0.3868592957214506,0.18139339416369252,0.3158660227763996,0.1774504098268283,0.07099327294505103,0.003942984336864214
38081,MISO,2026,1681.8736181966665,0.18587847154514553,0.0808281416922159,0.15323111592187297,0.05981204383410275,0.03264735562327256,0.021016097858113154
38083,MISO,2026,632.8953209625,0.23372746204702116,0.07323978513725361,0.19902774044861393,0.06644844341353329,0.03469972159840723,0.006791341723720326
38085,MISO,2026,984.6968641999999,0.5524029110821048,0.38098760220380795,0.4879873401626905,0.29445469877564506,0.0644155709194143,0.08653290342816289
38087,MISO,2026,345.71504106833333,0.24316397002924667,0.13933303253978346,0.21453143787865173,0.11145064980665449,0.02863253215059494,0.02788238273312897
38089,MISO,2026,12657.979312165,0.10583704461757908,0.0436416099859451,0.08886156127481835,0.030064738917893137,0.016975483342760722,0.013576871068051964
38091,MISO,2026,672.0441820433333,0.16801494439203307,0.09872171250449432,0.1590837159246568,0.07191176226895327,0.008931228467376262,0.026809950235541058
38093,MISO,2026,8530.547973094166,0.14235099927168485,0.06786598362332538,0.12223608781606964,0.056059290338477896,0.02011491145561521,0.011806693284847486
38095,MISO,2026,946.6758600225,0.3241779308224597,0.18604404861358495,0.2926948813135269,0.17427491445285062,0.031483049508932825,0.01176913416073433
38097,MISO,2026,3151.958879558333,0.21899155369958,0.09722902513920999,0.1828672445130692,0.06571894673184714,0.0361243091865108,0.03151007840736285
38099,MISO,2026,4338.8030237325,0.2641050127317284,0.12788317073972075,0.25329264121319467,0.10314778583813983,0.010812371518533703,0.02473538490158092
38101,MISO,2026,27342.414979945002,0.0927971436631285,0.0496630476259196,0.08065611538093442,0.04427997865330117,0.012141028282194072,0.005383068972618435
38103,MISO,2026,1761.0028403666668,0.2806443253320347,0.11330616262859315,0.2577157443125821,0.10301471928379245,0.02292858101945261,0.0102914433448007
38105,MISO,2026,15112.788824708334,0.07234193324315835,0.048506754724061615,0.07053798808973788,0.04780873359403125,0.001803945153420472,0.0006980211300303685
34003,PJM,2026,348084.2841913567,0.05759891807339224,0.03148743918395733,0.04772562748931055,0.012001972326076088,0.009873290584081693,0.019485466857881238
34013,PJM,2026,309404.1963075908,0.1313360073352768,0.05304756082278445,0.11981040121705369,0.04192881855830772,0.01152560611822312,0.011118742264476733
34017,PJM,2026,286717.64669785084,0.05500352062887709,0.02041523730838507,0.044003716557212885,0.01527640450346639,0.010999804071664204,0.00513883280491868
34019,PJM,2026,48554.30528268,0.09235626453883747,0.03136450474605459,0.07804996289790375,0.02510715184539683,0.014306301640933716,0.0062573529006577575
34021,PJM,2026,137458.78343157418,0.0974577935385528,0.03860062040316698,0.08875533517513019,0.030159618415662733,0.008702458363422608,0.008441001987504249
34023,PJM,2026,299613.03604104335,0.07218752580918135,0.012235393857911059,0.058440862489223346,0.010542336432920229,0.013746663319958004,0.0016930574249908303
34025,PJM,2026,245439.1402574325,0.08873222689313438,0.05193666785772154,0.07910614884278647,0.05124971889223397,0.009626078050347917,0.0006869489654875716
34027,PJM,2026,187181.66443256498,0.06931075863947563,0.03779793124624165,0.06829703252520286,0.03418753731129794,0.0010137261142727644,0.003610393934943709
34029,PJM,2026,237582.00231037583,0.12422330819806762,0.08354540273174618,0.11912124718306798,0.07405827673198817,0.005102061014999645,0.009487125999758012
34035,PJM,2026,126026.80030045667,0.05682473418976463,0.027461854574547397,0.043282009111889674,0.014411376553902339,0.013542725077874955,0.013050478020645058
34037,PJM,2026,54692.66996840249,0.10693772040849286,0.049148715164566724,0.09700692279812834,0.04493773356258868,0.009930797610364528,0.004210981601978046
34039,PJM,2026,197500.7786081542,0.05504108052051926,0.027697810375404162,0.04965628648506549,0.014933353848872188,0.00538479403545377,0.012764456526531975
34041,PJM,2026,42999.22465213333,0.10431887947348416,0.04641393228527243,0.10225771482791184,0.03961283576862882,0.002061164645572322,0.006801096516643609
32003,CAISO,2026,829555.1195999675,0.12906322420037258,0.09819454245477405,0.12591814198621468,0.09706597856970056,0.003145082214157907,0.0011285638850734858
32031,CITY,2026,190307.79448148998,0.08155578987382428,0.0382877803483786,0.07833816899572676,0.03606642028831487,0.0032176208780975157,0.0022213600600637304
39001,PJM,2026,9935.582033983334,0.346489151743717,0.19282013429751732,0.25568756479557186,0.14766449734132683,0.09080158694814516,0.04515563695619049
39003,PJM,2026,39719.68821121083,0.14639887902435955,0.09641998426936843,0.12037374170933643,0.06982750470312543,0.026025137315023122,0.026592479566243
39005,PJM,2026,20099.770798415833,0.1479217298771055,0.06917866045569157,0.10098782679754809,0.06039469123576649,0.046933903079557415,0.00878396921992508
39007,PJM,2026,37556.36626955167,0.1639380146494845,0.09987346161577353,0.14939968722601468,0.08997258994114975,0.014538327423469805,0.009900871674623779
39009,PJM,2026,21858.274304383332,0.2816321424123745,0.139663620179612,0.19946007872847185,0.1171941456563796,0.08217206368390265,0.022469474523232405
39013,PJM,2026,25528.5090848375,0.23887988668279428,0.09960068747683071,0.17234498231631998,0.07836725647790546,0.0665349043664743,0.021233430998925246
39015,PJM,2026,16501.227922916667,0.17502612101504994,0.07879098608515511,0.15946796149190562,0.07038777732713132,0.015558159523144321,0.008403208758023792
39017,PJM,2026,142865.12714328,0.10545730957515903,0.06576148701046801,0.09619440266436702,0.05084574762085329,0.009262906910792013,0.01491573938961472
39019,PJM,2026,10846.25764018,0.19833157403075483,0.09680923851845803,0.13983097406848963,0.07981591389577514,0.0585005999622652,0.016993324622682895
39023,PJM,2026,54535.53085557,0.16964831888162,0.0882921091795707,0.13125198756021508,0.08001858558891481,0.03839633132140491,0.00827352359065589
39025,PJM,2026,81499.75702188333,0.09062524062332665,0.028602453873133427,0.08141971667008487,0.025775873059669833,0.009205523953241784,0.0028265808134635938
39029,PJM,2026,40121.973247154165,0.23488299893920192,0.09618875874577623,0.15770392928525684,0.08952245537250006,0.07717906965394508,0.006666303373276172
39031,PJM,2026,14285.908059116666,0.25787801713485375,0.12823382919687315,0.1945322529956842,0.11281047212704443,0.06334576413916956,0.015423357069828725
39033,PJM,2026,17728.656062354166,0.2316355397380316,0.08527963902518194,0.168242986599126,0.07925239286440833,0.0633925531389056,0.006027246160773617
39035,PJM,2026,549405.3229222941,0.1323640437965711,0.10121598978194962,0.12255460957341302,0.09786242025754119,0.009809434223158081,0.003353569524408434
39039,PJM,2026,15017.661376231667,0.12837171013587478,0.06575979646247278,0.09672261786815904,0.04928628886650662,0.03164909226771574,0.016473507595966157
39041,PJM,2026,77543.742773315,0.055989134260476664,0.035782188427048445,0.05138235103816533,0.033077321418675046,0.004606783222311332,0.002704867008373399
39043,PJM,2026,31422.501954145002,0.12411810848055435,0.08005168360837199,0.09420032006504625,0.07792484442486183,0.0299177884155081,0.002126839183510157
39045,PJM,2026,57610.312161141665,0.10044660183681817,0.05731318116265006,0.07821256524517749,0.04321728854921368,0.02223403659164068,0.014095892613436377
39049,PJM,2026,539731.5016235625,0.13289964860820142,0.0978244800022496,0.11538911822294705,0.06743047482006777,0.017510530385254366,0.030394005182181827
39051,PJM,2026,16495.739586393334,0.13698703357793687,0.07933554572516159,0.11313805546647115,0.059893889301369845,0.02384897811146572,0.019441656423791746
39053,PJM,2026,10980.326909891666,0.2809327218984656,0.1423891890777739,0.175889458049225,0.12047238242097882,0.10504326384924056,0.021916806656795074
39055,PJM,2026,34316.17443402666,0.0971243989045444,0.043856910365112335,0.07413783680732791,0.03720821088846651,0.022986562097216487,0.006648699476645828
39059,PJM,2026,15937.1703288125,0.2050675736363724,0.1046563100752432,0.1659493098553335,0.08024317207211454,0.039118263781038914,0.024413138003128665
39061,PJM,2026,346201.34034202003,0.11145418075896847,0.06926935809662615,0.10583087481226594,0.06034991632766582,0.005623305946702531,0.008919441768960333
39063,PJM,2026,30640.14442359583,0.1356974741912097,0.0533621904012918,0.08352411804495322,0.046274256136114036,0.05217335614625648,0.007087934265177766
39065,PJM,2026,11268.620367062502,0.23044322076302168,0.1252873041573321,0.2012382772636585,0.10765580235011846,0.029204943499363173,0.01763150180721365
39067,PJM,2026,5637.9790544,0.29740645866014315,0.13419041271852467,0.18707654131037668,0.09340301925826774,0.11032991734976647,0.04078739346025692
39069,PJM,2026,11008.776976639165,0.21733827201276493,0.08637808451667225,0.15136385150360657,0.06739653294611557,0.06597442050915836,0.018981551570556685
39071,PJM,2026,16319.201603666665,0.17340472553203928,0.08721049778467072,0.13150117839044054,0.07287065645873719,0.041903547141598746,0.014339841325933522
39073,PJM,2026,10902.528608229168,0.21576568208928415,0.0853334835859646,0.15989164664387046,0.06766537313003121,0.055874035445413694,0.01766811045593339
39075,PJM,2026,12995.759167403332,0.11218036223200202,0.05952974012537654,0.08564688265167324,0.04854460521615588,0.026533479580328784,0.010985134909220658
39077,PJM,2026,22509.573150874166,0.15668986206151997,0.08626234621581111,0.1300293565783587,0.0693527035670839,0.026660505483161262,0.016909642648727213
39079,PJM,2026,12105.183988316667,0.3513547117848431,0.18467225591780245,0.28776731261082705,0.1328019301176314,0.06358739917401607,0.05187032580017106
39081,PJM,2026,26471.78587156,0.286905664846093,0.11540210175646047,0.2381850546072583,0.10418835250696541,0.04872061023883467,0.011213749249495059
39083,PJM,2026,22598.855500754165,0.18449286856964334,0.07164615078040716,0.11584664281041279,0.05934881811810815,0.06864622575923054,0.012297332662299008
39085,PJM,2026,97769.25229359916,0.07114859111992763,0.044443298791353655,0.06349590107781866,0.037048136560010006,0.007652690042108973,0.007395162231343649
39087,PJM,2026,21785.479707670835,0.2974463144799762,0.12725385491927102,0.2173752491154334,0.10550460072146241,0.08007106536454281,0.021749254197808612
39089,PJM,2026,65802.06018899,0.14491990394526788,0.07371815968992974,0.11188206227710921,0.06250764762820514,0.033037841668158666,0.011210512061724603
39093,PJM,2026,122666.5619024875,0.15649019528352057,0.08882826444148272,0.1157709862337827,0.08504011140338968,0.04071920904973787,0.003788153038093031
39095,PJM,2026,179779.2774490625,0.18430218745811083,0.09967463330954354,0.14056067699969743,0.0932473754240935,0.0437415104584134,0.006427257885450038
39097,PJM,2026,15074.081890725,0.1167701939884894,0.05339979964210068,0.0996364924071514,0.040240221719787,0.017133701581337993,0.013159577922313682
39099,PJM,2026,96450.65849027917,0.20454510583570404,0.10398571921097867,0.15508054537574786,0.1018217709071659,0.049464560459956175,0.0021639483038127655
39101,PJM,2026,23757.39312447,0.2135721180052603,0.09906235269436797,0.1507463184913964,0.0891932543507874,0.06282579951386388,0.009869098343580573
39103,PJM,2026,70654.64009956917,0.07451114350094565,0.048890631762075365,0.06246129945062038,0.046846744613736745,0.012049844050325269,0.0020438871483386203
39105,PJM,2026,8689.2789479875,0.32674894468248705,0.16357396455011483,0.24211825024040265,0.14952368993182297,0.0846306944420844,0.014050274618291864
39111,PJM,2026,5504.722675691667,0.2143553087626836,0.09633085187121398,0.18441516600091262,0.08184045809841402,0.029940142761770983,0.014490393772799967
39115,PJM,2026,5548.147261845833,0.28441389100088876,0.12670210758629524,0.2059442879133363,0.11533435894756312,0.07846960308755246,0.01136774863873212
39117,PJM,2026,12695.302247814167,0.1484925944706237,0.06903311459855645,0.11800658345330921,0.057673329289664156,0.030486011017314504,0.011359785308892291
39119,PJM,2026,33731.3719002125,0.23329683421255268,0.10333400710293597,0.16053877092277571,0.08798441332064934,0.07275806328977696,0.015349593782286633
39121,PJM,2026,4394.7815789,0.272107614458165,0.13432936230195142,0.23185388300079585,0.12439185794230782,0.04025373145736916,0.009937504359643592
39123,PJM,2026,17420.938717123332,0.12230765098433065,0.06388278309869608,0.11478432692356448,0.05508976985972324,0.007523324060766168,0.008793013238972837
39125,PJM,2026,7419.330523008332,0.17040777837389792,0.08159759884377825,0.11424795278379163,0.06200267373092786,0.056159825590106294,0.019594925112850388
39127,PJM,2026,13143.597228625,0.24011508178516044,0.11067037899382881,0.17925473965272865,0.09456278035975117,0.0608603421324318,0.01610759863407764
39129,PJM,2026,20662.543863555835,0.14742538268591224,0.07824221979195921,0.13210682629727039,0.06550838787896772,0.015318556388641852,0.012733831912991489
39131,PJM,2026,10136.66309175,0.28030766642904126,0.1402638115546469,0.24531754292631766,0.10227537909767745,0.0349901235027236,0.03798843245696945
39133,PJM,2026,61809.29252762333,0.11978465127895045,0.0670647795840048,0.10282879833971338,0.06273407544464953,0.01695585293923707,0.004330704139355268
39137,PJM,2026,13044.660089434165,0.12139046544366647,0.06887128814617531,0.10175732289140424,0.05240006070724043,0.019633142552262228,0.01647122743893488
39139,PJM,2026,48206.966053891665,0.2164592919071865,0.08909906927690289,0.12654999696834984,0.08270659088355553,0.08990929493883665,0.006392478393347362
39141,PJM,2026,28657.027342004167,0.22670973320866442,0.10496359451783023,0.15973463914639233,0.08956132901695113,0.06697509406227209,0.0154022655008791
39143,PJM,2026,23398.933184610836,0.15323425507759106,0.08878261013535395,0.14033648479284067,0.08545732189559609,0.012897770284750393,0.003325288239757862
39145,PJM,2026,27268.451790681665,0.3535906731319833,0.13932008622347103,0.27682434985465054,0.10425755314825051,0.07676632327733274,0.03506253307522052
39147,PJM,2026,21468.269425984996,0.21050999684266888,0.082307267694747,0.15079888369746705,0.07649311449078237,0.05971111314520183,0.005814153203964625
39151,PJM,2026,153310.19285645083,0.14056321909951913,0.08085337031163523,0.09858412483275004,0.06883433372981564,0.04197909426676909,0.01201903658181959
39153,PJM,2026,226561.086896625,0.1029970420112707,0.0857670709892045,0.09856942484800114,0.08039120623084804,0.004427617163269559,0.005375864758356455
39155,PJM,2026,83871.81161748333,0.17160726661621792,0.09421702674032786,0.12621875985729406,0.08447004925487206,0.04538850675892386,0.009746977485455804
39157,PJM,2026,36965.95206284334,0.14875995470324319,0.08665834243010344,0.11260463070350656,0.06712464048885662,0.03615532399973663,0.019533701941246817
39161,PJM,2026,11537.517912320001,0.15468948288284423,0.07341073284443149,0.10187408347292023,0.06779756626110202,0.052815399409923997,0.005613166583329471
39163,PJM,2026,4948.4696811124995,0.27551128340906805,0.1317876016316664,0.22674216099223418,0.11664337121210118,0.04876912241683387,0.01514423041956521
39165,PJM,2026,87575.75117117667,0.04748009124655808,0.022129963506814423,0.0437383338129526,0.021557646931395814,0.003741757433605483,0.0005723165754186084
39167,PJM,2026,24268.08368910833,0.21102866307933718,0.09697947353061648,0.1385886890824482,0.07365353390856634,0.07243997399688898,0.023325939622050137
39169,PJM,2026,43274.7397173575,0.09010838165124638,0.0552870076845012,0.07280099731429134,0.03041849272949744,0.017307384336955042,0.024868514955003758
39171,PJM,2026,15193.791718587501,0.284706477293048,0.11107021139307285,0.22462852968073685,0.09338643403948203,0.06007794761231114,0.01768377735359082
39173,PJM,2026,52824.90248141666,0.1153367752572443,0.05537483194961661,0.09783706830848335,0.053844067748898085,0.01749970694876095,0.001530764200718522
39175,PJM,2026,8804.798765695834,0.23385517173275705,0.09224567099007164,0.1830324227404577,0.06895972065158822,0.050822748992299355,0.02328595033848342
41049,CITY,2026,4116.038483154167,0.12702021253378976,0.06290321763097953,0.11491542940520262,0.05933154644516145,0.012104783128587135,0.0035716711858180816
41067,CITY,2026,228650.33984817832,0.060635416526966184,0.01987063351596937,0.05082035675266128,0.018531839323258976,0.009815059774304906,0.0013387941927103936
42001,PJM,2026,38964.120155635,0.14962573309075972,0.06685462695825664,0.14247651798307864,0.060346023188077816,0.007149215107681073,0.006508603770178825
42003,PJM,2026,542275.0176433215,0.15096220851945394,0.09328409718760533,0.12453980399843718,0.08776201433430744,0.026422404521016754,0.005522082853297888
42005,PJM,2026,27349.4438608075,0.21743048102268642,0.07442265424673382,0.1337563438412269,0.06389445854028317,0.08367413718145952,0.010528195706450652
42007,PJM,2026,70910.32700957917,0.25419164260443405,0.10973224689429024,0.2202609993120971,0.10094728839317027,0.03393064329233694,0.008784958501119974
42009,PJM,2026,19151.26309593,0.336515015555316,0.17481011255465495,0.31022665620194984,0.16253171156805685,0.026288359353366153,0.012278400986598104
42011,PJM,2026,159257.079668455,0.1734762953549079,0.09198279009278436,0.16482039191568149,0.07979550293863943,0.008655903439226426,0.012187287154144924
42013,PJM,2026,49265.74781806,0.22645688077515636,0.10875486113978605,0.21466926362321598,0.0918652480923419,0.011787617151940377,0.016889613047444157
42015,PJM,2026,23930.726442330833,0.23171622513533865,0.09986899117619885,0.20717795008192136,0.07722659978731779,0.024538275053417297,0.022642391388881064
42017,PJM,2026,244026.66352011584,0.09605559829337841,0.043993305276098946,0.09086258873196407,0.04172882561333544,0.005193009561414344,0.0022644796627635036
42019,PJM,2026,78331.06141374499,0.11121587980819196,0.06949205744263665,0.09867040074207963,0.06610193405664437,0.012545479066112336,0.0033901233859922747
42021,PJM,2026,54279.45954792333,0.31618535909052936,0.1445686132000533,0.3002246046677762,0.12588405443641562,0.015960754422753187,0.01868455876363767
42023,PJM,2026,2162.4443014541666,0.2513262054994263,0.09642304546053963,0.19055497163228727,0.08809565773488866,0.060771233867139035,0.008327387725650975
42025,PJM,2026,25635.637897325,0.3186991081411392,0.18333545199274154,0.28391472761438374,0.15806790407262816,0.034784380526755476,0.025267547920113376
42027,PJM,2026,56358.449735345,0.15993656584198426,0.0635153548224148,0.13823238740745875,0.05465249552591297,0.021704178434525517,0.00886285929650183
42029,PJM,2026,197713.225915565,0.09417377265782019,0.04249081574820583,0.08221509441320918,0.03418211836754496,0.011958678244611012,0.008308697380660875
42031,PJM,2026,14585.351586866665,0.20040279599186744,0.09704214915117212,0.13680582705419433,0.08413152869862443,0.06359696893767311,0.012910620452547691
42033,PJM,2026,31110.390454083332,0.2902360108800307,0.16235253118414528,0.26451866236560573,0.1594425945964443,0.025717348514424976,0.002909936587700973
42035,PJM,2026,14502.197450050833,0.2872487636699198,0.13126681002287188,0.26068687662469264,0.12233718695533147,0.02656188704522716,0.008929623067540415
42037,PJM,2026,25057.03932722417,0.301101054696312,0.14187492471011556,0.2500259721543232,0.1336253126624579,0.05107508254198878,0.008249612047657673
42039,PJM,2026,32570.66833275833,0.2659314514205929,0.1079931388974291,0.2253332500518867,0.10176686985041448,0.04059820136870618,0.006226269047014621
42041,PJM,2026,102570.14297850334,0.1323091287983454,0.049254088603636156,0.10316951128159814,0.03926912143923457,0.02913961751674725,0.009984967164401587
42043,PJM,2026,115277.17085705251,0.2102169622188608,0.10173274309412722,0.16801613644647084,0.09526264516178626,0.042200825772389955,0.006470097932340962
42045,PJM,2026,213049.48511727166,0.11928456334844212,0.07121131500307983,0.10437878246309062,0.06858369473827677,0.014905780885351494,0.0026276202648030517
42047,PJM,2026,13300.500897613334,0.1426625879126719,0.06596162026868439,0.10014504030977354,0.057288768338922415,0.042517547602898345,0.008672851929761978
42049,PJM,2026,107491.737097,0.234777890572121,0.09514481377643894,0.16413069621477963,0.08907725298078342,0.07064719435734138,0.006067560795655513
42051,PJM,2026,53759.596494557496,0.31834265860930355,0.16929578576725482,0.29824955172755174,0.1389925131020059,0.02009310688175181,0.03030327266524893
42053,PJM,2026,1778.1717570333333,0.28103726247433897,0.1412957693229313,0.23170266520815996,0.12629191575752652,0.049334597266179,0.01500385356540479
42055,PJM,2026,61438.9183846125,0.12309740418295397,0.05076771542828551,0.0926339788684535,0.04276059430940945,0.03046342531450047,0.00800712111887606
42057,PJM,2026,6026.0943925575,0.27041270110151494,0.13373386808161863,0.2409826782849901,0.12643450442921297,0.029430022816524848,0.00729936365240566
42059,PJM,2026,13472.857840743334,0.23062557291805938,0.11190607511401479,0.2180229279339448,0.10520126767193741,0.012602644984114592,0.006704807442077382
42061,PJM,2026,15400.702151344165,0.28874855510442043,0.16369709143672373,0.2622241203628624,0.14783079991645864,0.026524434741558023,0.015866291520265086
42063,PJM,2026,31209.14829945667,0.2578006708421103,0.10400898389180044,0.22638443282092602,0.08507310143274208,0.03141623802118426,0.018935882459058362
42065,PJM,2026,17723.9805545425,0.24521247225280451,0.10989086912754224,0.22180144077778663,0.1027179815346316,0.023411031475017885,0.00717288759291064
42067,PJM,2026,8681.919199849166,0.266207199887918,0.10350977094180737,0.23297693084671198,0.09160999223694893,0.033230269041206045,0.011899778704858435
42069,PJM,2026,86501.96298801083,0.22587131548673264,0.09906646889190894,0.21395439392510437,0.09173033145361227,0.011916921561628269,0.007336137438296669
42071,PJM,2026,205869.59101733746,0.14279729399426824,0.060192946143458895,0.11915433998424597,0.05705666119977516,0.02364295401002227,0.0031362849436837315
42075,PJM,2026,53291.00012383083,0.14838895992692397,0.06727377460523852,0.12373451317127379,0.0588362376068991,0.024654446755650178,0.00843753699833942
42077,PJM,2026,140553.07962910415,0.20844745910976453,0.08665018451639905,0.16739429628052868,0.07696235005367139,0.04105316282923585,0.009687834462727668
42079,PJM,2026,130790.64172519167,0.2708278836948627,0.13620391549054126,0.25799868232343426,0.12160826023423729,0.012829201371428456,0.014595655256303963
42083,PJM,2026,15651.368924708333,0.22992904450946589,0.08764039256184286,0.21049909314400297,0.07661692871447535,0.01942995136546291,0.011023463847367507
42087,PJM,2026,18176.54001336333,0.27728354965308216,0.13023708008360954,0.25266107357938344,0.12181987384684216,0.024622476073698718,0.00841720623676738
42089,PJM,2026,56777.66980705416,0.2285235167748194,0.11028513785356212,0.20276713619103678,0.10652014474932285,0.02575638058378263,0.0037649931042392643
42091,PJM,2026,326685.9017534233,0.09323263900693923,0.045945934635151564,0.08778184503353097,0.036773579013894844,0.005450793973408266,0.00917235562125672
42093,PJM,2026,7306.640095440001,0.2023881270607845,0.10283595916424457,0.182078707499148,0.09105646926248871,0.020309419561636483,0.011779489901755855
42095,PJM,2026,118019.7143086625,0.15244962692791042,0.07146179556238454,0.14060233832162,0.06785255555815976,0.011847288606290418,0.003609240004224773
42097,PJM,2026,36765.89778270583,0.30361077226975886,0.152817743219969,0.26886989489931296,0.12441637421093645,0.0347408773704459,0.028401369009032548
42099,PJM,2026,17749.594657343332,0.2274012962828957,0.08974298711450597,0.1828036083044266,0.0721803977619261,0.04459768797846911,0.01756258935257987
42101,PJM,2026,653825.3086446142,0.22846596243358874,0.18787789215620332,0.21744816289540625,0.16317652525101545,0.011017799538182493,0.02470136690518787
42103,PJM,2026,23251.053622618332,0.27389695313735124,0.11088041595673769,0.2523554553955987,0.0901695195009937,0.021541497741752513,0.02071089645574399
42105,PJM,2026,6481.709199525,0.16870982003033555,0.07246120315293056,0.11535887214912831,0.06706339594375123,0.05335094788120724,0.005397807209179331
42107,PJM,2026,55526.53589875417,0.33432894125896395,0.2093140658495338,0.3071798630790512,0.1850546114149549,0.027149078179912745,0.024259454434578887
42109,PJM,2026,14120.274438856668,0.26893391384920895,0.1180374622747032,0.23181276403695067,0.09540638407998354,0.03712114981225828,0.022631078194719656
42111,PJM,2026,28280.89921409083,0.319174888416445,0.154326580576526,0.296605199098234,0.14331402441076746,0.02256968931821096,0.011012556165758552
42113,PJM,2026,2414.562962045833,0.2980727072323652,0.12897863435410187,0.2770081102592665,0.1212627562692546,0.021064596973098648,0.0077158780848472636
42115,PJM,2026,15286.2626353675,0.3112711178301873,0.13573118949234592,0.28352526243252035,0.10746092352991997,0.02774585539766694,0.028270265962425947
42117,PJM,2026,16412.169380716667,0.21303844663616445,0.09175550755055485,0.1835269888642212,0.08215951143765161,0.02951145777194325,0.009595996112903238
42119,PJM,2026,13827.3944491575,0.2660994279969611,0.12227354516777254,0.23882110485949434,0.09041412027987002,0.02727832313746678,0.03185942488790253
42121,PJM,2026,20990.186161481666,0.21469086765324655,0.097321336788268,0.15646928180982989,0.08256608670779561,0.05822158584341666,0.01475525008047239
42123,PJM,2026,15977.938262944166,0.23034346910372258,0.0915002697471896,0.1942542603889381,0.08648004864596687,0.03608920871478449,0.00502022110122273
42125,PJM,2026,85994.92760354333,0.1731501412734659,0.09380669670043747,0.1535324409204377,0.0833213954322398,0.019617700353028206,0.010485301268197661
42127,PJM,2026,19272.51685477083,0.3531412841360532,0.15852081852408517,0.33502648706323374,0.11938992867441235,0.01811479707281949,0.03913088984967282
42129,PJM,2026,151034.60305423,0.15032117347411053,0.09415919978028972,0.14401412543579023,0.08705894985298253,0.006307048038320301,0.007100249927307192
42131,PJM,2026,10459.187510383334,0.27048837654794844,0.132305911918785,0.24766528636602117,0.11940351634645234,0.02282309018192727,0.01290239557233265
42133,PJM,2026,175931.35560903916,0.1818930400252607,0.07006461802928517,0.1686068605167632,0.06714687159660422,0.013286179508497475,0.0029177464326809455
45015,CITY,2026,86432.94698288248,0.13701467021487213,0.09967898983067099,0.13701467021487213,0.09967898983067099,0.0,0.0
46013,MISO,2026,15470.532433975,0.10164016274504178,0.05638111760530737,0.0849704572901315,0.048591212740623814,0.016669705454910283,0.007789904864683554
46025,MISO,2026,1344.253360565,0.32825883204502493,0.15957806110040526,0.2895993028784715,0.1408923070663275,0.03865952916655341,0.018685754034077767
46029,MISO,2026,11738.8088561125,0.11594640277908415,0.05074706117646753,0.09430768111850443,0.042702253377179956,0.021638721660579716,0.008044807799287575
46037,MISO,2026,2286.1724341575,0.3525251530944424,0.183684519688146,0.30528283441162835,0.14993217507839376,0.04724231868281403,0.03375234460975224
46039,MISO,2026,1760.3477855666667,0.18540237715674202,0.10130121209879517,0.157479190428325,0.08955981593674082,0.02792318672841701,0.011741396162054343
46051,MISO,2026,2951.3318253641664,0.23139598511029283,0.0907090315452641,0.1645829690945481,0.07277774050483016,0.06681301601574474,0.017931291040433936
46057,MISO,2026,2123.612657165,0.21254206346692717,0.08818816688853236,0.18265654843705406,0.07697480395658572,0.029885515029873105,0.011213362931946635
46091,MISO,2026,1623.7136760875,0.4325097846425904,0.1854897949951756,0.3340250795546908,0.1640367995422243,0.09848470508789958,0.02145299545295129
46109,MISO,2026,3586.69417409,0.34029196261196865,0.18904131248854733,0.31618604034899694,0.17144877968843045,0.024105922262971702,0.017592532800116883
46115,MISO,2026,2459.357029025,0.19532726417811352,0.10052219500219364,0.1646908857551711,0.09106614525062383,0.030636378422942423,0.009456049751569814
48001,ERCOT,2026,16595.962284733334,0.2501312743919849,0.08890333630722481,0.12242634812986264,0.06574862375433105,0.12770492626212226,0.023154712552893766
48003,ERCOT,2026,6417.608014058333,0.13205540095133908,0.08879870800771432,0.10180486969139592,0.020718140286651584,0.03025053125994316,0.06808056772106273
48005,ERCOT,2026,31115.99629586667,0.16935689744557017,0.09741753761052882,0.11080236562251153,0.05838570681394168,0.05855453182305864,0.03903183079658714
48007,ERCOT,2026,11049.576779404168,0.19103533929970948,0.10212034130980654,0.13251954568795643,0.087972729070134,0.05851579361175305,0.01414761223967255
48009,ERCOT,2026,3328.686593325,0.22629575214255898,0.10815808206614841,0.1468186109420297,0.08141894492564669,0.07947714120052929,0.026739137140501718
48011,ERCOT,2026,719.9015003583334,0.11826886783370638,0.07547869572844822,0.09144900862673216,0.039117229629307616,0.026819859206974217,0.0363614660991406
48013,ERCOT,2026,15608.718580187498,0.1487772177895275,0.09255022922949303,0.11337299132750094,0.05864803810108822,0.03540422646202655,0.03390219112840481
48015,ERCOT,2026,11709.514756323333,0.12856361775925707,0.07934314570962787,0.11059715226491267,0.048792801400371164,0.0179664654943444,0.03055034430925671
48019,ERCOT,2026,8311.469221926665,0.11909546237097692,0.06369379009430418,0.09509973941928901,0.04195989844731173,0.023995722951687906,0.021733891646992444
48021,ERCOT,2026,32639.032730906663,0.1136724783683136,0.040043201307731514,0.0909553266000703,0.03413385550316987,0.022717151768243293,0.005909345804561643
48023,ERCOT,2026,1425.5456137916667,0.32366474173896914,0.15101958190348655,0.2561892130049883,0.1064722408727136,0.06747552873398083,0.044547341030772944
48025,ERCOT,2026,8395.2726529,0.20427498386439372,0.10479223929377317,0.12691781822379986,0.07704709427720574,0.07735716564059386,0.027745145016567427
48027,ERCOT,2026,133078.21627167083,0.14752979915052708,0.09559974934023016,0.10776332215776661,0.07161148758082177,0.039766476992760466,0.023988261759408394
48029,ERCOT,2026,727993.1745364708,0.11590823531478303,0.07205094956545811,0.08854949833410106,0.03562216682492856,0.027358736980681975,0.036428782740529554
48031,ERCOT,2026,4798.2356229625,0.08144111570092728,0.04700252312586969,0.07575678514662793,0.04425504416987364,0.005684330554299358,0.002747478955996044
48033,ERCOT,2026,201.16121905,0.07452134154284445,0.0065608918370690305,0.056117931163100765,0.0031845924528861123,0.01840341037974369,0.0033762993841829183
48035,ERCOT,2026,7229.245985641667,0.20441092795696353,0.06900874922779185,0.1269773104620015,0.0597699449845618,0.07743361749496203,0.00923880424323005
48039,ERCOT,2026,125767.74438047418,0.08818756356971316,0.05511474839709506,0.08351449321669122,0.027138126359924557,0.004673070353021946,0.027976622037170506
48041,ERCOT,2026,84963.75731312417,0.1879562032011646,0.08629701565318593,0.13683296839791692,0.06223085535765384,0.05112323480324768,0.024066160295532088
48043,ERCOT,2026,4596.1697132,0.21240409866729518,0.06083031664414098,0.09184227957887381,0.04318853872694865,0.12056181908842137,0.017641777917192326
48045,ERCOT,2026,569.9623042416667,0.3856093164440416,0.22230814487416029,0.27076987785242007,0.17995083333296816,0.11483943859162155,0.04235731154119213
48047,ERCOT,2026,2528.1770866666666,0.41797265693681124,0.2264119558787342,0.24143754295107225,0.12408067047771651,0.17653511398573898,0.10233128540101769
48049,ERCOT,2026,14824.8856261875,0.19578794098852742,0.07770332227966587,0.09462722509481734,0.054159052099928266,0.10116071589371008,0.0235442701797376
48051,MISO,2026,7328.8799791941665,0.1668208886613663,0.09809443409476433,0.1647946696392023,0.09489406374328001,0.0020262190221639886,0.003200370351484322
48053,ERCOT,2026,18317.56928241917,0.0888365884944946,0.0531276175346053,0.0725829887886782,0.027090438111582436,0.016253599705816413,0.026037179423022864
48055,ERCOT,2026,14820.9210885375,0.10937189257625439,0.04287971965238891,0.07999880142370637,0.03427224000669649,0.02937309115254802,0.008607479645692417
48057,ERCOT,2026,7804.667790308333,0.08949124663616721,0.060338004083245654,0.0709777991861349,0.029023063516077117,0.01851344745003232,0.031314940567168534
48059,ERCOT,2026,5223.499065041668,0.14807132291385414,0.0650245246824073,0.08192534786639608,0.045679741227208075,0.06614597504745806,0.019344783455199223
48061,ERCOT,2026,131433.57627519584,0.20121784556675879,0.12708898367485877,0.15221958011029066,0.08579303644795158,0.048998265456468126,0.04129594722690719
48065,ERCOT,2026,2250.1854555500004,0.06928971821505144,0.0104986782997074,0.05535728140552463,0.003286646328828487,0.013932436809526806,0.0072120319708789135
48069,ERCOT,2026,2319.537838933333,0.2125813617725188,0.11381281005734041,0.14093178988635396,0.08914873498000733,0.07164957188616483,0.024664075077333078
48071,ERCOT,2026,15544.92783228,0.13136172177726746,0.09997896872655007,0.12622529216006487,0.09905656591743413,0.0051364296172025925,0.0009224028091159436
48073,ERCOT,2026,17637.875633883334,0.23116651356696313,0.09810250652300553,0.13919582534291985,0.08565907288399582,0.09197068822404328,0.01244343363900971
48075,ERCOT,2026,1833.3407499374998,0.17961618862926929,0.12673007505310763,0.1484998228762336,0.09700605644698777,0.031116365753035696,0.029724018606119854
48077,ERCOT,2026,4164.252358661667,0.21249639290418132,0.09767817237843689,0.13430532120970654,0.07849821923097622,0.07819107169447478,0.019179953147460668
48081,ERCOT,2026,1434.5148946166664,0.19652031518896576,0.11252193542447214,0.13956536748740656,0.09024494393713534,0.056954947701559205,0.022276991487336806
48083,ERCOT,2026,3186.435902520833,0.22488782148149553,0.09240914387959871,0.12864172297510068,0.06241332307364677,0.09624609850639484,0.029995820805951943
48085,ERCOT,2026,382112.815984065,0.07807970278739408,0.037096662826699864,0.045060732935792734,0.026460730272731773,0.03301896985160135,0.010635932553968091
48087,ERCOT,2026,1001.7264475499999,0.27387959906636367,0.12459677104322786,0.2280979321755022,0.04903579869464801,0.04578166689086147,0.07556097234857985
48089,ERCOT,2026,7118.607440070833,0.17451368154166755,0.08721495030887516,0.10415326133718122,0.06954623798690236,0.07036042020448632,0.0176687123219728
48091,ERCOT,2026,62927.07969398666,0.0640687292281805,0.05379624379605784,0.06251555419327831,0.024324045626066694,0.0015531750349021822,0.029472198169991144
48093,ERCOT,2026,5274.448391166667,0.23259337720517054,0.10999600932929744,0.13064188564008639,0.087567381232101,0.10195149156508415,0.022428628097196437
48095,ERCOT,2026,810.18299035,0.18164825308858903,0.10492203530457234,0.146606731362653,0.06267006911372636,0.035041521725936026,0.04225196619084598
48097,ERCOT,2026,16038.586869205832,0.14284937212016857,0.0797820079459008,0.09468827926698539,0.03842107667923528,0.04816109285318318,0.04136093126666553
48099,ERCOT,2026,24832.4944713625,0.11276666275788452,0.05250240483335404,0.060448650512547775,0.02698689051850337,0.05231801224533675,0.02551551431485067
48101,ERCOT,2026,677.8679763875,0.3323822912401483,0.1379598837139548,0.21839439874135438,0.08991626244315179,0.1139878924987939,0.048043621270803
48103,ERCOT,2026,1662.427542275,0.15342408972862273,0.06635135634185334,0.06866175361371109,0.002787388251315117,0.08476233611491164,0.06356396809053821
48105,ERCOT,2026,1207.1415118749999,0.11284800741525601,0.03798096540378741,0.08394994327764761,0.017952162018137954,0.028898064137608398,0.020028803385649458
48107,ERCOT,2026,1953.8764952183333,0.16428616446530525,0.1308719613773539,0.14730869870539295,0.08867574580107011,0.016977465759912297,0.042196215576283794
48109,ERCOT,2026,612.3182841875,0.4422790183597381,0.15477522753397474,0.27293632278202185,0.10705602117856568,0.16934269557771625,0.04771920635540906
48113,ERCOT,2026,956521.8012762899,0.11978800614419952,0.06462134074153818,0.06959204374438761,0.051855130072839074,0.0501959623998119,0.012766210668699103
48115,ERCOT,2026,4077.7430667958333,0.3407490593136242,0.12636285884666779,0.25154775375581323,0.11437730359296126,0.08920130555781097,0.011985555253706523
48117,ERCOT,2026,5942.035569257499,0.12629415450926135,0.06806220168568759,0.08413204501412998,0.04440359860770233,0.04216210949513137,0.023658603077985264
48119,ERCOT,2026,2083.828528575,0.2280905155297794,0.08642788540275259,0.1314051151298834,0.07284659161294159,0.09668540039989601,0.013581293789811003
48121,ERCOT,2026,333100.7398704933,0.05925195401218619,0.035095980296887055,0.040307458913200714,0.022870388434647535,0.018944495098985478,0.01222559186223952
48123,ERCOT,2026,6438.374165186666,0.23398763646950238,0.10326529845894057,0.15185405563991286,0.07758086024613406,0.08213358082958952,0.025684438212806512
48125,ERCOT,2026,630.3606324333333,0.23414019295366245,0.13710580300365927,0.17418146037608945,0.10992565890948418,0.059958732577573004,0.027180144094175088
48127,ERCOT,2026,2760.629618470833,0.36045270887528874,0.22528308788437257,0.28487090764574036,0.13040330748874904,0.07558180122954838,0.09487978039562353
48129,ERCOT,2026,1180.2964998291666,0.17215696958369656,0.10805600675490684,0.119992468572938,0.10453155088673974,0.05216450101075856,0.0035244558681671034
48131,ERCOT,2026,2764.7175894291668,0.2760883133573872,0.1474774915726631,0.1532040709174039,0.07198032766923175,0.1228842424399833,0.07549716390343135
48133,ERCOT,2026,6940.362789408333,0.24529269815845342,0.09612488131765332,0.12466020822660637,0.08837408998311955,0.12063248993184705,0.007750791334533769
48135,ERCOT,2026,58972.90042473583,0.17317380607816266,0.10955091783423346,0.1275125765626105,0.08874124051231017,0.045661229515552154,0.020809677321923292
48137,ERCOT,2026,516.910506325,0.238474831047438,0.11736384588371425,0.18535145921970117,0.059950476186522106,0.053123371827736826,0.05741336969719214
48139,ERCOT,2026,64854.96021097749,0.10723093190898612,0.05996277093195141,0.07352275308889282,0.023681065532826295,0.033708178820093304,0.03628170539912512
48143,ERCOT,2026,15598.0594063925,0.18093686581459362,0.08605068034825032,0.1056129017926018,0.061575203313093796,0.07532396402199182,0.024475477035156526
48145,ERCOT,2026,5360.806461808334,0.3334687360067109,0.13747191655076182,0.20020050381958837,0.09729607464988073,0.13326823218712253,0.040175841900881096
48147,ERCOT,2026,12570.771529041667,0.21432146922213546,0.10680114476220891,0.1247518735053637,0.0839008051405899,0.08956959571677177,0.022900339621619012
48149,ERCOT,2026,9085.973624478333,0.1619062892896956,0.10332782574201776,0.12513647897973945,0.09149279804500815,0.03676981030995616,0.011835027697009615
48151,ERCOT,2026,1496.63938475,0.21789128072946323,0.10838615692011197,0.12607483255884785,0.10027239665801978,0.09181644817061538,0.008113760262092193
48153,ERCOT,2026,1909.9988972458332,0.3112200733874692,0.16373574614630523,0.20890715204532234,0.14750492593324868,0.10231292134214687,0.01623082021305655
48155,ERCOT,2026,449.3318451458333,0.528223715365572,0.2717832778697556,0.3679807038003345,0.1750988287664427,0.16024301156523751,0.09668444910331289
48157,ERCOT,2026,268007.4899346425,0.06319905761250875,0.04881704670556867,0.05895656955719753,0.03765420791987065,0.0042424880553112235,0.011162838785698022
48159,ERCOT,2026,3714.143319775,0.06811073381640308,0.027356207565379705,0.04765919378345098,0.02230934244100547,0.020451540032952097,0.005046865124374234
48161,ERCOT,2026,6573.847062434999,0.24059626210561427,0.11472509136767846,0.146746922998617,0.08858961928579623,0.09384933910699728,0.02613547208188223
48163,ERCOT,2026,4547.433310641667,0.24283290638901428,0.09071272865831045,0.15862863714228131,0.0394968514611721,0.08420426924673297,0.051215877197138354
48167,ERCOT,2026,133760.41670378167,0.12071525019033151,0.0810308404326208,0.11102306182964723,0.06485018059142872,0.009692188360684278,0.016180659841192074
48169,ERCOT,2026,1639.431297975,0.15326917549978264,0.08115371672237985,0.12268513702135861,0.022588653874919123,0.03058403847842403,0.05856506284746073
48171,ERCOT,2026,10782.002056604168,0.08521416926921577,0.03597947589449637,0.07034583338262529,0.031040947250144547,0.014868335886590478,0.004938528644351823
48173,ERCOT,2026,404.2329694,0.06218988887104863,0.011734740506299732,0.04532978909958253,0.008843791255587773,0.016860099771466096,0.0028909492507119584
48175,ERCOT,2026,2690.616056575,0.17540865308988304,0.11674242342749669,0.1577963908147809,0.09796013827889422,0.017612262275102153,0.018782285148602473
48177,ERCOT,2026,7203.691815020834,0.17822971626303352,0.0903281599926576,0.12856458167887186,0.06874912231297349,0.04966513458416166,0.02157903767968411
48179,ERCOT,2026,7953.357858016667,0.21967232944549664,0.09886023668700768,0.10634985500305744,0.07456533847762187,0.1133224744424392,0.02429489820938581
48181,ERCOT,2026,51371.311606589166,0.15288995939939332,0.0782977186202,0.09037912228627644,0.059682186816374966,0.06251083711311688,0.01861553180382504
48185,ERCOT,2026,9510.460451895833,0.14571970398503747,0.07576716779939835,0.11272054080668975,0.06067727064299319,0.032999163178347724,0.015089897156405158
48187,ERCOT,2026,59717.390320494174,0.06944743103319656,0.049340343771973966,0.06087511521847398,0.029344631173156596,0.008572315814722578,0.01999571259881737
48189,ERCOT,2026,10776.671927287498,0.19658117583808887,0.09701133825295084,0.11142424150186957,0.06897403113822534,0.0851569343362193,0.028037307114725504
48191,ERCOT,2026,1135.1848560375001,0.29480944173916224,0.11003717460110914,0.13063701494557972,0.06364784256566333,0.16417242679358252,0.046389332035445804
48193,ERCOT,2026,3092.2850037574995,0.16216177575773594,0.11659109323857354,0.15180252683520506,0.07102152192735685,0.010359248922530873,0.045569571311216694
48197,ERCOT,2026,1282.4522665541667,0.2575049713544655,0.09646904227080219,0.15612050922926893,0.0777797742079057,0.10138446212519656,0.01868926806289649
48199,MISO,2026,20467.434345385835,0.1830238676043196,0.08898276574589725,0.14674875762667128,0.0882769226835128,0.03627510997764832,0.0007058430623844564
48201,ERCOT,2026,1689581.6048509032,0.13242326331548743,0.061007771569607655,0.10883988626884998,0.04918481371176995,0.023583377046637446,0.011822957857837706
48207,ERCOT,2026,2066.1169858083335,0.22751268040465156,0.10133141913497397,0.13858520101963648,0.07638240341697021,0.08892747938501508,0.02494901571800376
48209,ERCOT,2026,88316.07816050833,0.08321134786775615,0.044067676656056945,0.054468653847158634,0.028795746424409564,0.028742694020597516,0.015271930231647381
48213,ERCOT,2026,31457.92366482083,0.2493400877054147,0.10592656296113852,0.13102807140490413,0.09086382829627161,0.11831201630051055,0.015062734664866906
48215,ERCOT,2026,256156.51268276252,0.19468536679052348,0.15747058458966348,0.17800543648815664,0.10710506139179674,0.016679930302366835,0.050365523197866746
48217,ERCOT,2026,13134.2688466125,0.2536340904165888,0.08962087284454545,0.14126728780441727,0.07152091031195419,0.11236680261217152,0.01809996253259126
48221,ERCOT,2026,24511.452958741665,0.11011617480597921,0.07020308045850902,0.08998134733665718,0.051968123060131044,0.020134827469322034,0.01823495739837798
48223,ERCOT,2026,13625.0473094125,0.17968775824062805,0.10061351824619419,0.12709529651360418,0.07220262333324592,0.052592461727023865,0.028410894912948265
48225,ERCOT,2026,7287.8031081624995,0.19865894232174205,0.10991098569865106,0.15204838710020926,0.07646798909251036,0.04661055522153279,0.033442996606140696
48227,ERCOT,2026,11789.721341108334,0.1824135897803579,0.06870309956711161,0.08496165351104337,0.06321272401294424,0.09745193626931453,0.0054903755541673704
48231,ERCOT,2026,35996.54932157667,0.1437781947105111,0.09709137231192672,0.11873667610584616,0.034549900480146715,0.025041518604664928,0.06254147183178
48235,ERCOT,2026,628.1030482833332,0.13019475563657004,0.06857086288661282,0.12263264870924083,0.03957780187573027,0.007562106927329212,0.028993061010882552
48237,ERCOT,2026,2965.2672251249996,0.29185809167284,0.12779765737662716,0.17356182552090385,0.09269851580467459,0.11829626615193614,0.03509914157195257
48239,ERCOT,2026,5145.0448173075,0.11343264790540426,0.08641168685649987,0.09965197141178248,0.074054004900821,0.013780676493621788,0.012357681955678879
48241,MISO,2026,12897.54388127,0.30206385520787593,0.11479667765130137,0.24629792748271453,0.1132887490807635,0.055765927725161396,0.0015079285705378725
48243,ERCOT,2026,1000.0414167083334,0.406133396549904,0.18048274317386676,0.25732416592173957,0.11969913745573624,0.14880923062816442,0.06078360571813052
48245,MISO,2026,91939.06843412668,0.2385481089046197,0.13453327583775937,0.19977690257589786,0.13379841329685915,0.03877120632872183,0.0007348625409002163
48247,ERCOT,2026,1284.8730032624999,0.2929401839054257,0.07737159090956215,0.15847510898584916,0.07416153250791947,0.13446507491957654,0.003210058401642679
48249,ERCOT,2026,12489.274854220834,0.263257149391704,0.13293035700992598,0.18764371878674926,0.13009071984812437,0.07561343060495476,0.002839637161801606
48251,ERCOT,2026,61558.36293696,0.10260625519657876,0.06523081463960442,0.07464094380093189,0.030567421128092218,0.02796531139564687,0.03466339351151221
48253,ERCOT,2026,5866.3572187875,0.2095517736508975,0.10817162897477367,0.12549451939921166,0.08974703798177244,0.08405725425168584,0.018424590993001227
48255,ERCOT,2026,4231.530832958333,0.17784179913810325,0.0971498346685247,0.11500808456272892,0.06770170354630638,0.06283371457537433,0.02944813112221832
48257,ERCOT,2026,47238.3397138775,0.11525444978676695,0.08016996147666838,0.08813296720856034,0.04027131265844359,0.02712148257820661,0.039898648818224795
48259,ERCOT,2026,16590.771535372503,0.05664766064583337,0.03687796260442344,0.048788667620985715,0.035082458935220634,0.007858993024847653,0.0017955036692028081
48261,ERCOT,2026,38.0,0.0,0.0,0.0,0.0,0.0,0.0
48263,ERCOT,2026,243.36971404999997,0.20978598052335046,0.1141988355391257,0.18841750538817031,0.08358453733409398,0.021368475135180143,0.030614298205031726
48265,ERCOT,2026,21706.867646718332,0.07801147281135583,0.03956943890319986,0.0687094632103133,0.033384889465441825,0.009302009601042521,0.006184549437758036
48267,ERCOT,2026,1685.5289339166666,0.18970847130133514,0.11097064398129217,0.1342073702566793,0.10100077162439863,0.05550110104465583,0.009969872356893533
48269,ERCOT,2026,48.58326610833333,0.1283539356657288,0.082754045210443,0.12479260715299519,0.022097264881412653,0.003561328512733622,0.06065678032903034
48271,ERCOT,2026,1080.6003157374998,0.22495338222479627,0.03210690733170956,0.07716092922518458,0.01159193275957073,0.1477924529996117,0.020514974572138828
48273,ERCOT,2026,11435.294809233335,0.2425741086256093,0.15758876866718496,0.19943665476346392,0.13831539979679588,0.043137453862145375,0.01927336887038908
48275,ERCOT,2026,1238.8279526708334,0.32351006627080475,0.12830117173373073,0.19286927073008397,0.10270234629220774,0.13064079554072078,0.02559882544152299
48277,ERCOT,2026,19861.330013975,0.26187727287599905,0.13427681233407576,0.17332830462987142,0.11146875515304823,0.08854896824612762,0.022808057181027533
48281,ERCOT,2026,7845.178242441666,0.11233302765394579,0.06944245704783096,0.09034601865349993,0.052724472945979164,0.021987009000445853,0.016717984101851796
48283,ERCOT,2026,1654.3013076291668,0.17246390211741408,0.1184185658198409,0.14592910787272095,0.08774879209662906,0.026534794244693127,0.03066977372321185
48285,ERCOT,2026,8031.177411908334,0.20080396210549303,0.08433018824185952,0.13642215639261138,0.06742441155603009,0.06438180571288166,0.016905776685829432
48287,ERCOT,2026,6197.958363283334,0.149860377035182,0.07727938482801175,0.1250615644332189,0.05929125769562184,0.02479881260196312,0.01798812713238991
48289,ERCOT,2026,6243.952001249167,0.16471009797802466,0.0921264251666923,0.13110165708799473,0.06573790285936681,0.03360844089002993,0.026388522307325482
48291,MISO,2026,28052.580398653336,0.28547754515663415,0.15115748427431266,0.19932057572073067,0.13826289813917417,0.08615696943590348,0.012894586135138497
48293,ERCOT,2026,8101.7911394,0.231003751214566,0.10463761184987991,0.12859747807236016,0.0857418842165164,0.10240627314220585,0.0188957276333635
48297,ERCOT,2026,4088.1849416125006,0.2503205078418472,0.10971978193919722,0.1517641129566773,0.10613377630726574,0.09855639488516987,0.0035860056319314826
48299,ERCOT,2026,9497.624504620833,0.07974629920687068,0.045471567427892115,0.0631548696597595,0.03243345716080166,0.01659142954711118,0.013038110267090453
48301,ERCOT,2026,32.644645625,0.0330988429898142,0.0,0.0012253157978644774,0.0,0.03187352719194972,0.0
48303,ERCOT,2026,120546.17202550083,0.13712206055174392,0.08314456731216714,0.09980409993037008,0.060892482268375354,0.03731796062137384,0.022252085043791787
48305,ERCOT,2026,2039.354882825,0.16307406659819915,0.11186157989856954,0.12868932888912038,0.04960013028599498,0.034384737709078766,0.062261449612574564
48307,ERCOT,2026,3069.576891591667,0.2854052974721422,0.09361955979574399,0.16184161943132455,0.08250231926438253,0.12356367804081766,0.011117240531361455
48309,ERCOT,2026,93720.77204378333,0.19026340794877858,0.09567042354142755,0.11076052716499747,0.07119687540656512,0.07950288078378111,0.024473548134862425
48311,ERCOT,2026,188.624679985,0.27356055520290384,0.17235249916705114,0.21860234555880512,0.07927963085842847,0.05495820964409873,0.09307286830862267
48313,ERCOT,2026,4010.4393443249996,0.16162136057064036,0.08254354811049185,0.10957088956292235,0.06516179171008445,0.05205047100771801,0.0173817564004074
48317,ERCOT,2026,1794.415093775,0.17799999488304014,0.07386313974107665,0.08185836458143661,0.05765205932871984,0.09614163030160353,0.01621108041235681
48319,ERCOT,2026,1467.0391245833332,0.11242402720014485,0.04865882157047074,0.08612877259554137,0.046696692577614086,0.026295254604603482,0.0019621289928566515
48323,ERCOT,2026,17544.834424254168,0.26615740898540907,0.13882470422008783,0.18145861782512496,0.10656216784328403,0.08469879116028411,0.032262536376803805
48325,ERCOT,2026,17081.612182930832,0.1329079395341634,0.057573634717633236,0.10719367038374206,0.03040055496033598,0.025714269150421354,0.027173079757297255
48327,ERCOT,2026,879.10531055,0.26202359419929677,0.14156710661563185,0.16454685545713046,0.118474965797714,0.09747673874216631,0.023092140817917856
48329,ERCOT,2026,63379.45562029416,0.1396851948656825,0.07174395700117085,0.08075789459764761,0.03085426482668997,0.0589273002680349,0.04088969217448088
48331,ERCOT,2026,9528.744312665835,0.17955827096807617,0.07383693094419169,0.12638136138498768,0.06296202272843372,0.05317690958308849,0.01087490821575797
48333,ERCOT,2026,1814.9311121041667,0.20086626033508817,0.09756290922829831,0.13786434481246534,0.061779394409083595,0.06300191552262283,0.03578351481921472
48335,ERCOT,2026,2390.2925563791664,0.21764392613222722,0.10724984313112725,0.13740027539836808,0.03240737098753929,0.08024365073385914,0.07484247214358795
48337,ERCOT,2026,7789.070835604167,0.2137755217928178,0.09366395788166496,0.1609618289533228,0.07113989826890389,0.052813692839495,0.022524059612761063
48339,ERCOT,2026,222522.55217636,0.08139868774579843,0.05472287847584428,0.07592648651427296,0.04805165379383185,0.005472201231525475,0.006671224682012436
48345,ERCOT,2026,449.474993875,0.22209668538741612,0.1047970807057466,0.12968933822462622,0.07118700158189083,0.0924073471627899,0.033610079123855774
48347,ERCOT,2026,24480.730278670835,0.2182843642302067,0.12589588718929084,0.154517976668568,0.11281833876764102,0.06376638756163869,0.01307754842164982
48349,ERCOT,2026,17838.0160901875,0.23628455916814137,0.10250683678569775,0.15092384271912432,0.09279235681430545,0.08536071644901705,0.009714479971392298
48351,MISO,2026,4669.62130675,0.39182479176562973,0.16103917037047924,0.3212463336726943,0.1580590325198894,0.07057845809293545,0.0029801378505898424
48353,ERCOT,2026,5615.8072341075,0.2613084536665697,0.10766467004992512,0.11955947674873733,0.08452653929406226,0.14174897691783234,0.023138130755862865
48355,ERCOT,2026,128885.09157245833,0.1602633371565393,0.09972383453223146,0.11443500599538489,0.07855561062727459,0.045828331161154395,0.021168223904956873
48359,ERCOT,2026,605.3843610941667,0.14107173123558067,0.10813944789006015,0.12273967569799075,0.09200576291619154,0.018332055537589917,0.016133684973868606
48361,MISO,2026,30687.23657340917,0.14660886848386404,0.07887022639434701,0.11882305890253857,0.07887022639434701,0.02778580958132547,0.0
48363,ERCOT,2026,10353.108008004168,0.1958926728808916,0.09995510717610363,0.13231066568320643,0.07116519531875985,0.06358200719768517,0.02878991185734378
48365,MISO,2026,7970.9649578125,0.2654457299919343,0.09849977120624154,0.23613562096824392,0.09528746384941345,0.029310109023690356,0.0032123073568280924
48367,ERCOT,2026,51781.86837025749,0.09508181445228239,0.07100473075115082,0.08071854153748739,0.047651711992634106,0.014363272914795,0.023353018758516718
48369,ERCOT,2026,3141.1914726666673,0.06363119250346648,0.03774392324351037,0.05854924791023175,0.021173527013155058,0.00508194459323473,0.016570396230355312
48371,ERCOT,2026,4893.759953208333,0.16630077954745578,0.08482150809785108,0.1086072602735078,0.06404482739177324,0.05769351927394799,0.02077668070607784
48373,MISO,2026,17807.738023004167,0.2709211518559713,0.13219413379152836,0.2614456624517571,0.12822105768970854,0.009475489404214221,0.003973076101819822
48375,ERCOT,2026,42074.39888402917,0.1853878289601058,0.1295661125884624,0.13673623194952225,0.08983120816218432,0.04865159701058355,0.039734904426278084
48377,ERCOT,2026,2167.0105961625,0.40530173835113936,0.16978820730498295,0.22861488728518892,0.1588016361999958,0.17668685106595045,0.010986571104987158
48379,ERCOT,2026,4671.2077081725,0.15074604848417708,0.1115812006360659,0.13409052490375856,0.0899419015969788,0.016655523580418524,0.021639299039087095
48381,ERCOT,2026,54161.704288617504,0.08344836863474309,0.04489665407207352,0.056482105281789305,0.034865434947121035,0.02696626335295378,0.010031219124952487
48383,ERCOT,2026,1057.6239814291666,0.10650515128995694,0.04132710468699535,0.06161418865390109,0.015569068297552413,0.044890962636055846,0.02575803638944294
48385,ERCOT,2026,965.985312075,0.1303823522346904,0.030034089549815127,0.09696444549499976,0.02812006952257295,0.03341790673969065,0.0019140200272421762
48387,ERCOT,2026,4586.007116424999,0.23093144580742536,0.13730310786293012,0.1991562998796981,0.1110721918276081,0.03177514592772726,0.02623091603532203
48389,ERCOT,2026,3826.1766068083334,0.2560807366995772,0.11091549944593522,0.16286549011363566,0.07620644974768313,0.09321524658594155,0.03470904969825209
48391,ERCOT,2026,2195.7898113,0.26004049238868054,0.09639334583350763,0.15921576951151173,0.05749331540842033,0.10082472287716882,0.0389000304250873
48393,ERCOT,2026,308.945342125,0.05362956209676824,0.028655366763067788,0.037357756517538344,0.013744726092299878,0.016271805579229894,0.01491064067076791
48395,MISO,2026,6190.628363314167,0.2551772639009836,0.13106168682753444,0.24575825635663198,0.12414528350832792,0.009419007544351626,0.006916403319206524
48397,ERCOT,2026,37422.478881970834,0.050635680373615016,0.04225298041161973,0.047352828278288246,0.03582929982666486,0.00328285209532677,0.00642368058495487
48399,ERCOT,2026,3773.0245340500005,0.23617734311907096,0.09714170000437537,0.11919680083900389,0.0886045801097627,0.11698054228006707,0.008537119894612671
48401,ERCOT,2026,17588.140959266668,0.18559416666092615,0.08283881625641774,0.10662582484185745,0.07103177452172806,0.0789683418190687,0.011807041734689688
48403,MISO,2026,4431.202133125,0.31613933963567525,0.1269702429322984,0.2663902950108403,0.11933868592834124,0.04974904462483498,0.007631557003957151
48405,MISO,2026,2964.804751875,0.35103378855166717,0.17309574055439755,0.27123295968020766,0.1711012470930905,0.0798008288714595,0.001994493461307062
48407,MISO,2026,9941.708882366667,0.28405490775128894,0.13672491678996782,0.2692191408474953,0.12945282649538767,0.014835766903793624,0.007272090294580147
48409,ERCOT,2026,23466.064519636668,0.13290484413766349,0.09750633492187412,0.11093481886029972,0.07449019672091134,0.02197002527736376,0.02301613820096278
48411,ERCOT,2026,1985.2801323458334,0.09615715082331043,0.04968334462877597,0.08695014173945793,0.04317832461190797,0.009207009083852497,0.006505020016868
48413,ERCOT,2026,891.3764118125,0.25632336086418,0.14502578740797142,0.1760274065486547,0.11211847674629988,0.0802959543155253,0.032907310661671546
48415,ERCOT,2026,5620.071735733333,0.12097296682956896,0.07059304491509279,0.1002213951740311,0.0470751178585822,0.020751571655537857,0.02351792705651059
48417,ERCOT,2026,1317.0647410291667,0.17612311616036425,0.08911304171156725,0.09545443054183363,0.08301207723691705,0.08066868561853062,0.006100964474650208
48419,MISO,2026,8766.652161479165,0.29384072663809907,0.15200555938811486,0.25462108338515854,0.14997326433254593,0.03921964325294053,0.002032295055568928
48423,ERCOT,2026,80309.24582365416,0.1590724400566127,0.09173822322273643,0.12119706348196732,0.06237492370987883,0.037875376574645375,0.029363299512857606
48425,ERCOT,2026,3311.3357597458335,0.17704074640536133,0.0674942902834237,0.10636500711031323,0.04165069169541202,0.0706757392950481,0.025843598588011676
48427,ERCOT,2026,18265.381709579164,0.3592643168670755,0.21450277883527114,0.2685410582081768,0.15266668662405125,0.09072325865889869,0.061836092211219884
48429,ERCOT,2026,3330.750181295833,0.27641140390810803,0.13135862764574388,0.1650410069089804,0.12159781651424528,0.11137039699912762,0.009760811131498598
48431,ERCOT,2026,382.09693582499995,0.03217871107354621,0.02215318210213758,0.02663478735143383,0.02215318210213758,0.0055439237221123795,0.0
48433,ERCOT,2026,443.4751823133333,0.20431217467989493,0.11667313767164185,0.14756735019224196,0.08459188134116274,0.05674482448765297,0.032081256330479105
48435,ERCOT,2026,1013.7147409999999,0.2051327571114341,0.06116942686591554,0.08673722757212361,0.035434698006921866,0.1183955295393105,0.025734728858993673
48437,ERCOT,2026,2364.9239702791665,0.45116044189145094,0.1967728151616086,0.27903748561506697,0.1920555928875032,0.17212295627638396,0.004717222274105398
48439,ERCOT,2026,752082.0024987999,0.10204747398383371,0.04905962813407952,0.061358609934083576,0.040203159762630516,0.04068886404975013,0.008856468371449003
48441,ERCOT,2026,52899.3985984375,0.1863586598999228,0.07957061283127068,0.1033632092388886,0.05985070149222547,0.08299545066103421,0.019719911339045208
48443,ERCOT,2026,398.15226376666664,0.1734058117640844,0.12343538742789852,0.12562371857477506,0.08388175338762462,0.047782093189309344,0.0395536340402739
48447,ERCOT,2026,630.9437315208334,0.2172758219771194,0.08733156886750673,0.11556292872331851,0.055836972535434515,0.10171289325380088,0.03149459633207222
48449,ERCOT,2026,10684.5831636625,0.15346340547563989,0.09965975619476852,0.11505402173736098,0.08823180903868014,0.0384093837382789,0.011427947156088386
48451,ERCOT,2026,44526.80892817417,0.1262034773604707,0.07429862905573496,0.08676469780565861,0.053436459491811285,0.03943877955481208,0.02086216956392368
48453,ERCOT,2026,535926.7906096716,0.051799497455304135,0.024491739016262063,0.040205223771922316,0.015909229145755013,0.011594273683381819,0.00858250987050705
48455,MISO,2026,5862.4867342541675,0.2697052986162515,0.11216700140934155,0.2593293840301683,0.10648002274261571,0.010375914586083168,0.0056869786667258365
48457,MISO,2026,6620.093509345833,0.2650031563193417,0.1227691865987421,0.24821966908136275,0.11811993839919391,0.016783487237978928,0.004649248199548192
48461,ERCOT,2026,1322.9715390666665,0.1740038158561372,0.0788676060561941,0.10804818453175362,0.03342310752292895,0.06595563132438358,0.04544449853326515
48463,ERCOT,2026,8192.901974391667,0.2073109897517252,0.12217829029471068,0.1576543606485751,0.07467429945200747,0.04965662910315011,0.04750399084270321
48465,ERCOT,2026,16345.660204591666,0.23504348718352322,0.13610626376484394,0.15491660582056765,0.061466925800653674,0.08012688136295557,0.07463933796419027
48467,ERCOT,2026,22089.762854684166,0.20313363213445823,0.11182755948771299,0.13207387311247257,0.09478550646769435,0.07105975902198566,0.01704205302001864
48469,ERCOT,2026,33246.9774956225,0.12379486438221579,0.07619821205652627,0.10169092510001305,0.0544576766786812,0.022103939282202736,0.021740535377845073
48471,MISO,2026,23865.46634880833,0.21979625316384221,0.13624032728123023,0.20062870491878107,0.1329489071551678,0.019167548245061145,0.0032914201260624276
48473,ERCOT,2026,17535.533612283332,0.11487422716660084,0.0905369890648535,0.10152612831731873,0.07997918601514677,0.013348098849282106,0.01055780304970673
48475,ERCOT,2026,4226.302527579167,0.14393416134286394,0.07659204364121798,0.0836746117628409,0.051294071406077904,0.06025954958002304,0.025297972235140076
48477,ERCOT,2026,14165.969649559167,0.1144869070353733,0.06254672613704486,0.09501260581435395,0.04050764290094728,0.019474301221019355,0.02203908323609758
48479,ERCOT,2026,77011.57103454584,0.19239182530883783,0.11684415946735051,0.13185106488839746,0.08875176342998072,0.060540760420440376,0.028092396037369793
48481,ERCOT,2026,14898.1846929,0.1930601478529949,0.09514030906265354,0.1193125144229005,0.07750289613060067,0.07374763343009441,0.01763741293205287
48483,ERCOT,2026,1871.6318661249998,0.31360827973312866,0.10517799371611011,0.2177099342935742,0.06634333617579782,0.09589834543955447,0.03883465754031229
48485,ERCOT,2026,47575.9013893775,0.18634803312136827,0.10528271809415889,0.1094876970032851,0.08010648315334422,0.07686033611808317,0.025176234940814668
48487,ERCOT,2026,4586.547105416666,0.24055864371739996,0.09782386742780586,0.20718181088109436,0.06972955822016194,0.0333768328363056,0.028094309207643914
48489,ERCOT,2026,5333.207498758334,0.3349444207861884,0.16756364903916796,0.22953907470817095,0.14263265289736096,0.10540534607801746,0.024930996141806994
48491,ERCOT,2026,228605.08627990916,0.0596833575174661,0.02619330961811258,0.04578034524782618,0.010044663191468713,0.013903012269639914,0.01614864642664387
48493,ERCOT,2026,17096.289350361665,0.09307617194768666,0.07223532856388758,0.08234582127291958,0.0622272825642422,0.010730350674767089,0.010008045999645374
48495,ERCOT,2026,2613.3526329666665,0.11820255022734245,0.054008963742399135,0.05924001953099914,0.03352887508354776,0.058962530696343315,0.020480088658851377
48497,ERCOT,2026,23862.608919196668,0.10298866452637934,0.06308380876841876,0.0779265724166719,0.0489398829908752,0.02506209210970743,0.014143925777543566
48499,ERCOT,2026,17625.194772051662,0.15873693618243587,0.09711419399844101,0.1115542530111642,0.0916497001436805,0.04718268317127167,0.005464493854760513
48503,ERCOT,2026,7461.319969349999,0.2110180459742427,0.10847853957419072,0.14661934138269767,0.08989727667562196,0.06439870459154504,0.018581262898568762
48505,ERCOT,2026,4508.491494858334,0.4183121260913962,0.20303783300684633,0.2312663647423078,0.16751391853822967,0.18704576134908837,0.03552391446861666
48507,ERCOT,2026,3319.6653967791663,0.2344425265748973,0.12753731197777035,0.17125938865377757,0.07792817588915045,0.06318313792111974,0.0496091360886199
51003,PJM,2026,43510.70471643834,0.10334927378570918,0.061492897671550674,0.09618259026229742,0.04414089061940805,0.007166683523411765,0.017352007052142626
51005,PJM,2026,6111.265637383332,0.3057307983489973,0.14567326883445894,0.22427965167624406,0.13520646481892912,0.08145114667275324,0.010466804015529824
51007,PJM,2026,5082.612224698333,0.2574012614245455,0.15632299738260885,0.20413173740380713,0.14082966920797316,0.05326952402073837,0.015493328174635695
51009,PJM,2026,12399.452094741666,0.14396307987393567,0.093344220142531,0.12160804773323727,0.05107262539139857,0.022355032140698394,0.04227159475113244
51011,PJM,2026,6427.303180707499,0.23601057553758586,0.14180521536997207,0.1833234567978321,0.1273536479595315,0.05268711873975376,0.014451567410440569
51013,PJM,2026,109634.49345004333,0.05251785259557584,0.01755581942025418,0.027031061315178587,0.009565288293303876,0.025486791280397256,0.007990531126950303
51015,PJM,2026,29523.07950479167,0.18997884251174357,0.07625034590371806,0.1298937158488472,0.06390359196021975,0.060085126662896365,0.01234675394349831
51017,PJM,2026,1825.2426645166665,0.3013685966334207,0.1782593062328466,0.27036069356783726,0.16787146755787924,0.03100790306558343,0.01038783867496737
51019,PJM,2026,32079.413564569164,0.09996147740348302,0.0647344042087455,0.08615346651439902,0.04035824986417229,0.013808010889083996,0.024376154344573214
51021,PJM,2026,2192.1090365625,0.14177728520400582,0.0766938735957991,0.12032142331536187,0.052458525624707444,0.021455861888643943,0.024235347971091656
51023,PJM,2026,12766.472553851665,0.15553127356357693,0.08579581931394276,0.11771386086336005,0.07563988395724293,0.03781741270021688,0.010155935356699827
51025,PJM,2026,6072.066737399999,0.3720624740408726,0.16213240298583154,0.31421797828432635,0.1443289643386598,0.057844495756546266,0.017803438647171738
51027,PJM,2026,7330.210440583334,0.3609993770630524,0.1598632320186267,0.25033897048774706,0.14999563638153013,0.11066040657530535,0.009867595637096577
51029,PJM,2026,5841.638007979167,0.35688715947233823,0.18454199477854935,0.30861862004215496,0.14021329636374502,0.04826853943018328,0.04432869841480433
51031,PJM,2026,21900.176734456665,0.1700722546170846,0.11199600185855993,0.13525869177573513,0.09553882036362979,0.03481356284134948,0.01645718149493014
51033,PJM,2026,11154.246799158333,0.15178527923831542,0.06890278146418576,0.10958697646133932,0.06193049478267999,0.0421983027769761,0.006972286681505763
51035,PJM,2026,11915.080149533333,0.2693761060873526,0.12696174617116743,0.1950594792312576,0.10451504911009267,0.07431662685609497,0.022446697061074758
51036,PJM,2026,2866.7122071125004,0.22396950419642755,0.14136189660216447,0.18113035279871378,0.12447169529308232,0.04283915139771377,0.016890201309082156
51037,PJM,2026,4476.679061945833,0.4275843464821648,0.22748035116177415,0.36525626837786734,0.19017206837433864,0.06232807810429747,0.037308282787435504
51041,PJM,2026,132780.84631940752,0.09892333196753504,0.06195853764588388,0.08775642551057354,0.0557422572502827,0.0111669064569615,0.006216280395601181
51043,PJM,2026,5542.518938076666,0.1229763224799236,0.056962831969963205,0.0951936551030392,0.04768397133374743,0.027782667376884396,0.009278860636215774
51045,PJM,2026,1758.6145008150002,0.23087375576635535,0.08692929618978612,0.15064781018839282,0.08245372692980765,0.08022594557796253,0.004475569259978468
51047,PJM,2026,17780.684221904165,0.16935386987800946,0.08563358807564526,0.1348230952574074,0.06639966580919895,0.034530774620602056,0.01923392226644631
51049,PJM,2026,3999.62056115,0.3152125646303406,0.1267150241120067,0.21606788929785928,0.10238016027965317,0.09914467533248131,0.024334863832353518
51051,PJM,2026,5500.278171679166,0.3536251563546597,0.20252651900147892,0.25518599703170414,0.18742292705296984,0.09843915932295555,0.015103591948509076
51053,PJM,2026,10301.523405283333,0.20867617980293032,0.14911385086910367,0.18481530236329502,0.13991539060159267,0.023860877439635303,0.009198460267511005
51057,PJM,2026,4178.80604985,0.34156763175642046,0.18725554641054032,0.28388070894099415,0.15045595931583577,0.05768692281542631,0.036799587094704544
51059,PJM,2026,408974.12880427,0.04868322973689149,0.021009322581752244,0.0353565082797132,0.01076189475179841,0.013326721457178288,0.010247427829953835
51061,PJM,2026,25583.265332286668,0.10501481558530457,0.05114880467722164,0.0855871273076575,0.03011090373549068,0.01942768827764707,0.02103790094173096
51063,PJM,2026,6447.608874516666,0.2179893712065511,0.12013449709934498,0.16034636090938967,0.11412905802504382,0.05764301029716143,0.006005439074301164
51065,PJM,2026,10091.6100039225,0.15449598162060593,0.0926919827754358,0.13555372811556238,0.08387938963366431,0.018942253505043555,0.008812593141771491
51067,PJM,2026,21634.931033683333,0.17572876029895215,0.1214860387040112,0.1479834967536414,0.08500869586603368,0.02774526354531076,0.03647734283797752
51069,PJM,2026,32795.0355383875,0.07183335333018614,0.04822423291643108,0.07048232493846089,0.04512060066450504,0.0013510283917252536,0.0031036322519260445
51071,PJM,2026,6705.063930129168,0.1637004743840459,0.08374000884582421,0.12259818242652674,0.07808747347927927,0.041102291957519146,0.0056525353665449335
51073,PJM,2026,14660.079218330833,0.11283201329908427,0.06729372487585993,0.0869269634507311,0.05704818471428125,0.025905049848353165,0.010245540161578678
51075,PJM,2026,9713.8666571825,0.11874971988862058,0.0670858482632649,0.08657013395388852,0.060207684253028644,0.032179585934732066,0.006878164010236255
51077,PJM,2026,6087.62467125,0.33174015782105665,0.15008648802339714,0.24518132335667742,0.10861962150406777,0.08655883446437923,0.04146686651932936
51079,PJM,2026,7308.493079968333,0.09929218022918951,0.07388667850514082,0.08621065109718395,0.047711612602112166,0.013081529132005554,0.02617506590302865
51085,PJM,2026,40897.41786501583,0.11067074063427747,0.05137699052639656,0.07281977066827341,0.03622717737543796,0.03785096996600405,0.015149813150958605
51087,PJM,2026,132706.27805681332,0.11488674173294378,0.07147533154415583,0.0872061279541766,0.05821118428771317,0.027680613778767182,0.013264147256442663
51089,PJM,2026,20207.370823620833,0.32827187534338265,0.1403242427573552,0.2011567466190444,0.12704801603873275,0.12711512872433825,0.013276226718622441
51091,PJM,2026,983.5035311958334,0.19418171275429078,0.052921152652139904,0.14825132840165417,0.049169000541904914,0.045930384352636605,0.0037521521102349895
51093,PJM,2026,14960.219361513333,0.22072321344057746,0.08899554425118536,0.1294130380117627,0.07183257706710258,0.09131017542881475,0.017162967184082778
51095,PJM,2026,30207.85573826917,0.08209297651981975,0.045067935601608676,0.058996408659787454,0.027376939259566198,0.0230965678600323,0.017690996342042478
51097,PJM,2026,2780.653949183333,0.2886356370887332,0.14778909329369366,0.20601286759537646,0.12542670732512345,0.08262276949335673,0.02236238596857021
51099,PJM,2026,9626.247947252497,0.11526850465450911,0.07751042488068194,0.08963915618715014,0.041935524669839616,0.025629348467358967,0.03557490021084232
51101,PJM,2026,6791.3176256108345,0.15413345958645,0.07537228858353684,0.12101554613813441,0.07253777006746288,0.03311791344831559,0.0028345185160739556
51103,PJM,2026,5202.519917668334,0.3019223114946091,0.13860290618419693,0.20310786597963593,0.13550088424235054,0.09881444551497315,0.003102021941846389
51107,PJM,2026,137216.82943131332,0.04596319923626467,0.02492562127790643,0.038806571543923925,0.022506038610707484,0.007156627692340746,0.0024195826671989454
51109,PJM,2026,14348.583555971665,0.19355656706035243,0.08929241929511633,0.15672658849142976,0.07752924684648435,0.03682997856892267,0.011763172448631981
51111,PJM,2026,4489.897774529167,0.38429204673023337,0.2045747670791133,0.3425664729375993,0.1747700886127534,0.041725573792634085,0.029804678466359896
51113,PJM,2026,5228.747172925001,0.22412852955833848,0.11058443561823121,0.17985540824251708,0.10295402212136272,0.044273121315821395,0.007630413496868493
51115,PJM,2026,3689.8841678991666,0.17653957887767888,0.08071692413709908,0.11475342038475907,0.06456898101374513,0.06178615849291981,0.01614794312335395
51119,PJM,2026,4673.629298998334,0.2659230450071281,0.11070784397845994,0.18789275577598172,0.10280545749167072,0.07803028923114638,0.007902386486789217
51121,PJM,2026,35399.895473624165,0.1901825194418881,0.13783262232630372,0.1627051305428237,0.12254686678210513,0.027477388899064398,0.015285755544198587
51125,PJM,2026,5978.378385621667,0.19784402297976553,0.13925293053417714,0.1761697056685182,0.12940371527959427,0.021674317311247332,0.009849215254582877
51127,PJM,2026,8593.8624013875,0.12129145091637819,0.049465902879869954,0.07917013990843258,0.040863501804105605,0.04212131100794561,0.008602401075764349
51133,PJM,2026,5119.261494512501,0.31818056667308015,0.14343095890222524,0.22708737882315808,0.1340305946737616,0.09109318784992207,0.009400364228463631
51135,PJM,2026,5366.664995041667,0.38405329630927165,0.2036045549185647,0.33148821483909696,0.16433223750190246,0.05256508147017469,0.039272317416662234
51137,PJM,2026,14064.271875955,0.13864948618211037,0.08110051150497607,0.11799992978512985,0.07177687159967436,0.020649556396980517,0.009323639905301717
51139,PJM,2026,9042.649432920833,0.21017546519377187,0.12647699868401088,0.1665689722659059,0.10820956154990201,0.043606492927865975,0.018267437134108874
51141,PJM,2026,7614.033354291666,0.272150010163298,0.13607315889221658,0.18853868013101382,0.12448316687599305,0.08361133003228416,0.01158999201622353
51145,PJM,2026,10945.285253904167,0.10532450074493296,0.059874485767855166,0.06953147398802337,0.05600643859431087,0.035793026756909596,0.0038680471735442964
51147,PJM,2026,7295.796458054167,0.3051465641396559,0.158388193773916,0.24516800068545536,0.13317715542704076,0.05997856345420055,0.025211038346875242
51149,PJM,2026,12679.451224816665,0.134413399091435,0.09002281278435252,0.12094259787352689,0.07425208957313896,0.013470801217908099,0.01577072321121356
51153,PJM,2026,151187.90185902664,0.07918680414100349,0.01952573716133677,0.05330607404452289,0.01262889309049127,0.0258807300964806,0.006896844070845502
51155,PJM,2026,14069.360838054166,0.16402191855379927,0.11321884342196872,0.13843553827728153,0.10020081299549458,0.025586380276517745,0.013018030426474148
51157,PJM,2026,2781.0655193166667,0.13687598627133335,0.0758320153996774,0.1255187374007299,0.05833574100579361,0.011357248870603437,0.017496274393883793
51159,PJM,2026,2808.1785053666663,0.23809354537104085,0.1260987928046371,0.20330076208348313,0.09809039365383938,0.03479278328755772,0.02800839915079771
51161,PJM,2026,38517.717460768334,0.0859543494630871,0.051839015102605634,0.07675041248453296,0.032105082812851925,0.009203936978554136,0.01973393228975371
51163,PJM,2026,9171.825566041665,0.27245365393908844,0.11180642431808704,0.19860200477018736,0.09265402802375314,0.07385164916890108,0.019152396294333907
51165,PJM,2026,30994.956849151666,0.13756436803320474,0.07897719153348326,0.10923409312562622,0.07045335221442434,0.028330274907578515,0.008523839319058923
51167,PJM,2026,10292.158846416667,0.27941595051318185,0.14318921601424708,0.18056627584555426,0.1282972981017388,0.09884967466762759,0.014891917912508296
51169,PJM,2026,8727.960170725,0.336009360354707,0.17534307055595513,0.253302929657563,0.15121568627247398,0.082706430697144,0.024127384283481157
51171,PJM,2026,17177.8886791775,0.16462988815323223,0.09530119938722402,0.13648691492639595,0.0838707479514871,0.028142973226836288,0.011430451435736913
51173,PJM,2026,12480.335794775001,0.2969901378766806,0.14127952376929248,0.18669450080158462,0.10263045893654912,0.11029563707509599,0.03864906483274336
51175,PJM,2026,6713.844140190833,0.3088321768157298,0.1309523266509743,0.22290024993489993,0.11478560602722924,0.08593192688082985,0.016166720623745065
51177,PJM,2026,48805.73033688333,0.12219615345802265,0.04936292005652727,0.10740388874579727,0.027355158383202877,0.014792264712225375,0.02200776167332439
51179,PJM,2026,49535.911123460006,0.07432303069061846,0.03013423283591092,0.05673285627846355,0.026900478560672215,0.017590174412154914,0.0032337542752387052
51181,PJM,2026,2700.6224401333334,0.3089018129698203,0.17261030652973666,0.2566766876509191,0.1263973272644807,0.05222512531890117,0.04621297926525597
51183,PJM,2026,3644.1733882375,0.3378844040448786,0.17188487335704966,0.24381328055936827,0.1227032032380685,0.0940711234855103,0.049181670118981155
51185,PJM,2026,15432.223377133334,0.2934451497376336,0.13316416435814343,0.18912139377679751,0.1227864335602509,0.10432375596083607,0.010377730797892532
51187,PJM,2026,15081.494536732502,0.19313393263705003,0.09937749796986516,0.15173289555696695,0.0864172475744371,0.04140103708008308,0.012960250395428058
51191,PJM,2026,21771.920584220832,0.1881913072402304,0.07555216936073386,0.10562331911246182,0.0475089827186469,0.08256798812776857,0.028043186642086965
51193,PJM,2026,7692.4005923899995,0.28807610034318704,0.16471509282000324,0.19410562198723463,0.16182517797021082,0.0939704783559524,0.0028899148497924243
51197,PJM,2026,12146.722588454166,0.20930323144079324,0.10455949087374068,0.15973252937738217,0.09180348371687089,0.049570702063411076,0.012756007156869795
51199,PJM,2026,25470.238740225832,0.0727518181933449,0.04037991713929315,0.05965173577899996,0.03791018300174122,0.013100082414344946,0.0024697341375519294
51510,PJM,2026,73646.97024392,0.05059215396333202,0.018233195839456245,0.04281703918123721,0.01444566828247986,0.007775114782094812,0.003787527556976384
51530,PJM,2026,2624.5133998583333,0.3042858070730776,0.13625178066442167,0.2420796175210845,0.11229143154660261,0.06220618955199311,0.023960349117819066
51540,PJM,2026,19009.233979491666,0.20039629464316103,0.14467130705303366,0.17298884072057014,0.11471047506609264,0.02740745392259089,0.029960831986941022
51550,PJM,2026,90032.33919734416,0.10994627551993934,0.059662144758222464,0.08564781631402175,0.048430565023928174,0.024298459205917583,0.01123157973429429
51570,PJM,2026,7384.669586001666,0.23294323322366162,0.12880384306605122,0.2035822096330681,0.08610556222858425,0.029361023590593505,0.042698280837466976
51580,PJM,2026,2413.55132315,0.3570722701890683,0.10186314747423633,0.28100045444922017,0.08858600613374185,0.07607181573984811,0.013277141340494486
51590,PJM,2026,18344.662240391666,0.3538356607408024,0.16258589571536972,0.24648304915652647,0.14151075345234818,0.10735261158427595,0.02107514226302154
51595,PJM,2026,2184.4932891541666,0.379571024758204,0.22252924449200573,0.3567312326302614,0.18149170903732936,0.02283979212794257,0.041037535454676366
51600,PJM,2026,8790.180759226667,0.0484435666004965,0.017262760202899005,0.02786412713939248,0.010910904593097102,0.02057943946110402,0.006351855609801903
51610,PJM,2026,5605.6600278000005,0.015540347964018205,0.007547961722645803,0.013026405668175721,0.006865141326650041,0.002513942295842484,0.000682820395995762
51620,PJM,2026,3296.9949778124997,0.3871145666081096,0.1803193646775329,0.3129614045880156,0.13134810552693774,0.07415316202009403,0.048971259150595164
51630,PJM,2026,10772.773106280001,0.13464612589811462,0.040900660944006184,0.11034820514571252,0.026554040712127067,0.0242979207524021,0.014346620231879118
51640,PJM,2026,2507.4262280541666,0.26782904283601494,0.12966473976709547,0.1705331950544214,0.06419878572389884,0.09729584778159353,0.06546595404319663
51650,PJM,2026,56154.5096907025,0.20513109810762664,0.09791230319216326,0.15950018241364483,0.0925380047700551,0.04563091569398181,0.0053742984221081674
51660,PJM,2026,16632.553152537505,0.1569935656528051,0.09686024896093898,0.11358950428045174,0.06672979576248478,0.04340406137235335,0.0301304531984542
51670,PJM,2026,9088.151801186665,0.3270454441972173,0.18587220000782764,0.2648918693594917,0.17122899845013692,0.0621535748377256,0.014643201557690722
51678,PJM,2026,1888.8015510250002,0.1302846926488694,0.05978899874211221,0.10568090205136182,0.0406066913126535,0.024603790597507585,0.019182307429458707
51680,PJM,2026,28035.634291165836,0.16021223444890426,0.10911478776246572,0.13899257028496112,0.08362833106717996,0.021219664163943136,0.025486456695285764
51683,PJM,2026,13553.35711638,0.048311163483522705,0.012781002737984415,0.024148510976500486,0.010699855193667824,0.02416265250702222,0.0020811475443165903
51685,PJM,2026,4976.962107493334,0.016734485827797692,0.008052074504042626,0.008953594174695658,0.008031057667317567,0.007780891653102034,2.1016836725059468e-05
51690,PJM,2026,5493.654093225,0.4195728524406502,0.1961897308948432,0.3547723251010196,0.1484236738639473,0.0648005273396306,0.0477660570308959
51700,PJM,2026,74532.18302123834,0.1776489506764865,0.11584229738706343,0.1497487912261618,0.08547055488322515,0.027900159450324702,0.030371742503838284
51710,PJM,2026,92491.0214923525,0.18054071780311332,0.10999883268386092,0.1580479089685605,0.09404068687579772,0.02249280883455282,0.015958145808063193
51730,PJM,2026,14046.044144674166,0.343285567133086,0.21513774192352383,0.2883237921878214,0.17551875186329832,0.05496177494526461,0.03961899006022551
51735,PJM,2026,4548.48764045,0.09070592542089051,0.049988188303436175,0.0631220703954531,0.04507443249049917,0.027583855025437407,0.004913755812937008
51740,PJM,2026,38066.930964584164,0.30399582852646045,0.1632503165492462,0.2435541972937047,0.13361608545412096,0.060441631232755755,0.029634231095125252
51750,PJM,2026,5359.690737330833,0.3713531263521255,0.24939678149178968,0.3107336190140079,0.21585973265461814,0.06061950733811755,0.03353704883717154
51760,PJM,2026,99593.06292371918,0.25111486356482227,0.12015935985396749,0.1868268466194324,0.08116632556951382,0.06428801694538985,0.038993034284453665
51770,PJM,2026,41987.42435299,0.20401864137410433,0.11890092195516677,0.16424132067380753,0.08580690709280839,0.0397773207002968,0.033094014862358384
51775,PJM,2026,9835.425484811667,0.10675426382363963,0.0561360130632829,0.08225859037747824,0.045532284066567286,0.024495673446161395,0.010603728996715613
51790,PJM,2026,10800.1263987,0.21198653067721643,0.09162600183217429,0.1571071481636461,0.07667363091151808,0.05487938251357033,0.01495237092065621
51800,PJM,2026,35643.85399555917,0.1840637534653678,0.085860939396442,0.12203476901228942,0.0684988011205015,0.062028984453078376,0.017362138275940506
51810,PJM,2026,177222.0326258525,0.1032379265547052,0.06400898768219451,0.08523540491135742,0.046510219612836454,0.018002521643347785,0.01749876806935806
51820,PJM,2026,9214.187320541667,0.23344811591780357,0.11558033691795269,0.16459159320385,0.09595473005838832,0.06885652271395357,0.019625606859564368
51830,PJM,2026,4737.210071578333,0.08936276952613359,0.03928723025005976,0.07499280906035545,0.03383551082348272,0.01436996046577814,0.005451719426577038
51840,PJM,2026,10772.8827765675,0.1118444803477576,0.06442964880554049,0.1000033392005182,0.051801128331498844,0.0118411411472394,0.012628520474041643
53025,CITY,2026,33395.2029098525,0.061579185594496204,0.03234357926118987,0.0614913893639643,0.0320388552405732,8.779623053190716e-05,0.0003047240206166743
53033,CITY,2026,912559.0444989525,0.03989647151254565,0.013747821136995556,0.03989647151254565,0.013747821136995556,0.0,0.0
55001,MISO,2026,9040.715278331667,0.2593896685268044,0.10814060566275768,0.2578872591019415,0.10741913903290304,0.001502409424862905,0.0007214666298546446
55003,MISO,2026,6687.226502022499,0.23178932962011575,0.117872177856037,0.20838101248330923,0.11162296553151137,0.023408317136806522,0.006249212324525633
55005,MISO,2026,18732.44472072,0.2535712123672698,0.10169400829604835,0.2062476468028249,0.09025917289726008,0.04732356556444492,0.01143483539878827
55007,MISO,2026,7431.236305579167,0.2154774392541049,0.08532144131822464,0.1744851979907459,0.07695252716729457,0.040992241263358986,0.008368914150930065
55009,MISO,2026,106386.66578452082,0.05842587801209562,0.03346415628183606,0.054871553462006964,0.03277112972882488,0.0035543245500886528,0.0006930265530111848
55011,MISO,2026,5519.3363185641665,0.21236888832857465,0.11979301242484702,0.1931380595699921,0.11551916952867736,0.019230828758582535,0.004273842896169666
55013,MISO,2026,6927.879716925834,0.24278198836817932,0.11405137360491197,0.2176810368040504,0.107525968506165,0.02510095156412892,0.006525405098746967
55015,MISO,2026,20197.3657959475,0.07874467649641616,0.032987648660946466,0.07458929031621242,0.03020301735572853,0.004155386180203738,0.002784631305217937
55017,MISO,2026,25991.606884176665,0.1836285667795303,0.07477266795920262,0.14400715289494753,0.06702324590490008,0.03962141388458276,0.0077494220543025405
55019,MISO,2026,12423.100704460001,0.24038996239611854,0.11142042490900828,0.19393545689805505,0.09552164820808169,0.046454505498063486,0.015898776700926584
55021,MISO,2026,23384.644934854998,0.09680573238185755,0.05788619079311784,0.08922085151170604,0.04993929945989325,0.007584880870151509,0.007946891333224591
55023,MISO,2026,6435.822690589167,0.210676564196702,0.11508268017203518,0.16221329510067592,0.10648491048711535,0.04846326909602608,0.008597769684919834
55025,MISO,2026,237644.29869869002,0.06191289037262636,0.022837599196721587,0.04486930564570189,0.014288167644500634,0.017043584726924466,0.008549431552220953
55027,MISO,2026,34799.04555811833,0.08585148685272,0.0534529927204249,0.08307439597333272,0.051040319307880305,0.002777090879387281,0.002412673412544593
55029,MISO,2026,13529.68187288,0.16036044381069117,0.07463496030561519,0.1517147856431006,0.07419467922170142,0.00864565816759058,0.0004402810839137655
55031,MISO,2026,18410.509316494165,0.13250484934019593,0.06626598154459157,0.11180743298751818,0.05919236703781309,0.020697416352677758,0.007073614506778479
55033,MISO,2026,16533.935842560833,0.19101314857144625,0.09717104454847866,0.1682403140933964,0.08417677941730804,0.02277283447804984,0.012994265131170621
55035,MISO,2026,41026.647419998335,0.09883305400000837,0.05335070086837611,0.08616309786031606,0.04431170854723166,0.01266995613969231,0.009038992321144447
55037,MISO,2026,2043.7944693541665,0.21336629109219207,0.10232663398809663,0.201412829256218,0.09355105991793705,0.011953461835974066,0.00877557407015958
55039,MISO,2026,41323.749355471664,0.08175425429350597,0.04417815058388303,0.07669091111179727,0.04131461235597217,0.005063343181708702,0.0028635382279108626
55041,MISO,2026,3650.6426816450003,0.21033357134434782,0.11637643967487958,0.20708901211430122,0.11506877403452476,0.003244559230046601,0.0013076656403548242
55043,MISO,2026,19341.494856175832,0.16770110172358124,0.0740263969226156,0.13433809070219568,0.06527248930004781,0.03336301102138556,0.008753907622567794
55045,MISO,2026,15207.788797207499,0.08889245941789375,0.039032001276696475,0.08429132738999617,0.03788307586915301,0.004601132027897581,0.0011489254075434663
55047,MISO,2026,7837.7579516275,0.14104362163103693,0.08370074711432965,0.12633001301808058,0.0816369338959112,0.014713608612956341,0.0020638132184184477
55049,MISO,2026,9589.519922513335,0.10898136170680098,0.06398382432362551,0.10371770897918486,0.062365911444909994,0.005263652727616114,0.0016179128787155161
55051,MISO,2026,2902.885013735,0.257892802050779,0.09786734198247331,0.19744780623060193,0.08941664505834565,0.060444995820177094,0.008450696924127657
55053,MISO,2026,7909.781121005,0.2814720807136933,0.1602359017580876,0.24234968217402517,0.14802786937837523,0.03912239853966812,0.01220803237971238
55055,MISO,2026,33290.743809616666,0.07392249692933502,0.044110323927011176,0.06775386598066235,0.04350381962302802,0.006168630948672663,0.0006065043039831589
55057,MISO,2026,10395.263670585,0.2100555596042376,0.1023450268005687,0.19235230616769985,0.10080297163618718,0.017703253436537753,0.0015420551643815228
55059,MISO,2026,64033.521431497495,0.07454532156351172,0.04054738985411881,0.0717765641184028,0.038746067973489,0.0027687574451089186,0.0018013218806298067
55061,MISO,2026,8063.985705010833,0.10231173993616247,0.047508268443516376,0.10177275957678107,0.04154042668877515,0.0005389803593813941,0.005967841754741222
55063,MISO,2026,48211.34906561333,0.080868193951642,0.03535333553662541,0.06673502230905479,0.030401080799362903,0.01413317164258722,0.004952254737262508
55065,MISO,2026,6534.219934886667,0.24777831474177564,0.1094130113057482,0.23023696307386282,0.10272643075539652,0.01754135166791282,0.006686580550351678
55067,MISO,2026,8076.2150365649995,0.1729960262458219,0.08798332682094562,0.17292955040936023,0.08171413503257687,6.647583646166022e-05,0.006269191788368753
55069,MISO,2026,11798.605530907498,0.14298793466995743,0.07279137532384941,0.1325035610098566,0.06740912024517524,0.010484373660100826,0.005382255078674167
55071,MISO,2026,33766.7590197175,0.09734139797196223,0.05266142846001245,0.09733883622181176,0.04595430832984481,2.5617501504676676e-06,0.0067071201301676375
55073,MISO,2026,54721.32047213,0.09299638353982112,0.05159669863999962,0.09034261811258462,0.04954937982379783,0.0026537654272364986,0.002047318816201786
55075,MISO,2026,18099.252043031665,0.19005916744919094,0.07796607309024833,0.16358072186063358,0.07207668420712929,0.02647844558855736,0.0058893888831190455
55077,MISO,2026,6752.571978093332,0.19796769951819532,0.10198953046435501,0.1934176415524291,0.09671945939136983,0.004550057965766213,0.005270071072985175
55078,MISO,2026,1275.9365865666664,0.26415835860511727,0.13297529114923745,0.25833270580497714,0.13101141487352902,0.005825652800140135,0.0019638762757084316
55079,MISO,2026,384825.1751244275,0.12720144078687848,0.08301393276399892,0.12065735237271985,0.08156773460949483,0.0065440884141586275,0.0014461981545040858
55081,MISO,2026,17710.193055913333,0.1391135003788045,0.078183231962201,0.12067309513473955,0.06241508760925594,0.018440405244064942,0.015768144352945067
55083,MISO,2026,16074.242403741668,0.1578532814728093,0.06428998934771663,0.13317880289835757,0.06326654702281817,0.024674478574451736,0.0010234423248984548
55085,MISO,2026,15858.853859720833,0.13987563135425615,0.06905948064249197,0.13722743837187004,0.06905948064249197,0.0026481929823861106,0.0
55087,MISO,2026,74673.25127240416,0.06293124326635519,0.02744048107481083,0.059017157615183335,0.025176971036612407,0.00391408565117185,0.0022635100381984234
55089,MISO,2026,36635.504094388336,0.053551929682414706,0.028800716408638686,0.05312719874854855,0.02580130688092415,0.0004247309338661562,0.0029994095277145368
55091,MISO,2026,3022.8151432216664,0.1716599239225952,0.09978846220817245,0.15575803059358312,0.09533664755337652,0.015901893329012068,0.004451814654795924
55093,MISO,2026,15523.289282843334,0.1341066946938875,0.048597525214019645,0.10593394114974332,0.03803035562926565,0.028172753544144183,0.010567169584753996
55095,MISO,2026,18234.2732177725,0.15301633111324212,0.06641979665457066,0.13353913262489356,0.0561279583281736,0.019477198488348557,0.010291838326397067
55097,MISO,2026,28771.412261253332,0.08536440733629147,0.04469533839252289,0.08070839943863936,0.04377383680757272,0.004656007897652109,0.0009215015849501698
55099,MISO,2026,6553.198970079167,0.2607446690103868,0.1049434867940065,0.2094031294621171,0.09560724809958951,0.0513415395482697,0.009336238694416993
55101,MISO,2026,75921.58150764916,0.09258887218397104,0.057819132090977304,0.0882769579393762,0.05748385317252595,0.0043119142445948305,0.00033527891845135105
55103,MISO,2026,7077.128491423333,0.2272166101542824,0.11216291927585001,0.20488725883217795,0.10408979396508204,0.02232935132210445,0.008073125310767967
55105,MISO,2026,64199.0805461275,0.13843671993855003,0.05462233963489152,0.11894050760967527,0.0542551996670447,0.01949621232887476,0.000367139967846819
55107,MISO,2026,6103.626881164167,0.2624971895004515,0.11528813231657635,0.23343299690881145,0.09695244837423579,0.02906419259164003,0.018335683942340558
55109,MISO,2026,34782.802242227495,0.0727281833397599,0.0431516767625797,0.06412796527389533,0.026598803405258678,0.00860021806586457,0.016552873357321023
55111,MISO,2026,26365.950493061668,0.1057671312447917,0.05893513173106522,0.09569317921222997,0.05078345139026383,0.010073952032561728,0.008151680340801389
55113,MISO,2026,8031.799480254166,0.2408877474951115,0.11170610602506494,0.21434392803338356,0.10418882542290746,0.02654381946172793,0.007517280602157478
55115,MISO,2026,16365.279949675833,0.17749736497944066,0.08669715745893922,0.16451664787469752,0.08188451865335862,0.012980717104743134,0.004812638805580596
55117,MISO,2026,47402.81268741583,0.07464305506058407,0.03991954514341201,0.07157180222195982,0.03692994703803162,0.00307125283862425,0.002989598105380395
55119,MISO,2026,7620.995402823333,0.32486893075863205,0.12543222568789325,0.2882422234794766,0.11486445009126141,0.03662670727915546,0.010567775596631843
55121,MISO,2026,12183.146334637499,0.18681587981963507,0.0781677596465754,0.1306438292578542,0.0648030666949213,0.05617205056178087,0.0133646929516541
55123,MISO,2026,11814.648978430832,0.19969124342335584,0.11454724735346396,0.1770288995339627,0.09820167504551297,0.022662343889393144,0.016345572307950987
55125,MISO,2026,10406.0294350525,0.1586720734352798,0.07558220944250403,0.15810428194123527,0.07512609330045161,0.0005677914940445394,0.0004561161420524179
55127,MISO,2026,40610.23520634667,0.08410125277431467,0.04168558951407162,0.08173643019636864,0.03846982727244858,0.002364822577946027,0.003215762241623038
55129,MISO,2026,7161.930192894166,0.25023148109287213,0.10283207584700761,0.22820222583069397,0.09898327777522306,0.022029255262178166,0.003848798071784551
55131,MISO,2026,54604.04755696084,0.060023304761370584,0.03029385292218683,0.058844528246842255,0.028724152882998552,0.001178776514528329,0.0015697000391882779
55133,MISO,2026,163567.09468500415,0.04877821981846311,0.03297992247580545,0.04698748539235043,0.03136668044890308,0.001790734426112675,0.00161324202690237
55135,MISO,2026,21854.204710461665,0.16172082036181185,0.09025651582705577,0.15817510966609208,0.08426814605971063,0.003545710695719767,0.005988369767345139
55137,MISO,2026,10030.396091709166,0.19668148035232164,0.11382148169447748,0.1941680773596085,0.11139349469104001,0.002513402992713132,0.002427987003437465
55139,MISO,2026,69779.61963483167,0.05597710760424845,0.02901704510731222,0.054600515687639815,0.028721694866900297,0.0013765919166086327,0.0002953502404119228
55141,MISO,2026,31349.468501871663,0.10069052726441091,0.057435588351734464,0.09607341318564991,0.05260293928967391,0.004617114078761003,0.0048326490620605525
54001,PJM,2026,5646.098336941666,0.2533289316255098,0.12328154764856658,0.22313427066136657,0.11682681307787177,0.030194660964143222,0.0064547345706948145
54003,PJM,2026,47407.1086198625,0.09262195081483617,0.05118953876824106,0.0866100676353463,0.04548872524592188,0.006011883179489863,0.00570081352231918
54005,PJM,2026,7793.946163537501,0.2736032036571226,0.1341496212090777,0.2336643225154653,0.10085835509723956,0.039938881141657306,0.033291266111838136
54007,PJM,2026,4456.646636991667,0.18736713908068092,0.11525573966099639,0.15599663666124158,0.08766699186511337,0.03137050241943934,0.027588747795883023
54009,PJM,2026,9320.31058985,0.19974857207172347,0.08560075586497597,0.11856668127688628,0.07316323477023111,0.08118189079483719,0.012437521094744858
54011,PJM,2026,37799.79461083333,0.2691106128514202,0.14260201888451915,0.1822710536528832,0.11111765755645293,0.08683955919853698,0.031484361328066215
54013,PJM,2026,2390.5344339875,0.19124496189710907,0.09302847177735439,0.1820465154605294,0.08340827718033585,0.00919844643657966,0.009620194597018544
54015,PJM,2026,2798.6708101875,0.36992526793363945,0.15731772881754877,0.26602375988268534,0.1448176476340138,0.1039015080509541,0.012500081183534961
54017,PJM,2026,2317.1860796916662,0.17752361607513617,0.06394638428169892,0.13154276068241316,0.04923078240052817,0.04598085539272301,0.014715601881170756
54019,PJM,2026,15595.554492675,0.31576122639657456,0.19312731142190706,0.27120165644179045,0.14386427740084345,0.044559569954784106,0.049263034021063606
54021,PJM,2026,2090.0772429833332,0.14121609196463894,0.09478345034578535,0.13764432675234262,0.08063132476080959,0.003571765212296324,0.014152125584975764
54023,PJM,2026,4067.8432781166666,0.20979133038673511,0.11244111195087571,0.1779310464850562,0.10264288005317256,0.031860283901678915,0.009798231897703152
54025,PJM,2026,14431.388297925,0.283396135810767,0.13955330749707381,0.26872913620191663,0.11149819705712989,0.014666999608850373,0.028055110439943923
54027,PJM,2026,7941.182401270833,0.21430959033392577,0.1275078504870541,0.21005965659677864,0.115924515115576,0.004249933737147132,0.011583335371478098
54029,PJM,2026,12543.1333672,0.1617840251062399,0.08893567665280701,0.14693128057760105,0.08212597579900292,0.014852744528638856,0.006809700853804085
54031,PJM,2026,5590.6749591875,0.16776797637009197,0.08901152332296479,0.1547500245712552,0.08306224649274217,0.013017951798836774,0.005949276830222616
54033,PJM,2026,25312.593570065,0.12393084379962033,0.0866013130886389,0.11622094135192612,0.08425305920654907,0.007709902447694206,0.0023482538820898263
54035,PJM,2026,10903.992229366668,0.28414212424982527,0.12648212839137715,0.20057130935851689,0.10022747389200745,0.08357081489130838,0.0262546544993697
54037,PJM,2026,21210.483391213333,0.10297252229420126,0.06527935415600136,0.09572646315557098,0.03696690731220279,0.007246059138630273,0.02831244684379857
54039,PJM,2026,76183.26437432083,0.2504112079659981,0.09828236806919774,0.20091026736478196,0.08837463558065103,0.049500940601216126,0.009907732488546706
54041,PJM,2026,6668.754188283332,0.18840785083766903,0.0870802778918773,0.17519858921242148,0.08689739515762647,0.013209261625247548,0.000182882734250836
54043,PJM,2026,7483.027618075,0.34087544951518156,0.15723452414886446,0.29091440655818984,0.13908799219885962,0.04996104295699172,0.018146531950004846
54045,PJM,2026,11977.786093437498,0.3773097710175836,0.17818640524292567,0.3046838710921702,0.13667145656103957,0.0726258999254134,0.0415149486818861
54047,PJM,2026,5918.683558466666,0.5324726461483819,0.26882433954193313,0.4362700804102369,0.22751732263635774,0.09620256573814495,0.041307016905575394
54049,PJM,2026,22711.828154225,0.1040971595275796,0.06634849816546702,0.09281415607405404,0.05847311524008476,0.011283003453525564,0.007875382925382264
54051,PJM,2026,11788.9384316375,0.30641097365257725,0.12199495727554663,0.25988422840413794,0.11152112298947549,0.046526745248439305,0.01047383428607114
54053,PJM,2026,9940.0680051,0.2932505814179127,0.14526254870867022,0.2272498159602824,0.11331678109927595,0.06600076545763031,0.03194576760939427
54055,PJM,2026,23798.375805925,0.31561428917997786,0.14814630268492524,0.22997044907314326,0.0944260377392586,0.0856438401068346,0.05372026494566663
54057,PJM,2026,10223.784925470834,0.16448495011703193,0.09784387171357986,0.15232538802175685,0.09289580233805582,0.012159562095275078,0.004948069375524042
54059,PJM,2026,8784.743335254167,0.4223412095199237,0.22212187114772552,0.3638224856978736,0.19417663767898197,0.05851872382205009,0.027945233468743558
54061,PJM,2026,43254.56509037417,0.11681784092906766,0.0613238825710744,0.10253308225136451,0.04085239982314772,0.014284758677703152,0.020471482747926678
54063,PJM,2026,4528.599276391666,0.29134810348788787,0.1484139107058935,0.2522662163261132,0.14329434987022902,0.03908188716177469,0.005119560835664477
54065,PJM,2026,6923.024825049999,0.1533569624087448,0.08214341685055654,0.1440199540982867,0.07274279653181745,0.009337008310458111,0.009400620318739089
54067,PJM,2026,9387.969754716667,0.2566836435314968,0.13033862245945876,0.2295754913005909,0.11892957558056845,0.027108152230905902,0.011409046878890314
54069,PJM,2026,16924.995776009164,0.23754712402029782,0.0893929034369161,0.17795291160176074,0.07673872236890164,0.059594212418537074,0.012654181068014456
54071,PJM,2026,2314.684700433333,0.20740807248576443,0.10084523508844803,0.1672197039687687,0.0892656703735149,0.040188368516995726,0.011579564714933127
54073,PJM,2026,2651.3623402666667,0.1059643690009226,0.04802931454621885,0.09927111219177777,0.042265352085145744,0.006693256809144829,0.005763962461073108
54075,PJM,2026,2849.8247515666662,0.35466103742087923,0.18315267984919456,0.2807560605151185,0.14038161203336058,0.07390497690576076,0.04277106781583398
54077,PJM,2026,12275.9808574125,0.218566882853998,0.12954255863973854,0.19941019596234863,0.12365964519948779,0.01915668689164937,0.005882913440250756
54079,PJM,2026,21961.971986682503,0.1649307699065669,0.0806146174755809,0.10799169311783625,0.06404004874469015,0.056939076788730655,0.01657456873089075
54081,PJM,2026,28850.486562554164,0.3343297122468958,0.15304918982363785,0.2648756398725752,0.14583511898051493,0.06945407237432061,0.007214070843122922
54083,PJM,2026,10097.8058207375,0.20123765812009384,0.10752009401672545,0.17951340137823218,0.10312885724834386,0.021724256741861653,0.004391236768381587
54085,PJM,2026,3206.1198171999995,0.15922733741071993,0.06618753900584366,0.13800195972393162,0.0419178198011649,0.02122537768678831,0.024269719204678762
54087,PJM,2026,5358.613610345834,0.24098011086039614,0.1326247198472294,0.22213371619218966,0.12058321629714686,0.01884639466820648,0.012041503550082544
54089,PJM,2026,4735.803687308334,0.3429310848173881,0.15946243144601,0.2807351327937565,0.12435925467694663,0.062195952023631595,0.03510317676906337
54091,PJM,2026,6501.097297770833,0.1808352651393601,0.08870840038769236,0.15716270059484294,0.07240999016859517,0.02367256454451716,0.016298410219097184
54093,PJM,2026,2794.437782308333,0.18177611908022756,0.08029697350623463,0.17154704760648212,0.07662415085684698,0.010229071473745438,0.003672822649387647
54095,PJM,2026,2908.4020658625,0.13512730728655956,0.09555548742710834,0.13281366930708333,0.08742337532789872,0.0023136379794762296,0.008132112099209624
54097,PJM,2026,9341.201955758333,0.20653868328500785,0.11096841830252975,0.16489655832964162,0.10908511426414294,0.04164212495536623,0.00188330403838681
54099,PJM,2026,14611.889310808332,0.3052188487828602,0.15381841441726818,0.25621924502015153,0.1377434411609289,0.04899960376270868,0.016074973256339276
54101,PJM,2026,2871.9898857041667,0.3547817735394546,0.1727891022133577,0.2940445981313442,0.15371208059347366,0.06073717540811041,0.019077021619884033
54103,PJM,2026,5683.374400529166,0.2354324686163412,0.11138409042834235,0.16647085730285088,0.10240907210936902,0.06896161131349032,0.008975018318973335
54105,PJM,2026,2076.7978979833333,0.18261793088851488,0.09750111171383627,0.14892601452473261,0.07987398542057422,0.03369191636378227,0.017627126293262046
54107,PJM,2026,34818.539696006665,0.1204537497950461,0.06385701455614665,0.11328989663943521,0.06032601588996476,0.007163853155610883,0.003530998666181888
54109,PJM,2026,7352.608123954167,0.3522132342972773,0.18091058524012327,0.280631637321461,0.1422804294194542,0.07158159697581629,0.03863015582066906
