county_fips,iso,year,total_units_counted,share_bench_gt6,share_bench_gt10,share_dc_gt6,share_dc_gt10,share_diff_gt6,share_diff_gt10
01089,CITY,2028,158041.78312081832,0.09729124391460518,0.05772275694653505,0.09031679602662256,0.037258159693747135,0.006974447887982627,0.020464597252787917
05001,MISO,2028,6459.491017858333,0.24591951848707902,0.11003597696486832,0.1937743323148341,0.10184940530948532,0.05214518617224492,0.008186571655383001
05003,MISO,2028,7050.319913174999,0.32704559081241236,0.16331621923613837,0.29416036346619356,0.1500438252930442,0.03288522734621879,0.01327239394309418
05005,MISO,2028,18676.83298337083,0.23351615345420246,0.07583639017735302,0.18628884865778167,0.06943611377174232,0.04722730479642079,0.006400276405610708
05009,MISO,2028,14760.545961116666,0.18138303494404004,0.07985925949889391,0.165408745092208,0.07546436286673537,0.015974289851832052,0.004394896632158543
05011,MISO,2028,3464.6187361875,0.3176735997420207,0.1789253331976011,0.30690171422947476,0.1533657436940301,0.010771885512545931,0.025559589503570984
05013,MISO,2028,1469.333236083333,0.2003237430624892,0.11665605975145316,0.19232285691020734,0.09903218543957355,0.008000886152281866,0.017623874311879603
05017,MISO,2028,3894.1840080541665,0.3941673901302499,0.23218307934900498,0.3643322132321194,0.22537935306466186,0.029835176898130478,0.0068037262843431145
05019,MISO,2028,7735.691436825,0.20094436184035092,0.09330068906823277,0.16373702042699345,0.09058903496620768,0.037207341413357464,0.0027116541020250906
05021,MISO,2028,5960.521219045833,0.31665547727714366,0.11797514109919309,0.2886150378669491,0.11349942411229778,0.028040439410194573,0.004475716986895306
05023,MISO,2028,10473.382977425,0.23750530073743586,0.09737009751909165,0.18927432051940946,0.09109299115176928,0.04823098021802641,0.0062771063673223715
05025,MISO,2028,2684.024265520833,0.32469723318058513,0.13813295537390477,0.28285900599996167,0.12855350038929142,0.041838227180623466,0.00957945498461335
05027,MISO,2028,7669.765738129166,0.24023098000821066,0.11556646184035936,0.20297326442644337,0.0984126292901979,0.0372577155817673,0.017153832550161466
05029,MISO,2028,8218.630946899999,0.18632914981551202,0.09653249228197196,0.1591141936826986,0.07145973514054169,0.02721495613281341,0.02507275714143027
05031,MISO,2028,41869.983418129166,0.1502714376905279,0.07772081186754153,0.13113638415808657,0.07158358914492866,0.019135053532441326,0.00613722272261287
05035,MISO,2028,18346.199880426666,0.23603951731879258,0.10536757076083793,0.1964790711120191,0.0991251904670211,0.039560446206773486,0.006242380293816824
05037,MISO,2028,6454.8330351125005,0.26666672557588467,0.11681053176462093,0.23961500523959095,0.1074692257467885,0.027051720336293716,0.009341306017832438
05039,MISO,2028,2207.299146370833,0.27186194537185066,0.11905044500819956,0.22390508765924289,0.10725178141428389,0.04795685771260777,0.011798663593915668
05041,MISO,2028,4388.7474376166665,0.32994712815555427,0.16772233136764222,0.27544160391709294,0.1632373548755365,0.054505524238461334,0.004484976492105719
05043,MISO,2028,6673.7223832624995,0.29622635420572613,0.14429970696254657,0.24177067226891796,0.13515999436457538,0.054455681936808165,0.009139712597971195
05045,MISO,2028,46761.21858657584,0.14132044082375436,0.09367057362962843,0.1282258085696322,0.08270468037182935,0.013094632254122163,0.010965893257799078
05049,MISO,2028,4729.7905249791675,0.3282088972654528,0.16121488171315124,0.31012412627103125,0.11472502480133058,0.018084770994421573,0.04648985691182066
05051,MISO,2028,42042.13965917917,0.1554510576271837,0.07751064382467786,0.13050710988963396,0.0735866174672369,0.024943947737549738,0.003924026357440963
05053,MISO,2028,6674.6441586125,0.138118351298242,0.08535295543157374,0.13036902948109927,0.07953350693085529,0.007749321817142718,0.005819448500718458
05055,MISO,2028,17315.8099432875,0.19863482155652804,0.08689478719826105,0.16018462657519172,0.07436819595123029,0.03845019498133631,0.01252659124703076
05059,MISO,2028,11744.49658625,0.200413287799114,0.10007220262362367,0.17639806420556217,0.09479139685405633,0.02401522359355182,0.00528080576956734
05063,MISO,2028,14030.427683962498,0.22257836881780171,0.10764114599814577,0.1943693755269864,0.09833923874593993,0.028208993290815304,0.009301907252205838
05065,MISO,2028,4783.789584029167,0.3072450546517471,0.15122700927546118,0.2787377226853804,0.13539744185061497,0.028507331966366733,0.015829567424846203
05067,MISO,2028,6006.0821724874995,0.34178010469313236,0.14246640758784052,0.3254517906780939,0.13238587273674005,0.01632831401503848,0.01008053485110047
05069,MISO,2028,23635.280538966665,0.2679060750351828,0.12657874667777472,0.21984608855551765,0.0990024148902685,0.04805998647966517,0.027576331787506222
05075,MISO,2028,6212.944492291666,0.29246676955874384,0.10612766749481409,0.2266504396018824,0.09472690839816021,0.06581632995686146,0.011400759096653876
05077,MISO,2028,2500.593965225,0.43931666693249843,0.24209640673798674,0.38788290685678206,0.22864242042465652,0.05143376007571637,0.013453986313330224
05079,MISO,2028,3321.279749145833,0.3144509587964078,0.11869655243124881,0.2716999718528409,0.10215151206014923,0.04275098694356688,0.01654504037109958
05085,MISO,2028,27230.276562455838,0.1375956430198086,0.0782195215617097,0.09864693080925037,0.07505130023270024,0.03894871221055822,0.0031682213290094713
05089,MISO,2028,7014.390231924999,0.2717353427268013,0.12111020567288801,0.2297914662277282,0.10288826010294176,0.04194387649907308,0.018221945569946246
05093,MISO,2028,14643.747071570833,0.35719499592199705,0.20107443735232303,0.33044707845975446,0.1821693166042924,0.026747917462242587,0.018905120748030635
05095,MISO,2028,2778.2094874666664,0.3308843815328725,0.17803745859449027,0.2951899697522983,0.16135262017729507,0.0356944117805742,0.016684838417195202
05097,MISO,2028,3494.1762848749995,0.32928746943678067,0.14456165551778113,0.3051216717699578,0.12847252770077658,0.024165797666822864,0.016089127817004556
05099,MISO,2028,3078.3910972916665,0.5913848798665752,0.3048455681269533,0.5070651508762055,0.2618906258792525,0.08431972899036966,0.0429549422477008
05103,MISO,2028,8188.612995804167,0.232999415984037,0.11703080331687939,0.21068935038365882,0.10974769977147733,0.02231006560037818,0.007283103545402056
05105,MISO,2028,3751.442242175,0.18639131459845307,0.11217476768286495,0.16004588169741715,0.09425022622410748,0.026345432901035915,0.01792454145875748
05107,MISO,2028,6046.003242866667,0.41441406282632315,0.20337754183047999,0.38406834548614477,0.19404891585073977,0.03034571734017838,0.009328625979740213
05109,MISO,2028,3927.9709829208336,0.2730138168568068,0.14272397407489512,0.23378965142807798,0.13628196196333484,0.039224165428728835,0.006442012111560286
05111,MISO,2028,8989.969893104168,0.31164581872041536,0.15786282636138327,0.26999396789964036,0.15148139949449924,0.041651850820774994,0.006381426866884032
05115,MISO,2028,23288.075404625,0.14675068074541034,0.0582216510293887,0.12325468777953548,0.05747936460026195,0.02349599296587486,0.0007422864291267497
05117,MISO,2028,3271.3852229500003,0.21706248090311997,0.10096461620305736,0.19889661773407866,0.09629532324029658,0.018165863169041313,0.004669292962760779
05119,MISO,2028,165203.6804400733,0.15782325339599698,0.10222003747418956,0.1364812955741254,0.08296177265511924,0.021341957821871593,0.019258264819070323
05121,MISO,2028,7016.4738577125,0.2873845571471601,0.08228712019801714,0.2475420674147929,0.07562054191818539,0.0398424897323672,0.0066665782798317474
05123,MISO,2028,7819.575499487501,0.3083269890742599,0.16086705679109792,0.28526103932372837,0.1473341324310178,0.023065949750531556,0.013532924360080106
05125,MISO,2028,47351.23121746917,0.10701078945318483,0.05708947348066762,0.07232016155428485,0.05107587811376163,0.034690627898899984,0.006013595366905988
05129,MISO,2028,2915.542182875,0.290276874268072,0.11936950584984483,0.23040585597161548,0.11254704605425876,0.05987101829645655,0.006822459795586072
05135,MISO,2028,6794.768088345833,0.29588013540311053,0.14368965515535154,0.27576943472466653,0.10986030643824775,0.020110700678444005,0.03382934871710379
05137,MISO,2028,4707.7088945333335,0.37959248517364896,0.17840530787621886,0.3138797693376657,0.1419644861929347,0.06571271583598326,0.036440821683284164
05139,MISO,2028,14633.797777129166,0.24496008945059647,0.12855055057820045,0.21582888761245012,0.11858989079858566,0.029131201838146353,0.009960659779614786
05141,MISO,2028,6721.658807479167,0.2708178482326924,0.127980686749821,0.2256271373109562,0.11210502606066246,0.04519071092173618,0.015875660689158536
05145,MISO,2028,28255.80070574167,0.17579829045992873,0.0820460333754791,0.15610272472121248,0.07569628861798787,0.019695565738716253,0.006349744757491227
05147,MISO,2028,2580.8743789666664,0.29769514202202996,0.12040434523341058,0.23620716527050833,0.10400163862746199,0.06148797675152162,0.016402706605948586
05149,MISO,2028,7513.4095315333325,0.13081586421915908,0.07763491518146041,0.11559074428649274,0.0600781999727333,0.015225119932666342,0.017556715208727112
04013,CITY,2028,1662605.5743934107,0.08488599398146596,0.050533765714238864,0.08456308792940316,0.049670386765793016,0.0003229060520627963,0.0008633789484458476
06001,CAISO,2028,586197.7406258592,0.048646306985000366,0.0045274954385510335,0.031131032258492716,0.003940624085152945,0.01751527472650765,0.0005868713533980887
06005,CAISO,2028,15407.1254360475,0.13059445885369786,0.07462493232762883,0.1008284461569355,0.07347894126557408,0.029766012696762364,0.0011459910620547492
06007,CAISO,2028,81651.7082896225,0.13214776557666985,0.07292940701417623,0.10600825127206923,0.06541343785706802,0.026139514304600625,0.007515969157108213
06009,CAISO,2028,16787.082342531667,0.1573429333740112,0.08263536438612565,0.11217080421280368,0.07250246770228493,0.045172129161207525,0.010132896683840723
06011,CAISO,2028,7150.753157634999,0.10713045949950868,0.060172425176488846,0.09011859785908628,0.05188567872562992,0.0170118616404224,0.008286746450858924
06013,CAISO,2028,408579.85062627494,0.06871127698493007,0.01556717298089917,0.05562620749584045,0.004270876253771261,0.01308506948908962,0.011296296727127909
06017,CAISO,2028,73033.55126193333,0.08512924270997241,0.05157309815611942,0.08044003984709812,0.04922946337380604,0.004689202862874289,0.002343634782313378
06019,CAISO,2028,315364.80364871165,0.1421536468496241,0.09048958880434789,0.1191822356582442,0.06716334575096676,0.02297141119137988,0.02332624305338113
06021,CAISO,2028,9416.891284420833,0.12463256923536663,0.07042817013390384,0.09746222402424322,0.06050893987445858,0.02717034521112341,0.009919230259445265
06023,CAISO,2028,52952.84376251249,0.12451381149469154,0.0726875753059941,0.10930189660756469,0.06590018173190666,0.015211914887126851,0.006787393574087433
06027,CAISO,2028,7326.757354973333,0.19704597993112985,0.11558006233210136,0.18371920006223988,0.10580570164605307,0.01332677986888997,0.009774360686048283
06029,CAISO,2028,275292.02611788665,0.1559482448882904,0.1174064345721799,0.14160825941293498,0.10266495537298577,0.014339985475355421,0.014741479199194135
06031,CAISO,2028,42520.36034568334,0.10087519297580722,0.06510890896544468,0.0937575862543943,0.05835564774739502,0.007117606721412914,0.006753261218049658
06033,CAISO,2028,25597.30602067333,0.20592594859729865,0.09493474327079769,0.16688395835304382,0.08247289343961343,0.03904199024425484,0.012461849831184257
06037,CAISO,2028,3363982.2006075103,0.07229452585279791,0.033125720001490326,0.06729659828818456,0.014519210977741726,0.004997927564613355,0.0186065090237486
06039,CAISO,2028,42316.030875575,0.12662376892971908,0.07998705219980867,0.1058950076123078,0.058971316617158764,0.020728761317411276,0.021015735582649908
06041,CAISO,2028,140776.1263676975,0.05170732803186632,0.007885591193925083,0.0484254689045836,0.0041351982159212,0.003281859127282717,0.0037503929780038836
06043,CAISO,2028,7333.61498464,0.18454969699250418,0.0839758347796235,0.16663072136471774,0.07765462029484889,0.017918975627786438,0.006321214484774615
06045,CAISO,2028,33273.861457286665,0.17446350701852215,0.07659012798473722,0.12324754227095987,0.06186198380738982,0.05121596474756228,0.0147281441773474
06047,CAISO,2028,81462.55258348917,0.12530034690291728,0.07526817495903108,0.0952254775134117,0.05978661374789516,0.03007486938950557,0.015481561211135926
06051,CAISO,2028,4861.880706630834,0.12480697896099323,0.0647000090268878,0.11076233632913976,0.06315553000876654,0.014044642631853468,0.0015444790181212559
06053,CAISO,2028,129885.58964476583,0.03849841794797473,0.009922034296231876,0.027958474938047186,0.00914248175353957,0.010539943009927541,0.0007795525426923054
06055,CAISO,2028,48369.2942781575,0.060230881514272167,0.026399440426298784,0.04292653930104213,0.020124241498555354,0.017304342213230038,0.00627519892774343
06057,CAISO,2028,40054.44241428583,0.15430892434097154,0.07334665642057508,0.129976363383308,0.05994277468130895,0.024332560957663535,0.013403881739266134
06059,CAISO,2028,1078133.9799292367,0.05965027418596609,0.0137263613545172,0.053115941984657446,0.012400547049618548,0.006534332201308647,0.0013258143048986513
06061,CAISO,2028,150960.93213538418,0.06310386685428473,0.05237844760827779,0.05652226629809609,0.03574130646354598,0.006581600556188644,0.01663714114473181
06063,CAISO,2028,7820.630048084166,0.24823232456813443,0.09738452546968887,0.2074474893916339,0.08693358722420115,0.04078483517650053,0.01045093824548772
06065,CAISO,2028,747430.95336431,0.11852832925599208,0.07407136815593818,0.10350066830635213,0.06787227637846897,0.015027660949639948,0.006199091777469204
06069,CAISO,2028,19439.482163785833,0.042067446533294875,0.014827838732435194,0.030588297514995706,0.012458362683026396,0.011479149018299169,0.002369476049408797
06071,CAISO,2028,656677.2199618391,0.11440811430613392,0.08502784196051406,0.11102939669916063,0.08044068846798332,0.0033787176069732805,0.004587153492530749
06073,CAISO,2028,1151147.260543026,0.05329482303416117,0.012191747806218609,0.05032525121336089,0.009588965084119307,0.002969571820800279,0.002602782722099302
06075,CAISO,2028,459497.1048350375,0.00869585995469146,0.0018077683277203979,0.0025398452497155835,0.0007147849857536012,0.006156014704975876,0.0010929833419667965
06077,CAISO,2028,235130.40730529997,0.08990920667322448,0.0660854790647477,0.08221310639845776,0.053298299030977145,0.007696100274766721,0.012787180033770551
06079,CAISO,2028,106464.99714421,0.05783503464045819,0.010771153149800261,0.04638527310482256,0.009050468329306064,0.011449761535635629,0.001720684820494197
06081,CAISO,2028,382661.7877212617,0.01579738338163169,0.0017719277965304377,0.010588070496910884,0.0006136277114706531,0.005209312884720806,0.0011583000850597846
06083,CAISO,2028,148875.68897707833,0.055126575445909515,0.00903198632298988,0.025269068964337147,0.005951288678635414,0.029857506481572368,0.003080697644354466
06085,CAISO,2028,782531.4141694943,0.022765754300276782,0.0040359215105485865,0.02073170903895422,0.0013157465237602015,0.0020340452613225625,0.002720174986788385
06087,CAISO,2028,101965.98027766668,0.05155598707535874,0.017540157160846028,0.04279088115572204,0.009581897711515412,0.008765105919636695,0.007958259449330617
06089,CAISO,2028,69760.9470298175,0.1563756578684074,0.08951906673379544,0.1307050551868254,0.07559700473452889,0.025670602681582,0.013922061999266544
06095,CAISO,2028,153032.49048607083,0.0706047013781155,0.03357758376780371,0.055244987417837586,0.027369669722998483,0.015359713960277917,0.006207914044805227
06097,CAISO,2028,187467.15669390082,0.06259044516493477,0.032476657313531866,0.05674008239282641,0.022876960931664872,0.005850362772108361,0.009599696381866994
06101,CAISO,2028,32149.185855298332,0.09238663096543097,0.047889489487816454,0.08122308623728294,0.04175443660819084,0.011163544728148025,0.006135052879625617
06103,CAISO,2028,24065.820242534166,0.1515347791822997,0.0964464939513494,0.13528278485718762,0.08038746988228361,0.016251994325112096,0.016059024069065786
06107,CAISO,2028,138863.07986697168,0.17842011644600997,0.1149903749336779,0.15016120068173647,0.09532405158150484,0.0282589157642735,0.019666323352173068
06109,CAISO,2028,22172.969592025,0.14550735656101538,0.07505520703078183,0.12430980099073892,0.06761186304506266,0.021197555570276458,0.007443343985719178
06111,CAISO,2028,274917.98054455995,0.06172060117314298,0.02559928003992193,0.05518311284993492,0.016527750229855153,0.0065374883232080586,0.009071529810066776
06113,CAISO,2028,74453.37871047584,0.09238681551923315,0.0338905112062873,0.075994618914394,0.026998281831775404,0.01639219660483915,0.0068922293745118934
06115,CAISO,2028,26616.08514604417,0.13012927220596285,0.05500358766395257,0.10644382205623655,0.04758871741411049,0.023685450149726298,0.0074148702498420815
11001,PJM,2028,313307.97592506,0.12926252285073309,0.05231819692890314,0.10692642445933051,0.036599600666149146,0.022336098391402576,0.015718596262753994
12086,CITY,2028,950441.7853134791,0.13385002945616759,0.04995882705464767,0.13385002945616759,0.04995882705464767,0.0,0.0
13097,CITY,2028,49488.96469927333,0.0954299935026595,0.07556507035574021,0.09167419381823554,0.07556507035574021,0.003755799684423966,0.0
13121,CITY,2028,448315.02978912415,0.11340355096232012,0.06733923159726964,0.11310196217549405,0.06720237648886772,0.00030158878682606804,0.0001368551084019176
19001,MISO,2028,3193.9921721125,0.3485555465905676,0.1584569019461914,0.34262944047475913,0.14161181085096763,0.0059261061158084605,0.016845091095223752
19003,MISO,2028,1506.5505336749998,0.23822511114923536,0.13067358655279088,0.22870392820224875,0.12371731192691708,0.009521182946986617,0.006956274625873796
19005,MISO,2028,5756.922564621667,0.2647729980980742,0.10927578570062096,0.22486630474159838,0.09357496792392629,0.039906693356475814,0.015700817776694673
19007,MISO,2028,4948.4480451375,0.3185105836221906,0.13183184691262934,0.3036735996542955,0.12962759498310067,0.014836983967895068,0.0022042519295286667
19009,MISO,2028,2495.1470081083335,0.3286581167613092,0.15196766785996796,0.32203100442299865,0.14804237054221242,0.006627112338310537,0.003925297317755538
19011,MISO,2028,9951.95766387,0.15557075485333285,0.08060419293839671,0.15453790955925398,0.07844687889776893,0.0010328452940788768,0.0021573140406277863
19013,MISO,2028,52311.450991503334,0.09285162692211367,0.06026592179642898,0.08938666654031427,0.05807626755231765,0.0034649603817994007,0.0021896542441113276
19015,MISO,2028,10642.453409129168,0.09591113122267256,0.050668258785056805,0.09199961506895456,0.04686383541165788,0.003911516153718,0.003804423373398924
19017,MISO,2028,9367.821028923332,0.13677032571688547,0.06026343487387807,0.13570792863052583,0.05849765957256435,0.0010623970863596344,0.0017657753013137212
19019,MISO,2028,7865.943378248334,0.14123629221200068,0.07189167096054834,0.1369225072072464,0.0658178888084781,0.004313785004754267,0.006073782152070245
19021,MISO,2028,7353.454164331666,0.09934021824430031,0.043772963863655,0.0936567993990836,0.043772963863655,0.005683418845216712,0.0
19023,MISO,2028,5730.949974016667,0.1940801406769993,0.09668775794221499,0.1940801406769993,0.09351137146483633,0.0,0.0031763864773786538
19025,MISO,2028,3808.955806745,0.21900736628556533,0.08685191685978186,0.20709593092542705,0.08637261456908568,0.011911435360138278,0.00047930229069617636
19027,MISO,2028,8569.046708908332,0.17192214439833317,0.07240312305082224,0.16578769680001568,0.06973684076223956,0.006134447598317494,0.0026662822885826776
19029,MISO,2028,5647.117060671666,0.3073762473443182,0.12029169277173396,0.2900915245876195,0.1147870005958819,0.01728472275669868,0.005504692175852061
19031,MISO,2028,7380.572937450001,0.14697685392957546,0.0864319423712745,0.1469195006585506,0.07719807284954787,5.735327102485144e-05,0.009233869521726626
19033,MISO,2028,18881.69574681917,0.16250079718176552,0.06612589864288727,0.1602863216665719,0.0641649823391753,0.0022144755151936313,0.0019609163037119792
19035,MISO,2028,5061.64134519,0.142624320455068,0.07495365739755422,0.142624320455068,0.07352663166306646,0.0,0.0014270257344877607
19037,MISO,2028,4853.718021243334,0.21337796552913466,0.09536522454932994,0.19463133610056899,0.08660916867649346,0.01874662942856567,0.008756055872836482
19039,MISO,2028,3683.5561754608334,0.2558298306437814,0.15663656649075444,0.24906124523092352,0.15482072753113915,0.00676858541285788,0.0018158389596152902
19041,MISO,2028,6999.356107154166,0.20295666555737618,0.07386924791456087,0.20094179046971125,0.06797430482551109,0.00201487508766493,0.005894943089049781
19043,MISO,2028,7151.523380911667,0.25117513802343816,0.11406671394340169,0.21111691801239674,0.08876923750671875,0.04005822001104142,0.02529747643668294
19045,MISO,2028,18489.533118716667,0.15814354914669246,0.08465096806332818,0.1285034579457919,0.08336966026351045,0.029640091200900553,0.0012813077998177352
19047,MISO,2028,5956.947536412499,0.26925513090623693,0.13179200984821338,0.26369118033817013,0.1183154572291718,0.0055639505680668,0.01347655261904157
19049,MISO,2028,38727.0949427975,0.04387480532657859,0.01954008547224904,0.043480603282181784,0.01954008547224904,0.0003942020443968089,0.0
19051,MISO,2028,3069.0700934375,0.19545055494148245,0.11294651277202113,0.18693066455375712,0.10412792455712873,0.008519890387725326,0.008818588214892398
19053,MISO,2028,2982.9013591858334,0.30604423937186587,0.17981098957897246,0.2828957472813173,0.17584913639244082,0.02314849209054859,0.003961853186531639
19055,MISO,2028,6926.360256900833,0.13824958463539772,0.07387667383724701,0.13611339261180322,0.07387667383724701,0.0021361920235944964,0.0
19057,MISO,2028,16603.724540199997,0.165653967333848,0.1147031997952587,0.1546319442441742,0.1128080602665454,0.011022023089673788,0.0018951395287132994
19059,MISO,2028,8076.162193749167,0.14965257869011345,0.051264034548543724,0.12352446544200957,0.05112768996140155,0.02612811324810388,0.00013634458714217174
19061,MISO,2028,38674.36023221667,0.11707127403739236,0.06422255935077187,0.1050882426530159,0.06422255935077187,0.011983031384376452,0.0
19063,MISO,2028,3723.5945551833333,0.2515357150027357,0.10057918271212725,0.24748599147890513,0.10027478633208756,0.004049723523830567,0.0003043963800396926
19065,MISO,2028,8063.283419083334,0.26518247499537234,0.1349190921932986,0.26497580312899727,0.13177018489809236,0.0002066718663750744,0.003148907295206227
19067,MISO,2028,6434.938304494999,0.17233648825589326,0.0816044912157932,0.15412810552519635,0.08140992089658354,0.018208382730696915,0.00019457031920966372
19069,MISO,2028,4011.243871820833,0.27956354023134006,0.12547757383460365,0.2662223002872225,0.11652502694951512,0.013341239944117567,0.008952546885088522
19071,MISO,2028,2689.836087641667,0.15358935467534313,0.056924063108090436,0.15299835800682104,0.05369390382815535,0.0005909966685220813,0.0032301592799350853
19073,MISO,2028,3807.4497336266663,0.2578549258720429,0.11732260119938867,0.24326612975844117,0.11632409596772221,0.014588796113601726,0.0009985052316664605
19075,MISO,2028,4983.103277999167,0.20214873996607174,0.06803096625267724,0.19942800078167794,0.06538041173444203,0.0027207391843938056,0.002650554518235204
19077,MISO,2028,4468.077056948333,0.3093670970995038,0.16581429090534608,0.28289078249953503,0.15197342593626598,0.026476314599968742,0.013840864969080102
19079,MISO,2028,5989.22493403,0.26036125160979895,0.08849278334250851,0.2548711733619711,0.08472980142360517,0.005490078247827823,0.003762981918903341
19081,MISO,2028,4428.295769292499,0.21252135156508728,0.10607705650196808,0.20613455077155038,0.10593152691314321,0.006386800793536901,0.00014552958882486922
19083,MISO,2028,6926.159841225833,0.2522329844495,0.11025981795560755,0.2439985745260005,0.11025981795560755,0.008234409923499497,0.0
19085,MISO,2028,5862.3108993000005,0.22891547301569665,0.09241026143996456,0.19931011394207193,0.07886629954270645,0.029605359073624715,0.013543961897258108
19087,MISO,2028,7396.6231464625,0.21823447930170284,0.08276548828584247,0.1717381840362775,0.08193198921769697,0.04649629526542534,0.0008334990681455046
19089,MISO,2028,3555.410977683334,0.2445337210795538,0.13690715802204337,0.23831234099142692,0.13246066284444014,0.0062213800881268655,0.004446495177603232
19091,MISO,2028,4164.4668065000005,0.17394097717949153,0.09235300611226037,0.16302432957952148,0.09235300611226037,0.010916647599970047,0.0
19093,MISO,2028,2970.882855070833,0.15458202300436505,0.08367539872528552,0.1528207233037047,0.08367539872528552,0.001761299700660357,0.0
19095,MISO,2028,6514.240270395832,0.1876181243456143,0.0734050125834465,0.17317292026349415,0.06726339916893716,0.014445204082120161,0.006141613414509348
19097,MISO,2028,7891.953624070833,0.1631663818699402,0.09386797898438222,0.1617955579852175,0.09050852642680486,0.001370823884722705,0.003359452557577358
19099,MISO,2028,14288.030765910833,0.10512591158656992,0.05766640817693832,0.09763842547428433,0.05732467185138513,0.007487486112285585,0.0003417363255531908
19101,MISO,2028,6579.557378854166,0.25020222753875027,0.12472921886901339,0.24287947769519508,0.1245399964140195,0.007322749843555187,0.00018922245499389256
19103,MISO,2028,59600.63231272083,0.06535827891632544,0.01859520522989687,0.052689506185290565,0.017299836154030173,0.012668772731034873,0.001295369075866696
19105,MISO,2028,7732.309341340833,0.18868966242026544,0.09026554763077232,0.15501043248727855,0.089442268359473,0.03367922993298689,0.0008232792712993264
19107,MISO,2028,4022.2128164391665,0.3180816717917069,0.1467561279860972,0.31606784452721515,0.1412863654285944,0.00201382726449173,0.005469762557502783
19109,MISO,2028,6217.297858424166,0.273571746539973,0.11709812421434486,0.2635759408332982,0.11565913049921972,0.009995805706674799,0.0014389937151251392
19111,MISO,2028,13838.460774424999,0.15648618249470594,0.10224214528708109,0.15176529816540232,0.099801907983926,0.004720884329303621,0.0024402373031550822
19113,MISO,2028,92132.6279741625,0.07471783058359653,0.033051096094812625,0.0683536160970511,0.033051096094812625,0.006364214486545436,0.0
19115,MISO,2028,4002.869632358333,0.21467359516808152,0.10906660080910953,0.18175852578804058,0.10014251401033777,0.032915069380040934,0.008924086798771755
19117,MISO,2028,3495.3714277283334,0.2851857004315123,0.12698772997880622,0.28345319512884437,0.12226017595295569,0.0017325053026679416,0.004727554025850539
19119,MISO,2028,4358.6488735933335,0.3040837840970258,0.12101177986803457,0.2955297528166253,0.11291248700982598,0.008554031280400498,0.008099292858208595
19121,MISO,2028,6330.657835554166,0.1312070548750941,0.05990983303240449,0.13091114298247125,0.05990983303240449,0.00029591189262284656,0.0
19123,MISO,2028,8646.124434914167,0.14736101112019773,0.07515814791953676,0.14110530768291502,0.06505530572927161,0.006255703437282711,0.010102842190265152
19125,MISO,2028,12901.031590516666,0.12965515091589497,0.06712115753691865,0.1287657905016135,0.06576583074872189,0.0008893604142814759,0.0013553267881967618
19127,MISO,2028,14703.392720484166,0.2162277571038024,0.08266406787360231,0.1642063999178028,0.08260346990366857,0.052021357185999595,6.0597969933740004e-05
19129,MISO,2028,5145.318319035,0.09170381528992765,0.03828541049985264,0.09170381528992765,0.03828541049985264,0.0,0.0
19131,MISO,2028,4418.491638785834,0.26778721039728043,0.12608715267889264,0.2560501390326769,0.12608715267889264,0.011737071364603502,0.0
19133,MISO,2028,3772.80232529,0.18603127736274502,0.08277081867083944,0.17502531629546994,0.08072036616020987,0.011005961067275083,0.0020504525106295607
19135,MISO,2028,2958.9371419,0.23290014677392676,0.1204906557193938,0.22769428435679695,0.11305735228636558,0.0052058624171298085,0.007433303433028213
19137,MISO,2028,4378.322850708333,0.13956067737622668,0.09607222264387125,0.13955293468543936,0.09607222264387125,7.74269078732126e-06,0.0
19139,MISO,2028,16598.72085411667,0.10390391833786569,0.05513404758147561,0.10225860183732381,0.05476909560395635,0.0016453165005418796,0.00036495197751926223
19141,MISO,2028,5471.7526595966665,0.1545045727380308,0.07692994291601656,0.14086752312225614,0.07399578990226355,0.013637049615774666,0.0029341530137530075
19143,MISO,2028,2571.9474435916663,0.3495582208697871,0.11077017823524567,0.34653972115011217,0.10679606795921051,0.0030184997196749386,0.003974110276035156
19145,MISO,2028,5945.947354387499,0.1556593362136052,0.08161244622864998,0.15021390761601738,0.07558141834315432,0.005445428597587815,0.006031027885495657
19147,MISO,2028,3555.418396299167,0.18013608744566328,0.07711696753104044,0.15330225589596225,0.07179396885371658,0.026833831549701037,0.005322998677323859
19149,MISO,2028,9826.32694981,0.10254045921989356,0.055223818438468075,0.10023345455282702,0.053286008095167,0.0023070046670665423,0.0019378103433010732
19151,MISO,2028,3056.4066516908333,0.24758548224858784,0.0926116528323358,0.22174521085108198,0.09224934600402569,0.02584027139750586,0.00036230682831010774
19153,MISO,2028,195895.70377844418,0.051121838157272746,0.014289014948574274,0.05032761964533456,0.013150483680669348,0.0007942185119381856,0.0011385312679049256
19155,MISO,2028,36287.03382602,0.10456185480457485,0.05402808095897667,0.10456185480457485,0.05267554368578295,0.0,0.0013525372731937185
19157,MISO,2028,7419.507041704167,0.22209776339700618,0.1084770153077857,0.2037633916700554,0.1047123129033003,0.018334371726950793,0.0037647024044853983
19159,MISO,2028,1808.17678674,0.26225914267946004,0.12420417981726903,0.25232236480182385,0.10774133961364665,0.009936777877636194,0.016462840203622375
19161,MISO,2028,4151.319331815001,0.17558308208882514,0.08585214539313976,0.16115371154849367,0.08181352052236408,0.014429370540331471,0.004038624870775678
19163,MISO,2028,69410.50060869167,0.07421013865475069,0.03967575327414008,0.07283821691142768,0.03865717451117674,0.0013719217433230124,0.0010185787629633375
19165,MISO,2028,4879.281450329167,0.26469954441677124,0.13300384413253163,0.2519222860968068,0.11469444642965748,0.012777258319964457,0.018309397702874153
19167,MISO,2028,12140.2536764675,0.13876877508640884,0.06676530176942026,0.12113175376808911,0.062178286375504425,0.01763702131831972,0.004587015393915837
19169,MISO,2028,37117.20284699084,0.10914276319819076,0.06448770855719407,0.108147701607866,0.05951497703804181,0.0009950615903247528,0.004972731519152264
19171,MISO,2028,6599.266129834166,0.2725126870628808,0.13414307742600648,0.26052171820035946,0.13105953899580056,0.011990968862521323,0.0030835384302059232
19173,MISO,2028,2396.5139848,0.2710024846579536,0.11444090791019866,0.2657251828561637,0.11350246857806975,0.005277301801789924,0.000938439332128907
19175,MISO,2028,4890.497120233333,0.2704762538101421,0.10308551916312074,0.2562317284604691,0.10165433900707709,0.01424452534967302,0.0014311801560436543
19177,MISO,2028,2746.4522525833336,0.3390442217794984,0.17338645252085422,0.3294289969003861,0.16430533837567277,0.009615224879112316,0.009081114145181451
19179,MISO,2028,13710.180649156666,0.22478743734870024,0.10603968601544966,0.2172886512858054,0.10407818137242705,0.0074987860628948355,0.00196150464302261
19181,MISO,2028,19285.782274384997,0.09815751662824544,0.05190718224255125,0.09465380066258572,0.048794703609536395,0.0035037159656597233,0.0031124786330148577
19183,MISO,2028,8717.926417358332,0.11548272381783499,0.062002406613237165,0.11172212571852984,0.062002406613237165,0.0037605980993051513,0.0
19185,MISO,2028,2494.207823693333,0.2870922958595617,0.12016304917788735,0.2830926469776328,0.11146929677053671,0.003999648881928886,0.008693752407350638
19187,MISO,2028,15140.735243213332,0.1484586543147482,0.06904508713771035,0.14250114249837642,0.06831562038311857,0.005957511816371774,0.000729466754591776
19189,MISO,2028,4435.345312133333,0.2536790717298517,0.11435299291185223,0.23273178065854785,0.11414584738307305,0.02094729107130386,0.00020714552877917902
19191,MISO,2028,8069.707902095,0.20361445018465432,0.0965204059376329,0.1848690588499326,0.06650339525907854,0.018745391334721723,0.030017010678554362
19193,MISO,2028,38896.809651794174,0.09472473981277744,0.0455762790811104,0.08985645023465606,0.044652525351134696,0.004868289578121382,0.0009237537299757043
19195,MISO,2028,3150.8684884241666,0.20963475851949934,0.09024900427100467,0.20727820728483315,0.08621913763688488,0.0023565512346661877,0.004029866634119791
19197,MISO,2028,5300.012526961666,0.20874247052190076,0.0725235329617263,0.18697638167120142,0.07185134068258044,0.021766088850699333,0.0006721922791458612
17001,MISO,2028,26822.3870105325,0.16085603196706358,0.08303907272776995,0.16085603196706358,0.08303907272776995,0.0,0.0
17003,MISO,2028,1660.5668982308334,0.5408361559784167,0.33290072719279795,0.5408361559784167,0.33290072719279795,0.0,0.0
17005,MISO,2028,6107.751612714167,0.19327389019488234,0.09127712602503688,0.19327389019488234,0.09127712602503688,0.0,0.0
17007,PJM,2028,18281.08847431167,0.08638796597163764,0.05570915906007139,0.07853143828565468,0.043205732767310316,0.007856527685982967,0.012503426292761077
17009,MISO,2028,2014.51421517,0.19004592687093988,0.08995068804286152,0.19004592687093988,0.08995068804286152,0.0,0.0
17011,MISO,2028,13690.881273222501,0.22129002750153565,0.09851908330326123,0.22129002750153565,0.09851908330326123,0.0,0.0
17013,MISO,2028,1176.8719189316666,0.22604951217475125,0.09647166647191076,0.22604951217475125,0.09647166647191076,0.0,0.0
17015,PJM,2028,6165.398735520834,0.204297278990358,0.09173069009443234,0.13938920222541534,0.08078348265168481,0.06490807676494265,0.010947207442747534
17017,MISO,2028,4911.1977952975,0.1890281664167354,0.1134252325328963,0.1890281664167354,0.1134252325328963,0.0,0.0
17019,MISO,2028,80560.12149991667,0.17624425550600145,0.11049574678236893,0.17624425550600145,0.11049574678236893,0.0,0.0
17021,MISO,2028,13278.740522779166,0.21098440981160457,0.09889900245851603,0.21098440981160457,0.09889900245851603,0.0,0.0
17023,MISO,2028,6302.749188533333,0.21314307885819744,0.08275732598280829,0.21314307885819744,0.08275732598280829,0.0,0.0
17025,MISO,2028,5374.900578375,0.3803064690461365,0.20256475237119664,0.3803064690461365,0.20256475237119664,0.0,0.0
17027,MISO,2028,14365.250226815831,0.12395203188039773,0.06345119733731962,0.12395203188039773,0.06345119733731962,0.0,0.0
17029,MISO,2028,19991.86584141,0.18586829040913538,0.0790642675773138,0.18586829040913538,0.0790642675773138,0.0,0.0
17031,PJM,2028,2061913.7111826267,0.12584502639229497,0.08316177850573128,0.11793603131391057,0.06407836968605289,0.007908995078384398,0.01908340881967839
17033,MISO,2028,7382.795641805833,0.21447915629889397,0.11110595389323655,0.21447915629889397,0.11110595389323655,0.0,0.0
17035,MISO,2028,4027.260827270834,0.16501462484664026,0.08903309989227909,0.16501462484664026,0.08903309989227909,0.0,0.0
17037,PJM,2028,38173.533714445,0.12243149707980297,0.08471893339903806,0.12158419538009785,0.07478927740171464,0.0008473016997051219,0.009929655997323428
17039,MISO,2028,6590.045297108332,0.19052200906786781,0.07796064327515873,0.19052200906786781,0.07796064327515873,0.0,0.0
17041,MISO,2028,7443.014766884167,0.21123006562386423,0.07496583444801017,0.21123006562386423,0.07496583444801017,0.0,0.0
17043,PJM,2028,346636.3820633292,0.04813756199550191,0.030200866168992434,0.0454961955625028,0.028239401711281673,0.002641366432999115,0.0019614644577107612
17045,MISO,2028,7450.795874725,0.21700550203477553,0.10507560932415994,0.21700550203477553,0.10507560932415994,0.0,0.0
17047,MISO,2028,2559.8595359366664,0.17010423827831983,0.09065737250113776,0.17010423827831983,0.09065737250113776,0.0,0.0
17049,MISO,2028,13902.61393332083,0.1105091146628605,0.05956737505361004,0.1105091146628605,0.05956737505361004,0.0,0.0
17051,MISO,2028,7585.0859734825,0.2230172630163798,0.11391971819546491,0.2230172630163798,0.11391971819546491,0.0,0.0
17053,MISO,2028,5555.675413168334,0.23237565888718645,0.10259633637594759,0.23237565888718645,0.10259633637594759,0.0,0.0
17055,MISO,2028,15858.620901304168,0.23697042185354533,0.1415338538085248,0.23697042185354533,0.1415338538085248,0.0,0.0
17057,MISO,2028,13840.230393375,0.1857770008319326,0.09556953096386422,0.1857770008319326,0.09556953096386422,0.0,0.0
17059,MISO,2028,2130.1405579616667,0.23226922635883493,0.14507253953421717,0.23226922635883493,0.14507253953421717,0.0,0.0
17061,MISO,2028,4471.39687964,0.29287346052480906,0.12748731739492308,0.29287346052480906,0.12748731739492308,0.0,0.0
17063,PJM,2028,19886.960108770832,0.06364315164899419,0.031447060516513185,0.05740509096610713,0.030036229859311547,0.006238060682887056,0.0014108306572016387
17065,MISO,2028,3182.7426590333334,0.26543783059443343,0.11222793885630084,0.26543783059443343,0.11222793885630084,0.0,0.0
17067,MISO,2028,7414.223594595833,0.2463527985494438,0.09663209746664722,0.2463527985494438,0.09663209746664722,0.0,0.0
17069,MISO,2028,1470.2696296333334,0.16806323366117762,0.0780069078521803,0.16806323366117762,0.0780069078521803,0.0,0.0
17071,MISO,2028,2708.118064745833,0.19283728079903564,0.05700837974648013,0.19283728079903564,0.05700837974648013,0.0,0.0
17073,MISO,2028,19956.843237517496,0.12123002581399013,0.08079612320184314,0.1191836833022282,0.0759980926176946,0.002046342511761931,0.004798030584148544
17075,MISO,2028,11094.799559195,0.21911265211744416,0.0939428286602404,0.21911265211744416,0.0939428286602404,0.0,0.0
17077,MISO,2028,22722.225898830002,0.19440654901283777,0.09325156665105175,0.19440654901283777,0.09325156665105175,0.0,0.0
17079,MISO,2028,3593.4476463216665,0.19196845633638882,0.09846841239559999,0.19196845633638882,0.09846841239559999,0.0,0.0
17081,MISO,2028,14594.887241395001,0.21985355218692582,0.09880251641308127,0.21985355218692582,0.09880251641308127,0.0,0.0
17083,MISO,2028,7687.279900851667,0.16773413059784814,0.08492042945463835,0.16773413059784814,0.08492042945463835,0.0,0.0
17085,PJM,2028,9865.557352065,0.1656342484975062,0.0688898313669772,0.11884658241732099,0.06806367205070091,0.0467876660801852,0.0008261593162762898
17087,MISO,2028,4071.420646796667,0.13138846262689188,0.08257553846047579,0.13138846262689188,0.08257553846047579,0.0,0.0
17089,PJM,2028,180280.96191613498,0.07513154349104766,0.04152477777657674,0.07446485822823598,0.03402158675672155,0.0006666852628116754,0.007503191019855186
17091,PJM,2028,39542.58158577417,0.15066374627719006,0.09913396712255283,0.12302655186093502,0.09411609765055265,0.027637194416255048,0.005017869472000183
17093,PJM,2028,43071.48295960833,0.06870995757828081,0.028970757965972763,0.06415135136217266,0.026765138528882834,0.004558606216108152,0.002205619437089929
17095,MISO,2028,20418.920608480003,0.22727440720598352,0.1130267932030909,0.22727440720598352,0.1130267932030909,0.0,0.0
17097,PJM,2028,252830.35704764916,0.07865283961493631,0.050431260838667114,0.0762436682512623,0.046917310564362984,0.002409171363674009,0.00351395027430413
17099,PJM,2028,44124.492720480834,0.12398843920972595,0.08109046485745847,0.10708080079914202,0.07646963387608922,0.01690763841058393,0.004620830981369242
17101,MISO,2028,5329.157866826667,0.17112869952857082,0.08866965704809286,0.17112869952857082,0.08866965704809286,0.0,0.0
17103,PJM,2028,13493.193607267498,0.16050467346997813,0.09519320075949379,0.14264607924496986,0.09254462720405189,0.017858594225008267,0.002648573555441902
17105,PJM,2028,14471.009260992498,0.16585154561929008,0.07388185340133438,0.12746624985944416,0.06394220866819975,0.03838529575984592,0.009939644733134634
17107,MISO,2028,10976.580139691667,0.14332274928604108,0.08877351786097425,0.14332274928604108,0.08877351786097425,0.0,0.0
17109,MISO,2028,11274.753214779166,0.30034758049687926,0.12723862761813587,0.30034758049687926,0.12723862761813587,0.0,0.0
17111,PJM,2028,114060.28730408667,0.05949896344874465,0.04120615563399898,0.056720895150513095,0.040364567652161926,0.002778068298231552,0.0008415879818370539
17113,MISO,2028,66825.56237275168,0.12815065083507962,0.08860120280168766,0.12815065083507962,0.08860120280168766,0.0,0.0
17115,MISO,2028,42283.16534315833,0.15846220462473756,0.0984796371449108,0.15846220462473756,0.0984796371449108,0.0,0.0
17117,MISO,2028,17314.7359936875,0.21207096445827212,0.09670003608585692,0.21207096445827212,0.09670003608585692,0.0,0.0
17119,MISO,2028,107600.06819375584,0.1227493099263494,0.08958199565860216,0.1227493099263494,0.08958199565860216,0.0,0.0
17121,MISO,2028,15084.621377220832,0.19385079010876555,0.10739665876973262,0.19385079010876555,0.10739665876973262,0.0,0.0
17123,MISO,2028,4914.7000300875,0.18420438380967655,0.1314656862035376,0.18420438380967655,0.1314656862035376,0.0,0.0
17125,MISO,2028,5664.325459991667,0.18941760384973452,0.09153135494661874,0.18941760384973452,0.09153135494661874,0.0,0.0
17127,MISO,2028,5326.249361768333,0.27438917851625366,0.10332755298072437,0.27438917851625366,0.10332755298072437,0.0,0.0
17129,MISO,2028,5033.684507850834,0.10444400645342937,0.05881822141247853,0.10444400645342937,0.05881822141247853,0.0,0.0
17131,MISO,2028,6365.181087763333,0.1300858792530639,0.0683590497990419,0.12948259272483262,0.06621893920168782,0.0006032865282312727,0.0021401105973540696
17133,MISO,2028,13421.574100064165,0.08894039309574175,0.05378786761767002,0.08894039309574175,0.05378786761767002,0.0,0.0
17135,MISO,2028,11133.625784646667,0.2529648622691289,0.12173480217220595,0.2529648622691289,0.12173480217220595,0.0,0.0
17137,MISO,2028,13078.547721016668,0.1898982080747879,0.08527170193365886,0.1898982080747879,0.08527170193365886,0.0,0.0
17139,MISO,2028,5678.895158770833,0.18474316265089258,0.08431456089608516,0.18474316265089258,0.08431456089608516,0.0,0.0
17141,PJM,2028,20199.999757489168,0.11634748950200624,0.07277162415294919,0.10204856625344302,0.07050192957124496,0.014298923248563217,0.002269694581704229
17143,MISO,2028,75047.67113840417,0.140529684555702,0.11022473172937554,0.140529684555702,0.11022473172937554,0.0,0.0
17145,MISO,2028,8073.546717079166,0.21598662440421568,0.09408438142554919,0.21598662440421568,0.09408438142554919,0.0,0.0
17147,MISO,2028,6674.663314891667,0.12066706389490331,0.0742985015484209,0.12066706389490331,0.0742985015484209,0.0,0.0
17149,MISO,2028,5626.690490049999,0.32546505478739424,0.15852713635407498,0.32546505478739424,0.15852713635407498,0.0,0.0
17151,MISO,2028,1324.3782965583332,0.26225911686142983,0.19588945655924211,0.26225911686142983,0.19588945655924211,0.0,0.0
17153,MISO,2028,1861.3923274833332,0.3846116206864385,0.17760290799018927,0.3846116206864385,0.17760290799018927,0.0,0.0
17155,MISO,2028,2368.8935387541665,0.10600439124189762,0.05686705385601537,0.10600439124189762,0.05686705385601537,0.0,0.0
17157,MISO,2028,11507.196893771667,0.17101212344656996,0.0808335959710824,0.17101212344656996,0.0808335959710824,0.0,0.0
17159,MISO,2028,6398.037132719166,0.22214948751427016,0.10287063486640695,0.22214948751427016,0.10287063486640695,0.0,0.0
17161,MISO,2028,59800.418968787504,0.09313060126817012,0.05285287859631056,0.09129410793093577,0.04814118138528606,0.0018364933372343462,0.004711697211024504
17163,MISO,2028,99332.56845519916,0.1935400450723597,0.1020263891852268,0.1935400450723597,0.1020263891852268,0.0,0.0
17165,MISO,2028,10040.235713340833,0.19929761584692715,0.12533053566507935,0.19929761584692715,0.12533053566507935,0.0,0.0
17167,MISO,2028,82857.68274026582,0.1388482713541118,0.10106367835102296,0.1388482713541118,0.10106367835102296,0.0,0.0
17169,MISO,2028,2666.1755106083333,0.1769467881948217,0.11354547850362376,0.1769467881948217,0.11354547850362376,0.0,0.0
17171,MISO,2028,1924.2264134375,0.28534338014783417,0.13237297165477593,0.28534338014783417,0.13237297165477593,0.0,0.0
17173,MISO,2028,8659.403996709167,0.19684965560749135,0.0916464976596457,0.19684965560749135,0.0916464976596457,0.0,0.0
17175,MISO,2028,2311.3504983775,0.2050254212566724,0.11527401271985019,0.2050254212566724,0.11527401271985019,0.0,0.0
17177,PJM,2028,18878.466850854165,0.1951106973119135,0.10095732770254588,0.1504933149774353,0.09145108133636493,0.044617382334478206,0.009506246366180957
17179,MISO,2028,52811.993328945835,0.08622391027729256,0.0670563353654115,0.08622391027729256,0.0670563353654115,0.0,0.0
17181,MISO,2028,6690.624029808333,0.3057807284901258,0.116083875675084,0.3057807284901258,0.116083875675084,0.0,0.0
17183,MISO,2028,29598.197123142505,0.18421750486169797,0.09219655862371227,0.18421750486169797,0.09219655862371227,0.0,0.0
17185,MISO,2028,4676.778898763334,0.18676026412415891,0.09496204192535943,0.18676026412415891,0.09496204192535943,0.0,0.0
17187,MISO,2028,6756.7494031108345,0.16835111606989905,0.08020259658372163,0.16835111606989905,0.08020259658372163,0.0,0.0
17189,MISO,2028,5698.072004243333,0.15731614725485893,0.07865331066711358,0.15731614725485893,0.07865331066711358,0.0,0.0
17191,MISO,2028,6717.640932045833,0.28829610629362623,0.13040833250989786,0.28829610629362623,0.13040833250989786,0.0,0.0
17193,MISO,2028,5602.319347495833,0.3153768586347051,0.14172450047048848,0.3153768586347051,0.14172450047048848,0.0,0.0
17195,MISO,2028,22825.037960458336,0.20397935079088803,0.08938642436171722,0.1997751887093,0.08627074038381835,0.004204162081588025,0.003115683977898867
17197,PJM,2028,237303.76448483331,0.06652665603148207,0.05389542964756641,0.06376883732957873,0.05006684919090001,0.0027578187019033362,0.003828580456666404
17199,MISO,2028,28170.239563674168,0.1594262585376788,0.08591983728540156,0.1594262585376788,0.08591983728540156,0.0,0.0
17201,PJM,2028,113627.18732917416,0.13906334081844582,0.09723323965113205,0.12493221667367224,0.09380349295177025,0.014131124144773577,0.003429746699361802
17203,MISO,2028,14497.905692679999,0.09736914725105725,0.06804335672540694,0.09736914725105725,0.06804335672540694,0.0,0.0
18001,PJM,2028,12064.162854345834,0.13173396597620857,0.05012260888341225,0.07447421870184004,0.046413621446248464,0.05725974727436853,0.003708987437163788
18003,PJM,2028,150594.52466268084,0.10394608014624374,0.06517608171504005,0.08156866245063028,0.039287945663159025,0.022377417695613452,0.025888136051881026
18005,MISO,2028,32054.848923212503,0.11177336538722937,0.0783425851947516,0.10057702449764751,0.0783425851947516,0.011196340889581866,0.0
18007,MISO,2028,3348.658924879167,0.263486644418707,0.10949804941164547,0.25219406408008743,0.10664777236618282,0.011292580338619573,0.002850277045462646
18009,PJM,2028,4858.7458247375,0.21352157572735678,0.12934056114431933,0.17465058263312477,0.11553988536595845,0.038870993094232004,0.013800675778360874
18011,MISO,2028,26441.131442360835,0.07997787260383282,0.04374105131133278,0.0731790501839144,0.04201990192156964,0.006798822419918429,0.0017211493897631436
18013,MISO,2028,6389.133802711666,0.11613594819406424,0.07727665890517399,0.10064899821950934,0.07102977016681943,0.015486949974554895,0.006246888738354564
18015,MISO,2028,7810.796181008333,0.11249973573093919,0.052758985763126307,0.11038308262560462,0.05179528938370955,0.0021166531053345705,0.000963696379416755
18017,MISO,2028,14725.671740562499,0.11658349766020626,0.07534475035880107,0.11545094623671313,0.07265218083134227,0.001132551423493125,0.0026925695274588046
18019,MISO,2028,46483.18936268167,0.09637328852872327,0.054895064114230646,0.08476339428955425,0.053239756086641346,0.011609894239169027,0.0016553080275893
18021,MISO,2028,10247.153466958334,0.16370829226371936,0.06889761024258997,0.14056760708811358,0.06655099352906044,0.023140685175605774,0.002346616713529537
18023,MISO,2028,12249.280481119167,0.08429915617655842,0.0439223805003043,0.08108114305959,0.0439223805003043,0.0032180131169684267,0.0
18025,MISO,2028,4212.3228507525,0.23149359383484447,0.12023243615978416,0.22070955689818092,0.12019313281753512,0.010784036936663549,3.9303342249039086e-05
18027,MISO,2028,11306.198297789168,0.19283571607263078,0.06569522882876623,0.1561718374565778,0.06420833605922341,0.03666387861605297,0.001486892769542822
18029,MISO,2028,19437.27076599667,0.20542085369087207,0.07857393065020435,0.19661246170744012,0.07697036746609073,0.008808391983431946,0.0016035631841136155
18031,MISO,2028,9851.131472270834,0.1446168626692888,0.05934219205425043,0.13931868799080163,0.05934219205425043,0.005298174678487172,0.0
18033,PJM,2028,16752.970829214166,0.08737000001024048,0.048240901332000305,0.06882995435775825,0.029340539287088147,0.018540045652482226,0.018900362044912158
18035,PJM,2028,44944.26829246583,0.18209557492190334,0.09716383932291206,0.13181936493195323,0.073825207183101,0.05027620998995011,0.023338632139811064
18037,MISO,2028,17214.945456575,0.10412952176580081,0.06720803835550002,0.09499829949995879,0.06191023753682242,0.009131222265842023,0.005297800818677596
18039,MISO,2028,70088.42852258167,0.0901863873654756,0.07194293927242794,0.08821683105185592,0.06909658625517169,0.001969556313619683,0.002846353017256248
18041,MISO,2028,9479.0942160625,0.19715160952473557,0.10996220772914836,0.19400631463996917,0.10497651573972627,0.003145294884766392,0.004985691989422086
18043,MISO,2028,30394.90303189417,0.10997585996685293,0.050599651143630874,0.10183648163357115,0.04925922087618608,0.00813937833328178,0.001340430267444792
18045,MISO,2028,6710.113991055833,0.22338878410257906,0.10537210655449356,0.2148084668621799,0.10513049298955844,0.008580317240399177,0.0002416135649351142
18047,MISO,2028,8778.965683028333,0.15599108613471732,0.06517397972190632,0.15024750589847774,0.06369038551509153,0.005743580236239582,0.0014835942068147923
18049,MISO,2028,7529.580916141666,0.2331169397818592,0.09146326599038163,0.22458893261882526,0.08817766903168527,0.008528007163033952,0.00328559695869636
18051,MISO,2028,12701.527738012499,0.15374459345855832,0.07139179502487873,0.1251446395732596,0.0687230480678844,0.028599953885298707,0.0026687469569943306
18053,PJM,2028,26249.913848633332,0.20058151240672084,0.11494412083481653,0.1361741711671791,0.09744469753040128,0.06440734123954175,0.017499423304415257
18055,MISO,2028,12370.641132700834,0.18274170462832312,0.09383713382928721,0.16673305561471854,0.09174062709032424,0.016008649013604576,0.002096506738962972
18057,MISO,2028,128813.5997337125,0.04755811406146787,0.03211649259321651,0.043880024411828686,0.03127862225303932,0.003678089649639185,0.0008378703401771895
18059,MISO,2028,30706.08130827917,0.05831311841819259,0.039504561775154566,0.054559225443396496,0.03819259264438596,0.003753892974796093,0.0013119691307686074
18061,MISO,2028,14510.867182948334,0.10798705758396665,0.05425784960358446,0.1001848097786316,0.05411069320189751,0.007802247805335047,0.00014715640168695004
18063,MISO,2028,63085.435009508335,0.05878648558323124,0.028885762631136833,0.05835730829379955,0.028885762631136833,0.00042917728943168976,0.0
18065,MISO,2028,18122.983159875,0.20106521438384065,0.08509189537971022,0.16939303808079617,0.08164674540568514,0.031672176303044475,0.0034451499740250774
18067,MISO,2028,34237.438920358334,0.1131380501425307,0.06371145641164691,0.11147038817423972,0.06322189020784907,0.001667661968290976,0.0004895662037978366
18069,MISO,2028,14858.700787421667,0.13076912951208525,0.059075355754223784,0.12149196774249603,0.057361378540512147,0.009277161769589218,0.0017139772137116371
18071,MISO,2028,17263.168160066663,0.14780397763226374,0.08832357561702114,0.11923291715212903,0.08280183508590001,0.02857106048013472,0.00552174053112113
18073,MISO,2028,12247.333503781667,0.17274688760129395,0.08554106098903179,0.16718089541037184,0.08321344728101954,0.005565992190922103,0.002327613708012252
18075,PJM,2028,7854.248365906667,0.27705575542731176,0.10733465771915612,0.17200850445168123,0.08376405754887965,0.10504725097563053,0.02357060017027647
18077,MISO,2028,12434.4861421875,0.19051390104494906,0.0693444300035205,0.19051061840025166,0.06753802777957771,3.282644697399917e-06,0.0018064022239427935
18079,MISO,2028,10233.564243744167,0.17246594873992716,0.07748590352172807,0.16308520764488937,0.07580374262670819,0.009380741095037781,0.0016821608950198796
18081,MISO,2028,58950.08059936083,0.06392570412005837,0.04396026262209665,0.06284098858871619,0.04396026262209665,0.0010847155313421786,0.0
18083,MISO,2028,14658.6915587875,0.15395623354911758,0.0768672599068841,0.14450638660470916,0.07685549000691441,0.009449846944408424,1.17698999696908e-05
18085,MISO,2028,30455.066074058333,0.09129920436959593,0.05115882764330886,0.08585180814576544,0.05115882764330886,0.005447396223830489,0.0
18087,MISO,2028,12495.096932287499,0.09560568692987073,0.048257012142317604,0.09269370912498902,0.044286749024805484,0.002911977804881713,0.00397026311751212
18089,MISO,2028,190073.95527551667,0.13454851222512126,0.09767173099662609,0.13239558769999715,0.09465288342473442,0.0021529245251241114,0.003018847571891664
18091,MISO,2028,41944.053696351664,0.09183230091337202,0.06194963874931445,0.09041198593683343,0.06052310966528354,0.001420314976538592,0.00142652908403091
18093,MISO,2028,18563.8514339875,0.18515448287845926,0.07059187272452302,0.1601532878437404,0.06421937698951902,0.02500119503471887,0.006372495735004008
18095,MISO,2028,50680.391666468335,0.1600472469776541,0.07842239198851338,0.14116485830489006,0.07472300613562056,0.01888238867276404,0.0036993858528928114
18097,MISO,2028,390003.18406776746,0.13565949696178645,0.10360589565650118,0.1331207601181159,0.09773399640143747,0.002538736843670536,0.005871899255063706
18099,MISO,2028,16546.954554620832,0.21163699670586178,0.08347045423343256,0.20533860560151626,0.078344758781739,0.006298391104345519,0.005125695451693571
18101,MISO,2028,3846.8969326666665,0.1730418816199532,0.06977522320063809,0.15147124347534224,0.06977522320063809,0.021570638144610965,0.0
18103,MISO,2028,12799.7333866,0.13569363865168174,0.09951204146858464,0.13321681763284007,0.09834408402478736,0.0024768210188416684,0.001167957443797274
18105,MISO,2028,56310.05220479584,0.16833115110557553,0.11282724131294446,0.16409435678036954,0.10400154452274199,0.004236794325205989,0.008825696790202467
18107,MISO,2028,15113.623129614165,0.10378284226356183,0.050997459327864245,0.09557455516736017,0.05037628017526663,0.008208287096201652,0.0006211791525976146
18109,MISO,2028,26635.664693646668,0.10304281766311613,0.06637458930663366,0.09505374819188354,0.0644123397963946,0.007989069471232582,0.0019622495102390586
18111,MISO,2028,5340.259438659166,0.22532874562591068,0.10756303974766389,0.22404990151665988,0.10703224156593517,0.001278844109250804,0.0005307981817287144
18113,PJM,2028,17375.174113298333,0.08497621483813647,0.04181718769116685,0.06312205931842041,0.03354156811680253,0.021854155519716062,0.008275619574364325
18115,MISO,2028,2476.125442108333,0.20618210333761045,0.09808421471027699,0.19485135714860569,0.08777127919992705,0.011330746189004759,0.010312935510349938
18117,MISO,2028,7814.180188525001,0.21035804718096873,0.11150381821748956,0.18909952341427325,0.10643840290263343,0.021258523766695486,0.005065415314856131
18119,MISO,2028,8298.568918558332,0.21445668854662897,0.10011140612996929,0.19233276993707005,0.09487929083531885,0.022123918609558924,0.0052321152946504385
18121,MISO,2028,5525.7190609625,0.20068186106310604,0.08773935914665992,0.15864320359613782,0.0873588837774265,0.04203865746696822,0.00038047536923342673
18123,MISO,2028,7453.888688513334,0.2904912489110249,0.15789097938875957,0.2825265718414365,0.1324752636173249,0.007964677069588422,0.02541571577143467
18125,MISO,2028,4959.2239898875,0.14905268459940413,0.07007481481567782,0.11571111515903743,0.06654697893637991,0.0333415694403667,0.0035278358792979053
18127,MISO,2028,66843.00570510249,0.0707313256147321,0.052523834340860553,0.06846101797148356,0.05228843873986951,0.002270307643248537,0.000235395600991041
18129,MISO,2028,9979.379038614168,0.10659698114821035,0.06587518473841086,0.10635172540729403,0.06480016033473918,0.00024525574091632807,0.0010750244036716872
18131,MISO,2028,4695.670588962501,0.30821135063332933,0.1174786385234313,0.2972863704390376,0.11606392802859487,0.010924980194291722,0.0014147104948364214
18133,MISO,2028,13348.007685399167,0.13223456998398359,0.07324789550949093,0.1240159842200573,0.05859426145987252,0.008218585763926284,0.014653634049618412
18135,PJM,2028,10010.771171316666,0.2061241729646325,0.09542094254639683,0.15228682899306442,0.08919939666213755,0.053837343971568086,0.006221545884259272
18137,MISO,2028,10858.689773408334,0.1755566154567294,0.07616908673775999,0.15970926463916196,0.07135220154337041,0.01584735081756744,0.004816885194389581
18139,MISO,2028,6574.217830666667,0.16310502391944065,0.07850304116357995,0.13190071767372508,0.07701525978571404,0.031204306245715574,0.0014877813778659127
18141,PJM,2028,106135.16905772999,0.09925890393148681,0.08164131425029197,0.09084862155168673,0.05649217783297046,0.008410282379800085,0.025149136417321513
18143,MISO,2028,9366.735802039168,0.30429954794482933,0.13284554523385178,0.2787271824431405,0.09231422281060343,0.025572365501688843,0.04053132242324835
18145,MISO,2028,17569.4329209025,0.1560039355952952,0.07266882858881042,0.1495606811216698,0.07266882858881042,0.006443254473625426,0.0
18147,MISO,2028,7745.402981591667,0.10427260615440558,0.06159120678749162,0.10178514048660364,0.05762060808874193,0.002487465667801933,0.003970598698749696
18149,MISO,2028,8434.391590066667,0.12379326633802648,0.09353203198486595,0.12223268770723723,0.08657521908199209,0.0015605786307892472,0.006956812902873866
18151,MISO,2028,13597.80539329,0.11847543630293975,0.06329057335786552,0.11276771650642031,0.06329057335786552,0.005707719796519434,0.0
18153,MISO,2028,7445.5872843625,0.17177616103594445,0.09345694367898952,0.16529932807100856,0.08584462108973753,0.006476832964935897,0.007612322589251985
18155,MISO,2028,3680.0865773666665,0.1682718722568612,0.08364131860526919,0.15577441357943247,0.08113303755283309,0.012497458677428713,0.0025082810524360982
18157,MISO,2028,72001.39653594917,0.15662796737060775,0.09829998909482304,0.15303030865129846,0.09599698526465138,0.0035976587193092824,0.0023030038301716654
18159,MISO,2028,5936.952196755834,0.16997994156352533,0.0571757217637956,0.15335295067040783,0.05715960575059067,0.016626990893117505,1.611601320493372e-05
18161,MISO,2028,2855.617117870833,0.14404798337952093,0.059439034539250694,0.12483848131221759,0.059439034539250694,0.019209502067303347,0.0
18163,MISO,2028,75781.092209295,0.16543189183201443,0.06983795989945966,0.15363794804196468,0.06963028532601152,0.011793943790049749,0.0002076745734481411
18165,MISO,2028,6397.796363745833,0.18580955699419213,0.10519476744582691,0.18170081447156475,0.1022385155370171,0.004108742522627384,0.002956251908809812
18167,MISO,2028,41401.204050897504,0.19373955624311814,0.1063339244231368,0.19292952422185683,0.09921614115437673,0.0008100320212613144,0.007117783268760072
18169,MISO,2028,12312.629839320833,0.17289879251322154,0.08803099503258689,0.14407441495194423,0.08074158789654672,0.028824377561277315,0.007289407136040177
18171,MISO,2028,3233.3598344066663,0.2236542785633699,0.0962439724166791,0.22135092235452813,0.08985139659223187,0.002303356208841756,0.00639257582444723
18173,MISO,2028,24081.581261166666,0.06577101976137428,0.045560761128019295,0.06341010775217487,0.0432938455301069,0.002360912009199412,0.0022669155979123945
18175,MISO,2028,10716.238118070833,0.18783088223592564,0.07721009569041297,0.17496329464891858,0.07429863560934334,0.012867587587007068,0.002911460081069628
18177,MISO,2028,26649.330911242498,0.17536558576636235,0.1067607971872723,0.1713430135837986,0.101001443790858,0.004022572182563744,0.005759353396414299
18179,PJM,2028,10815.712845131666,0.10156776163281732,0.052605275412284394,0.0731125309650089,0.04452242062883693,0.028455230667808418,0.008082854783447467
18181,MISO,2028,9722.022653041666,0.11782848776551712,0.054584750091824244,0.10731101563720685,0.0535155973680597,0.010517472128310265,0.0010691527237645451
18183,PJM,2028,13470.611549026667,0.0865391564417057,0.05287285016901327,0.06674627192333867,0.04220621207550749,0.01979288451836704,0.010666638093505779
21001,PJM,2028,6719.996593766667,0.13829118010260824,0.09344233784581932,0.11934417737623242,0.07169722312573978,0.018947002726375825,0.021745114720079534
21005,PJM,2028,9021.093088383333,0.09613967744221108,0.04235216226830179,0.07714705392395203,0.035988661113740376,0.018992623518259047,0.006363501154561413
21009,PJM,2028,17407.093875666666,0.19064381676535908,0.08532365873602497,0.16487395609821467,0.0736812104647889,0.0257698606671444,0.011642448271236075
21011,PJM,2028,4759.348223170833,0.2160408128387877,0.08214613489264608,0.1648783219921022,0.06477307247029904,0.051162490846685504,0.01737306242234704
21015,PJM,2028,48267.626115080835,0.03614153240723162,0.01788898491367666,0.029804801166038394,0.015456382910005421,0.006336731241193227,0.0024326020036712376
21017,PJM,2028,7840.4438576708335,0.16256982408969364,0.12065642836293398,0.15088407540017776,0.09782488174861872,0.011685748689515885,0.02283154661431526
21019,PJM,2028,18144.680229775,0.24152687996719482,0.0905821090118332,0.16465957512562063,0.07826332672489737,0.0768673048415742,0.012318782286935823
21021,PJM,2028,11354.319316545834,0.14736535977539555,0.1020808060189178,0.11491308387911614,0.09135280940555002,0.032452275896279414,0.010727996613367777
21023,PJM,2028,3066.7403727941664,0.16790462625985078,0.0816465511556165,0.14749561874156067,0.04762815301357002,0.020409007518290112,0.034018398142046484
21025,PJM,2028,5258.062579345833,0.3481010855060768,0.18508691307903335,0.2535992262911401,0.16159593871612132,0.0945018592149367,0.02349097436291203
21029,PJM,2028,30497.8248441325,0.07931405636175093,0.05133341177754623,0.06172351002961761,0.03303447459588788,0.01759054633213332,0.01829893718165835
21037,PJM,2028,37818.431530366666,0.11041118401051385,0.065462352797219,0.10918886724028463,0.06293716319978725,0.0012223167702292148,0.002525189597431754
21041,PJM,2028,3871.7255337208335,0.1899574210373327,0.08836800969601892,0.16631726123252885,0.07132858985369024,0.023640159804803856,0.01703941984232868
21043,PJM,2028,9463.8735694625,0.3555685036489541,0.16523027076661853,0.2797404370716736,0.15588597517937772,0.07582806657728047,0.009344295587240814
21045,PJM,2028,5876.762157945834,0.1972136895249605,0.13284844541029706,0.15261683556973607,0.10435315014904263,0.04459685395522442,0.028495295261254425
21049,PJM,2028,14427.592676434168,0.12661143199062846,0.07614173969254831,0.1094812470303876,0.06533061620751675,0.017130184960240866,0.010811123485031562
21051,PJM,2028,6789.596523095833,0.33990915262593513,0.20491092118482224,0.26113132880549256,0.17650003969225828,0.07877782382044257,0.02841088149256396
21053,PJM,2028,3588.0956469124994,0.17201927277968274,0.11500332289336809,0.14987320475748753,0.07448453619493237,0.02214606802219521,0.04051878669843573
21063,PJM,2028,2095.0077117375,0.31144461032223686,0.17288443551023808,0.2655748420456794,0.15016589012612913,0.04586976827655748,0.022718545384108946
21065,PJM,2028,5421.782523666667,0.29946100253242475,0.16164232212059382,0.23384214983938753,0.12750015779696616,0.06561885269303722,0.034142164323627655
21067,PJM,2028,134865.24657096583,0.10596733266910073,0.04608432536636675,0.07830133817182061,0.03729385580933738,0.02766599449728012,0.00879046955702937
21069,PJM,2028,5660.835739425,0.21712372381664963,0.0825133255591712,0.14411229017122676,0.06899125370025957,0.07301143364542287,0.013522071858911619
21071,PJM,2028,14003.588588229166,0.3767145893979451,0.1995632887284116,0.24669963518015856,0.17598327329442326,0.13001495421778655,0.023580015433988327
21073,PJM,2028,21916.23096850417,0.1078779489060051,0.049614563889968974,0.07836761658140123,0.04030173127510702,0.029510332324603872,0.009312832614861953
21077,PJM,2028,3067.5448566749997,0.14899844892203246,0.06493855835822637,0.11088079148862996,0.05001113518068879,0.038117657433402494,0.014927423177537584
21079,PJM,2028,6302.209717404166,0.11457608955079127,0.07473443320181429,0.0884866776669295,0.0412769188568537,0.02608941188386177,0.03345751434496059
21081,PJM,2028,8661.789302204166,0.16306079415934535,0.09836278380051632,0.13738587986824444,0.08219520115997607,0.025674914291100914,0.016167582640540246
21087,PJM,2028,4310.6458820749995,0.18187085442675813,0.09404880614932706,0.14298644146840395,0.08088681286619472,0.03888441295835418,0.013161993283132348
21089,PJM,2028,14206.5848341,0.2519104864707305,0.10660901047317856,0.17190495034508274,0.0919890494653348,0.08000553612564776,0.014619961007843754
21093,PJM,2028,41960.43985528583,0.08478621802930571,0.05289526872912187,0.07621007501401743,0.04508770594391599,0.008576143015288279,0.0078075627852058765
21097,PJM,2028,7023.788876795832,0.22275742133312604,0.1541713821311959,0.19096521637849276,0.1176676322906069,0.03179220495463328,0.03650374984058902
21099,PJM,2028,7031.387800541666,0.21685057207033476,0.13196796776249736,0.17798170392471124,0.11682671919321802,0.038868868145623514,0.015141248569279342
21103,PJM,2028,5827.137300858333,0.1553750523663314,0.11507541185982129,0.1399470239520319,0.10136108155823473,0.015428028414299494,0.013714330301586558
21109,PJM,2028,4952.208809825,0.28397995902974255,0.18045267464834128,0.23652121392552738,0.1359579643274626,0.04745874510421516,0.04449471032087868
21111,PJM,2028,325392.4317025325,0.11171126864021165,0.0710106544839628,0.08543565773796484,0.05648797914463584,0.02627561090224681,0.014522675339326968
21113,PJM,2028,18842.44632072,0.10890494395386212,0.07888007534079787,0.09232438126104883,0.06250977471034624,0.016580562692813286,0.016370300630451626
21115,PJM,2028,8227.108196329167,0.3113479504425066,0.14479939115766108,0.17620643449340936,0.12736993317369036,0.13514151594909726,0.01742945798397072
21117,PJM,2028,66237.62728063832,0.08505341681109871,0.050588396186827325,0.08271903797216651,0.04987278186841022,0.0023343788389321996,0.0007156143184171085
21119,PJM,2028,5425.947719604167,0.36910345178223286,0.1607667227657703,0.23748563266240572,0.14639760979619532,0.13161781911982715,0.014369112969574993
21121,PJM,2028,10900.856105929168,0.34817384390362566,0.2155621365146935,0.2799685776849232,0.17238946031292662,0.06820526621870243,0.043172676201766874
21123,PJM,2028,5862.945893416667,0.1745863795080718,0.12959431439986438,0.15901583596484958,0.11275563656784003,0.01557054354322221,0.01683867783202435
21125,PJM,2028,22870.712844995833,0.19552833651069562,0.1306846720362414,0.1615797487367593,0.10972689547288969,0.033948587773936334,0.02095777656335171
21127,PJM,2028,5504.1003831625,0.3539077275954889,0.15491111686555523,0.2753491676546922,0.13357794333338321,0.07855855994079669,0.02133317353217201
21129,PJM,2028,2564.4527658708334,0.37948851971037517,0.23527779000124374,0.31165134275061224,0.2174313976828711,0.06783717695976293,0.01784639231837265
21131,PJM,2028,3623.095316883333,0.3617777404160891,0.19404042509217215,0.22690218676715504,0.13788847281043082,0.13487555364893408,0.05615195228174133
21133,PJM,2028,8187.411032958333,0.37214951630532606,0.20527229347760045,0.24642269870210728,0.1734851737521851,0.12572681760321877,0.03178711972541534
21135,PJM,2028,4674.1656656791665,0.38397662628667567,0.15893321820880688,0.288315060461709,0.1461570431701993,0.09566156582496665,0.012776175038607562
21137,PJM,2028,9406.268476045832,0.18213362079637205,0.08988336812074643,0.13683963650573866,0.06880714389362275,0.04529398429063339,0.021076224227123685
21147,PJM,2028,5194.244980875001,0.2408381277568147,0.1900612860269565,0.21667091852739548,0.1770008815071889,0.02416720922941923,0.013060404519767588
21151,PJM,2028,35464.0141138425,0.1076012909752094,0.06104159723316164,0.0910266773843798,0.030243741764970824,0.016574613590829596,0.030797855468190815
21153,PJM,2028,4416.3139147875,0.43588791844317065,0.2439079070390683,0.3156853881125772,0.226487773188702,0.12020253033059347,0.01742013385036631
21155,PJM,2028,7389.035779070833,0.18365041494119125,0.12156085571273056,0.15134832506508195,0.0963824956803618,0.0323020898761093,0.02517836003236877
21159,PJM,2028,3714.5544251833335,0.3746916897761719,0.22045114431221463,0.291265658452409,0.19605302852976508,0.08342603132376292,0.024398115782449548
21161,PJM,2028,6490.7516516666665,0.1526281917535113,0.09256152989935007,0.13299005160391297,0.08855235133064226,0.019638140149598332,0.004009178568707805
21165,PJM,2028,2166.1096165416666,0.2918997580638693,0.1662545717542204,0.23686386958184244,0.13861474347585234,0.05503588848202687,0.027639828278368056
21167,PJM,2028,8905.203229449999,0.1542133364641716,0.07019583020326059,0.12984525465509772,0.05836077599381545,0.024368081809073877,0.01183505420944514
21169,PJM,2028,4115.2881773291665,0.21699441186734159,0.1074958331349722,0.17066332052047928,0.10165266845010207,0.04633109134686231,0.005843164684870131
21173,PJM,2028,10475.015938570832,0.18227615426048727,0.07929746340963525,0.12580721671522022,0.06803962311096079,0.05646893754526705,0.011257840298674465
21175,PJM,2028,4600.240194837499,0.2593983667684305,0.11795769386504862,0.19952666794280796,0.10930286508501798,0.059871698825622516,0.00865482878003064
21179,PJM,2028,18073.633613956667,0.10030594434932717,0.03973478864563247,0.0908104634640774,0.028746441964615725,0.009495480885249777,0.010988346681016746
21181,PJM,2028,2475.1288244458333,0.21491692804040874,0.1344785451047611,0.1883872066151538,0.0934751291605872,0.02652972142525495,0.04100341594417389
21185,PJM,2028,21817.85155746583,0.03973559362554837,0.0213343970445792,0.02985715064638242,0.01773159713309561,0.009878442979165951,0.0036027999114835903
21187,PJM,2028,4052.409011941666,0.18811606651938328,0.11056210175758938,0.1491597817768272,0.07630642863017383,0.03895628474255608,0.03425567312741555
21189,PJM,2028,1295.7421177291667,0.34997148744874756,0.19487334555494593,0.28014398767762544,0.17125673145239384,0.06982749977112213,0.023616614102552086
21191,PJM,2028,5047.784425419167,0.2171609726019827,0.17037642836809216,0.196111328957185,0.1530301329533346,0.021049643644797694,0.017346295414757573
21193,PJM,2028,11007.486605766668,0.2979055005181272,0.15070127735057057,0.1802916582434133,0.132106985980101,0.11761384227471389,0.018594291370469557
21195,PJM,2028,23585.50145349583,0.379230136645527,0.1794242091588473,0.2943965177169259,0.16477259426481897,0.08483361892860114,0.01465161489402833
21197,PJM,2028,4472.505325766667,0.28442314326522183,0.151438656514377,0.2201106016491063,0.097098865212208,0.06431254161611552,0.054339791302169
21199,PJM,2028,25119.22749265,0.15390897077688387,0.1287495467151133,0.14462761717611258,0.10720590740667203,0.009281353600771286,0.021543639308441262
21201,PJM,2028,747.75950715,0.17573497215369596,0.13035514752353847,0.16657017121461729,0.12035137144962745,0.009164800939078677,0.010003776073911022
21203,PJM,2028,6201.754472070834,0.28972584785014754,0.16421041693907107,0.21546256792079674,0.1372093846888506,0.0742632799293508,0.027001032250220464
21205,PJM,2028,8799.926772183335,0.1798195647412825,0.08650186855033767,0.1409187425020084,0.07905132461998934,0.0389008222392741,0.00745054393034833
21207,PJM,2028,6853.610359333334,0.147237567019566,0.0913834052219044,0.12433581944118921,0.08646206568601038,0.02290174757837679,0.00492133953589402
21209,PJM,2028,21050.396041445834,0.07038798995836996,0.04506362610101494,0.06242779055518933,0.03063700811591496,0.007960199403180636,0.014426617985099983
21211,PJM,2028,17147.353828435836,0.09186347282252096,0.05350553970880677,0.07621191017538717,0.03495987483955416,0.015651562647133785,0.01854566486925261
21215,PJM,2028,6745.632096014167,0.07326424376034667,0.05675197056989475,0.06666862720432037,0.04198197117148837,0.006595616556026293,0.014769999398406376
21217,PJM,2028,9545.6912555,0.12070930790094421,0.0648063072372468,0.097259702419236,0.056787621652090205,0.023449605481708213,0.008018685585156594
21223,PJM,2028,3156.3592741975,0.18277229534228953,0.11153798208813726,0.16013591581744413,0.10349330477349417,0.0226363795248454,0.00804467731464309
21229,PJM,2028,4501.3313152,0.164953438969498,0.1160237423572013,0.15743591336122587,0.08138941182716639,0.007517525608272124,0.03463433053003491
21231,PJM,2028,7736.626328412501,0.1965717873556941,0.14296076928375878,0.19072159093130248,0.10922565294933004,0.005850196424391635,0.033735116334428744
21235,PJM,2028,12644.394234570833,0.24805829854553924,0.1193620005350057,0.1950362965365131,0.09214053920481943,0.053022002009026126,0.02722146133018627
21237,PJM,2028,2433.114459516667,0.39220452235474856,0.18719904286910505,0.30875587057738824,0.10502337480659579,0.08344865177736033,0.08217566806250926
21239,PJM,2028,10302.613649768333,0.09229726410974515,0.04472766229344421,0.06972623696976347,0.04073064632255745,0.022571027139981673,0.0039970159708867595
22001,MISO,2028,20873.484652258332,0.29571616046663174,0.14794057277007658,0.24929145543424394,0.1322716031856371,0.0464247050323878,0.015668969584439474
22003,MISO,2028,7457.858676020834,0.26346801132981285,0.12260008807642264,0.24018604434690186,0.11370659886395043,0.02328196698291099,0.008893489212472211
22005,MISO,2028,45223.479956426665,0.11035610264133992,0.058708745203998804,0.07823607063577756,0.03928662680784074,0.03212003200556236,0.019422118396158067
22007,MISO,2028,8192.409223595834,0.23213540079853084,0.12924880742603773,0.1783003788287765,0.11701711376120193,0.05383502196975434,0.0122316936648358
22009,MISO,2028,14311.596296920832,0.39951465915680834,0.22472541167981383,0.3646999172006274,0.18752968455802294,0.03481474195618095,0.037195727121790895
22011,MISO,2028,13304.595621633334,0.16632929668672095,0.09782164537633836,0.14027316905279882,0.0887812836663269,0.02605612763392212,0.009040361710011463
22013,MISO,2028,5332.168409179167,0.38892372767396804,0.16414645039732284,0.36064505148873,0.1311720787558553,0.02827867618523805,0.03297437164146755
22017,MISO,2028,93305.01487788332,0.303213827496955,0.14601616004877666,0.28363300286385623,0.14060497514294248,0.019580824633098792,0.005411184905834171
22019,MISO,2028,76126.724592115,0.19027407418163517,0.1062069451869045,0.14334785007347206,0.09810008115400408,0.046926224108163106,0.008106864032900424
22021,MISO,2028,3403.5680720708333,0.30870765843898185,0.14784502129912477,0.26455849292190303,0.13500282989651846,0.044149165517078814,0.012842191402606312
22023,MISO,2028,2150.2608660958335,0.10608620777371612,0.03088317541934949,0.04939976837610324,0.028797796607549015,0.05668643939761288,0.0020853788118004764
22025,MISO,2028,2991.8011168833336,0.3392261189094084,0.14569381340313792,0.2876272591457455,0.13889164375935487,0.05159885976366291,0.0068021696437830514
22027,MISO,2028,5001.650851170833,0.40597834820204076,0.23559640889850514,0.38576846149006905,0.22279203801730396,0.020209886711971714,0.012804370881201177
22029,MISO,2028,6221.051018958333,0.4858883924987165,0.30351174944154774,0.426102037711176,0.2524724644164161,0.05978635478754052,0.051039285025131664
22031,MISO,2028,10083.513777304166,0.3376024097158474,0.15274174766339235,0.2873681869881734,0.14807976219873142,0.05023422272767397,0.004661985464660928
22033,MISO,2028,171905.64957644584,0.24756272572702656,0.1486057774772146,0.19127879880961982,0.1286655767162404,0.056283926917406746,0.01994020076097419
22035,MISO,2028,2225.8914738458334,0.44951137753042414,0.25939210949710906,0.3949247523088739,0.25208997366405167,0.05458662522155022,0.007302135833057388
22037,MISO,2028,6454.29251908,0.23484151902539646,0.13533342199544027,0.1845973249602829,0.1170199269608445,0.05024419406511357,0.01831349503459577
22039,MISO,2028,11910.370517995834,0.41816627845663984,0.1732886195537768,0.3628025330400987,0.16724889536099793,0.055363745416541155,0.0060397241927788725
22041,MISO,2028,7092.4968741125,0.3592225529963748,0.1807060429597125,0.34028019607486004,0.16303043575346746,0.018942356921514747,0.01767560720624503
22043,MISO,2028,6640.967086129167,0.2863394697546035,0.12407112366148745,0.23610812564546252,0.11148601511676975,0.050231344109140985,0.012585108544717699
22045,MISO,2028,26488.2379976,0.30079287248068004,0.14818614971567054,0.2547403634005922,0.1343792745792495,0.046052509080087844,0.013806875136421037
22047,MISO,2028,10652.287171670832,0.23970346932188416,0.1397155093536022,0.22378435581441367,0.1239327867069161,0.015919113507470495,0.015782722646686093
22049,MISO,2028,5376.886951579167,0.3172838745016059,0.15025948294537142,0.28221404901324987,0.14455720025662558,0.03506982548835602,0.005702282688745841
22051,MISO,2028,174894.42816830752,0.13809232673819863,0.09682965003435963,0.12852980710182563,0.08764680248558318,0.009562519636373001,0.009182847548776449
22053,MISO,2028,11557.360428804168,0.21076226508036974,0.11898968534892286,0.16060569875371827,0.09553001039623235,0.05015656632665147,0.02345967495269051
22055,MISO,2028,96625.15246430249,0.20363345339026367,0.11156109650077864,0.15543776570803244,0.10817882548060367,0.04819568768223123,0.003382271020174965
22057,MISO,2028,36074.23585443916,0.15724749895858023,0.09405307587638016,0.13852245148377573,0.0909190832824362,0.018725047474804496,0.0031339925939439656
22059,MISO,2028,4587.510111645834,0.23288575796912525,0.10555324846222017,0.22566601001621725,0.08327502912858825,0.007219747952908001,0.022278219333631916
22061,MISO,2028,17726.185636933333,0.2178455626371044,0.15245768143138458,0.18855897898436694,0.14529011482127807,0.029286583652737452,0.007167566610106507
22063,MISO,2028,49127.8272322125,0.19229567777544634,0.1014789211798504,0.12083551129733766,0.09078835929338937,0.07146016647810868,0.01069056188646103
22065,MISO,2028,2981.4473331416666,0.38027953340851234,0.243568240492431,0.3633740546925017,0.2431887257556043,0.016905478716010613,0.0003795147368267082
22067,MISO,2028,9314.779313491666,0.36905363219887044,0.23660925709160352,0.3323698378011966,0.190252559221023,0.03668379439767383,0.04635669787058053
22069,MISO,2028,13666.707907737498,0.3294324358289204,0.17275243047016672,0.31534115177907723,0.15664952884706232,0.014091284049843167,0.016102901623104404
22071,MISO,2028,154637.87520439,0.29191288607598614,0.18485801799117368,0.2266148756167197,0.16803629419461474,0.06529801045926645,0.01682172379655894
22073,MISO,2028,58661.32019112083,0.2825106549671856,0.1686777369848026,0.25885106145581116,0.15067881238029546,0.02365959351137442,0.01799892460450714
22075,MISO,2028,7979.912065813334,0.141559997109216,0.11271757177731798,0.12840165176000176,0.10796674223341672,0.013158345349214229,0.0047508295439012554
22077,MISO,2028,8014.921662595834,0.24731724416896408,0.20099968188313375,0.24389493033924706,0.1795633792924538,0.0034223138297170275,0.02143630259067994
22079,MISO,2028,48119.28366633333,0.27839685340107273,0.12078584276061152,0.24836337258346183,0.11163053545117979,0.030033480817610897,0.009155307309431732
22081,MISO,2028,2906.333299875,0.3521410411266953,0.2634886059694539,0.34127585642482666,0.1570880334275962,0.010865184701868646,0.1064005725418577
22083,MISO,2028,7127.485098641667,0.3480771870486929,0.1717932956265812,0.31580887784257033,0.1568742709169495,0.03226830920612256,0.01491902470963169
22085,MISO,2028,8247.93302435,0.34058841355797936,0.16412249721933775,0.29720843352111875,0.15349709939597542,0.04337998003686061,0.010625397823362331
22087,MISO,2028,15325.546456348333,0.22321442776893352,0.15611014389075575,0.18950952576182128,0.1537271157811857,0.033704902007112236,0.0023830281095700567
22089,MISO,2028,18180.386979896666,0.10759508210755837,0.05659717286346134,0.0793221875927141,0.053518916385099057,0.02827289451484427,0.0030782564783622818
22091,MISO,2028,3809.5234495199998,0.3011282569095465,0.15309622457724634,0.277536005282555,0.11896886073955133,0.023592251626991467,0.034127363837695004
22093,MISO,2028,7358.2519694041675,0.12954638421589978,0.056539444028944834,0.12338393277971466,0.031314221140168165,0.006162451436185129,0.02522522288877667
22095,MISO,2028,15002.419264269169,0.15104000967970227,0.09709546668728301,0.12365343455354608,0.06461611654714612,0.027386575126156193,0.03247935014013689
22097,MISO,2028,30351.252312166667,0.36403677125155676,0.20045037740278082,0.3213601444565474,0.16846882141939262,0.04267662679500933,0.0319815559833882
22099,MISO,2028,19606.880385749166,0.25130829616783507,0.1570097179346977,0.20074784100776638,0.15306261500565402,0.050560455160068685,0.003947102929043683
22101,MISO,2028,18279.428146924998,0.3452265894004862,0.1831597613968967,0.2937628513372005,0.14379189042403534,0.05146373806328569,0.039367870972861346
22103,MISO,2028,99979.66344572583,0.1401973579071567,0.06340891881077194,0.09833672792025328,0.05760797843938492,0.04186062998690343,0.005800940371387023
22105,MISO,2028,47801.259121925,0.23184682015560668,0.11120384879018504,0.19624862273902774,0.10819423664517744,0.035598197416578936,0.003009612145007598
22107,MISO,2028,1562.0736233416665,0.3650449536490528,0.19674935776022898,0.3240676662193685,0.17354363235991938,0.04097728742968432,0.0232057254003096
22109,MISO,2028,40227.246393074995,0.18171762114019308,0.09572402922714647,0.12375406531973474,0.08941411610210355,0.05796355582045834,0.006309913125042921
22111,MISO,2028,8086.4980405999995,0.34328081953918316,0.17605806945390645,0.31598954318822453,0.15478799246582894,0.027291276350958626,0.021270076988077508
22113,MISO,2028,21023.655567395832,0.2619627538111677,0.13113955459557958,0.2199469849436106,0.12200247283165744,0.04201576886755709,0.009137081763922139
22115,MISO,2028,17448.096772616664,0.23216383611983707,0.1211680432275753,0.1969942358836634,0.11146251161963687,0.03516960023617366,0.009705531607938425
22117,MISO,2028,16652.220901566667,0.3168480595349259,0.12173560242151328,0.2741543224583529,0.08369911264522108,0.04269373707657298,0.038036489776292204
22119,MISO,2028,14477.2410151125,0.465040858541721,0.27808977814970876,0.4192712580353717,0.18463957934828887,0.04576960050634932,0.09345019880141989
22121,MISO,2028,9796.648335094167,0.1626402959270884,0.08312507357740517,0.13836336712842082,0.07596515177550398,0.02427692879866758,0.007159921801901198
22123,MISO,2028,3741.6769968124995,0.3261104434260299,0.1580255283391751,0.30100440395472894,0.1376008087920477,0.025106039471300967,0.020424719547127407
22125,MISO,2028,3747.7440598124995,0.24614050696882922,0.08366056728733846,0.17903174962057092,0.060081579720058405,0.0671087573482583,0.02357898756728006
22127,MISO,2028,4803.580561041667,0.3624978223964107,0.2133803992415806,0.301695448769206,0.1451950803285279,0.0608023736272047,0.06818531891305268
24001,PJM,2028,26666.477862033338,0.17678478483868054,0.09194957544459535,0.15616506206177305,0.08157002516588843,0.02061972277690749,0.01037955027870692
24003,PJM,2028,193069.99673910916,0.06601919128296149,0.03626655303745414,0.058910710289712176,0.01874810038528604,0.0071084809932493165,0.017518452652168098
24005,PJM,2028,326322.6920135475,0.10881417830579238,0.06094184548730696,0.09288293374275976,0.0430053684365466,0.015931244563032618,0.01793647705076036
24013,PJM,2028,61989.40874574917,0.06160733439917749,0.03296389493968931,0.04873794647098502,0.026161141878604223,0.01286938792819247,0.00680275306108509
24017,PJM,2028,58193.22883095333,0.10518643213677115,0.05922662125677995,0.08116591647505061,0.035253973040510145,0.024020515661720532,0.023972648216269807
24021,PJM,2028,98652.08427072334,0.05669151213624928,0.02752979272720729,0.04075527249142143,0.023745211400889244,0.01593623964482785,0.003784581326318044
24023,PJM,2028,12019.210306415833,0.15210435945785808,0.058245602099552186,0.13482250217650887,0.055076256611188514,0.017281857281349206,0.003169345488363673
24025,PJM,2028,97132.84759477916,0.09012075383877491,0.04923696076607895,0.08062136448632487,0.029731812975647025,0.009499389352450038,0.019505147790431922
24027,PJM,2028,117643.62089344251,0.047310789231668746,0.0259416258362132,0.03331536365620991,0.01674184297209481,0.013995425575458832,0.009199782864118388
24031,PJM,2028,369549.9565311633,0.05694306857349646,0.02902601148001701,0.04525594561523469,0.014941806979704063,0.01168712295826177,0.014084204500312947
24033,PJM,2028,339223.0202935833,0.0775055401032601,0.03656381201607566,0.06813612598049225,0.03549997549277306,0.009369414122767858,0.0010638365233026012
24043,PJM,2028,57734.388594695,0.10281004805173843,0.049176996469527876,0.09604412114011163,0.041610715105284954,0.006765926911626807,0.007566281364242922
24510,PJM,2028,245315.75649944998,0.22394127777957876,0.14620077778387797,0.1906304115615746,0.12791931418074384,0.033310866218004165,0.018281463603134124
26001,MISO,2028,4772.9626107683325,0.2785650037273466,0.13000604707215146,0.26350622364328685,0.11849580949764782,0.015058780084059753,0.011510237574503646
26003,MISO,2028,3199.976778483333,0.17854477099595067,0.1037585795739328,0.16741900553981068,0.09606771496006589,0.011125765456139997,0.007690864613866907
26005,MISO,2028,43264.0290925175,0.09459282610902178,0.04126274276788093,0.09038552409380145,0.03795176610839067,0.004207302015220335,0.003310976659490261
26007,MISO,2028,12353.209613345833,0.15834252369057353,0.08787582631330004,0.1482086691035906,0.08621539208538029,0.010133854586982932,0.0016604342279197548
26009,MISO,2028,10446.604142879167,0.15307968375621742,0.065083238320491,0.14802166214581522,0.05988040144498998,0.005058021610402197,0.005202836875501014
26011,MISO,2028,6255.6274351525,0.1994449841661515,0.09771492397004168,0.1820222813223544,0.09363100304926562,0.0174227028437971,0.004083920920776057
26013,MISO,2028,3176.378249525,0.18324043213352792,0.08714214738113314,0.16630945322443794,0.0831069098619817,0.016930978909089983,0.004035237519151441
26015,MISO,2028,23913.083137375834,0.13920810909978315,0.07883734872027948,0.13109315410784278,0.07742875840287203,0.00811495499194037,0.0014085903174074488
26017,MISO,2028,44123.78348309584,0.14733321539066063,0.08192797463390517,0.13385420838681086,0.0806546790874903,0.013479007003849769,0.0012732955464148654
26019,MISO,2028,7057.721204854166,0.14544195503710663,0.09831094224711641,0.13851813884276273,0.08504388531605873,0.006923816194343901,0.013267056931057675
26021,PJM,2028,62051.45464497749,0.16668195787454426,0.09718912641918433,0.12962187555618718,0.07265583798042217,0.037060082318357085,0.024533288438762152
26023,MISO,2028,16365.692972587502,0.10887591387623452,0.07428487683206168,0.10580717858671015,0.0727875875916339,0.003068735289524366,0.0014972892404277877
26025,MISO,2028,51966.72735397167,0.15835398377275797,0.07644908149604761,0.1338506160393555,0.07121703854528275,0.024503367733402476,0.005232042950764862
26029,MISO,2028,11976.329161432499,0.12619560852171488,0.05384424025407032,0.12050007113134353,0.050623996586598025,0.005695537390371347,0.0032202436674722973
26031,MISO,2028,10523.1627943725,0.169470430635521,0.08587682782570262,0.15701793403312977,0.0795346015896394,0.012452496602391228,0.006342226236063217
26033,MISO,2028,13371.240413542502,0.16519524113424885,0.09825754942938429,0.15602044369324874,0.08892260427168487,0.00917479744100011,0.00933494515769942
26035,MISO,2028,11718.4228140125,0.24803359896978594,0.12401828858705517,0.22506594948273217,0.12023473842076063,0.022967649487053765,0.003783550166294544
26037,MISO,2028,30529.477480433336,0.09049774715180016,0.05232162432091279,0.08731787284511129,0.05171131685620293,0.003179874306688868,0.0006103074647098583
26039,MISO,2028,5763.50051304,0.23989164519970338,0.14787243153778568,0.2204472813276181,0.14192004990850537,0.019444363872085285,0.005952381629280301
26041,MISO,2028,15598.286558045831,0.2099938304776233,0.09981754384652065,0.18168614105181,0.09712595874530255,0.0283076894258133,0.0026915851012180997
26043,MISO,2028,11423.631379325,0.1253797397421477,0.07058191266447443,0.11215067365286739,0.065721689284267,0.013229066089280303,0.004860223380207432
26045,MISO,2028,44070.604305471665,0.09315906315571969,0.04422442002086076,0.07575723608415133,0.043138925575362676,0.017401827071568357,0.0010854944454980822
26047,MISO,2028,14161.784488406665,0.1560157418243849,0.06230707532384166,0.12803098357750323,0.060812080266556906,0.02798475824688168,0.0014949950572847523
26049,MISO,2028,164746.13215435419,0.21569468754217322,0.0958635609187862,0.20522311854815176,0.09261827123330063,0.010471568994021463,0.0032452896854855695
26051,MISO,2028,10715.294369055,0.21375323616466324,0.12215361645150354,0.20287388536345446,0.11305001489273121,0.010879350801208776,0.009103601558772323
26053,MISO,2028,6806.012627445833,0.2714045319316007,0.10517460185340075,0.19798607123823733,0.10333982765688468,0.07341846069336336,0.0018347741965160647
26055,MISO,2028,37328.721364569166,0.0768548895644655,0.04360052634242658,0.07278846192373528,0.04259242058299069,0.004066427640730216,0.0010081057594358914
26057,MISO,2028,14412.389597995834,0.19263280143849762,0.07811932519931075,0.17890369051692295,0.07533966954100102,0.013729110921574667,0.002779655658309732
26059,MISO,2028,17247.045537029167,0.21640225290060866,0.08418517649275212,0.1914817500023655,0.07058405092399729,0.024920502898243158,0.013601125568754827
26061,MISO,2028,13829.0145499375,0.1588456884715208,0.07918135233413642,0.14093057210094614,0.07614012171368054,0.017915116370574663,0.003041230620455887
26063,MISO,2028,13461.038620816667,0.2565709866514842,0.10019028199461313,0.20562130015284627,0.09462513680737732,0.05094968649863793,0.005565145187235818
26065,MISO,2028,113184.50817140666,0.11598137139259246,0.06429137653731165,0.1050399591500009,0.052067608652681195,0.010941412242591556,0.012223767884630456
26067,MISO,2028,22314.507808831666,0.14462764439981046,0.06845660845259963,0.12162545772430217,0.06419936119494776,0.023002186675508296,0.004257247257651864
26069,MISO,2028,11281.318642333334,0.19999610969495457,0.12282475621470515,0.18750448858358426,0.11718950898034301,0.01249162111137031,0.005635247234362137
26071,MISO,2028,5086.898056770833,0.19932926316370242,0.11280160926337794,0.198076853869656,0.11194963419478683,0.0012524092940464082,0.0008519750685911098
26073,MISO,2028,24239.595666850833,0.2125039092119357,0.09985556753431998,0.18605150747993374,0.09725897001666521,0.026452401732001973,0.0025965975176547723
26075,MISO,2028,60563.02439104667,0.17785737860353207,0.07390515059042138,0.15052592146098923,0.0713050112918417,0.027331457142542842,0.002600139298579676
26079,MISO,2028,7262.089770320832,0.22373254204139179,0.094082922062343,0.2053089461937754,0.08963379113478553,0.01842359584761638,0.004449130927557471
26081,MISO,2028,250297.79169441081,0.07628072472440041,0.03533765304272229,0.07154622661630226,0.026632568129001416,0.004734498108098145,0.008705084913720872
26083,MISO,2028,1055.7583443583335,0.23678468856220136,0.0969146858757281,0.19890790485547388,0.08838879164314456,0.03787678370672748,0.008525894232583542
26085,MISO,2028,4496.436935646667,0.3578832998596407,0.16102572317816127,0.35150943143574276,0.15507751436965644,0.0063738684238979215,0.005948208808504829
26087,MISO,2028,33694.92542939916,0.12187301970962969,0.08138985795169242,0.11877942365087765,0.07901054869433909,0.003093596058752035,0.002379309257353329
26089,MISO,2028,9045.722980177501,0.11491833931779719,0.06518514322722452,0.10943975191887581,0.05472812113524237,0.005478587398921375,0.010457022091982147
26091,MISO,2028,37653.17002485834,0.12448106153772996,0.06181148419276879,0.09997261049717764,0.05814782021319963,0.024508451040552326,0.0036636639795691595
26093,MISO,2028,73713.66943356584,0.06847445893737131,0.029962327762951154,0.06466710534070082,0.02972723015984487,0.0038073535966704902,0.00023509760310628375
26095,MISO,2028,2054.0939317958337,0.19908037919221058,0.10182548345357557,0.18932859127576376,0.09600582643515698,0.009751787916446819,0.005819657018418592
26097,MISO,2028,5041.095834520834,0.18702380628971893,0.10663122359177038,0.17633343209532398,0.08548404002390109,0.010690374194394947,0.021147183567869293
26099,MISO,2028,351532.2330202642,0.09547352248106736,0.07200238054033847,0.09341181532231523,0.06763970817321704,0.0020617071587521324,0.0043626723671214285
26101,MISO,2028,9760.880229179165,0.1826011029720133,0.08513547988837979,0.17403767866097697,0.08513547988837979,0.008563424311036322,0.0
26103,MISO,2028,26773.891520620837,0.12176384100333819,0.0613937633581024,0.1171739868922158,0.060606143973514305,0.004589854111122393,0.0007876193845880938
26105,MISO,2028,11981.90325629,0.19386834236891662,0.0828858885111023,0.17803531952413246,0.07291603691867775,0.01583302284478416,0.009969851592424556
26107,MISO,2028,15792.003570425,0.21637717362556122,0.11967390405648226,0.20816404358093096,0.10446241936195118,0.008213130044630257,0.015211484694531083
26109,MISO,2028,9790.747282441665,0.16583317447187315,0.08921176520779062,0.15051781982433649,0.08759398853587384,0.015315354647536666,0.0016177766719167735
26111,MISO,2028,33784.81317012167,0.15985676810837263,0.0804390300831741,0.13179237063329596,0.07568156478486628,0.028064397475076663,0.004757465298307825
26113,MISO,2028,5715.342433398333,0.21789933663992297,0.0936257894838557,0.20806318351259873,0.08095643640592556,0.009836153127324249,0.012669353077930143
26115,MISO,2028,60919.73485117416,0.08889524122813527,0.06334919810555639,0.08408693914190493,0.04120587460299193,0.004808302086230343,0.022143323502564462
26117,MISO,2028,23685.637822812503,0.19390124609905138,0.09694349111613579,0.17451919820178033,0.09013451409868614,0.01938204789727105,0.006808977017449647
26119,MISO,2028,4616.966919534167,0.25350441798156903,0.1339335003537829,0.25009695541811905,0.13103484402000157,0.003407462563449981,0.0028986563337813354
26121,MISO,2028,65119.7732379275,0.09532921000258593,0.05530329758038303,0.09445572798473288,0.054251727762132336,0.0008734820178530472,0.0010515698182506916
26123,MISO,2028,18804.3867408725,0.24079603506632302,0.10157250161023038,0.21220815350272443,0.09842053613026405,0.028587881563598594,0.0031519654799663233
26125,MISO,2028,521526.56082772743,0.06876477680763407,0.05182387976934601,0.0667334968817143,0.05096746602185418,0.0020312799259197684,0.0008564137474918257
26127,MISO,2028,9786.312969478333,0.2526876206194761,0.10405423654454019,0.24269906869744987,0.09976889762638694,0.009988551922026218,0.0042853389181532475
26129,MISO,2028,8879.656253620833,0.22590621930132312,0.13070953532792695,0.22221594938528466,0.11081682928336901,0.0036902699160384633,0.019892706044557937
26131,MISO,2028,2846.0360218083333,0.2580998935588322,0.1212069068589362,0.22802279461815292,0.12071557932122472,0.03007709894067931,0.0004913275377114862
26133,MISO,2028,8784.525878295834,0.2378397169375162,0.11932907792799662,0.22701526420420448,0.1128681149875383,0.010824452733311729,0.006460962940458309
26135,MISO,2028,3435.683997983334,0.24688031771874494,0.11772711065101338,0.2452234421569913,0.11739509525010063,0.0016568755617536457,0.0003320154009127524
26137,MISO,2028,10488.044794161666,0.12073609100866263,0.06758536073484855,0.1167567005915311,0.06622705189086553,0.003979390417131523,0.0013583088439830249
26139,MISO,2028,106091.79930614916,0.05152539566659194,0.025794385365040362,0.05026734873767852,0.018599798025503878,0.0012580469289134241,0.0071945873395364845
26141,MISO,2028,6044.054568874167,0.17252581433000452,0.08450926865089671,0.14304158418709328,0.07991784240499902,0.02948423014291124,0.004591426245897687
26143,MISO,2028,11213.417281721668,0.17017261169933198,0.09685025872816914,0.16439083455865475,0.08856217488761749,0.005781777140677236,0.008288083840551658
26145,MISO,2028,75801.60213027333,0.21763140471738887,0.09543115884703904,0.21356467339092716,0.08701896743006278,0.004066731326461709,0.008412191416976258
26147,MISO,2028,64617.187098355,0.12545939807013634,0.08182854115900186,0.12040458718827556,0.07862134521308596,0.005054810881860786,0.003207195945915897
26151,MISO,2028,16995.631359,0.2360594910823244,0.0960889809168146,0.1971731302119554,0.09356231134280708,0.03888636087036901,0.0025266695740075173
26153,MISO,2028,3738.894939258333,0.17790209913318505,0.08559765692586832,0.16662090207222488,0.075461503989679,0.011281197060960174,0.010136152936189316
26155,MISO,2028,27376.201479037503,0.1682173019150869,0.07511183664682984,0.15863132835208987,0.07212549268444335,0.009585973562997036,0.0029863439623864924
26157,MISO,2028,21243.2838350375,0.1936482828587004,0.10318251156638081,0.1873066436328099,0.09683424991198882,0.006341639225890483,0.006348261654391993
26161,MISO,2028,146913.13311006164,0.09920094788707635,0.034322905994993866,0.09125807699760001,0.026641951917267172,0.007942870889476344,0.007680954077726693
26163,MISO,2028,684359.2651243676,0.18852617455626924,0.13958315160117502,0.1658772812907344,0.13412218114474989,0.022648893265534847,0.005460970456425129
26165,MISO,2028,12885.423899991665,0.17706305560513813,0.08320150199041519,0.16544579255179792,0.07960485048411926,0.01161726305334021,0.003596651506295928
27001,MISO,2028,6700.678917179999,0.32018777758872674,0.13618849121794935,0.28515538963114573,0.13478942516570738,0.03503238795758101,0.0013990660522419651
27003,MISO,2028,132001.03064151,0.05775246047950953,0.014352982605204555,0.04546259738690641,0.013786678865225832,0.012289863092603118,0.000566303739978723
27005,MISO,2028,13758.14815455,0.2198151338669205,0.09870288449570411,0.19661842752952327,0.08951097825626034,0.023196706337397233,0.00919190623944377
27007,MISO,2028,17216.9731836675,0.23569728576896584,0.12123758223658693,0.2087739595518625,0.10100661041307137,0.026923326217103333,0.02023097182351556
27009,MISO,2028,15407.020123136666,0.07280965534792767,0.039292236114501805,0.06650264670219068,0.03907070722879117,0.0063070086457369945,0.0002215288857106354
27011,MISO,2028,2171.8248583575,0.27990038655046207,0.14268001478919984,0.2398463984858863,0.12180275930263598,0.040053988064575774,0.020877255486563856
27013,MISO,2028,25572.92111600917,0.09130071135375112,0.03905294248238208,0.08290081160156659,0.03905294248238208,0.008399899752184525,0.0
27015,MISO,2028,10587.389143488334,0.265771524513257,0.09926454048270981,0.21089346286874083,0.0865964919847327,0.05487806164451614,0.012668048497977119
27017,MISO,2028,13447.770504454998,0.15052665179476432,0.06831377772637694,0.14027516345231658,0.06361843677296396,0.01025148834244774,0.00469534095341298
27019,MISO,2028,37792.48906580084,0.05668392652830172,0.019933173109654513,0.047596441663354,0.019933173109654513,0.009087484864947717,0.0
27021,MISO,2028,12219.805739558335,0.2746903534210483,0.10620616696619493,0.23961415680321307,0.10166450679598951,0.03507619661783523,0.004541660170205422
27023,MISO,2028,5048.486212538333,0.2928588328311904,0.11978544261177211,0.2544962515791449,0.07893104539937858,0.0383625812520455,0.040854397212393534
27025,MISO,2028,20511.817690471667,0.088045891896777,0.031037758997296053,0.07215632703828402,0.024142176019097256,0.01588956485849298,0.006895582978198797
27027,MISO,2028,24334.185865260835,0.07836363709715423,0.04386745870181692,0.0708987351288911,0.03596348861976961,0.007464901968263132,0.00790397008204731
27029,MISO,2028,3110.9674509041665,0.33071967213478054,0.17736547409380063,0.2877439239342834,0.14915629146654616,0.042975748200497155,0.02820918262725447
27031,MISO,2028,2544.0144325141664,0.19655866471211492,0.08304667605843997,0.17245800885836376,0.07938031380011656,0.02410065585375115,0.0036663622583234107
27033,MISO,2028,4479.658464800001,0.31490087552217294,0.1133699366653258,0.2953667959436888,0.11315061190964329,0.01953407957848413,0.00021932475568250953
27035,MISO,2028,27458.026502777502,0.13285356287623823,0.06686674472092684,0.12078339307550104,0.05591049154848675,0.01207016980073719,0.010956253172440089
27037,MISO,2028,166105.97013297916,0.04864588515411945,0.012815000844044747,0.037268417696310036,0.009448949773690573,0.011377467457809418,0.003366051070354174
27039,MISO,2028,7695.352213774166,0.07415121221031255,0.03315191770863457,0.07200570073689175,0.023183043007527705,0.0021455114734208053,0.009968874701106866
27041,MISO,2028,16714.538395331667,0.10809641354855663,0.051632275741421006,0.10229700607022983,0.04638293279708705,0.005799407478326801,0.005249342944333955
27043,MISO,2028,5913.530371708333,0.22571978826432607,0.10795317123690475,0.2020452086821428,0.10640562245869108,0.023674579582183275,0.0015475487782136699
27045,MISO,2028,8275.499122130834,0.1468759109457032,0.07599668330153002,0.12082066566468133,0.05887552281956854,0.026055245281021877,0.01712116048196148
27047,MISO,2028,12455.7295177175,0.15048626223347733,0.07017629841832906,0.112103133064157,0.06978761785223989,0.038383129169320324,0.0003886805660891779
27049,MISO,2028,18838.428201214167,0.11591141609645708,0.06230381923199336,0.09194822852873998,0.055779726295350246,0.023963187567717106,0.0065240929366431125
27051,MISO,2028,2486.0468851125,0.24886233473442168,0.14008191954616903,0.21445540249771824,0.09468878052931311,0.034406932236703436,0.04539313901685592
27053,MISO,2028,523940.52848666743,0.050102960114975476,0.026442284819340033,0.04523832701823805,0.022223479565396827,0.004864633096737424,0.004218805253943206
27055,MISO,2028,7743.28249308,0.13314249113297183,0.08004905800271907,0.10923781019947619,0.05745375700476467,0.02390468093349564,0.0225953009979544
27057,MISO,2028,8534.585263393332,0.23438388290944218,0.10137537123325113,0.20136396711258644,0.09742648565183272,0.03301991579685573,0.003948885581418413
27059,MISO,2028,15302.368952738334,0.13024596858601706,0.047773864382558845,0.09773293552351413,0.04356376608117973,0.03251303306250293,0.0042100983013791116
27061,MISO,2028,17541.640615383334,0.22732081681519276,0.09450926228893507,0.19612801584269893,0.08370167245744328,0.031192800972493828,0.010807589831491785
27063,MISO,2028,4292.5669838625,0.24178492686353045,0.0948577647797772,0.23480523232194228,0.08893919262691134,0.006979694541588172,0.005918572152865856
27065,MISO,2028,6400.016274328333,0.24870158387819274,0.09691526185274088,0.212206268323518,0.09062935894787333,0.03649531555467475,0.006285902904867552
27067,MISO,2028,16434.820742305834,0.1026653494246816,0.037398771455381945,0.08805137876577178,0.03348771174353453,0.01461397065890982,0.003911059711847416
27069,MISO,2028,1688.2253223508333,0.3386568261623045,0.1611226654920451,0.26681302562164333,0.1516605374182545,0.0718438005406612,0.009462128073790599
27071,MISO,2028,5448.476537095834,0.19815104949541182,0.10296352772583589,0.1728997413721016,0.09553658113942325,0.025251308123310223,0.007426946586412644
27073,MISO,2028,2796.577682125,0.13258073482452523,0.07338621560801926,0.1255205560694225,0.046970424156733775,0.007060178755102731,0.02641579145128549
27075,MISO,2028,4837.513022858333,0.20859425675897575,0.0994275927552548,0.1805736735935497,0.09677526938212784,0.02802058316542605,0.002652323373126958
27077,MISO,2028,1585.4579707958333,0.3832888237454397,0.24120448188526125,0.32747378986719666,0.180567829529385,0.05581503387824305,0.06063665235587626
27079,MISO,2028,11093.983852969166,0.09515127323242681,0.04975576072451799,0.08912110590585708,0.04564423870881526,0.0060301673265697325,0.00411152201570273
27081,MISO,2028,2395.3585170983333,0.27948051686195713,0.1450845053559332,0.2448636366789801,0.13294366369385552,0.03461688018297704,0.012140841662077684
27083,MISO,2028,9592.486386540833,0.12536732516858262,0.06318503133422056,0.10328224322737563,0.06013937536581678,0.022085081941206994,0.003045655968403775
27085,MISO,2028,14334.583948630001,0.15363132891151274,0.06765024131593399,0.11339736296668178,0.05117351203102813,0.04023396594483096,0.01647672928490586
27087,MISO,2028,1823.6280281633335,0.3565032229364656,0.19961693985183468,0.3142485471656208,0.16401501602435203,0.042254675770844796,0.035601923827482646
27089,MISO,2028,3687.84991045,0.26665889315661895,0.1360701368629637,0.1953753065214218,0.11925301642441376,0.07128358663519715,0.01681712043854995
27091,MISO,2028,8508.624117628335,0.24057780771793802,0.08867318146148205,0.23007400151316418,0.0846312239184193,0.010503806204773841,0.004041957543062746
27093,MISO,2028,8783.251516250833,0.22785896089027347,0.09057013177179618,0.1922343323233086,0.06583285800273714,0.035624628566964855,0.024737273769059043
27095,MISO,2028,10276.049393975833,0.1950643031161794,0.06824459031821932,0.16223413002737466,0.06196714752963661,0.03283017308880473,0.006277442788582707
27097,MISO,2028,13440.4913057475,0.16373800279710873,0.07402650354222537,0.14542650141250127,0.06343008244345964,0.018311501384607465,0.010596421098765726
27099,MISO,2028,15099.276745869167,0.08578014494448177,0.04693359731201749,0.08419612218977973,0.04686512052220815,0.0015840227547020413,6.84767898093408e-05
27101,MISO,2028,3480.3904792825,0.35738165383330434,0.16683838741221932,0.33859853532189804,0.1460424568087885,0.018783118511406294,0.020795930603430823
27103,MISO,2028,12393.936346718334,0.13116796626746832,0.05697240108099026,0.11005442286006753,0.0492844925813314,0.021113543407400792,0.007687908499658863
27105,MISO,2028,7388.2127862433335,0.16934624283285934,0.10871515532379154,0.16727489439996612,0.10855198325026319,0.002071348432893222,0.00016317207352835317
27107,MISO,2028,2608.6238727708333,0.23548634089302678,0.13320528888030547,0.20791305992135012,0.11058713323476624,0.02757328097167666,0.022618155645539234
27109,MISO,2028,63411.11019054,0.057150046221260964,0.02569122543404661,0.05576724497407908,0.015599216276417891,0.001382801247181882,0.010092009157628718
27111,MISO,2028,24172.569129024167,0.1467633547779502,0.06180585376002244,0.12701438417838726,0.04954542633814703,0.01974897059956293,0.012260427421875414
27113,MISO,2028,5957.608540588333,0.23865894047892394,0.10602397081340001,0.2028265081743975,0.08618340331979842,0.03583243230452643,0.019840567493601594
27115,MISO,2028,11172.209202523332,0.21332590911182914,0.10110167450467661,0.19960640259587092,0.09845850805719693,0.013719506515958213,0.0026431664474796807
27117,MISO,2028,3833.3826632333335,0.24245958861506248,0.1268334767229852,0.23048625448029086,0.12445948456962751,0.011973334134771613,0.002373992153357693
27119,MISO,2028,11996.109640995834,0.2678689111351698,0.12614556247442843,0.19218948603006805,0.11385341945587792,0.07567942510510176,0.012292143018550514
27121,MISO,2028,4804.753283909166,0.20319220601007731,0.07709033508122352,0.1470992398219383,0.06952113563759588,0.056092966188139026,0.007569199443627647
27123,MISO,2028,212464.01918350667,0.06410703275072001,0.021127692938592398,0.05524861796336995,0.01809332548438749,0.008858414787350055,0.0030343674542049094
27125,MISO,2028,1610.1242651966666,0.205313513414106,0.1333202629914905,0.19815576836250962,0.12048437651775781,0.007157745051596387,0.012835886473732683
27127,MISO,2028,5931.407547675,0.32074184347508844,0.17591604107173595,0.27197744667028445,0.13809963987767931,0.04876439680480399,0.03781640119405663
27129,MISO,2028,5807.616984971666,0.4299863662374163,0.20226346620892002,0.3529481360877831,0.134657109348006,0.07703823014963324,0.06760635686091401
27131,MISO,2028,22053.813363566667,0.0831973951683412,0.04119602898170022,0.07785928019161406,0.039191398859257605,0.005338114976727135,0.002004630122442612
27133,MISO,2028,3816.4257702,0.2843881671287223,0.12648267501122396,0.27208372927354224,0.12081555780550055,0.01230443785518004,0.00566711720572341
27135,MISO,2028,5664.0760651049995,0.31465444551125177,0.14014600829051863,0.23781342371444586,0.12093664500112987,0.07684102179680591,0.019209363289388756
27137,MISO,2028,83681.71071696334,0.1521124539459811,0.08679914101840809,0.12228398502870019,0.07616871247089907,0.029828468917280915,0.010630428547509022
27139,MISO,2028,51303.06033918666,0.03658798194032048,0.014731879833674823,0.03102730678860647,0.013787529199397736,0.0055606751517140104,0.0009443506342770875
27141,MISO,2028,33288.806698390836,0.06178250282136884,0.01754517711489189,0.054929785404765626,0.016510668499267703,0.0068527174166032115,0.001034508615624187
27143,MISO,2028,5718.503368596666,0.2329752307219984,0.0949296935175572,0.18510037265363907,0.08702312142185362,0.04787485806835934,0.007906572095703585
27145,MISO,2028,58867.05061957417,0.10877201133006786,0.045990368030597015,0.0975487972435845,0.03992454271793447,0.011223214086483357,0.0060658253126625455
27147,MISO,2028,14541.437418163332,0.06697249896516808,0.03722324018960019,0.06511025820235493,0.03189914796036178,0.001862240762813147,0.0053240922292384085
27149,MISO,2028,3691.2856137991666,0.14493219218553283,0.0506040979015655,0.12586415618920038,0.03845742025515076,0.019068035996332444,0.012146677646414736
27151,MISO,2028,4024.677264665,0.23481036181365172,0.10351119100469694,0.17188196698137329,0.07941813411091943,0.06292839483227844,0.024093056893777512
27153,MISO,2028,9560.50066513,0.24327647934726385,0.10694843874348116,0.2177204864797071,0.08734394531308562,0.025555992867556748,0.01960449343039554
27155,MISO,2028,1392.2160205333334,0.4514299055856318,0.23136403824561594,0.36099843741260845,0.17590610841856522,0.09043146817302333,0.05545792982705072
27157,MISO,2028,8954.798220530833,0.15167415532501932,0.07299492868207276,0.13243532207582218,0.060183250394303084,0.019238833249197146,0.012811678287769676
27159,MISO,2028,5647.303586095833,0.26312868561073144,0.11815951896796843,0.22230537105946827,0.10375810833276902,0.04082331455126317,0.01440141063519941
27161,MISO,2028,7279.8464098475,0.1034142939723693,0.04355719241700904,0.09734041028069498,0.037736635840062295,0.006073883691674317,0.005820556576946745
27163,MISO,2028,98412.09299001333,0.036449566321952696,0.0248305470725836,0.03444024556681203,0.014988592004809335,0.002009320755140667,0.009841955067774265
27165,MISO,2028,4072.885415225,0.25058006323496157,0.11239925969589551,0.24382154346080634,0.11060497287976052,0.0067585197741552305,0.001794286816134985
27167,MISO,2028,2584.059975643333,0.1495414945395356,0.07069488463124893,0.11953493395688923,0.06305751573075093,0.030006560582646377,0.007637368900498001
27169,MISO,2028,19611.862048659998,0.12528989553673658,0.053796234538045155,0.11743773911521743,0.04167950017159898,0.007852156421519152,0.012116734366446176
27171,MISO,2028,49541.01582731833,0.06608087109151044,0.017677368404614285,0.048477540236363935,0.01176421144080823,0.017603330855146503,0.005913156963806055
27173,MISO,2028,3926.09278723,0.19477915932747777,0.08505978243803781,0.1567437395634028,0.0631533404113121,0.038035419764074985,0.021906442026725717
29001,MISO,2028,8659.371190841666,0.30677465695598594,0.18885582067490128,0.3009061159917091,0.18866769932762345,0.005868540964276858,0.00018812134727783092
29007,MISO,2028,8813.9755704375,0.19274944922440249,0.09913238472911903,0.18207553499364593,0.09761738404715808,0.01067391423075656,0.0015150006819609485
29019,MISO,2028,73115.60655890833,0.12336329732375546,0.05748796298749361,0.1191989535923477,0.05183165921851924,0.004164343731407769,0.005656303768974372
29025,MISO,2028,3410.7252178758336,0.20488251580828643,0.1191335752475421,0.1995210283874219,0.1149710731129252,0.005361487420864536,0.0041625021346168994
29027,MISO,2028,15641.421081412498,0.15924128481063857,0.06902345890694933,0.14772071311079654,0.06048849041840983,0.011520571699842025,0.008534968488539504
29029,MISO,2028,16123.793881664165,0.1453701960779725,0.0987034385797673,0.13769206561726346,0.09743200648689535,0.007678130460709032,0.0012714320928719491
29031,MISO,2028,30889.718558529166,0.15722578337414675,0.0853689945198138,0.15100897183960754,0.0853689945198138,0.006216811534539207,0.0
29045,MISO,2028,2277.90236405,0.31316530410424637,0.09352854621274288,0.28987984987468324,0.09168276689342006,0.02328545422956313,0.001845779319322824
29047,MISO,2028,98151.435979195,0.06334686044341656,0.040756700507227184,0.06287509632159756,0.040756700507227184,0.00047176412181899885,0.0
29049,MISO,2028,7889.981707896666,0.16180496219663143,0.11212232561975072,0.16143497945673754,0.10770586292439051,0.0003699827398938871,0.00441646269536021
29051,MISO,2028,29305.35318980833,0.07412912227937249,0.04404573687833593,0.07302722266996721,0.04195990001419405,0.0011018996094052796,0.0020858368641418767
29053,MISO,2028,6050.549321225833,0.17945024872290283,0.09113374831366305,0.1725748630378272,0.09049464138391135,0.006875385685075619,0.0006391069297517066
29063,MISO,2028,3586.2714617166666,0.20093864044712387,0.0716866726973696,0.17429555630110033,0.06567163122455424,0.026643084146023538,0.006015041472815355
29069,MISO,2028,11030.351996854166,0.32830416856101147,0.1592901024827766,0.3176465984724178,0.1447520503868507,0.010657570088593693,0.014538052095925902
29071,MISO,2028,40581.811151104164,0.12003272273792538,0.05711127884740236,0.11448348224342188,0.04112330191337274,0.0055492404945035045,0.01598797693402962
29073,MISO,2028,5865.083543488333,0.20685227619922308,0.08135055831609782,0.1963794827355172,0.08135055831609782,0.010472793463705887,0.0
29089,MISO,2028,3300.402380708333,0.23149074617664064,0.09076800371001206,0.21982857978116838,0.08683400571073982,0.011662166395472268,0.003933997999272243
29093,MISO,2028,3784.1450945541665,0.2138332816379056,0.10405223281364602,0.1945473296160003,0.10304614174026752,0.019285952021905306,0.0010060910733784983
29099,MISO,2028,84897.97339057083,0.08522201042279029,0.04999792158727124,0.08387759547407794,0.036693963154672826,0.001344414948712347,0.013303958432598413
29103,MISO,2028,1144.3478573375,0.32887341762986777,0.19100207891203907,0.31714028404371664,0.1799547931823484,0.011733133586151134,0.011047285729690687
29111,MISO,2028,3285.099256775,0.277003141378444,0.15124216582406178,0.2681278545300979,0.148074520619165,0.008875286848346098,0.003167645204896763
29113,MISO,2028,21753.277692804164,0.1311108913265112,0.10301856273524415,0.12848143773889906,0.10038541568453796,0.0026294535876121294,0.0026331470507061916
29115,MISO,2028,4724.187923395833,0.26506848401803307,0.10832044443622849,0.24441801243993777,0.10251040701390889,0.020650471578095297,0.0058100374223196
29121,MISO,2028,5788.0863867875,0.2634420030090994,0.1306978038979938,0.2562375232501491,0.12887918948312804,0.007204479758950333,0.001818614414865749
29125,MISO,2028,3499.4314773625,0.2523185248004408,0.11149794342282017,0.23759659201532957,0.1035279776782642,0.014721932785111247,0.007969965744555968
29131,MISO,2028,9893.68748085,0.2014747106614604,0.08145123341581431,0.18784933897091605,0.07812543475324733,0.013625371690544341,0.0033257986625669783
29133,MISO,2028,4555.9590927624995,0.34830209316775246,0.1738693334452628,0.34093634010583196,0.16265636490562999,0.007365753061920499,0.011212968539632828
29135,MISO,2028,5557.2832588158335,0.12753453450130992,0.0658920195860283,0.12353717273950061,0.06484711405763215,0.003997361761809301,0.001044905528396159
29137,MISO,2028,3369.9941472749997,0.3201433033834961,0.17545586552025633,0.2941185250405078,0.17131807941966562,0.02602477834298833,0.004137786100590707
29139,MISO,2028,4587.795988941667,0.23337675744008476,0.1288541795232204,0.22504999726201377,0.1268274387914153,0.008326760178070991,0.002026740731805088
29141,MISO,2028,7616.959287412499,0.3023716152714338,0.13947766343988147,0.2791193241859099,0.1304035767133203,0.023252291085523902,0.009074086726561154
29143,MISO,2028,6676.33391405,0.2853421586120704,0.12496302548283315,0.2543051658938167,0.11855044696277092,0.03103699271825372,0.0064125785200622315
29151,MISO,2028,5131.1008674458335,0.14667916323067912,0.05187181031159939,0.14116563419113354,0.051853980219702264,0.005513529039545578,1.7830091897125255e-05
29155,MISO,2028,6146.664088025,0.3880869935113544,0.21548119857559062,0.3808059400331449,0.20132923251655874,0.007281053478209509,0.014151966059031879
29163,MISO,2028,6195.6307191375,0.23147722245266134,0.10804184266890149,0.21995362017364445,0.10533040056372407,0.011523602279016887,0.002711442105177417
29173,MISO,2028,3944.5235981958335,0.26652387536377103,0.14875592950735897,0.2466028252790559,0.13928670143114275,0.019921050084715147,0.009469228076216224
29175,MISO,2028,8968.345854403333,0.19866560142147535,0.07073451703779904,0.18588935731970022,0.06952626183684915,0.012776244101775136,0.001208255200949887
29183,MISO,2028,154828.42191664083,0.04419819697920833,0.026042990475370145,0.04209020097330884,0.026042990475370145,0.00210799600589949,0.0
29187,MISO,2028,23490.154750766666,0.16024741066299178,0.07696748385243501,0.14157167814102184,0.07688122495408667,0.01867573252196994,8.625889834834588e-05
29189,MISO,2028,410925.59580792,0.10097895393264059,0.072804702676076,0.10044906627050335,0.06797110277925081,0.0005298876621372406,0.004833599896825191
29197,MISO,2028,1242.8722417333333,0.33579279041353904,0.16274546879512022,0.31110471214704405,0.14521100807390117,0.024688078266494995,0.01753446072121906
29199,MISO,2028,1512.9525292791666,0.26894326513042016,0.09561557314783889,0.2385755867014148,0.08357224018527204,0.030367678429005368,0.01204333296256685
29201,MISO,2028,14865.446951016667,0.2276498275436575,0.13164136870936785,0.20873864243899842,0.11102399085560574,0.018911185104659084,0.02061737785376211
29205,MISO,2028,2330.7936294249994,0.31657262863595065,0.17294786124141404,0.31088560076620453,0.1459092287647382,0.00568702786974612,0.027038632476675845
29219,MISO,2028,12819.59942883,0.11137408293552073,0.069886938368643,0.10740713864611497,0.060204246273039656,0.003966944289405763,0.009682692095603344
29221,MISO,2028,8759.827449083334,0.22747368079866506,0.10090016235479521,0.21763989984798957,0.10090016235479521,0.009833780950675497,0.0
28001,MISO,2028,11424.408591629166,0.376902926916861,0.20083470834049597,0.3660151187947577,0.19112337894962858,0.010887808122103326,0.009711329390867385
28005,MISO,2028,5729.492320525,0.40611611118338237,0.1688193987292699,0.32623485656905926,0.16806151430302776,0.0798812546143231,0.0007578844262421391
28007,MISO,2028,6227.723299333333,0.43416610728452093,0.22047137208182976,0.3800189404514561,0.19374290400594632,0.05414716683306481,0.026728468075883444
28011,MISO,2028,11504.9766223125,0.3986423488786402,0.2331275688193642,0.3838617779882533,0.21560306651501776,0.014780570890386868,0.017524502304346434
28015,MISO,2028,3928.287986595833,0.34619481532382207,0.16770259760051034,0.28125065381724323,0.1550619735788151,0.06494416150657883,0.012640624021695246
28021,MISO,2028,2477.1981455,0.4021871278113846,0.18347791535192715,0.3683897847400381,0.18011868672160955,0.03379734307134652,0.0033592286303175956
28027,MISO,2028,8108.285159758334,0.522626367230894,0.3363130376887578,0.48568792260208415,0.29679964239771833,0.0369384446288098,0.03951339529103948
28029,MISO,2028,9577.368846284166,0.27534135125064024,0.1562821863975775,0.24696008508721715,0.15343188122105797,0.028381266163423097,0.0028503051765195186
28031,MISO,2028,6749.850779720833,0.4027541441386405,0.23704331760234976,0.35653029322035346,0.1973054869772614,0.04622385091828707,0.039737830625088344
28033,MISO,2028,67433.12293039085,0.11940731312118194,0.07575133675716733,0.10059105844222221,0.07167238385932466,0.018816254678959726,0.004078952897842672
28035,MISO,2028,28772.339570124997,0.23887590137101972,0.11516076135145997,0.21685250857010496,0.10662175093135834,0.022023392800914754,0.008539010420101634
28037,MISO,2028,2909.037181220833,0.37804185995202955,0.15685927308550282,0.33097746095299646,0.13675107511707696,0.047064398999033086,0.02010819796842586
28039,MISO,2028,8748.133655420834,0.2187767679816156,0.11512153881113206,0.16763344910522185,0.11084995531722365,0.051143318876393756,0.00427158349390841
28041,MISO,2028,3821.801201308333,0.2811310504299701,0.1523460667677274,0.212964970772081,0.1494761018651194,0.0681660796578891,0.0028699649026080187
28043,MISO,2028,8231.2616513875,0.3207363455972526,0.17176892100678198,0.2880705864761897,0.16137403022195593,0.0326657591210629,0.010394890784826055
28045,MISO,2028,19017.921029404166,0.1729527747418852,0.07610819952180553,0.11782652898510353,0.0732894154592828,0.05512624575678167,0.002818784062522728
28047,MISO,2028,78774.84373903833,0.17129498000250676,0.11652708872084983,0.1462099703577773,0.1081380308461148,0.025085009644729456,0.008389057874735026
28049,MISO,2028,88550.03062125834,0.2764020748808657,0.13941795175866986,0.22486945721440912,0.13285647006438217,0.05153261766645659,0.006561481694287691
28051,MISO,2028,5613.9320853875,0.5383616219065616,0.33783553585580806,0.49747943197770744,0.31863220756211974,0.04088218992885412,0.019203328293688315
28053,MISO,2028,2918.7746465875,0.5505690955205524,0.2599665950214654,0.4986599271966784,0.22082905403451158,0.051909168323874044,0.03913754098695382
28055,MISO,2028,356.9229337875,0.6047493042041653,0.4181416163603965,0.5927957353560505,0.29022706600347864,0.011953568848114826,0.12791455035691784
28059,MISO,2028,53980.201243744166,0.1870737340181641,0.10734652521436969,0.14244146151380682,0.09865361682864222,0.04463227250435728,0.008692908385727463
28061,MISO,2028,6276.837016183334,0.29466191631730887,0.1243097486687834,0.24692055020503728,0.11615390988517134,0.04774136611227159,0.008155838783612063
28063,MISO,2028,2495.7167553166664,0.4400314777583764,0.1636552495777281,0.37331893984571274,0.14639001552894967,0.06671253791266368,0.017265234048778416
28065,MISO,2028,4319.2742489,0.38596028627464973,0.15583385243398637,0.3479186042422237,0.15221838393161544,0.03804168203242603,0.003615468502370933
28067,MISO,2028,23606.575387004166,0.27499152199272736,0.11005966584937109,0.22019719791464593,0.09833171241448836,0.054794324078081436,0.011727953434882726
28073,MISO,2028,24256.470963825,0.13106297319501684,0.08553810237974603,0.1143917974017376,0.08367272788919683,0.01667117579327923,0.0018653744905492015
28077,MISO,2028,4411.067687491666,0.2919051508269182,0.14268201210326337,0.2438888362090452,0.140219966954694,0.04801631461787301,0.002462045148569375
28083,MISO,2028,9542.145551866666,0.4235270383251927,0.2686760840995352,0.40416379106860245,0.22959459282593844,0.01936324725659022,0.03908149127359675
28085,MISO,2028,12862.8369668875,0.29512929264794396,0.15446614377448462,0.25177122794166185,0.15344843671392722,0.04335806470628212,0.001017707060557399
28089,MISO,2028,41343.383816170826,0.12184216285453663,0.060272085063753714,0.09753027609684965,0.05639876572233191,0.024311886757686973,0.0038733193414218006
28091,MISO,2028,8926.573698170832,0.29930124448691203,0.14384012129944562,0.22452791549683454,0.12800315711007973,0.07477332899007749,0.015836964189365893
28097,MISO,2028,3758.2294217625,0.34220596783960094,0.18546487327396444,0.30772543847681527,0.16915068910012734,0.03448052936278567,0.016314184173837093
28109,MISO,2028,20822.5998506375,0.21349578249097606,0.09264142404445112,0.16769438079765506,0.09120313582805038,0.045801401693321,0.0014382882164007404
28111,MISO,2028,4442.217694966667,0.20581602036919697,0.10046866927091219,0.17381319123175637,0.0856835879196722,0.0320028291374406,0.014785081351239987
28113,MISO,2028,14339.243297016666,0.33501649082483076,0.20086451683925885,0.3134422717507882,0.19129569545956202,0.021574219074042555,0.009568821379696835
28119,MISO,2028,2602.5199830625,0.48622021136642735,0.24292551666668621,0.42661212242713836,0.23156984385859894,0.05960808893928898,0.011355672808087275
28121,MISO,2028,58122.153365274164,0.09993314265992816,0.06300380609593907,0.09000481571732896,0.050089227922261115,0.009928326942599194,0.012914578173677957
28125,MISO,2028,1309.4856947541666,0.411066279088718,0.19506876975502538,0.38943389694040853,0.15542250543373928,0.02163238214830948,0.039646264321286095
28127,MISO,2028,9292.243053975002,0.21917953449754998,0.09317630523607796,0.17440807532903063,0.08425953962151633,0.04477145916851935,0.00891676561456163
28129,MISO,2028,5394.015598929167,0.32291269138925344,0.16148375447667515,0.31462386397317355,0.14006268651611187,0.008288827416079891,0.021421067960563284
28131,MISO,2028,6352.8924760875,0.2143684023899745,0.06936603244643526,0.17169396531406206,0.06555575220147389,0.04267443707591245,0.00381028024496137
28133,MISO,2028,8045.0999023625,0.39151181027597354,0.1984372789430734,0.37181224513921335,0.17964621205021777,0.01969956513676019,0.018791066892855618
28137,MISO,2028,10289.61831355,0.2484802427065177,0.09660261116855048,0.1970211683027507,0.08332272214122305,0.051459074403766986,0.013279889027327435
28143,MISO,2028,3415.004187841667,0.3401736162379472,0.20312104705794506,0.3199943650139381,0.1798887564946911,0.020179251224009098,0.02323229056325396
28147,MISO,2028,5215.031036279167,0.3469920072572758,0.17612885259969857,0.3252893116516677,0.17212549977595476,0.021702695605608113,0.004003352823743811
28149,MISO,2028,16463.006136895834,0.21759112099957215,0.12404423353095588,0.18627214046400678,0.11195307635033906,0.031318980535565366,0.012091157180616818
28151,MISO,2028,16941.00142145,0.44264406108476084,0.2260337417303782,0.40661285779121575,0.19561949422697422,0.03603120329354509,0.03041424750340399
28153,MISO,2028,7194.901463620834,0.3915823211136068,0.16634883619810018,0.32207687106687805,0.16226700237704964,0.06950545004672876,0.00408183382105054
28157,MISO,2028,3179.0358022291666,0.3528269895181184,0.0962740631799079,0.2698334441801493,0.08645052851631534,0.0829935453379691,0.009823534663592565
28163,MISO,2028,8279.773387408335,0.42622343322576467,0.2224003279194481,0.3654651001597436,0.17928442386267351,0.060758333066021075,0.043115904056774595
30017,MISO,2028,4707.411732578334,0.16507353534367503,0.11401555560629278,0.1480416977441584,0.10396223718345764,0.017031837599516625,0.010053318422835147
30019,MISO,2028,698.5705627291667,0.5630927409750746,0.3739607387599693,0.5273986337182717,0.33800751463462925,0.03569410725680289,0.03595322412534008
30021,MISO,2028,3700.7947277041667,0.08835746945954515,0.05288853829190626,0.08523074331564154,0.04004774301643302,0.0031267261439036076,0.012840795275473244
30025,MISO,2028,1137.9200489,0.29758530074148043,0.20939576866904552,0.27172612530985696,0.18639176087549467,0.02585917543162347,0.023004007793550857
30055,MISO,2028,772.2936121758332,0.2935973086058741,0.14515602530255906,0.2716720510606326,0.1297812557261967,0.021925257545241494,0.015374769576362357
30079,MISO,2028,471.57148462500004,0.379604438470981,0.2442755225734298,0.3645720984947055,0.2221303329458075,0.01503233997627551,0.022145189627622297
30083,MISO,2028,4322.628225803333,0.16488249087645693,0.10570085084715337,0.15596832121998466,0.09227375707963105,0.008914169656472265,0.013427093767522325
30085,MISO,2028,2994.8861414325,0.3187983832770421,0.20418988570380106,0.30551028131568847,0.19681944570010357,0.013288101961353604,0.007370440003697493
30091,MISO,2028,1385.2617410025,0.471680340092605,0.3245188447194366,0.43842698325286183,0.25807386924373893,0.033253356839743176,0.06644497547569767
30105,MISO,2028,2730.441276639167,0.22272593254299095,0.12923764781963964,0.20428372577468387,0.12587384979143043,0.018442206768307073,0.003363798028209214
30109,MISO,2028,457.70992948,0.2753706033459358,0.16659087170476558,0.24076052079577004,0.15263451054259758,0.03461008255016579,0.013956361162168002
37013,PJM,2028,18548.7561029,0.26496800019125955,0.15299559250667558,0.18742452522790115,0.109999018755504,0.0775434749633584,0.04299657375117158
37015,PJM,2028,6850.2691866458335,0.4735985070033714,0.28292848470513743,0.3609190140462809,0.2000919962765203,0.11267949295709051,0.08283648842861713
37029,PJM,2028,3842.0881747000003,0.1472539433572499,0.054636577394893075,0.07975078990708619,0.04047193687032137,0.06750315345016371,0.014164640524571705
37041,PJM,2028,5999.616533479167,0.3443015286341894,0.20376484908295764,0.2567172353379288,0.1453854970076195,0.0875842932962606,0.05837935207533815
37049,PJM,2028,40161.6283435,0.1560318081750755,0.09477171688908914,0.10630272892992151,0.07158807693153017,0.04972907924515399,0.02318363995755897
37053,PJM,2028,10942.13104403,0.10830363838738458,0.07547305434610997,0.09721711134813356,0.046316715630377814,0.011086527039251018,0.029156338715732158
37055,PJM,2028,15926.180258133336,0.08601051944405277,0.04324021407298712,0.05414190112313,0.02797359546215199,0.031868618320922776,0.015266618610835132
37065,PJM,2028,18899.6650035875,0.3312027669577377,0.1816361516411383,0.2331430747179169,0.11524332481351206,0.0980596922398208,0.06639282682762625
37073,PJM,2028,4068.242430258333,0.2948515123557906,0.14441506035798352,0.18397640717234073,0.11060463511403713,0.11087510518344987,0.03381042524394638
37083,PJM,2028,19661.826498008333,0.40810586020816236,0.25034350298887204,0.338980284379148,0.1950035731643946,0.06912557582901435,0.05533992982447744
37091,PJM,2028,8251.081728816665,0.41716206247181475,0.21030505841208386,0.2957644482003155,0.13800576022078426,0.12139761427149925,0.0722992981912996
37095,PJM,2028,1772.983998275,0.3656189648622658,0.18071682972232303,0.2528612523709665,0.15799615681907453,0.11275771249129929,0.0227206729032485
37117,PJM,2028,9060.079656570833,0.3606130471731528,0.1894504996373646,0.2541663436894563,0.15273806395985168,0.1064467034836965,0.03671243567751292
37119,CITY,2028,444854.9140359084,0.08051166367228353,0.04106283217090751,0.0740791001629652,0.03627427601310206,0.006432563509318326,0.004788556157805449
37131,PJM,2028,7396.048073116666,0.4195036714351534,0.2514730459075075,0.3146252904501361,0.16877737850803035,0.10487838098501728,0.08269566739947717
37137,PJM,2028,5060.681303905,0.27180063425161455,0.14564944812412356,0.16244683058447984,0.10494649596771695,0.10935380366713471,0.04070295215640661
37139,PJM,2028,15052.069630233333,0.22056635847116624,0.09060917268328667,0.11205272740227958,0.06956003834329653,0.10851363106888666,0.02104913433999013
37143,PJM,2028,5381.987204675,0.22622269971921197,0.11860035317974683,0.1489947670566644,0.09143281085873231,0.07722793266254757,0.027167542321014523
37177,PJM,2028,1342.937713375,0.3134994221674954,0.12437220790214001,0.2164294525298948,0.07410712981794848,0.09706996963760059,0.05026507808419153
37187,PJM,2028,4798.602914825,0.4467966389640006,0.2079838985721529,0.31409610899581325,0.18275051262991365,0.13270052996818738,0.025233385942239256
38001,MISO,2028,982.8829442158333,0.25311145824878967,0.14468487760102205,0.24122912947939817,0.14412699224628384,0.011882328769391493,0.000557885354738219
38003,MISO,2028,4666.479500219167,0.12305704023694164,0.07063539752494769,0.11335269390486415,0.06448331268376245,0.009704346332077493,0.006152084841185235
38005,MISO,2028,1785.0475647399999,0.3940770919849187,0.204606269694293,0.3398054534408721,0.20054795140364184,0.054271638544046596,0.004058318290651147
38007,MISO,2028,313.5195177933333,0.1622806487076125,0.08687819775425114,0.134229265420324,0.07947297948265032,0.028051383287288484,0.007405218271600816
38009,MISO,2028,2533.1964515125,0.18066060997068908,0.06318225921684972,0.1496371996130977,0.05324692796899508,0.031023410357591374,0.009935331247854645
38011,MISO,2028,1173.7892680925002,0.08725494193244084,0.034179191555565,0.07311056926438343,0.029344796489159018,0.014144372668057403,0.004834395066405983
38013,MISO,2028,940.3621605583332,0.13897229247549386,0.08225461419290611,0.13761087459094903,0.07467261349248797,0.00136141788454483,0.0075820007004181456
38015,MISO,2028,38501.18236611833,0.04000181694987792,0.023362072658186194,0.0384246225526801,0.01912448549921165,0.0015771943971978203,0.004237587158974543
38017,MISO,2028,77201.52990198751,0.05666143993100735,0.01234401237635058,0.04115654288344012,0.011677719660839568,0.015504897047567232,0.0006662927155110122
38019,MISO,2028,1497.7792380041667,0.2434928260940763,0.1274221250206717,0.21798522559643851,0.08147036122243752,0.025507600497637783,0.045951763798234194
38021,MISO,2028,1871.1293430458334,0.30526629422646423,0.12192975902160541,0.22057923588532852,0.10056912788001954,0.08468705834113571,0.021360631141585873
38023,MISO,2028,873.9692380583333,0.31351023519954285,0.11774033705154102,0.25262387677169434,0.09919803645218625,0.06088635842784851,0.018542300599354772
38025,MISO,2028,1457.8300404249999,0.15339160332764754,0.06967265026225036,0.12212767020365126,0.06830712757112813,0.03126393312399628,0.0013655226911222368
38027,MISO,2028,1047.6177943683333,0.2320665868763605,0.10808068068845435,0.17454595017188962,0.10038797272442132,0.057520636704470884,0.007692707964033027
38029,MISO,2028,1435.9576901758332,0.25946672590985403,0.13437824039558235,0.22667981485940725,0.12488060752428931,0.03278691105044679,0.009497632871293044
38031,MISO,2028,1456.7548195516667,0.19685819337859348,0.10380678362817433,0.15807249685642766,0.09439316522436693,0.03878569652216582,0.009413618403807403
38033,MISO,2028,645.5233436833333,0.29148140507805154,0.1324948610228572,0.21230983526946076,0.10798179437725734,0.07917156980859077,0.024513066645599865
38035,MISO,2028,29156.009784589998,0.11897632034488566,0.04574469736390079,0.08695724880084053,0.03356067271279476,0.032019071544045125,0.012184024651106032
38037,MISO,2028,1027.83723035,0.379580188334373,0.23588900347328232,0.3524698575424913,0.19487779179957584,0.027110330791881687,0.04101121167370647
38039,MISO,2028,893.3418977833333,0.18526049558292756,0.11971054905968818,0.17114301962966294,0.10005660240324427,0.014117475953264624,0.01965394665644392
38041,MISO,2028,1042.6464601233333,0.24319905124568506,0.13298000984462727,0.20597020606703415,0.1271394519634068,0.03722884517865091,0.005840557881220454
38043,MISO,2028,1046.9481251166667,0.27033925522348784,0.1272589425719189,0.24625223777405766,0.11610943329351099,0.024087017449430176,0.011149509278407896
38045,MISO,2028,1677.4349564575,0.2588298188981574,0.11622829870757279,0.18394114905848763,0.10520283979754484,0.0748886698396698,0.011025458910027944
38047,MISO,2028,742.3977873325,0.4532500574443312,0.24072638297293994,0.37328141617747557,0.20194349188056931,0.07996864126685566,0.038782891092370625
38049,MISO,2028,2259.9656230858336,0.2411796835198875,0.12258861705974917,0.20691207480028115,0.10980159895729026,0.03426760871960635,0.012787018102458914
38051,MISO,2028,1145.2925591083333,0.4283433984721535,0.23687042913984888,0.3225401828632023,0.20657515757155495,0.10580321560895123,0.030295271568293924
38053,MISO,2028,5248.002428741666,0.09829326783334184,0.06673909826879533,0.08727639301286609,0.06502295929548327,0.011016874820475753,0.0017161389733120619
38055,MISO,2028,4108.86439691,0.13025237622244557,0.07858795861808032,0.11429033950673989,0.06791026587780377,0.015962036715705674,0.010677692740276551
38057,MISO,2028,3464.6751419800003,0.2308714472564878,0.08179180485342287,0.19602798882543945,0.06466623143931878,0.03484345843104836,0.01712557341410409
38059,MISO,2028,12825.401206399165,0.08851879958761474,0.031204052385666252,0.05414127672917354,0.02656324033187755,0.0343775228584412,0.0046408120537887
38061,MISO,2028,3449.8607125424996,0.1385870242703149,0.06483807899067782,0.1282450961338292,0.055256193914906736,0.010341928136485712,0.009581885075771089
38063,MISO,2028,1272.6705460733333,0.3054707268817384,0.16384989962645916,0.2934269337500762,0.13658365092048771,0.01204379313166215,0.02726624870597144
38065,MISO,2028,654.5842533666666,0.20913185415158211,0.06615513966910198,0.2057484151005981,0.06538316270193896,0.0033834390509840107,0.0007719769671630239
38067,MISO,2028,2856.890848135833,0.20623706565021915,0.09717068325850661,0.18293410861328022,0.07525735109852923,0.023302957036938937,0.021913332159977386
38069,MISO,2028,1646.0866367066667,0.2559730641292396,0.12730221819768975,0.21124370372592452,0.11466741803009713,0.04472936040331507,0.012634800167592622
38071,MISO,2028,4847.34856619,0.11556786692193258,0.05861110789033029,0.09265626946025195,0.04951724285262077,0.02291159746168063,0.009093865037709523
38073,MISO,2028,2281.5420184591667,0.17169591856288557,0.06229341466215193,0.14865162805506751,0.058450855597973916,0.02304429050781806,0.0038425590641780125
38075,MISO,2028,834.8072658266667,0.14739614907777848,0.07161918890239669,0.13441484913153426,0.07046359043135954,0.012981299946244224,0.0011555984710371475
38077,MISO,2028,6604.444519288334,0.16140974517185736,0.07099065808926729,0.11431574580875643,0.05941142902920186,0.04709399936310092,0.011579229060065428
38079,MISO,2028,3591.2635256608332,0.33202169745018145,0.1899298628443466,0.2981501276349914,0.17948641611257313,0.03387156981519007,0.01044344673177347
38081,MISO,2028,1681.8736181966665,0.14885639307385717,0.06204360568139398,0.11679722250759306,0.05468131183182597,0.03205917056626412,0.007362293849568005
38083,MISO,2028,632.8953209625,0.20724345670180472,0.060396079592122925,0.16690384931959212,0.054757071367867984,0.040339607382212594,0.005639008224254942
38085,MISO,2028,984.6968641999999,0.4784719854202146,0.30064399732688146,0.4506925871138229,0.2864556833411852,0.0277793983063917,0.014188313985696255
38087,MISO,2028,345.71504106833333,0.21214593052327363,0.1111356525004044,0.20109327003389474,0.10706724628068393,0.01105266048937889,0.0040684062197204746
38089,MISO,2028,12657.979312165,0.10120931407014717,0.03668923382597163,0.08111515745512667,0.02747433679487647,0.02009415661502051,0.009214897031095164
38091,MISO,2028,672.0441820433333,0.1612836408172507,0.09016236568817282,0.13956952307036263,0.06588649523811356,0.021714117746888056,0.02427587045005926
38093,MISO,2028,8530.547973094166,0.12132834014486608,0.06494668381200262,0.10971201251102428,0.055701955865599055,0.011616327633841808,0.009244727946403568
38095,MISO,2028,946.6758600225,0.30159092919958286,0.17379186296432692,0.2640886696150232,0.1714912754644532,0.03750225958455966,0.0023005874998737186
38097,MISO,2028,3151.958879558333,0.19527713843713407,0.07400281699455989,0.1531693916173963,0.05711102148702229,0.04210774681973778,0.016891795507537603
38099,MISO,2028,4339.4189757325,0.2543687648080447,0.10974733826251706,0.19217379012879623,0.0869882660724445,0.06219497467924848,0.02275907219007256
38101,MISO,2028,27342.414979945002,0.08839578922196317,0.04320530438690762,0.07005679949094923,0.03297362919666335,0.018338989731013944,0.010231675190244267
38103,MISO,2028,1761.0028403666668,0.26062199487770576,0.10488162088363057,0.20409683155413375,0.0874539238683266,0.05652516332357202,0.017427697015303972
38105,MISO,2028,15112.788824708334,0.07098214916271108,0.04754254620488287,0.06206832546538742,0.04129422666249981,0.008913823697323658,0.006248319542383064
34003,PJM,2028,348084.2841913567,0.04816275405634343,0.011931805874838356,0.04249442512718675,0.00740157256906489,0.005668328929156682,0.004530233305773466
34013,PJM,2028,309404.1963075908,0.1173166515885162,0.038215259355517395,0.07719364051222104,0.023717012608381688,0.040123011076295165,0.014498246747135707
34017,PJM,2028,286717.64669785084,0.04159752597057733,0.011892492838136932,0.03216741343802262,0.009318840024418448,0.009430112532554713,0.002573652813718484
34019,PJM,2028,48554.30528268,0.07413808837443583,0.0243485727701621,0.07195542582817954,0.023572142095672603,0.002182662546256292,0.0007764306744894971
34021,PJM,2028,137521.0539162408,0.09030189540625014,0.029932624824496323,0.0760787408622098,0.02017593407359225,0.014223154544040342,0.009756690750904073
34023,PJM,2028,299613.03604104335,0.05652211527302662,0.010507945739724259,0.04395670927814993,0.008327631694764462,0.01256540599487669,0.002180314044959797
34025,PJM,2028,245439.1402574325,0.07893321027743724,0.05088995639370154,0.0719139528965864,0.04936868173761622,0.007019257380850838,0.001521274656085314
34027,PJM,2028,187181.66443256498,0.06638253059371639,0.031356613942781233,0.06287922808186924,0.027889444423868193,0.003503302511847148,0.00346716951891304
34029,PJM,2028,237582.00231037583,0.11968176045610984,0.051799155453869206,0.10973716878168056,0.048552780592103634,0.009944591674429279,0.003246374861765572
34035,PJM,2028,126026.80030045667,0.04308763124193187,0.014411376553902339,0.039986298631977606,0.011262617551420847,0.003101332609954266,0.0031487590024814917
34037,PJM,2028,54692.66996840249,0.09403809112664828,0.044828478016185135,0.07711864606796041,0.04350196934707254,0.016919445058687865,0.0013265086691125957
34039,PJM,2028,197501.46860815416,0.048609680814007024,0.01493679532194393,0.044700255308863596,0.009849024646542246,0.003909425505143428,0.005087770675401684
34041,PJM,2028,42999.22465213333,0.09727866263157467,0.03506374149815119,0.08664814221704772,0.03139493057711117,0.010630520414526945,0.0036688109210400166
32003,CAISO,2028,829555.1195999675,0.1199338202678894,0.09685766127534565,0.11314354365880205,0.08482201627609234,0.006790276609087348,0.012035644999253303
32031,CITY,2028,190307.79448148998,0.07371284574611099,0.032001586511313476,0.06717246350718982,0.031206642949426343,0.006540382238921172,0.0007949435618871334
39001,PJM,2028,9935.582033983334,0.28216840151665434,0.1536451094279423,0.2309990955176604,0.13656528809626414,0.05116930599899394,0.017079821331678152
39003,PJM,2028,39719.68821121083,0.12358535380827014,0.07544586509493352,0.10772204911582564,0.06410535809937011,0.0158633046924445,0.01134050699556341
39005,PJM,2028,20099.770798415833,0.10813903460981142,0.06344255580108424,0.08325738998610341,0.05211981140829226,0.02488164462370801,0.011322744392791975
39007,PJM,2028,37556.36626955167,0.14929051336929564,0.08924610077073392,0.136525950067827,0.07937068293620758,0.012764563301468634,0.009875417834526334
39009,PJM,2028,21861.093704383333,0.22939043687055655,0.1258169094445171,0.15203929079019782,0.08674078352660156,0.07735114608035873,0.03907612591791554
39013,PJM,2028,25547.076800837494,0.18141429997722477,0.08064895918897423,0.12764916585360933,0.07444356906733536,0.05376513412361544,0.006205390121638871
39015,PJM,2028,16502.384022916667,0.15439322026876978,0.06173535613083123,0.13284444561382655,0.05451325229210749,0.02154877465494323,0.007222103838723744
39017,PJM,2028,142865.12714328,0.09541703541238339,0.05045255086512112,0.09008121495931262,0.04484794173474203,0.0053358204530707665,0.005604609130379086
39019,PJM,2028,10846.25764018,0.15441805369604927,0.07996794722612169,0.1291888188512162,0.06912494316219817,0.02522923484483308,0.010843004063923523
39023,PJM,2028,54545.63829557,0.13068855698477758,0.08219190310158021,0.10773174288782836,0.0553746930320759,0.02295681409694922,0.026817210069504313
39025,PJM,2028,81499.75702188333,0.07847079860574878,0.025775873059669833,0.06520151483662102,0.02383835645303422,0.013269283769127754,0.0019375166066356135
39029,PJM,2028,40121.973247154165,0.16007353975172137,0.09051017843163393,0.14325131693982265,0.08187767280020748,0.016822222811898713,0.008632505631426451
39031,PJM,2028,14297.018359116668,0.2052806727299909,0.12046732996703745,0.16320546825150503,0.09670020330306024,0.04207520447848587,0.023767126663977206
39033,PJM,2028,17730.987162354166,0.17814533939630822,0.08203615694759435,0.09952454134463071,0.06714832892188627,0.07862079805167752,0.01488782802570808
39035,PJM,2028,549405.3229222941,0.12002602955384614,0.09748801967764527,0.10991190483534709,0.0942199651557431,0.010114124718499054,0.0032680545219021667
39039,PJM,2028,15017.661376231667,0.0976668369875515,0.04914783374337468,0.08248456980584568,0.03828565286780622,0.01518226718170583,0.010862180875568464
39041,PJM,2028,77543.742773315,0.05211048787552507,0.033077321418675046,0.04178520127607732,0.026341743884110397,0.010325286599447751,0.006735577534564649
39043,PJM,2028,31439.500230145,0.09646961585737686,0.0768908225900739,0.08684519553787473,0.07300152548134452,0.009624420319502128,0.0038892971087293865
39045,PJM,2028,57610.312161141665,0.08595198123233369,0.051992255035873,0.07336854668678536,0.024489473621615847,0.012583434545548333,0.027502781414257153
39049,PJM,2028,539731.5016235625,0.12562959610847707,0.07088667191693658,0.10706439495017912,0.043572411175894804,0.018565201158297948,0.027314260741041776
39051,PJM,2028,16495.739586393334,0.10228832747927447,0.06104711016184532,0.09339168819969626,0.04790203868054839,0.008896639279578206,0.013145071481296927
39053,PJM,2028,10980.326909891666,0.22920174361114085,0.12837511315207953,0.15788312882158112,0.09748143984165711,0.07131861478955973,0.03089367331042242
39055,PJM,2028,34438.08696902666,0.07930962226947016,0.0409048629644738,0.0645800534252554,0.03664436885160506,0.014729568844214766,0.004260494112868739
39059,PJM,2028,15937.1703288125,0.1769346781604994,0.08242543862304194,0.13664525590669477,0.07981800624895606,0.040289422253804635,0.00260743237408588
39061,PJM,2028,346201.34034202003,0.1028345613145331,0.05885935682697122,0.09737864692802618,0.048074710964600795,0.005455914386506916,0.010784645862370427
39063,PJM,2028,30640.14442359583,0.10901496283195938,0.048020875236864345,0.06378236132978218,0.03660147082291028,0.0452326015021772,0.011419404413954067
39065,PJM,2028,11268.620367062502,0.20505546132986965,0.11050246340245651,0.1455466280774508,0.09597232864624568,0.05950883325241885,0.01453013475621083
39067,PJM,2028,5637.9790544,0.22913911306705215,0.11063612256015172,0.1542703891807137,0.07031549985668686,0.07486872388633845,0.040320622703464856
39069,PJM,2028,11008.776976639165,0.17456277321945926,0.06884818048461251,0.12545582339231864,0.06041638247688281,0.04910694982714062,0.008431798007729703
39071,PJM,2028,16319.201603666665,0.15415641161558172,0.07584226125152951,0.11742777440606725,0.047379322266268786,0.03672863720951447,0.028462938985260727
39073,PJM,2028,10902.528608229168,0.17586286390444583,0.0726251964502854,0.1178545398524328,0.06030857109625412,0.05800832405201303,0.012316625354031274
39075,PJM,2028,12995.759167403332,0.09723345357886594,0.05110186602474526,0.06571376006261974,0.03693904463233846,0.0315196935162462,0.0141628213924068
39077,PJM,2028,22509.573150874166,0.13167203055062063,0.07015099438485695,0.09606007503697868,0.05704734494691936,0.03561195551364195,0.013103649437937584
39079,PJM,2028,12105.183988316667,0.31379359519919914,0.1611808315678883,0.25291128658589684,0.10060324035130028,0.060882308613302294,0.06057759121658801
39081,PJM,2028,26471.78587156,0.24235469301708132,0.107412459253954,0.18031008705525925,0.09010208266413824,0.06204460596182207,0.017310376589815754
39083,PJM,2028,22602.045420754166,0.13428537918835226,0.05913751589406964,0.0957056384863901,0.050248528995542455,0.038579740701962156,0.008888986898527185
39085,PJM,2028,97769.25229359916,0.05992800396587729,0.03722474855246424,0.05491264162302986,0.026705045651804253,0.0050153623428474264,0.01051970290065999
39087,PJM,2028,21824.584897670837,0.2509555541707546,0.11077586346268521,0.17506039841313292,0.08737922306406327,0.07589515575762168,0.023396640398621937
39089,PJM,2028,65802.06018899,0.11801047181154156,0.06628217863361723,0.0948001969286176,0.039008680130294036,0.02321027488292396,0.02727349850332319
39093,PJM,2028,122666.5619024875,0.11597439225725824,0.08518382132600368,0.10646529259405425,0.06413306910739139,0.009509099663203985,0.021050752218612287
39095,PJM,2028,179779.2774490625,0.13766586496225824,0.09289566577269659,0.12848890887194478,0.08781333090449198,0.009176956090313465,0.005082334868204613
39097,PJM,2028,15074.081890725,0.09909543277938826,0.03995850780530445,0.08940522692447136,0.03898202900612861,0.009690205854916895,0.0009764787991758395
39099,PJM,2028,96450.65849027917,0.12610772866193934,0.10143994709010803,0.11344270325581647,0.09962382971715802,0.012665025406122868,0.0018161173729500102
39101,PJM,2028,23757.39312447,0.16371857833585174,0.09711826774785529,0.12128159890249375,0.06306788000598836,0.04243697943335799,0.03405038774186693
39103,PJM,2028,70654.64009956917,0.06472674299614592,0.04015079657927942,0.05934543098933098,0.02889989373841258,0.005381312006814937,0.011250902840866838
39105,PJM,2028,8692.9380479875,0.29073563428756655,0.14360175058149624,0.18811744200889052,0.12879724342412682,0.10261819227867602,0.014804507157369418
39111,PJM,2028,5504.722675691667,0.19132050848701534,0.08369609555240252,0.1479587036211281,0.07282776698261081,0.043361804865887255,0.01086832856979171
39115,PJM,2028,5548.147261845833,0.241704827796968,0.11640248079893378,0.161794992086485,0.09787151310643334,0.07990983571048299,0.01853096769250044
39117,PJM,2028,12713.403073814166,0.1092573568008182,0.06030360569448422,0.10291745356756439,0.04682861905935423,0.006339903233253813,0.013474986635129992
39119,PJM,2028,33748.6758002125,0.18167922155765176,0.0925993939774418,0.11518215184017751,0.07736565959795058,0.06649706971747425,0.015233734379491215
39121,PJM,2028,4394.7815789,0.2585941222450059,0.13320603744711243,0.1778089930912084,0.10615719174055964,0.08078512915379749,0.02704884570655279
39123,PJM,2028,17420.938717123332,0.10845319534166395,0.05676839851888133,0.0866923351159911,0.04575430320429292,0.02176086022567285,0.011014095314588412
39125,PJM,2028,7419.330523008332,0.12401207637569485,0.06336005170037794,0.10222841335588091,0.048929040486769576,0.021783663019813937,0.01443101121360836
39127,PJM,2028,13147.990028625,0.19751258887641399,0.0990382794026587,0.13877001450064802,0.08576257612665862,0.058742574375765966,0.013275703276000084
39129,PJM,2028,20662.543863555835,0.1384231227216194,0.06632177475673949,0.10857418827098353,0.053878764736719244,0.029848934450635883,0.012443010020020247
39131,PJM,2028,10136.66309175,0.2516596806573384,0.12063653993930389,0.20090232403353173,0.07938822765788867,0.050757356623806676,0.04124831228141522
39133,PJM,2028,61809.29252762333,0.0974837073810087,0.06216280017430803,0.08546573519879692,0.04892029117170354,0.012017972182211775,0.013242509002604493
39137,PJM,2028,13044.660089434165,0.10563024134809805,0.06496797779944513,0.08308520212512328,0.042682896872438536,0.022545039222974766,0.022285080927006595
39139,PJM,2028,48206.966053891665,0.12991369136349645,0.08418457279845863,0.10703324321311365,0.07174108243287053,0.0228804481503828,0.012443490365588103
39141,PJM,2028,28657.027342004167,0.17246944037227124,0.09366796381137743,0.12451424768794433,0.07949597728957407,0.04795519268432691,0.014171986521803362
39143,PJM,2028,23398.933184610836,0.12208557570025434,0.0872988603266091,0.10052160882101425,0.0808683054976268,0.021563966879240087,0.0064305548289823045
39145,PJM,2028,27268.451790681665,0.2857763528104711,0.11577348203521708,0.19433635002275382,0.09448195939447925,0.09144000278771727,0.02129152264073783
39147,PJM,2028,21483.683070835,0.1665916955464283,0.08124454664108924,0.09790602375660297,0.06090778085193449,0.06868567178982533,0.020336765789154748
39151,PJM,2028,153341.1091914508,0.09989167657749445,0.0701555257130928,0.09487056051545265,0.05761536064381683,0.005021116062041808,0.012540165069275973
39153,PJM,2028,226618.57879262502,0.09722254068909854,0.08043485414222962,0.09407698258035756,0.06219474928179565,0.003145558108740981,0.018240104860433967
39155,PJM,2028,83890.96310148333,0.1288580912680235,0.08353058047873055,0.12411007070459501,0.07811334521049024,0.00474802056342849,0.005417235268240311
39157,PJM,2028,36965.95206284334,0.12176182176228678,0.08073427870401449,0.09472236479309837,0.058370676670321524,0.027039456969188413,0.02236360203369297
39161,PJM,2028,11537.517912320001,0.10992159529960652,0.06942141336083169,0.08632382452719665,0.06269962851347259,0.023597770772409862,0.006721784847359094
39163,PJM,2028,4948.4696811124995,0.2524229626216846,0.12291173714619874,0.17479925089801415,0.08975041998744807,0.07762371172367047,0.033161317158750675
39165,PJM,2028,87599.20519917666,0.04190422019201343,0.021819617508561196,0.03860262768851146,0.021346899796805947,0.0033015925035019753,0.00047271771175524946
39167,PJM,2028,24268.08368910833,0.1537318275086026,0.07979954586188925,0.119733876488049,0.06687825487618054,0.0339979510205536,0.012921290985708711
39169,PJM,2028,43274.7397173575,0.07914037648918901,0.04158074112555773,0.06633310158682765,0.01675890285988496,0.01280727490236136,0.024821838265672767
39171,PJM,2028,15193.791718587501,0.24975648622688112,0.09613785497695773,0.15010624519832005,0.08037198090571113,0.09965024102856107,0.015765874071246605
39173,PJM,2028,52824.90248141666,0.09574797906301832,0.05369941589643725,0.08064985319790688,0.046119574032380956,0.015098125865111445,0.007579841864056296
39175,PJM,2028,8804.798765695834,0.20354193250804356,0.08110710296079053,0.12908674837482337,0.062429040638317536,0.07445518413322019,0.018678062322472995
41049,CITY,2028,4116.038483154167,0.10825104142273669,0.04462194059430212,0.08267703124442678,0.044162981704122105,0.025574010178309903,0.0004589588901800154
41067,CITY,2028,228650.33984817832,0.046489546563454866,0.011856658890492347,0.03947512617828681,0.007357889710079098,0.0070144203851680575,0.004498769180413249
42001,PJM,2028,38964.120155635,0.13190976691695822,0.0594941942601455,0.10837793029722217,0.056227154048324963,0.02353183661973604,0.003267040211820539
42003,PJM,2028,542294.3013433216,0.12449962517593054,0.08793014918928989,0.1065968853178974,0.07748935959044169,0.01790273985803313,0.010440789598848199
42005,PJM,2028,27349.4438608075,0.126877574996055,0.0639754897770466,0.11162841946855197,0.0615491556828851,0.015249155527503042,0.002426334094161507
42007,PJM,2028,70913.51201457917,0.22073612465655365,0.10030219864247229,0.14542091738643617,0.09518272133387379,0.07531520727011748,0.005119477308598505
42009,PJM,2028,19151.26309593,0.31022923347016557,0.16085400108377232,0.28684716899186147,0.1545719536561938,0.0233820644783041,0.006282047427578513
42011,PJM,2028,159281.066223455,0.1599751649538145,0.07796360679346936,0.14999911613155542,0.07474737218506346,0.009976048822259082,0.0032162346084059074
42013,PJM,2028,49363.52028206,0.21515027754891422,0.09367661773319796,0.19711095780800378,0.0811791755003513,0.018039319740910442,0.01249744223284667
42015,PJM,2028,23930.726442330833,0.19667634541693338,0.07635466967773878,0.17937281388100698,0.07008584859278269,0.017303531535926397,0.006268821084956092
42017,PJM,2028,244047.49310211584,0.08745978103109342,0.041578349189553825,0.08304405521219546,0.03225328428468947,0.004415725818897959,0.009325064904864358
42019,PJM,2028,78331.06141374499,0.09895846606159547,0.06588491929464325,0.09049907615643209,0.05855189563030149,0.008459389905163386,0.007333023664341763
42021,PJM,2028,54329.56147592333,0.2775814671495935,0.12475597566658762,0.2395242416471607,0.1103544707595999,0.03805722550243276,0.014401504906987717
42023,PJM,2028,2165.0597594541664,0.190498345065995,0.08479506182989485,0.15849637171131908,0.0776699598170575,0.03200197335467592,0.0071251020128373505
42025,PJM,2028,25654.178993325,0.29130029257628665,0.1749842673790634,0.24643899839788208,0.1484079150428327,0.044861294178404565,0.02657635233623068
42027,PJM,2028,56358.449735345,0.14621639666929984,0.05412130371929097,0.11710603499113323,0.04293002153566405,0.029110361678166607,0.011191282183626923
42029,PJM,2028,197713.225915565,0.07864283186215308,0.034166886204971846,0.06965885409182647,0.02757754931241597,0.008983977770326612,0.006589336892555874
42031,PJM,2028,14585.597583366665,0.13816834446495588,0.08371219877447779,0.12484598724914583,0.07262886323261748,0.013322357215810043,0.011083335541860306
42033,PJM,2028,31110.390454083332,0.25767324859955276,0.1572034049357483,0.23200893359105892,0.1440592036621886,0.025664315008493838,0.013144201273559697
42035,PJM,2028,14502.197450050833,0.26257773774782794,0.12085119593517349,0.20953605809185025,0.10537692650143697,0.0530416796559777,0.015474269433736518
42037,PJM,2028,25057.03932722417,0.2522095151729999,0.13155395349529128,0.2256413313977908,0.11972826665760535,0.026568183775209087,0.011825686837685936
42039,PJM,2028,32579.541294758335,0.22451353385716608,0.10189558524247656,0.1702534666614253,0.08676743414170801,0.05426006719574078,0.015128151100768553
42041,PJM,2028,102570.14297850334,0.10527814797169868,0.04207604457340632,0.08842968657549247,0.034044838327069026,0.016848461396206216,0.008031206246337297
42043,PJM,2028,115280.8177370525,0.174718586229412,0.09714092543948896,0.139316940964206,0.07062455586259994,0.035401645265206005,0.02651636957688902
42045,PJM,2028,213122.5725412717,0.10374501158316975,0.06623757943657639,0.0930685086240403,0.0454438616218739,0.010676502959129447,0.02079371781470249
42047,PJM,2028,13300.500897613334,0.10051583714514324,0.05832467990002805,0.08629626099001232,0.05522919830574302,0.01421957615513092,0.003095481594285028
42049,PJM,2028,107591.79994200001,0.15690547901916177,0.08857115024072891,0.12267497561321414,0.0844842593850097,0.03423050340594763,0.0040868908557192135
42051,PJM,2028,53759.596494557496,0.2907973071796307,0.15802103502702128,0.22116941335955184,0.13535743000089326,0.06962789382007886,0.02266360502612802
42053,PJM,2028,1778.1717570333333,0.227545254248977,0.12220265485163323,0.19332999505310947,0.10764997529599069,0.03421525919586754,0.014552679555642545
42055,PJM,2028,61438.9183846125,0.0934916054576942,0.045733121403284956,0.08238848766365846,0.038545566710987536,0.011103117794035736,0.0071875546922974196
42057,PJM,2028,6026.0943925575,0.24818821073487896,0.12627128590503114,0.21562357755239367,0.10840586053936976,0.032564633182485286,0.01786542536566138
42059,PJM,2028,13472.857840743334,0.20367062888655388,0.10397581656533765,0.16604072496012046,0.10047034930974355,0.03762990392643342,0.0035054672555940997
42061,PJM,2028,15402.091567344167,0.2647086941780004,0.14608006012174993,0.23413944878289683,0.12308254532094609,0.030569245395103584,0.022997514800803837
42063,PJM,2028,31209.14829945667,0.22774665934303118,0.0978499590393553,0.1652489558615986,0.07971744753893138,0.062497703481432576,0.018132511500423915
42065,PJM,2028,17724.424013042502,0.20833271383686833,0.09741531373823266,0.1510533607809043,0.08653609630782279,0.057279353055964016,0.010879217430409871
42067,PJM,2028,8681.919199849166,0.2451265765431573,0.09427340926887297,0.21469844340416314,0.07952306869990929,0.030428133138994173,0.014750340568963682
42069,PJM,2028,86523.48281601083,0.2150496930336259,0.08823658992650289,0.14997459960052545,0.07840266822505564,0.06507509343310044,0.009833921701447257
42071,PJM,2028,205869.59101733746,0.1177035830406678,0.054507361956955956,0.09871958245859123,0.04327973386699515,0.01898400058207657,0.011227628089960806
42075,PJM,2028,53291.00012383083,0.1208758530998857,0.056366132043906135,0.11161822799479691,0.05144582470275321,0.00925762510508879,0.004920307341152924
42077,PJM,2028,140553.07962910415,0.16887716753962873,0.07794189765057674,0.13007164415834715,0.06245312578002753,0.03880552338128157,0.015488771870549214
42079,PJM,2028,130790.64172519167,0.2606762414665544,0.12302477027645371,0.22337734478140991,0.10480868736047619,0.03729889668514447,0.018216082915977524
42083,PJM,2028,15651.368924708333,0.18095015288155977,0.07608154002183277,0.11347040290906027,0.0708946236132938,0.0674797499724995,0.00518691640853898
42087,PJM,2028,18176.54001336333,0.2521287452815032,0.1219270686507066,0.23953384533822336,0.09696590798161875,0.012594899943279836,0.02496116066908785
42089,PJM,2028,56801.89835905416,0.20393070940269456,0.1075162544354153,0.1601892415598223,0.10414751330058962,0.04374146784287225,0.003368741134825687
42091,PJM,2028,326685.9017534233,0.08724680300550494,0.03645659459825015,0.07603455596291699,0.030168467895360356,0.011212247042587956,0.0062881267028897965
42093,PJM,2028,7306.640095440001,0.19156628311568843,0.0895741703604814,0.16201677162183337,0.0755905954867491,0.02954951149385507,0.013983574873732307
42095,PJM,2028,118019.7143086625,0.1324366339100004,0.06262453156587457,0.11076552669817802,0.05756898087202008,0.021671107211822388,0.005055550693854487
42097,PJM,2028,36779.956140705835,0.282492955179784,0.1273463968802496,0.23174341943020133,0.11197310368781836,0.050749535749582686,0.015373293192431234
42099,PJM,2028,17749.594657343332,0.1802978819075555,0.08420444570678268,0.16159753558381507,0.06930415345970035,0.01870034632374043,0.014900292247082322
42101,PJM,2028,653828.4583636142,0.21702062418929088,0.15335538437202026,0.2144176164043954,0.10161411407155362,0.0026030077848954725,0.051741270300466644
42103,PJM,2028,23251.053622618332,0.2472428234342943,0.08982874851371139,0.20966079051221245,0.08626526364876172,0.03758203292208184,0.003563484864949673
42105,PJM,2028,6486.627933525,0.11554887844068518,0.06727421256653737,0.1082465647492848,0.05987794725863522,0.007302313691400372,0.007396265307902154
42107,PJM,2028,55526.53589875417,0.30960348976809143,0.19164982290163474,0.28712762153305654,0.15056875927414462,0.02247586823503489,0.041081063627490116
42109,PJM,2028,14120.274438856668,0.23814925302334403,0.0985822381337308,0.1974945128513948,0.07843073783484286,0.04065474017194923,0.020151500298887945
42111,PJM,2028,28289.547144090833,0.2982882710358315,0.14623276290494147,0.2579611998497239,0.11566227189566261,0.04032707118610762,0.03057049100927886
42113,PJM,2028,2414.562962045833,0.2741079506161317,0.11909243627109925,0.2504190647560022,0.08341419530197236,0.023688885860129516,0.03567824096912689
42115,PJM,2028,15301.885318367498,0.2877632222012545,0.10577554253072993,0.24823957374098604,0.10129165304571058,0.03952364846026846,0.004483889485019349
42117,PJM,2028,16412.169380716667,0.17711979130536473,0.07915725608074797,0.14174789599524476,0.0695379948913147,0.03537189531011997,0.009619261189433279
42119,PJM,2028,13827.3944491575,0.23912914471435118,0.09255087199825324,0.21415813709058987,0.07990288090421725,0.02497100762376131,0.012647991094035985
42121,PJM,2028,21005.742384981666,0.1541779238970782,0.08379073467294974,0.1325700028780454,0.07294970403310205,0.021607921019032805,0.01084103063984769
42123,PJM,2028,15977.938262944166,0.15301827194836223,0.08496831930616304,0.14300027953704522,0.07907572179792537,0.010017992411317012,0.005892597508237674
42125,PJM,2028,85994.92760354333,0.14633280778429109,0.0845714159038221,0.11551724212402674,0.07809467998588814,0.030815565660264346,0.006476735917933962
42127,PJM,2028,19273.603654770835,0.336515622263529,0.11903338735707115,0.3049973653931383,0.10620324028099723,0.03151825687039067,0.012830147076073925
42129,PJM,2028,151042.31128823,0.1438525288060998,0.08055514998766311,0.13569744611522302,0.07357673899467576,0.00815508269087678,0.0069784109929873495
42131,PJM,2028,10459.187510383334,0.24648660813931744,0.10924852776317179,0.2059425568599342,0.09267262341364942,0.040544051279383236,0.016575904349522372
42133,PJM,2028,176000.00324903917,0.13332415985845406,0.0649094949049707,0.12015940993755132,0.06110168200630629,0.013164749920902732,0.0038078128986644005
45015,CITY,2028,86432.94698288248,0.11644217624028876,0.08816674521523445,0.11644217624028876,0.08816674521523445,0.0,0.0
46013,MISO,2028,15470.532433975,0.08568751817791996,0.055052357293551374,0.08111956039323485,0.04580172456899757,0.004567957784685106,0.0092506327245538
46025,MISO,2028,1344.253360565,0.3045892235296877,0.14827678522439422,0.25409991732741527,0.13556612671840756,0.05048930620227243,0.012710658505986655
46029,MISO,2028,11738.8088561125,0.10213803157583698,0.04335559510466479,0.08058320551158547,0.03628073887510038,0.021554826064251506,0.007074856229564407
46037,MISO,2028,2286.1724341575,0.3192043503208437,0.1501928592643702,0.26591808679443263,0.13223705012605916,0.05328626352641108,0.017955809138311046
46039,MISO,2028,1760.3477855666667,0.16019516821551794,0.09016675679738222,0.1480684385932832,0.07465724070505812,0.012126729622234739,0.015509516092324094
46051,MISO,2028,2958.2844113641668,0.17021139611577665,0.07719934293764787,0.13749106663731475,0.07310736876048687,0.0327203294784619,0.004091974177160992
46057,MISO,2028,2123.612657165,0.19942955786189187,0.08110672806496526,0.13283521686573538,0.07073769170968998,0.06659434099615649,0.01036903635527528
46091,MISO,2028,1623.7136760875,0.3462028561527867,0.17162961920406694,0.30097459034109375,0.1394685059041139,0.045228265811692925,0.032161113299953054
46109,MISO,2028,3586.69417409,0.32353330944952446,0.17452322176743232,0.2813506165556186,0.1390197075616317,0.04218269289390586,0.03550351420580061
46115,MISO,2028,2459.357029025,0.16506776120367025,0.09234542148537504,0.14007750799534877,0.06100276643626554,0.02499025320832149,0.031342655049109505
48001,ERCOT,2028,16595.962284733334,0.20920657625397557,0.08024845281745387,0.0946347904618899,0.04970684578328777,0.11457178579208567,0.0305416070341661
48003,ERCOT,2028,6417.608014058333,0.11407035626924565,0.08857216877427795,0.09319310660761147,0.013533084281518504,0.02087724966163418,0.07503908449275945
48005,ERCOT,2028,31115.99629586667,0.1384775894351605,0.08231018730182998,0.09497347286037963,0.04924435995506626,0.04350411657478087,0.03306582734676373
48007,ERCOT,2028,11060.232739404168,0.15800493534287155,0.10198191472256764,0.10582045837563915,0.08316534145965775,0.0521844769672324,0.01881657326290989
48009,ERCOT,2028,3328.686593325,0.1951734032704618,0.10310111331043699,0.12545244609562473,0.07872345595471372,0.06972095717483706,0.024377657355723267
48011,ERCOT,2028,719.9015003583334,0.10032574850385774,0.05170663525700639,0.08291621143580757,0.021003742862702266,0.017409537068050165,0.030702892394304123
48013,ERCOT,2028,15608.718580187498,0.14756730925728762,0.07178800519760796,0.09753653790932862,0.026466481785658386,0.050030771347959,0.045321523411949574
48015,ERCOT,2028,11709.677801323332,0.11489444256012092,0.0647305298967611,0.09312395311011598,0.03117873571711258,0.02177048945000494,0.03355179417964853
48019,ERCOT,2028,8313.181521926668,0.11044400056374297,0.05091816525159884,0.08164916156424258,0.03462451742943417,0.02879483899950039,0.01629364782216467
48021,ERCOT,2028,32639.032730906663,0.10772317963395514,0.038916239424294036,0.06206949907357309,0.02645227176669511,0.04565368056038205,0.012463967657598926
48023,ERCOT,2028,1425.5456137916667,0.2813770665498234,0.13281753481606726,0.19241959340892337,0.07743851747791193,0.08895747314090005,0.055379017338155326
48025,ERCOT,2028,8400.861877899999,0.13554442348247212,0.09841581430422312,0.12113926181368102,0.06754412593875937,0.014405161668791092,0.03087168836546375
48027,ERCOT,2028,133078.21627167083,0.11861491096288157,0.08884212560890398,0.10147839595834338,0.0625758137967272,0.017136515004538194,0.02626631181217677
48029,ERCOT,2028,727993.1745364708,0.10652041971509027,0.0541501638842141,0.07432794965321253,0.012529544377759648,0.03219247006187774,0.04162061950645445
48031,ERCOT,2028,4798.2356229625,0.07575678514662793,0.044374792561813856,0.06764617469179879,0.03921762418901064,0.008110610454829137,0.0051571683728032156
48033,ERCOT,2028,201.16121905,0.06961666605589205,0.004624407748139465,0.022954885514914227,9.94227420894127e-07,0.04666178054097782,0.0046234135207185705
48035,ERCOT,2028,7229.245985641667,0.1548495404866632,0.06528341598370394,0.07935083372309445,0.045617028172322695,0.07549870676356873,0.01966638781138124
48039,ERCOT,2028,125767.74438047418,0.08351449321669122,0.03392666523533872,0.0725007382233901,0.013986714699107717,0.011013754993301123,0.019939950536231005
48041,ERCOT,2028,84963.75731312417,0.17159879151155719,0.08229873873825529,0.09077144305559331,0.04115304325993165,0.08082734845596387,0.041145695478323634
48043,ERCOT,2028,4596.1697132,0.16900299348045406,0.05490831440131049,0.074672083679481,0.03540597320437809,0.09433090980097306,0.0195023411969324
48045,ERCOT,2028,569.9623042416667,0.28215578957126786,0.2221958567464653,0.2307630669613528,0.14864579637312986,0.051392722609915065,0.07355006037333545
48047,ERCOT,2028,2528.1770866666666,0.3087149633324868,0.16106836706478286,0.22935644467730762,0.12310035228202093,0.0793585186551792,0.03796801478276193
48049,ERCOT,2028,14825.0475261875,0.1502534764252461,0.06559962794517925,0.08303677252077211,0.03882986407434061,0.067216703904474,0.02676976387083864
48051,MISO,2028,7328.8799791941665,0.1646637725167602,0.09584873894874972,0.13363703659932985,0.09312404280736257,0.031026735917430354,0.0027246961413871507
48053,ERCOT,2028,18317.56928241917,0.07500720984317621,0.053027890874815714,0.06558595323678612,0.020557567447631778,0.009421256606390094,0.032470323427183936
48055,ERCOT,2028,14820.9210885375,0.0965954080764853,0.038912269097276186,0.051718674365510614,0.02972509657361246,0.044876733710974684,0.009187172523663727
48057,ERCOT,2028,7804.667790308333,0.08594151138913089,0.04452873976667627,0.06533759623459741,0.018942536309307718,0.020603915154533484,0.02558620345736855
48059,ERCOT,2028,5224.679145041668,0.11387622342122884,0.05346549758117996,0.0786532303324927,0.0314219821752054,0.03522299308873614,0.02204351540597456
48061,ERCOT,2028,131451.24040519583,0.1714884327538886,0.11928953953868657,0.13282490330052474,0.020058514806021405,0.03866352945336385,0.09923102473266517
48065,ERCOT,2028,2250.1854555500004,0.0628555680967621,0.010462907396261135,0.03692049487117809,0.0012753477687458246,0.025935073225584006,0.00918755962751531
48069,ERCOT,2028,2319.537838933333,0.18465820872545113,0.0953068454206208,0.1193513146253773,0.07825157366806958,0.06530689410007383,0.017055271752551227
48071,ERCOT,2028,15544.92783228,0.12880375585140263,0.09905656591743413,0.1186763348267719,0.09170009155912075,0.01012742102463074,0.007356474358313381
48073,ERCOT,2028,17637.875633883334,0.19344518468655214,0.09314422934446989,0.11830913284442215,0.07019251421762174,0.07513605184212999,0.022951715126848155
48075,ERCOT,2028,1833.3407499374998,0.15835458341412917,0.11211806156257317,0.14664549934820648,0.07044069982411574,0.011709084065922692,0.04167736173845743
48077,ERCOT,2028,4164.252358661667,0.1800878798027547,0.08880970026686623,0.11126557693553833,0.06500670282872434,0.06882230286721637,0.02380299743814189
48081,ERCOT,2028,1434.5148946166664,0.16374272238172521,0.10960727637966851,0.12257244605930202,0.04917281742051873,0.04117027632242319,0.06043445895914978
48083,ERCOT,2028,3186.6813195208333,0.18422589601406233,0.07810072281558522,0.12146195835192598,0.04998222397131628,0.06276393766213635,0.028118498844268945
48085,ERCOT,2028,382112.815984065,0.061135542384209186,0.03537444145877246,0.03803689390106137,0.02286918948619114,0.02309864848314782,0.012505251972581316
48087,ERCOT,2028,1001.7264475499999,0.27168768719141656,0.11031225002787107,0.18944295533223526,0.0416436700046142,0.0822447318591813,0.06866858002325688
48089,ERCOT,2028,7176.585909070833,0.15359458730266193,0.09216863867988914,0.10456890370122089,0.07373051630969393,0.049025683601441036,0.01843812237019521
48091,ERCOT,2028,62978.71527398667,0.06382077920370595,0.03461010081118614,0.058326774155311706,0.014536800403259689,0.005494005048394243,0.02007330040792645
48093,ERCOT,2028,5281.110908166666,0.190861029018939,0.09549558083889498,0.12524057116430473,0.07048527261237852,0.06562045785463427,0.025010308226516453
48095,ERCOT,2028,810.18299035,0.14771799082282885,0.07786998197396391,0.12573371621081947,0.04754034268648479,0.021984274612009386,0.030329639287479122
48097,ERCOT,2028,16038.586869205832,0.1093920135237186,0.0701313639335003,0.08426916134036089,0.026454000621128838,0.02512285218335772,0.04367736331237146
48099,ERCOT,2028,24832.4944713625,0.08384553731436956,0.04624257921105235,0.05169926337416636,0.019003778800563944,0.032146273940203196,0.027238800410488404
48101,ERCOT,2028,677.8679763875,0.3141631788893188,0.13683797415487972,0.16678783811392658,0.08693160898484556,0.1473753407753922,0.04990636517003416
48103,ERCOT,2028,1662.427542275,0.10160546019728932,0.04883891474084427,0.06653994411005824,0.0024072862715709244,0.035065516087231074,0.046431628469273345
48105,ERCOT,2028,1207.1415118749999,0.08398325017078136,0.037185449724346974,0.08171800822819751,0.002382322181542035,0.0022652419425838455,0.034803127542804936
48107,ERCOT,2028,1953.8764952183333,0.1566379211227818,0.11616345237554929,0.13368727748704418,0.05809503143850583,0.022950643635737622,0.05806842093704346
48109,ERCOT,2028,612.3182841875,0.40121573440380676,0.13262044176543594,0.17491216231541434,0.07716170857562075,0.2263035720883924,0.05545873318981519
48113,ERCOT,2028,956521.8012762899,0.11117245541593168,0.05973978514310535,0.06188629826826405,0.014085735623113018,0.04928615714766763,0.04565404951999233
48115,ERCOT,2028,4077.7430667958333,0.31997553696827724,0.11815234869704036,0.1435242770461118,0.07587734767902474,0.17645125992216545,0.04227500101801562
48117,ERCOT,2028,5942.035569257499,0.10698239224992857,0.06339016368180385,0.07091461032409933,0.03686307087477951,0.03606778192582924,0.02652709280702434
48119,ERCOT,2028,2083.828528575,0.1611019952260997,0.07627723547045483,0.11224803125833653,0.06394730719292513,0.04885396396776316,0.012329928277529698
48121,ERCOT,2028,333100.7398704933,0.05169475498183569,0.031225474295205433,0.03577647022671467,0.01425925393036754,0.01591828475512102,0.016966220364837893
48123,ERCOT,2028,6438.374165186666,0.18643668561513285,0.09851302665631026,0.12936271859416743,0.06410489238598543,0.05707396702096543,0.034408134270324825
48125,ERCOT,2028,630.3606324333333,0.21852467252476837,0.1283408360032002,0.1632436721160823,0.10535679991409327,0.05528100040868608,0.02298403608910693
48127,ERCOT,2028,2760.8558184708336,0.3117882035041497,0.16947993590383498,0.25114908041022416,0.02199427568573027,0.06063912309392555,0.14748566021810472
48129,ERCOT,2028,1180.2964998291666,0.14664799264426553,0.10690384957078955,0.11624644679947689,0.09459082215033193,0.030401545844788644,0.012313027420457617
48131,ERCOT,2028,2764.7175894291668,0.2586452671862747,0.10934686494956573,0.14900284819177106,0.04455100856266162,0.10964241899450361,0.0647958563869041
48133,ERCOT,2028,6940.362789408333,0.1939970991562938,0.09373129145728577,0.11084394694501495,0.07889347549702733,0.08315315221127884,0.014837815960258446
48135,ERCOT,2028,58972.90042473583,0.1439297510785385,0.10364615585895268,0.11423970083840722,0.06689118978020268,0.029690050240131285,0.03675496607874999
48137,ERCOT,2028,516.910506325,0.21142692779225417,0.059950476186522106,0.18535145921970117,0.05039908200979822,0.026075468572552996,0.009551394176723883
48139,ERCOT,2028,64854.96021097749,0.09275877893345888,0.051436811544812056,0.06178599360490258,0.017447678217218845,0.030972785328556303,0.03398913332759321
48143,ERCOT,2028,15598.0594063925,0.13839792147094215,0.07670880853147277,0.0848296242177233,0.048272574047133344,0.05356829725321885,0.028436234484339427
48145,ERCOT,2028,5360.806461808334,0.2853697262597047,0.11490919272847726,0.16754796212468576,0.08752492316707494,0.11782176413501894,0.027384269561402316
48147,ERCOT,2028,12570.771529041667,0.17777384752536077,0.10149212120539564,0.11546789498732196,0.07626745687519915,0.062305952538038806,0.02522466433019649
48149,ERCOT,2028,9085.973624478333,0.15098626319023292,0.09628673981726381,0.11420261619178713,0.08556724062263657,0.03678364699844579,0.010719499194627238
48151,ERCOT,2028,1497.33519475,0.1650359164121068,0.10380509779082427,0.12207920401362532,0.09296967506324398,0.04295671239848148,0.010835422727580285
48153,ERCOT,2028,1909.9988972458332,0.2585024422502506,0.1580092870721988,0.17603277121729774,0.14382420906993673,0.08246967103295286,0.01418507800226207
48155,ERCOT,2028,449.3318451458333,0.413061309449579,0.18176500817042976,0.2984115010120898,0.10348842448482133,0.11464980843748918,0.07827658368560843
48157,ERCOT,2028,268092.4235456425,0.05943473665860827,0.04290463653898593,0.05221640455301184,0.029037045410036898,0.007218332105596428,0.01386759112894903
48159,ERCOT,2028,3714.143319775,0.05994611049504534,0.02609605236011866,0.03167955907518073,0.015830031837210247,0.02826655141986461,0.010266020522908412
48161,ERCOT,2028,6573.847062434999,0.20252464891085953,0.104906242953481,0.12505009344262158,0.07090221602521632,0.07747455546823795,0.03400402692826468
48163,ERCOT,2028,4547.433310641667,0.18944941919044217,0.06731853775263039,0.11381128242379972,0.018907153360291477,0.07563813676664245,0.04841138439233891
48167,ERCOT,2028,133760.41670378167,0.11540919348134199,0.07147929565664016,0.10431470595417822,0.05064431642616247,0.011094487527163771,0.02083497923047769
48169,ERCOT,2028,1639.431297975,0.13110750528175594,0.03058839013480355,0.11216147887306634,0.01773276073848017,0.0189460264086896,0.01285562939632338
48171,ERCOT,2028,10782.002056604168,0.07557044702156407,0.03200532463992913,0.05689516274616687,0.024303718923842546,0.0186752842753972,0.007701605716086586
48173,ERCOT,2028,404.2329694,0.053298153727982384,0.011734740506299732,0.022295950084702153,0.008741869831263693,0.03100220364328023,0.002992870675036039
48175,ERCOT,2028,2690.616056575,0.16804700521531402,0.09885383620882511,0.11710832809243796,0.08874426004279075,0.05093867712287606,0.010109576166034362
48177,ERCOT,2028,7203.691815020834,0.1369728360858276,0.0732505415619737,0.10915053594030788,0.05514448864562526,0.02782230014551973,0.018106052916348446
48179,ERCOT,2028,7957.785858016666,0.15108025131530026,0.0972122656187523,0.10514543959208421,0.05652070336627942,0.04593481172321605,0.04069156225247288
48181,ERCOT,2028,51371.311606589166,0.11171153270571574,0.0724279402965661,0.08163145010759502,0.04704168465284103,0.030080082598120714,0.02538625564372507
48185,ERCOT,2028,9515.894391895832,0.12102307050804297,0.07556570046548267,0.08995412644727364,0.04008636059605355,0.03106894406076932,0.03547933986942912
48187,ERCOT,2028,59717.390320494174,0.06935588316128424,0.048938450791199094,0.0596617251227339,0.025646342047469982,0.009694158038550345,0.023292108743729112
48189,ERCOT,2028,10776.671927287498,0.13641245971140795,0.0959725412952227,0.10001095962622296,0.06808056501544647,0.03640150008518499,0.02789197627977623
48191,ERCOT,2028,1141.6957560375,0.22538933877308837,0.08702350226225239,0.11999191910779687,0.044038231493915246,0.1053974196652915,0.04298527076833714
48193,ERCOT,2028,3092.2850037574995,0.1524078145623687,0.08161534266515874,0.14965056039445093,0.04495982098385611,0.0027572541679177776,0.03665552168130263
48197,ERCOT,2028,1283.7368665541667,0.20844042177486957,0.0900567772294494,0.1189345015344371,0.06919351003509203,0.08950592024043247,0.02086326719435737
48199,MISO,2028,20467.434345385835,0.14674875762667128,0.0882769226835128,0.10741958743992022,0.08672735296653539,0.039329170186751056,0.0015495697169774086
48201,ERCOT,2028,1689581.6048509032,0.11972350684220945,0.05512913764584215,0.10002747019603736,0.03089145702247046,0.019696036646172088,0.024237680623371692
48207,ERCOT,2028,2066.8511858083334,0.1933660224016221,0.0903071467130494,0.1279043390449084,0.07107327858208416,0.0654616833567137,0.01923386813096524
48209,ERCOT,2028,88316.07816050833,0.07722448952124164,0.029846077593985276,0.0468468524584771,0.02539004963340898,0.030377637062764543,0.004456027960576297
48213,ERCOT,2028,31457.92366482083,0.20820142698483898,0.09753709845612307,0.11434951065795294,0.05384861807668665,0.09385191632688604,0.04368848037943642
48215,ERCOT,2028,256156.51268276252,0.18564698956991782,0.1421276289280343,0.1684420177688993,0.019025824245936195,0.017204971801018515,0.1231018046820981
48217,ERCOT,2028,13134.2688466125,0.21887170258407096,0.07452814457914272,0.09450613217766891,0.06332614094004306,0.12436557040640205,0.011202003639099664
48221,ERCOT,2028,24511.452958741665,0.10517460205185156,0.05261915476186358,0.07127955248239978,0.040792633095286905,0.033895049569451774,0.011826521666576675
48223,ERCOT,2028,13625.0473094125,0.15218166880890435,0.09200678798412829,0.10628355951991982,0.060480530824277845,0.04589810928898454,0.03152625715985044
48225,ERCOT,2028,7287.8031081624995,0.1747268326117774,0.09578979179001364,0.1317578782474506,0.0570941789189258,0.042968954364326795,0.03869561287108784
48227,ERCOT,2028,11789.721341108334,0.15637134306249473,0.06673870048761456,0.07177390256031704,0.04834592608330611,0.08459744050217768,0.01839277440430845
48231,ERCOT,2028,35996.54932157667,0.1238636619759254,0.08604428004791054,0.09752817876202652,0.028127874063072877,0.026335483213898878,0.05791640598483766
48235,ERCOT,2028,628.1030482833332,0.12458098824260984,0.06857086288661282,0.0976814626918091,0.03341405054450984,0.026899525550800732,0.03515681234210298
48237,ERCOT,2028,2965.2672251249996,0.2651470222188345,0.1194552321902123,0.14214323651124974,0.06909433414825873,0.12300378570758477,0.05036089804195357
48239,ERCOT,2028,5145.0448173075,0.10871068447599452,0.07574745215140483,0.09093821732438304,0.06545901434465023,0.017772467151611487,0.010288437806754591
48241,MISO,2028,12897.54388127,0.24583162367864422,0.1132887490807635,0.18931787117804838,0.09924743906607193,0.05651375250059584,0.014041310014691569
48243,ERCOT,2028,1000.0414167083334,0.38658293741556776,0.12257335541508932,0.19993063503953498,0.08284936865186295,0.18665230237603278,0.039723986763226374
48245,MISO,2028,91939.06843412668,0.18730008717974714,0.13379841329685915,0.15992953809060062,0.12582965500047985,0.027370549089146518,0.007968758296379302
48247,ERCOT,2028,1284.8730032624999,0.15847510898584916,0.07583194038964548,0.1446343897858364,0.049618546609757924,0.013840719200012758,0.02621339377988756
48249,ERCOT,2028,12489.274854220834,0.21817078275965482,0.13241825441993146,0.15296578806242891,0.1114456042548331,0.0652049946972259,0.02097265016509836
48251,ERCOT,2028,61558.36293696,0.09277991471687629,0.06049446495307071,0.06381992685136663,0.02228028885782017,0.028959987865509657,0.03821417609525054
48253,ERCOT,2028,5866.3572187875,0.16055763400684558,0.10524805595457982,0.12121056851548749,0.07072598637965692,0.039347065491358094,0.0345220695749229
48255,ERCOT,2028,4231.530832958333,0.1280551358969626,0.09149021195858996,0.11201462324418972,0.06007745495316901,0.016040512652772884,0.03141275700542095
48257,ERCOT,2028,47243.0147138775,0.09640369477896928,0.07317126283153771,0.0807655795634307,0.03869974632559335,0.01563811521553858,0.03447151650594436
48259,ERCOT,2028,16590.771535372503,0.048788667620985715,0.035082458935220634,0.04289968684021298,0.03270704668614938,0.005888980780772733,0.002375412249071257
48261,ERCOT,2028,38.0,0.0,0.0,0.0,0.0,0.0,0.0
48263,ERCOT,2028,243.61681404999996,0.19691865766903677,0.115051996962112,0.13097740810472602,0.07097322907462102,0.06594124956431074,0.04407876788749099
48265,ERCOT,2028,21706.867646718332,0.07498380285479553,0.03464981116888027,0.055887899061601305,0.028197109474976088,0.019095903793194223,0.006452701693904186
48267,ERCOT,2028,1686.0956339166664,0.14956099904115133,0.10412022983122797,0.12942650054576849,0.0777317919287001,0.020134498495382847,0.026388437902527873
48269,ERCOT,2028,48.58326610833333,0.12479260715299519,0.08274169527911764,0.09870041736128077,0.018712204279820226,0.026092189791714418,0.06402949099929742
48271,ERCOT,2028,1080.6003157374998,0.18020196560103827,0.022671703721722145,0.06536640598868629,0.01159193275957073,0.11483555961235198,0.011079770962151415
48273,ERCOT,2028,11435.294809233335,0.2268758913366051,0.13831539979679588,0.17058261454993595,0.13202107298953694,0.05629327678666915,0.006294326807258943
48275,ERCOT,2028,1238.8279526708334,0.30331327502464517,0.12636646788132513,0.1363190862500972,0.07598188027675544,0.16699418877454797,0.050384587604569694
48277,ERCOT,2028,19861.330013975,0.20244944551925453,0.11770293003020285,0.16067194009395527,0.09640688377860633,0.04177750542529926,0.02129604625159652
48281,ERCOT,2028,7845.178242441666,0.09606859201014564,0.059050914610681605,0.075114507284914,0.029129287817031932,0.020954084725231636,0.029921626793649674
48283,ERCOT,2028,1654.3013076291668,0.15831556526846158,0.10257509059913746,0.14030286328208336,0.07213381139095548,0.01801270198637822,0.030441279208181973
48285,ERCOT,2028,8031.177411908334,0.15534816934864723,0.07958702606945914,0.09980963497941577,0.055240970202223655,0.055538534369231465,0.024346055867235483
48287,ERCOT,2028,6197.958363283334,0.13985137606721856,0.062732540251883,0.0996692223269609,0.04833542453601318,0.04018215374025766,0.014397115715869824
48289,ERCOT,2028,6244.162901249167,0.15230973171689247,0.08042824819900173,0.11615593312968102,0.05243344065935594,0.03615379858721145,0.027994807539645783
48291,MISO,2028,28052.580398653336,0.21354171484123327,0.13826289813917417,0.1720698961445945,0.13483390284297136,0.04147181869663877,0.0034289952962028025
48293,ERCOT,2028,8101.7911394,0.19184201260855657,0.09469189198978148,0.10909098947805278,0.07084070806172839,0.0827510231305038,0.02385118392805309
48297,ERCOT,2028,4088.1849416125006,0.1644188998571514,0.10807924950346193,0.13174828006110767,0.07033437298132254,0.03267061979604374,0.037744876522139384
48299,ERCOT,2028,9497.624504620833,0.07298258936180231,0.033189985279649094,0.05803957835177369,0.02432115813671261,0.014943011010028623,0.008868827142936485
48301,ERCOT,2028,32.644645625,0.0330988429898142,0.0,0.0,0.0,0.0330988429898142,0.0
48303,ERCOT,2028,120546.17202550083,0.12908081445702535,0.07951819608670127,0.09173881070462846,0.045210233357075004,0.03734200375239689,0.034307962729626267
48305,ERCOT,2028,2039.404590825,0.13999178935251888,0.08334607999382124,0.11849683508512326,0.04942929659029591,0.021494954267395616,0.03391678340352533
48307,ERCOT,2028,3069.576891591667,0.22116582600155826,0.08625471361930209,0.11873076179298887,0.0744502820245366,0.10243506420856939,0.011804431594765491
48309,ERCOT,2028,93756.77204378333,0.16204973419866592,0.08906641134520261,0.09793832397976295,0.05813107696010653,0.06411141021890297,0.030935334385096082
48311,ERCOT,2028,188.624679985,0.2437485735358503,0.15623478593757467,0.2136862154157414,0.03496264115875208,0.030062358120108906,0.12127214477882259
48313,ERCOT,2028,4010.4393443249996,0.1423626602457928,0.07269977100515712,0.07910596433649086,0.056017109955479184,0.06325669590930194,0.016682661049677937
48317,ERCOT,2028,1794.415093775,0.10954889165292646,0.06303938894113939,0.0795600056263056,0.0492383424845095,0.029988886026620865,0.013801046456629891
48319,ERCOT,2028,1467.0391245833332,0.08879854808996052,0.046696692577614086,0.06285224172272055,0.04295459196965708,0.025946306367239963,0.0037421006079570093
48323,ERCOT,2028,17544.834424254168,0.21321378605813515,0.13403273446964808,0.1647282227043792,0.060738591919596734,0.04848556335375595,0.07329414255005134
48325,ERCOT,2028,17081.612182930832,0.1280086990644245,0.040506952070352785,0.0849033200815726,0.018142298962155766,0.0431053789828519,0.02236465310819702
48327,ERCOT,2028,879.10531055,0.2050728394148553,0.14156710661563185,0.1457675469495168,0.08396338305739519,0.0593052924653385,0.05760372355823666
48329,ERCOT,2028,63384.95252029417,0.10982028004351066,0.06717876529790984,0.07623620467480591,0.01862266419466147,0.03358407536870475,0.048556101103248366
48331,ERCOT,2028,9529.039152665833,0.15283943910232076,0.06538595432134328,0.09693849001457243,0.04737577960430608,0.05590094908774833,0.018010174717037204
48333,ERCOT,2028,1814.9311121041667,0.18164089926823573,0.0786426586927163,0.10587196657318916,0.05561437474228875,0.07576893269504657,0.023028283950427553
48335,ERCOT,2028,2390.2925563791664,0.15772564822508522,0.10192112835267582,0.12393793639654943,0.02132847776615269,0.033787711828535794,0.08059265058652312
48337,ERCOT,2028,7789.070835604167,0.20126455957964115,0.08464405750143976,0.10938196152642662,0.06019279863890211,0.09188259805321453,0.02445125886253765
48339,ERCOT,2028,222584.22752836,0.07642042798849878,0.05292937370639731,0.06642536277702417,0.03067436567892818,0.009995065211474613,0.02225500802746913
48345,ERCOT,2028,449.519486875,0.19231989274851316,0.08990513043372944,0.12220906664373998,0.059862902244953976,0.07011082610477318,0.030042228188775465
48347,ERCOT,2028,24480.730278670835,0.19510578112766827,0.12463916136283658,0.13187019750268703,0.06236814609401558,0.06323558362498125,0.062271015268821
48349,ERCOT,2028,17838.0160901875,0.18803311995899263,0.10018361113504388,0.10921384767044401,0.08132943555508648,0.07881927228854863,0.018854175579957402
48351,MISO,2028,4669.62130675,0.32108746283115636,0.1577292512639788,0.20793445635708024,0.14370872294218648,0.11315300647407611,0.01402052832179232
48353,ERCOT,2028,5620.9837341075,0.24587518292536212,0.10089574388738487,0.11536574714585328,0.06681511668505107,0.13050943577950885,0.034080627202333805
48355,ERCOT,2028,128885.09157245833,0.13083885422333455,0.08304722858481946,0.10125576358532135,0.04728458891112712,0.029583090638013204,0.03576263967369234
48359,ERCOT,2028,606.4624610941667,0.13669705712221217,0.1094252820698424,0.1186854974339851,0.0899781989829162,0.01801155968822707,0.019447083086926192
48361,MISO,2028,30687.23657340917,0.11882305890253857,0.07836568151742525,0.09699413538903734,0.07432614369227891,0.021828923513501228,0.004039537825146336
48363,ERCOT,2028,10353.108008004168,0.14224591957263197,0.08746222662073434,0.10108936069841995,0.056919333255875885,0.04115655887421202,0.030542893364858457
48365,MISO,2028,7970.9649578125,0.2352774234164161,0.09528746384941345,0.15698785416012057,0.08931950427131471,0.07828956925629554,0.0059679595780987305
48367,ERCOT,2028,51791.3287702575,0.08349690774069772,0.0543534034080741,0.07227768773588703,0.038572441264863644,0.011219220004810695,0.015780962143210453
48369,ERCOT,2028,3141.1914726666673,0.06218408961738406,0.03733297302008953,0.05339037902130566,0.014294317424044774,0.008793710596078398,0.02303865559604476
48371,ERCOT,2028,4893.759953208333,0.11633876794588442,0.08482150809785108,0.08795621922590224,0.0469913447326398,0.02838254871998218,0.03783016336521128
48373,MISO,2028,17807.738023004167,0.2620628419468901,0.12796742285631013,0.1912466348224873,0.11823627152402733,0.07081620712440281,0.009731151332282806
48375,ERCOT,2028,42074.39888402917,0.14941055638863115,0.10435165834191114,0.13118422109834635,0.07398958501892407,0.018226335290284806,0.03036207332298707
48377,ERCOT,2028,2167.0105961625,0.2990890796259085,0.1645650473351869,0.1910773274789669,0.15240170625946253,0.10801175214694161,0.012163341075724365
48379,ERCOT,2028,4671.6879081725,0.14163331043243887,0.09948617173558388,0.12128905761047633,0.08635909260281784,0.020344252821962547,0.013127079132766048
48381,ERCOT,2028,54161.704288617504,0.07190296616734114,0.044495593402264326,0.05051718725791362,0.03038331912952448,0.02138577890942752,0.014112274272739846
48383,ERCOT,2028,1057.6239814291666,0.09507543381733966,0.029951821778089655,0.04846719996117993,0.012361734633071596,0.046608233856159725,0.017590087145018057
48385,ERCOT,2028,965.9926120750001,0.10391371205836214,0.028127414013000517,0.058766116305720976,0.02700120250123428,0.04514759575264116,0.0011262115117662355
48387,ERCOT,2028,4586.007116424999,0.20861926036251932,0.12404844386670727,0.1687146263021549,0.09250048929943426,0.03990463406036443,0.03154795456727301
48389,ERCOT,2028,3826.1766068083334,0.20552452336815483,0.09959639647433276,0.11440579499242677,0.05360028074699203,0.09111872837572806,0.045996115727340726
48391,ERCOT,2028,2197.1311113,0.20323695019803587,0.07791121589707137,0.10381522231698175,0.0562000003352584,0.09942172788105412,0.02171121556181297
48393,ERCOT,2028,308.945342125,0.041810913152097194,0.022702386092280154,0.035489448110524194,0.009935340289927666,0.006321465041573,0.012767045802352488
48395,MISO,2028,6190.628363314167,0.2434964656392886,0.12414528350832792,0.19478991538635462,0.11664159823687598,0.04870655025293397,0.00750368527145194
48397,ERCOT,2028,37422.478881970834,0.04845485470532972,0.037227857327360364,0.043039738500196933,0.018196806236885604,0.005415116205132783,0.01903105109047476
48399,ERCOT,2028,3773.4164340500006,0.17322917300858887,0.0936089800203199,0.1060337888967275,0.04755528918190485,0.06719538411186136,0.046053690838415054
48401,ERCOT,2028,17588.140959266668,0.1515043972643051,0.08077961416343486,0.09098396640560705,0.05505937375413459,0.06052043085869804,0.025720240409300273
48403,MISO,2028,4431.202133125,0.26676075045212905,0.1187817727004644,0.17407296368021666,0.11570768319384099,0.09268778677191239,0.003074089506623412
48405,MISO,2028,2964.804751875,0.2688220920858139,0.15894023811275274,0.2215260919729948,0.14113010275310073,0.04729600011281912,0.017810135359652007
48407,MISO,2028,9941.708882366667,0.26913628598976946,0.13160354604333757,0.18420381821988646,0.11174483561033126,0.084932467769883,0.019858710433006313
48409,ERCOT,2028,23466.064519636668,0.11659777536779013,0.08403110266671442,0.10227042822079303,0.060590096781824906,0.0143273471469971,0.02344100588488951
48411,ERCOT,2028,1985.4730003458333,0.08703883501306696,0.04629085008156298,0.07362947704587429,0.03687885354635699,0.01340935796719267,0.00941199653520599
48413,ERCOT,2028,891.3764118125,0.2046818213548126,0.13319758962274914,0.15958752919534214,0.05728209073445887,0.04509429215947047,0.07591549888829027
48415,ERCOT,2028,5620.071735733333,0.10360238616966541,0.0671277902144855,0.08451009945540477,0.01888089535559769,0.019092286714260637,0.04824689485888782
48417,ERCOT,2028,1317.2537410291668,0.15791642251918067,0.08753192595281482,0.09449269430005029,0.07978990712618224,0.06342372821913038,0.007742018826632585
48419,MISO,2028,8766.652161479165,0.25503111775465953,0.1497964684259538,0.21078365082867426,0.12760466633940434,0.044247466925985274,0.022191802086549445
48423,ERCOT,2028,80309.24582365416,0.1486342772889567,0.08992019572340051,0.09531424764704681,0.0507925571692628,0.05332002964190989,0.039127638554137714
48425,ERCOT,2028,3311.3357597458335,0.1479045813750679,0.06506779842848213,0.07416518881356718,0.03394451203667556,0.07373939256150072,0.031123286391806573
48427,ERCOT,2028,18265.381709579164,0.28500161216399633,0.2025640701275137,0.25589741753103995,0.09512654126952995,0.02910419463295638,0.10743752885798376
48429,ERCOT,2028,3330.750181295833,0.2240684432967525,0.13009543565815695,0.1437226565769515,0.07829005636058115,0.080345786719801,0.05180537929757581
48431,ERCOT,2028,382.09693582499995,0.03149290272990986,0.02215318210213758,0.02432237373203227,0.016414635690437888,0.0071705289978775885,0.005738546411699692
48433,ERCOT,2028,443.4751823133333,0.20186265661968067,0.11667313767164185,0.12641085983489814,0.03814295742946116,0.07545179678478253,0.0785301802421807
48435,ERCOT,2028,1039.149541,0.13594795127037446,0.07174751734072124,0.10436764575670764,0.0512532084157462,0.03158030551366682,0.020494308924975037
48437,ERCOT,2028,2364.9239702791665,0.39333261735479585,0.19378154344185364,0.21851452881724767,0.15517724451694728,0.17481808853754818,0.038604298924906355
48439,ERCOT,2028,752141.9851587999,0.09101590758203609,0.04684118911336482,0.0486181511486484,0.01031343934029587,0.042397756433387696,0.036527749773068954
48441,ERCOT,2028,52899.3985984375,0.13017452105454366,0.07537048207105893,0.08327996125769674,0.05741987432864788,0.046894559796846924,0.017950607742411043
48443,ERCOT,2028,398.15226376666664,0.13905422643562476,0.08388175338762462,0.12562371857477506,0.04329931679128459,0.013430507860849705,0.040582436596340025
48447,ERCOT,2028,631.1895315208334,0.14738881415171687,0.08559319603758377,0.1143929604897925,0.04790422033322647,0.03299585366192437,0.037688975704357294
48449,ERCOT,2028,10684.5831636625,0.13525831716174155,0.09395058550784299,0.10282004435164957,0.06865613461012612,0.032438272810091984,0.02529445089771687
48451,ERCOT,2028,44526.80892817417,0.09933401642296175,0.0638382574231905,0.06896395825278864,0.026028037467483587,0.030370058170173103,0.03781021995570692
48453,ERCOT,2028,535951.8215886718,0.04251240129188929,0.016275982670048848,0.03453025967516586,0.00796085329626797,0.007982141616723427,0.008315129373780877
48455,MISO,2028,5862.4867342541675,0.25927334878610026,0.10648002274261571,0.18761300891283428,0.09365178945387388,0.07166033987326598,0.01282823328874183
48457,MISO,2028,6620.093509345833,0.2482991996800252,0.11644282887886372,0.1739418655760227,0.10454663537764602,0.0743573341040025,0.011896193501217692
48461,ERCOT,2028,1322.9715390666665,0.1406834367751941,0.03404247685613326,0.08506990128656278,0.026251929821938424,0.05561353548863132,0.007790547034194833
48463,ERCOT,2028,8192.901974391667,0.17419434638035788,0.11402117593211279,0.14172874767800273,0.04761481824584291,0.03246559870235516,0.06640635768626987
48465,ERCOT,2028,16346.990904591667,0.18839180297584926,0.12084081776808676,0.1367193599718647,0.04031457182576778,0.05167244300398455,0.08052624594231898
48467,ERCOT,2028,22090.817554684167,0.13986039544508408,0.10863346385609325,0.11390559481378786,0.06369642706606402,0.025954800631296224,0.044937036790029236
48469,ERCOT,2028,33246.9774956225,0.10867089143569139,0.07045285538387384,0.07986093183963137,0.035611841953329164,0.028809959596060017,0.03484101343054468
48471,MISO,2028,23865.46634880833,0.19837335990732596,0.13233056063788984,0.18930940914645455,0.1242895584496136,0.009063950760871409,0.008041002188276233
48473,ERCOT,2028,17535.533612283332,0.10813759215678367,0.07968567912144181,0.09823079559495501,0.06339831420202258,0.009906796561828662,0.016287364919419234
48475,ERCOT,2028,4226.302527579167,0.13022488068987953,0.05762792512935436,0.06946967047158857,0.03226867486257554,0.06075521021829096,0.025359250266778814
48477,ERCOT,2028,14165.969649559167,0.09878514756631675,0.05014787655514333,0.078712960002332,0.031642980491910715,0.020072187563984753,0.018504896063232613
48479,ERCOT,2028,77011.57103454584,0.16602470076750375,0.10158273038583263,0.12470012494951957,0.07392237523880824,0.04132457581798418,0.02766035514702439
48481,ERCOT,2028,14898.1846929,0.13522238885968071,0.08590585448546392,0.11457851403713909,0.06033658882056437,0.020643874822541625,0.025569265664899553
48483,ERCOT,2028,1871.6318661249998,0.27293098745122046,0.08424892993324837,0.18463306874530824,0.06350116306760709,0.08829791870591222,0.02074776686564128
48485,ERCOT,2028,47575.9013893775,0.13657352697387018,0.09969720363222306,0.10386587962959015,0.05726886845654886,0.03270764734428003,0.0424283351756742
48487,ERCOT,2028,4591.848305416666,0.22636159946087683,0.08847497632378824,0.12425090981924951,0.06839146605018426,0.10211068964162733,0.020083510273603986
48489,ERCOT,2028,5333.207498758334,0.30333416758848025,0.14958497305528332,0.19133451819177114,0.1333185975166984,0.11199964939670912,0.016266375538584926
48491,ERCOT,2028,228605.08627990916,0.05241698879334939,0.017413328112324603,0.03407781336355005,0.0036366406502598004,0.01833917542979934,0.013776687462064802
48493,ERCOT,2028,17096.289350361665,0.08550831820721423,0.0668948876485766,0.07378966438790296,0.05797022717558498,0.011718653819311267,0.008924660472991612
48495,ERCOT,2028,2613.3526329666665,0.10145685535901497,0.03357519489453422,0.054579900852522796,0.01663625315296458,0.04687695450649217,0.01693894174156964
48497,ERCOT,2028,23863.444919196663,0.08692022356244503,0.054531806965375365,0.06574507006109502,0.03505502691753278,0.021175153501350005,0.019476780047842583
48499,ERCOT,2028,17630.570772051666,0.12269474304787001,0.0951089696229879,0.0992589640345501,0.07299212548627987,0.023435779013319905,0.02211684413670803
48503,ERCOT,2028,7461.319969349999,0.1882535033432382,0.10133562533920767,0.113029599749355,0.0807098521763473,0.0752239035938832,0.020625773162860378
48505,ERCOT,2028,4508.491494858334,0.2838227123974812,0.19109044271959333,0.21599354307637783,0.16421404406425827,0.06782916932110336,0.02687639865533506
48507,ERCOT,2028,3319.6653967791663,0.18195949215701915,0.12131683010103207,0.14697974892742624,0.04172301604333865,0.03497974322959291,0.07959381405769342
51003,PJM,2028,43510.70471643834,0.09893350911801474,0.05325623685526954,0.07433218464810958,0.02662615167616389,0.024601324469905164,0.02663008517910565
51005,PJM,2028,6111.265637383332,0.27740563328807916,0.13827653417743166,0.18577996959390197,0.13045773164504396,0.09162566369417718,0.007818802532387703
51007,PJM,2028,5082.612224698333,0.24036658548548048,0.14961595005774175,0.1880572610214355,0.10350576926111213,0.05230932446404499,0.046110180796629624
51009,PJM,2028,12399.452094741666,0.12489319850875212,0.07107957433474771,0.10808328933394336,0.04920232323427063,0.016809909174808763,0.02187725110047708
51011,PJM,2028,6427.303180707499,0.21685580178615046,0.1291763735756445,0.1522964491833598,0.11977986256597525,0.06455935260279067,0.009396511009669234
51013,PJM,2028,109634.49345004333,0.02865404007901455,0.015749879118048534,0.021615842732620662,0.008359653647304172,0.007038197346393889,0.007390225470744362
51015,PJM,2028,29523.07950479167,0.1660856315731451,0.06982853096446363,0.11111543207868628,0.051584955231758774,0.05497019949445882,0.01824357573270486
51017,PJM,2028,1825.2426645166665,0.2917884201072506,0.16787842553680826,0.21963120799948818,0.13388507444371942,0.07215721210776241,0.03399335109308885
51019,PJM,2028,32079.413564569164,0.08878784456362883,0.05759008863996602,0.07920116214373371,0.04007291422418073,0.009586682419895118,0.01751717441578529
51021,PJM,2028,2192.7315815624997,0.13292864588817221,0.06424714779329284,0.11159655740928874,0.03499602209419482,0.021332088478883474,0.02925112569909802
51023,PJM,2028,12766.472553851665,0.13856805447363887,0.08464220664375977,0.10505098533922842,0.06862533887710522,0.03351706913441045,0.01601686776665455
51025,PJM,2028,6081.6847774,0.34171424853730364,0.15354587858740015,0.21842149955696916,0.11929245834493259,0.12329274898033449,0.03425342024246757
51027,PJM,2028,7361.266680583333,0.28429655126294473,0.15709963915137296,0.1800686418627969,0.15073014494650003,0.10422790940014784,0.0063694942048729275
51029,PJM,2028,5841.638007979167,0.3469025833384129,0.14941480421306963,0.23094619172363556,0.12449258160596158,0.11595639161477733,0.024922222607108052
51031,PJM,2028,21900.176734456665,0.14412687214751416,0.10368282326990397,0.133660676755917,0.06573554336892506,0.010466195391597155,0.0379472799009789
51033,PJM,2028,11154.246799158333,0.14584028234006344,0.0662744749184482,0.08112573471567328,0.060756507131538164,0.06471454762439016,0.005517967786910043
51035,PJM,2028,11915.080149533333,0.2085408043647517,0.12040480496560954,0.1638114628815383,0.07339889048369119,0.04472934148321339,0.04700591448191835
51036,PJM,2028,2866.7122071125004,0.21323649264362451,0.13709927279523024,0.15565032430226877,0.09383091808831066,0.05758616834135574,0.04326835470691957
51037,PJM,2028,4480.609341945834,0.39630183775585065,0.21205626843562467,0.26180883746600636,0.1565047302201984,0.1344930002898443,0.05555153821542627
51041,PJM,2028,132780.84631940752,0.09609712230441624,0.06002373850468338,0.06834780538317775,0.039578707752320905,0.027749316921238484,0.020445030752362474
51043,PJM,2028,5542.518938076666,0.10923826921015477,0.05392499364143791,0.0734745515669781,0.03990169301795433,0.035763717643176665,0.01402330062348358
51045,PJM,2028,1758.6145008150002,0.22896272898735265,0.08536622594401816,0.11854512949922741,0.039549316674822116,0.11041759948812524,0.04581690926919604
51047,PJM,2028,17780.684221904165,0.15644931690797598,0.0745616945247691,0.11229521790507181,0.04754952903228553,0.044154099002904165,0.027012165492483572
51049,PJM,2028,3999.62056115,0.27153886832481516,0.11320421909676064,0.16562820267597939,0.0835015251827555,0.10591066564883578,0.029702693914005138
51051,PJM,2028,5500.278171679166,0.277282869647766,0.19317021396146383,0.21259068437815484,0.1406722791033472,0.06469218526961115,0.05249793485811663
51053,PJM,2028,10301.523405283333,0.19740987413541355,0.1440473348086507,0.16701268156522844,0.1275246824600309,0.03039719257018511,0.0165226523486198
51057,PJM,2028,4178.94374985,0.326514415093681,0.18136901106542502,0.21400204839211673,0.13225723457109753,0.11251236670156428,0.04911177649432749
51059,PJM,2028,408974.12880427,0.041383282676811926,0.013975948217502478,0.026203055611622946,0.004725561355149357,0.01518022706518898,0.009250386862353122
51061,PJM,2028,25583.265332286668,0.09869445429600751,0.03899132748316925,0.06435433912791211,0.027995214164059857,0.0343401151680954,0.01099611331910939
51063,PJM,2028,6448.611346516666,0.1813072210122499,0.11872293115946868,0.14177354629776398,0.11200727917222966,0.039533674714485906,0.006715651987239016
51065,PJM,2028,10091.6100039225,0.14361908466125037,0.08602176558176343,0.1247642021184541,0.033242178627553735,0.01885488254279627,0.052779586954209694
51067,PJM,2028,21634.931033683333,0.14987980490565847,0.0981859632932395,0.14311591881050506,0.058639836106933504,0.00676388609515341,0.039546127186306
51069,PJM,2028,32795.0355383875,0.07048232493846089,0.04653472521837891,0.06575647151377856,0.03878352823286411,0.004725853424682333,0.007751196985514804
51071,PJM,2028,6711.8505741291665,0.13413245949251093,0.08251740882844256,0.10011685350400079,0.06763081322467143,0.03401560598851014,0.014886595603771133
51073,PJM,2028,14660.140419330834,0.10628923363917267,0.06432611965218211,0.07427934038720292,0.036158384096787254,0.03200989325196975,0.02816773555539486
51075,PJM,2028,9713.8666571825,0.09546076343075183,0.06265556057483829,0.0726271814978047,0.0405847156870157,0.022833581932947128,0.022070844887822585
51077,PJM,2028,6087.62467125,0.2975610637588331,0.129762885528902,0.2360212019890576,0.07854732915914407,0.06153986176977552,0.05121555636975793
51079,PJM,2028,7308.493079968333,0.09266457073021331,0.07322449097249271,0.08427910382943157,0.04597085655831564,0.008385466900781735,0.027253634414177073
51085,PJM,2028,40897.41786501583,0.0895213630790164,0.04533688983620994,0.06290875599693571,0.02210051486567081,0.026612607082080686,0.02323637497053913
51087,PJM,2028,132717.59875681333,0.0994860723860143,0.06574851852861023,0.07647696026312112,0.03880656206371373,0.02300911212289318,0.0269419564648965
51089,PJM,2028,20215.426019620834,0.2742297963233316,0.13453244754597446,0.18456138095892308,0.11596369180560574,0.08966841536440853,0.018568755740368717
51091,PJM,2028,983.5035311958334,0.14855020226501747,0.049169000541904914,0.10731536163203743,0.043095578542015886,0.04123484063298004,0.006073421999889028
51093,PJM,2028,14966.821161513333,0.19142195247910712,0.0877562137758714,0.10441458220151223,0.06241698650939242,0.08700737027759489,0.025339227266478977
51095,PJM,2028,30207.85573826917,0.07127054352603504,0.039508224245778545,0.04713172308548892,0.02301101790312514,0.02413882044054612,0.016497206342653406
51097,PJM,2028,2780.708449183333,0.26088142702406886,0.13402888263641002,0.1619392656197322,0.10796752680472733,0.09894216140433665,0.02606135583168269
51099,PJM,2028,9626.247947252497,0.10616808305428047,0.0707000024960485,0.08271693744625237,0.028153987644516584,0.023451145608028093,0.04254601485153192
51101,PJM,2028,6791.3176256108345,0.12254801373726698,0.07412849268869035,0.0828435975659038,0.056716980524137296,0.03970441617136318,0.01741151216455305
51103,PJM,2028,5202.526917668334,0.2719776180318789,0.138604065193992,0.1537434142269615,0.09109031634122884,0.11823420380491742,0.047513748852763146
51107,PJM,2028,137216.82943131332,0.04176848710392534,0.022953741964549735,0.031284552752344166,0.0101352132362366,0.010483934351581174,0.012818528728313135
51109,PJM,2028,14359.651912971665,0.17786530950965865,0.08858060290770665,0.11439506844187071,0.05546017982288896,0.06347024106778794,0.0331204230848177
51111,PJM,2028,4489.897774529167,0.3786577260750184,0.19232216663026033,0.25503461203321315,0.14055503965499777,0.12362311404180526,0.05176712697526256
51113,PJM,2028,5239.124772925001,0.2174131671117018,0.1120601633200954,0.14492348743511577,0.0846388824697586,0.07248967967658604,0.027421280850336793
51115,PJM,2028,3689.8841678991666,0.1323204720063024,0.07765609512835805,0.09259125979497947,0.026638619833956285,0.03972921221132293,0.05101747529440177
51119,PJM,2028,4673.629298998334,0.25067104888919095,0.10906342618413882,0.13872091174798967,0.08412287262797308,0.11195013714120128,0.024940553556165743
51121,PJM,2028,35401.223473624166,0.180370013864184,0.13197315521277303,0.15171969943863853,0.09554534878138006,0.02865031442554547,0.03642780643139297
51125,PJM,2028,5978.378385621667,0.19354622314966521,0.12940371527959427,0.1562899029114408,0.12344710984196493,0.03725632023822442,0.005956605437629339
51127,PJM,2028,8593.8624013875,0.0800013703387119,0.04708633719160639,0.05657991714817644,0.026639635295188983,0.023421453190535457,0.020446701896417407
51133,PJM,2028,5119.261494512501,0.2676163851010303,0.14210754008346357,0.17249259423891247,0.12362947235896886,0.09512379086211784,0.018478067724494715
51135,PJM,2028,5366.664995041667,0.3620432227306837,0.18725466123423723,0.2520062767541911,0.13835452410050583,0.11003694597649255,0.0489001371337314
51137,PJM,2028,14064.271875955,0.12589679039177193,0.07533046325915062,0.10250824253024271,0.06537918587384363,0.02338854786152922,0.009951277385306989
51139,PJM,2028,9042.649432920833,0.17224239160285668,0.11170728004136375,0.1545392847829647,0.09574654850929093,0.017703106819891984,0.015960731532072822
51141,PJM,2028,7614.840194291667,0.23244953707436075,0.1329438649612837,0.18505685951203973,0.11714967018037088,0.04739267756232102,0.015794194780912804
51145,PJM,2028,10945.285253904167,0.07774140875434482,0.05895474752853039,0.06257963509309594,0.03788156753981696,0.015161773661248878,0.021073179988713428
51147,PJM,2028,7304.025442054167,0.27709331655510644,0.1534488472475515,0.19079616312402103,0.1263747733244804,0.0862971534310854,0.027074073923071096
51149,PJM,2028,12679.451224816665,0.12584350717616105,0.08209755274391892,0.09975055087816873,0.0603310892255166,0.026092956297992326,0.021766463518402314
51153,PJM,2028,151187.90185902664,0.06100195405943471,0.015292430061957988,0.03817291938893385,0.00818611625129034,0.02282903467050086,0.007106313810667649
51155,PJM,2028,14071.582653054167,0.1493757278013393,0.10746875988194352,0.1287642862328803,0.07515548474360577,0.020611441568458982,0.032313275138337746
51157,PJM,2028,2781.0655193166667,0.12702931608390752,0.06497194468928974,0.11522593117669673,0.029683488380004213,0.011803384907210793,0.035288456309285524
51159,PJM,2028,2808.2528053666665,0.22949182427743944,0.11382217708313903,0.16528978707820685,0.07736490542024625,0.06420203719923259,0.03645727166289278
51161,PJM,2028,38517.717460768334,0.08171496434623401,0.041085297141508395,0.06036605977712106,0.029118532666273254,0.021348904569112953,0.01196676447523514
51163,PJM,2028,9171.825566041665,0.25386717218062954,0.10871107506303292,0.1591248743158558,0.07440474421853317,0.09474229786477373,0.034306330844499744
51165,PJM,2028,30994.956849151666,0.12653009337051788,0.07381022419907908,0.10090853684894775,0.04819863973266202,0.025621556521570124,0.025611584466417057
51167,PJM,2028,10292.158846416667,0.2486626628779191,0.1331209630598557,0.15896319396736203,0.108951119720094,0.08969946891055708,0.024169843339761715
51169,PJM,2028,8727.960170725,0.27541812845919783,0.16439402035103245,0.19194627008449167,0.14151247830376348,0.08347185837470616,0.02288154204726897
51171,PJM,2028,17181.927165177498,0.14223346638891154,0.0862858681834707,0.12760992128832302,0.08141513893117952,0.014623545100588525,0.004870729252291178
51173,PJM,2028,12480.335794775001,0.23798690448979332,0.12332009910998126,0.16959687894765169,0.08328542269285998,0.06839002554214163,0.04003467641712129
51175,PJM,2028,6713.844140190833,0.2558133320366071,0.12296967472644764,0.16318270472659885,0.10002581993648205,0.09263062731000826,0.022943854789965593
51177,PJM,2028,48805.73033688333,0.11360980828419291,0.03975553442147788,0.05442237680902102,0.02021395605181854,0.059187431475171894,0.019541578369659342
51179,PJM,2028,49535.911123460006,0.07259294326011302,0.02912061785246603,0.032876539161748645,0.019849734852815864,0.039716404098364376,0.009270882999650166
51181,PJM,2028,2700.6224401333334,0.30170750543614394,0.15001339413319284,0.19553272105229766,0.1010148891835462,0.10617478438384628,0.04899850494964664
51183,PJM,2028,3644.1733882375,0.2673283017392319,0.16313609997415465,0.20735741388359152,0.08901472161890969,0.059970887855640365,0.07412137835524496
51185,PJM,2028,15432.223377133334,0.2327649152744612,0.1299189697216052,0.15862684522248433,0.10526332786258488,0.07413807005197687,0.024655641859020305
51187,PJM,2028,15081.494536732502,0.15925480177888468,0.09745464117035929,0.12432341736921076,0.07715181000503768,0.034931384409673916,0.02030283116532161
51191,PJM,2028,21771.920584220832,0.13814600149070738,0.066058302267471,0.09211927053491392,0.03671293573774713,0.04602673095579346,0.029345366529723874
51193,PJM,2028,7692.57339239,0.23841113843094977,0.1641606213479132,0.18234184101200188,0.11469566168416417,0.056069297418947894,0.04946495966374903
51197,PJM,2028,12155.355013454166,0.1671270461997157,0.09953362740866264,0.13689382369813205,0.06812541751352355,0.03023322250158364,0.031408209895139094
51199,PJM,2028,25470.238740225832,0.06666162750495988,0.03948694874821117,0.04603170657417133,0.03191367475279737,0.020629920930788553,0.007573273995413798
51510,PJM,2028,73646.97024392,0.046418907913308126,0.018233195839456245,0.024468495992321808,0.007842519267804039,0.021950411920986318,0.010390676571652206
51530,PJM,2028,2624.5863998583336,0.28402710681966387,0.11530722670868641,0.16310294128430017,0.09257708763678539,0.1209241655353637,0.022730139071901023
51540,PJM,2028,19009.233979491666,0.19379366417777374,0.13367418762366234,0.1556594712264041,0.07644621620898126,0.03813419295136963,0.057227971414681084
51550,PJM,2028,90032.33919734416,0.1038878142483615,0.05478253732031021,0.06520564144922097,0.030106970427724845,0.03868217279914053,0.024675566892585363
51570,PJM,2028,7384.669586001666,0.20931776895273693,0.11065105649261957,0.15667753508812693,0.06727471382877676,0.05264023386461,0.04337634266384281
51580,PJM,2028,2413.55132315,0.3532680789148799,0.10186314747423633,0.17714133014596023,0.06518048384389916,0.17612674876891965,0.036682663630337176
51590,PJM,2028,18344.662240391666,0.290701247915534,0.14969035981460718,0.22985437990485133,0.12941424876997243,0.06084686801068265,0.020276111044634754
51595,PJM,2028,2184.4932891541666,0.370402872369683,0.21141164212295915,0.2618796490675754,0.152616055040963,0.10852322330210762,0.05879558708199614
51600,PJM,2028,8790.180759226667,0.03145265336928711,0.014050677110027091,0.02047224388013213,0.010910904593097102,0.01098040948915498,0.003139772516929989
51610,PJM,2028,5605.6600278000005,0.014110115698729279,0.007226775815710484,0.012957850040810851,0.006820623999740738,0.0011522656579184276,0.0004061518159697462
51620,PJM,2028,3296.9949778124997,0.36362678617765654,0.15697805255177838,0.2719097564569144,0.11977021581998204,0.09171702972074214,0.03720783673179634
51630,PJM,2028,10772.773106280001,0.11509276446537405,0.040694173814085736,0.05498519674084904,0.01972960685700924,0.060107567724525,0.020964566957076495
51640,PJM,2028,2530.4276880541665,0.21181778866092088,0.13190584149432863,0.1734226329821679,0.06117885816529453,0.038395155678752985,0.0707269833290341
51650,PJM,2028,56154.5096907025,0.18688548544220307,0.09425247671283016,0.10735944296682802,0.07076526280710464,0.07952604247537505,0.023487213905725515
51660,PJM,2028,16632.553152537505,0.15470000779324822,0.09473338006260613,0.10606403121028728,0.043726250517891446,0.04863597658296094,0.05100712954471469
51670,PJM,2028,9088.151801186665,0.2808803477168507,0.1777541519770168,0.21402560063818737,0.09833704750948083,0.06685474707866335,0.07941710446753597
51678,PJM,2028,1888.8015510250002,0.11767425980831629,0.05588184527699822,0.09441617863624868,0.03533102615453999,0.02325808117206761,0.02055081912245823
51680,PJM,2028,28035.634291165836,0.153845255621311,0.10414698206953182,0.1269662536834408,0.06604717722260124,0.026879001937870184,0.03809980484693058
51683,PJM,2028,13553.35711638,0.02826489896221758,0.01273249815020184,0.019722743325116216,0.0038756262439104895,0.008542155637101364,0.008856871906291352
51685,PJM,2028,4976.962107493334,0.011800973884230442,0.008031057667317567,0.008529477535989096,0.004412472793447473,0.003271496348241346,0.0036185848738700937
51690,PJM,2028,5500.001513225,0.38865224789667313,0.17459154807112814,0.2689610917131246,0.11417353439859154,0.11969115618354853,0.0604180136725366
51700,PJM,2028,74532.18302123834,0.16681720658326768,0.10001297393542363,0.1178056487076485,0.0588936431670848,0.049011557875619186,0.04111933076833883
51710,PJM,2028,92542.2898563525,0.16658890974943363,0.1096990025225727,0.11443815777341282,0.07291990004845095,0.052150751976020815,0.03677910247412175
51730,PJM,2028,14046.044144674166,0.3160365428917335,0.20648970341539635,0.2771512494885896,0.1028985045756118,0.038885293403143895,0.10359119883978456
51735,PJM,2028,4548.48764045,0.08113347808818565,0.049563797003311115,0.05945144108161489,0.035328474382187294,0.02168203700657076,0.01423532262112382
51740,PJM,2028,38066.930964584164,0.2716782437923845,0.14326587774431343,0.20649676488417437,0.12442905235102242,0.0651814789082101,0.018836825393291012
51750,PJM,2028,5359.690737330833,0.33941325807558637,0.22770622360065237,0.269615689115236,0.19588168434126993,0.06979756896035039,0.031824539259382445
51760,PJM,2028,99598.27762371916,0.22769324281840597,0.1090651871986094,0.1592895560644476,0.05899370670330801,0.06840368675395836,0.05007148049530139
51770,PJM,2028,41987.42435299,0.18563838813390504,0.10083816045724718,0.1400638330502772,0.07156665574469044,0.04557455508362784,0.02927150471255674
51775,PJM,2028,9835.425484811667,0.09124834562072685,0.052254416475625856,0.06511777758444348,0.03617585148089942,0.026130568036283372,0.016078564994726437
51790,PJM,2028,10807.0713987,0.18966200828112978,0.08815411660673711,0.1259800110174875,0.06975320683538858,0.06368199726364229,0.018400909771348534
51800,PJM,2028,35643.85399555917,0.1570129555724558,0.07354384891698101,0.10379045718922304,0.05909046838432259,0.053222498383232744,0.014453380532658426
51810,PJM,2028,177294.6065238525,0.09447501174926154,0.055188119363604515,0.07305352261329219,0.03599446368834186,0.02142148913596935,0.019193655675262655
51820,PJM,2028,9214.857520541667,0.2015710294360922,0.11032471290707205,0.15758194926794447,0.06334830073411918,0.04398908016814773,0.04697641217295287
51830,PJM,2028,4737.210071578333,0.08297338884299053,0.035808948112254935,0.043036572314614274,0.01416664854122467,0.03993681652837626,0.021642299571030265
51840,PJM,2028,10772.8827765675,0.10292457311466154,0.05461446517258316,0.09770084871481276,0.0329359588197635,0.005223724399848778,0.021678506352819656
53025,CITY,2028,33395.2029098525,0.042053620585847676,0.029148319367484642,0.03801122867811136,0.029070708482063074,0.004042391907736316,7.761088542156819e-05
53033,CITY,2028,912580.8553112857,0.03003642033959383,0.004271740923819586,0.03003642033959383,0.004271740923819586,0.0,0.0
55001,MISO,2028,9041.531678331667,0.254404898073763,0.10402718818528234,0.2354822287149098,0.1004152799568424,0.018922669358853172,0.0036119082284399445
55003,MISO,2028,6693.392502022501,0.18983715322328015,0.11450778734028741,0.1704773066652737,0.09361547220521273,0.01935984655800646,0.020892315135074682
55005,MISO,2028,18732.44472072,0.21413000149133726,0.08718964028602902,0.17555699357774124,0.06808745628656403,0.038573007913596025,0.01910218399946499
55007,MISO,2028,7432.693875579166,0.1741060471424071,0.07121375737076513,0.1532687270725558,0.06899379402016713,0.02083732006985131,0.0022199633505980004
55009,MISO,2028,106386.66578452082,0.05403404444871765,0.0322263243852925,0.04812699868442191,0.025701081495304253,0.0059070457642957375,0.006525242889988247
55011,MISO,2028,5519.3363185641665,0.19586102420364143,0.11115489333590746,0.1610807804762086,0.10530724370882397,0.034780243727432825,0.005847649627083493
55013,MISO,2028,6929.077616925833,0.2175409158551549,0.10632209784970657,0.18648994755138867,0.09525120704802911,0.03105096830376622,0.01107089080167746
55015,MISO,2028,20197.3657959475,0.07242354416692448,0.0291809747285587,0.07047246834851717,0.02676435374475728,0.0019510758184073107,0.00241662098380142
55017,MISO,2028,25997.082372176665,0.14781878604799942,0.06369846461824388,0.13327467618538658,0.04684893938188594,0.014544109862612842,0.016849525236357944
55019,MISO,2028,12423.100704460001,0.20296598888376594,0.09839983559145879,0.18129843471765,0.08291848627615032,0.021667554166115932,0.015481349315308465
55021,MISO,2028,23384.644934854998,0.0855404081495584,0.043407982689117004,0.08490307554056707,0.04242446110629753,0.0006373326089913339,0.0009835215828194743
55023,MISO,2028,6435.822690589167,0.16576098366244854,0.09607926394463694,0.1485490517111827,0.07795267221655017,0.01721193195126583,0.01812659172808677
55025,MISO,2028,237670.85810985666,0.04391992967206818,0.013041764739483859,0.03980958215415,0.006005760906427831,0.004110347517918181,0.007036003833056028
55027,MISO,2028,34799.04555811833,0.07570581056201016,0.042537312739975464,0.07430289499528007,0.041582007042166046,0.001402915566730084,0.0009553056978094179
55029,MISO,2028,13529.68187288,0.13229770124057733,0.06357484491591409,0.12413212359829856,0.06254163029209596,0.008165577642278765,0.0010332146238181267
55031,MISO,2028,18410.509316494165,0.10531656159495224,0.05670453418362011,0.10268618734633687,0.048170915640673106,0.002630374248615369,0.008533618542947007
55033,MISO,2028,16533.935842560833,0.16764148736801102,0.08554541648687677,0.14473202615566894,0.07580897598381708,0.02290946121234208,0.00973644050305969
55035,MISO,2028,41026.647419998335,0.08836826610374655,0.04643253019539751,0.07169466081122093,0.033976169143395976,0.016673605292525623,0.012456361052001534
55037,MISO,2028,2048.4226553541666,0.19093198004175801,0.0857835727890598,0.18498054416833856,0.08449624549207477,0.005951435873419453,0.0012873272969850386
55039,MISO,2028,41323.749355471664,0.06895804456695598,0.0412737569150615,0.06206051460394471,0.03534491529425087,0.006897529963011267,0.005928841620810629
55041,MISO,2028,3650.6426816450003,0.20187413685163794,0.10745162646856891,0.1905039641579276,0.09745913379549918,0.011370172693710323,0.00999249267306973
55043,MISO,2028,19341.494856175832,0.13662432007978423,0.06620117542713196,0.11873460442890127,0.05053577491958433,0.01788971565088296,0.015665400507547625
55045,MISO,2028,15207.788797207499,0.07964582407014652,0.03408912600716333,0.07774860821847068,0.031468838889837605,0.0018972158516758347,0.0026202871173257244
55047,MISO,2028,7837.7579516275,0.12045892051275792,0.07774613634621128,0.11623618981677776,0.0751099396650278,0.004222730695980156,0.002636196681183478
55049,MISO,2028,9589.519922513335,0.10201711406583774,0.061099640816510196,0.10125961408735122,0.05389685785050984,0.0007574999784865227,0.007202782966000354
55051,MISO,2028,2902.885013735,0.19675323929559532,0.08941664505834565,0.17584336180895604,0.0789553060606542,0.020909877486639278,0.010461338997691444
55053,MISO,2028,7909.781121005,0.2465817355954453,0.15036622957259302,0.21006217273406097,0.12590980640605395,0.03651956286138433,0.024456423166539065
55055,MISO,2028,33322.00916161666,0.061761305733397116,0.042031683234454636,0.059822645565277804,0.037376949594363565,0.001938660168119312,0.004654733640091072
55057,MISO,2028,10395.263670585,0.18574269701212948,0.08258256423764404,0.17983887862716047,0.08096992783438452,0.005903818384969006,0.0016126364032595236
55059,MISO,2028,64033.521431497495,0.0705220272230788,0.038065671690011,0.06727466872667857,0.03642361025641508,0.0032473584964002322,0.0016420614335959233
55061,MISO,2028,8063.985705010833,0.1006496370191143,0.04154042668877515,0.10061181489932261,0.0414448020152938,3.782211979168337e-05,9.56246734813565e-05
55063,MISO,2028,48211.34906561333,0.06935470433495662,0.03496210192948594,0.052442914925329695,0.025763500975318165,0.016911789409626926,0.009198600954167777
55065,MISO,2028,6536.249962886666,0.20576982343726205,0.09901599310356045,0.19193852338868797,0.08231490092254432,0.01383130004857408,0.016701092181016133
55067,MISO,2028,8076.2150365649995,0.1605136693054834,0.08171413503257687,0.15788011087037024,0.07943060862614724,0.002633558435113148,0.00228352640642962
55069,MISO,2028,11798.605530907498,0.1257195810078422,0.06519996526614937,0.11884837886378694,0.05254549260299875,0.006871202144055261,0.012654472663150618
55071,MISO,2028,33766.7590197175,0.09234502528667875,0.043263052680851816,0.08887431813545645,0.04307850363969684,0.003470707151222302,0.0001845490411549744
55073,MISO,2028,54721.32047213,0.08469781463327798,0.04691425950404164,0.07684065864671917,0.04512548034263867,0.007857155986558811,0.0017887791614029716
55075,MISO,2028,18099.252043031665,0.13613512304441525,0.07114609368549034,0.13195072396621366,0.07068565622969455,0.004184399078201589,0.0004604374557957841
55077,MISO,2028,6752.968778093334,0.18468847507411484,0.08037415574723172,0.1730272461809118,0.07574851819781311,0.011661228893203035,0.00462563754941861
55078,MISO,2028,1276.6230045666666,0.24599474140104322,0.11481305830357674,0.22911026871315682,0.11180402589051608,0.016884472687886398,0.003009032413060664
55079,MISO,2028,384825.1751244275,0.11963174356235796,0.06573106346214551,0.11157927602318761,0.044210706333338616,0.008052467539170355,0.021520357128806893
55081,MISO,2028,17710.193055913333,0.12213369367075398,0.06287946175638515,0.1102173624390041,0.057515698041373076,0.011916331231749885,0.005363763715012071
55083,MISO,2028,16080.728289741666,0.12392111451255335,0.059949538663047724,0.11521237916611567,0.059247140200128674,0.00870873534643768,0.0007023984629190502
55085,MISO,2028,15858.853859720833,0.13695744412315522,0.06640328913126373,0.11358939581064467,0.052167081332324165,0.023368048312510548,0.014236207798939561
55087,MISO,2028,74673.25127240416,0.0562091498099285,0.02241482713610225,0.04563128452295252,0.016242290422539645,0.010577865286975976,0.006172536713562604
55089,MISO,2028,36635.504094388336,0.051296202933837166,0.023840684670978843,0.046360575001277514,0.02084717663250753,0.0049356279325596525,0.002993508038471312
55091,MISO,2028,3022.8151432216664,0.16205433877869058,0.08747823328929766,0.1385483349381432,0.06605694581128765,0.02350600384054738,0.021421287478010004
55093,MISO,2028,15523.289282843334,0.10841589630014103,0.03823198432307128,0.07793154790726037,0.03551120001867692,0.030484348392880667,0.002720784304394361
55095,MISO,2028,18234.2732177725,0.13417975657521447,0.056361353543464394,0.10693593744413574,0.050393072376623285,0.027243819131078734,0.005968281166841109
55097,MISO,2028,28774.55326925333,0.07797631234316486,0.0432123474539847,0.0712726275341135,0.03144113674810295,0.006703684809051369,0.011771210705881753
55099,MISO,2028,6554.852070079167,0.1995125944919616,0.09430170057001268,0.18892667909298472,0.08984244966943307,0.01058591539897688,0.004459250900579609
55101,MISO,2028,75921.58150764916,0.08504955661695186,0.04048816846896117,0.0704183609662604,0.039592208359211005,0.014631195650691459,0.0008959601097501685
55103,MISO,2028,7080.581791423333,0.20180630173968553,0.10447790212419253,0.1745839540359544,0.07087317896807892,0.027222347703731137,0.03360472315611361
55105,MISO,2028,64199.0805461275,0.09173224878335476,0.046926745770232946,0.08662069835931793,0.04331379319583156,0.005111550424036826,0.0036129525744013832
55107,MISO,2028,6112.864945164166,0.21884012899547886,0.09995146570240339,0.20233346922217177,0.08789571086250086,0.016506659773307092,0.012055754839902524
55109,MISO,2028,34782.802242227495,0.06761493441390384,0.03079814299026789,0.05858768465409386,0.02348894681827716,0.00902724975980998,0.007309196171990728
55111,MISO,2028,26365.950493061668,0.08941359335415887,0.0505263016854093,0.07538433821877101,0.040553161305988364,0.014029255135387858,0.009973140379420938
55113,MISO,2028,8031.799480254166,0.2161155467951545,0.09891584189817516,0.18848913391277283,0.08875458717408637,0.027626412882381657,0.010161254724088797
55115,MISO,2028,16369.697342675834,0.16104927370579755,0.0787498478481915,0.1505480615372203,0.06874789943475576,0.010501212168577245,0.01000194841343574
55117,MISO,2028,47419.373747415826,0.07125400815974435,0.03576695888971811,0.06320407007673728,0.024015521471581223,0.008049938083007066,0.01175143741813689
55119,MISO,2028,7620.995402823333,0.2835956564146439,0.1131447586840893,0.24972396181911868,0.09740740911701022,0.03387169459552522,0.015737349567079076
55121,MISO,2028,12183.146334637499,0.14178819919548571,0.06519013157329019,0.11158263598302925,0.06076140152348909,0.03020556321245646,0.0044287300498010995
55123,MISO,2028,11814.648978430832,0.17781722157188384,0.09828576755658244,0.16049701633315164,0.08582701177097042,0.017320205238732206,0.012458755785612022
55125,MISO,2028,10406.0294350525,0.14592163867117414,0.07433686143720747,0.14368045220850276,0.07433686143720747,0.0022411864626713796,0.0
55127,MISO,2028,40610.23520634667,0.08173260783485778,0.0360563832331895,0.06996254496935224,0.025198301494366655,0.01177006286550554,0.010858081738822845
55129,MISO,2028,7161.930192894166,0.2131238187576057,0.0997285975223069,0.20070309392517718,0.09379443914106952,0.012420724832428509,0.00593415838123737
55131,MISO,2028,54604.04755696084,0.05795816721381604,0.025783728039354664,0.05368372633548145,0.0250957486737076,0.00427444087833459,0.000687979365647063
55133,MISO,2028,163567.09468500415,0.04429745292315271,0.03136668044890308,0.042540621382228215,0.029354565797264417,0.001756831540924493,0.0020121146516386655
55135,MISO,2028,21854.204710461665,0.15012084516408045,0.07774221654224067,0.1335843183795879,0.07416541452867144,0.01653652678449255,0.003576802013569233
55137,MISO,2028,10046.285865709167,0.18422202355130665,0.09733508145567851,0.18210153154372005,0.09164025936357112,0.0021204920075865996,0.005694822092107393
55139,MISO,2028,69779.61963483167,0.050520074344748964,0.028721694866900297,0.050339674344898805,0.02424286319032299,0.00018039999985015875,0.004478831676577307
55141,MISO,2028,31352.904349871667,0.09514489548987222,0.05274245769964641,0.08726709790966139,0.035860346733781995,0.00787779758021083,0.016882110965864415
54001,PJM,2028,5664.600238941666,0.23420323288595069,0.12037868486136409,0.2070131524590025,0.11173502345005484,0.027190080426948177,0.008643661411309247
54003,PJM,2028,47407.1086198625,0.08914317983879096,0.04749386811049514,0.07678843867035143,0.04107556068853923,0.012354741168439529,0.006418307421955913
54005,PJM,2028,7793.946163537501,0.26779038026784685,0.10832201299009794,0.18333828859506013,0.0848002966729311,0.08445209167278672,0.023521716317166846
54007,PJM,2028,4456.646636991667,0.16928980927427684,0.09570462372550693,0.15019462474185197,0.07228816739252039,0.01909518453242487,0.023416456332986543
54009,PJM,2028,9324.98577585,0.16801348516700781,0.07414872895649433,0.11081061483951456,0.06982414686389332,0.05720287032749326,0.004324582092601004
54011,PJM,2028,37850.83539883333,0.22144273209522125,0.12142633307011493,0.16231117138087076,0.10286116312913236,0.059131560714350495,0.018565169940982562
54013,PJM,2028,2390.5344339875,0.1847247745336775,0.08888081705008297,0.163471016073796,0.0639402784502898,0.021253758459881505,0.02494053859979317
54015,PJM,2028,2798.6708101875,0.31126265792997576,0.14572785543363326,0.2165276385915502,0.13349684803883835,0.09473501933842557,0.012231007394794907
54017,PJM,2028,2317.1860796916662,0.13154276068241316,0.05073617095372721,0.12805742173512355,0.03582711953883308,0.0034853389472896124,0.014909051414894132
54019,PJM,2028,15595.554492675,0.3020229847724011,0.16378858166893545,0.24541041856789794,0.1296496344981204,0.05661256620450314,0.03413894717081506
54021,PJM,2028,2090.0772429833332,0.13754451093180278,0.08183936910868067,0.12515157547955716,0.061014989567070715,0.012392935452245624,0.020824379541609955
54023,PJM,2028,4067.8432781166666,0.17845205060323382,0.10539630001494626,0.16266415653260305,0.09083667376341885,0.015787894070630776,0.014559626251527416
54025,PJM,2028,14431.388297925,0.2688382834972068,0.12545382460953647,0.22193981963188472,0.09688555712453786,0.046898463865322065,0.028568267484998605
54027,PJM,2028,7941.182401270833,0.21130700875411165,0.11765356986538285,0.1809837824635535,0.08269782233960167,0.030323226290558142,0.03495574752578118
54029,PJM,2028,12543.1333672,0.14715651066470364,0.07629727670148066,0.11945557716508404,0.07212093706742634,0.027700933499619607,0.004176339634054324
54031,PJM,2028,5590.6749591875,0.1554512790760547,0.08306224649274217,0.13070934994156794,0.08299927011197057,0.02474192913448675,6.297638077160106e-05
54033,PJM,2028,25345.271370065,0.11830559102225584,0.08543373685426225,0.1099591588714767,0.07289224960894929,0.00834643215077914,0.012541487245312968
54035,PJM,2028,10903.992229366668,0.23587723853636572,0.11737201939967834,0.1537243998401301,0.08498087104206613,0.08215283869623563,0.03239114835761221
54037,PJM,2028,21210.483391213333,0.09572646315557098,0.04856653051717206,0.08846700055834952,0.024801515876244608,0.007259462597221461,0.02376501464092745
54039,PJM,2028,76215.42144532083,0.22005798430701132,0.09496077616020764,0.1477465198935536,0.08850549668959591,0.0723114644134577,0.0064552794706117245
54041,PJM,2028,6668.754188283332,0.17665760250415366,0.0870802778918773,0.14226948873565587,0.0848605487517618,0.03438811376849779,0.002219729140115506
54043,PJM,2028,7483.027618075,0.3187276003166818,0.146167507395294,0.2228177537961688,0.12647945764254795,0.09590984652051299,0.019688049752746045
54045,PJM,2028,11977.786093437498,0.338521807622199,0.14524138069978115,0.24678598701755913,0.1324601426220663,0.09173582060463989,0.012781238077714863
54047,PJM,2028,5918.683558466666,0.4640231075280704,0.22935050815689118,0.3344645023873652,0.20837464463668806,0.12955860514070522,0.020975863520203114
54049,PJM,2028,22711.828154225,0.09617791444984648,0.06331217549774856,0.08255575903891009,0.05469997895100721,0.013622155410936393,0.008612196546741356
54051,PJM,2028,11793.3110316375,0.29767464265342036,0.11817233977404558,0.18514326517471327,0.1077858565198463,0.11253137747870709,0.010386483254199275
54053,PJM,2028,9940.0680051,0.2776248384673975,0.13512104274488357,0.20137948157795613,0.10328095892661572,0.07624535688944137,0.03184008381826785
54055,PJM,2028,23821.579945925,0.27498046476778204,0.10867383677974778,0.18185446376669587,0.08828473863435299,0.09312600100108617,0.020389098145394788
54057,PJM,2028,10223.784925470834,0.15473771380714735,0.09550867312854436,0.13239675290111108,0.08416031456850191,0.022340960906036267,0.011348358560042446
54059,PJM,2028,8784.743335254167,0.38405372694485446,0.20607267368511645,0.26318549620624065,0.18297821916047588,0.1208682307386138,0.023094454524640567
54061,PJM,2028,43293.28153737416,0.10768544846387647,0.04465235398236457,0.09206980861589269,0.033425171767104224,0.015615639847983781,0.011227182215260346
54063,PJM,2028,4528.599276391666,0.2576286670552526,0.13955414369121616,0.2366531692094037,0.11680570382879495,0.0209754978458489,0.022748439862421213
54065,PJM,2028,6923.024825049999,0.1486217361222933,0.07547234878354776,0.13982234612691025,0.07082556492635314,0.008799389995383045,0.004646783857194622
54067,PJM,2028,9387.969754716667,0.2363063725455217,0.1254115095439184,0.1708082370266323,0.10323415494430116,0.06549813551888939,0.022177354599617227
54069,PJM,2028,16929.741576009168,0.21662561082653276,0.08405088114131547,0.13187779596217766,0.07072016596205082,0.08474781486435509,0.013330715179264652
54071,PJM,2028,2314.684700433333,0.18220408207946348,0.09221161338844193,0.14042171983221613,0.08272224133521096,0.04178236224724735,0.009489372053230971
54073,PJM,2028,2651.3623402666667,0.10248163110906157,0.044967517644033256,0.06436122069211547,0.04029881365382157,0.038120410416946096,0.004668703990211687
54075,PJM,2028,2849.8247515666662,0.2982384284636895,0.1435356621183908,0.2727989568399888,0.13093299059116006,0.025439471623700693,0.012602671527230741
54077,PJM,2028,12275.9808574125,0.20101590441141567,0.12263397312519506,0.18767750860484936,0.10963934401290346,0.013338395806566317,0.0129946291122916
54079,PJM,2028,21961.971986682503,0.14965619467769312,0.07396185112877479,0.09010802990346282,0.058866485547865235,0.05954816477423029,0.015095365580909556
54081,PJM,2028,28850.486562554164,0.2982496281903222,0.14868301805222908,0.20456464902403976,0.14177917551717736,0.09368497916628243,0.0069038425350517185
54083,PJM,2028,10110.549346737502,0.18253577307552754,0.10571970577971052,0.16481718328813813,0.09567177149805042,0.01771858978738941,0.010047934281660093
54085,PJM,2028,3209.6026172,0.14789180119669465,0.055885226039232225,0.1296939767644745,0.03864802455406389,0.01819782443222015,0.017237201485168337
54087,PJM,2028,5395.543520345833,0.23688127458051622,0.13054976897178006,0.1780388877202054,0.105015199924724,0.05884238686031082,0.02553456904705606
54089,PJM,2028,4735.803687308334,0.3067905624106668,0.1411235734864658,0.26738354817635485,0.11182367892188931,0.03940701423431198,0.029299894564576476
54091,PJM,2028,6501.4538977708335,0.15865898793248032,0.0801840555380098,0.13579589561078204,0.0724608678034607,0.02286309232169828,0.007723187734549095
54093,PJM,2028,2794.437782308333,0.17724654202595602,0.07869446924639713,0.13596875521545476,0.07402766030481672,0.04127778681050126,0.004666808941580405
54095,PJM,2028,2908.4020658625,0.13315436988569224,0.08793593307137491,0.12170485913342804,0.08498410529598993,0.011449510752264191,0.0029518277753849825
54097,PJM,2028,9351.106407758332,0.16845238407401258,0.11051984792062149,0.1595381221025621,0.09564730213452993,0.008914261971450482,0.014872545786091554
54099,PJM,2028,14611.889310808332,0.290263132717392,0.1448319436853801,0.2105688364873142,0.12687986731316397,0.07969429623007782,0.01795207637221613
54101,PJM,2028,2871.9898857041667,0.31413128130659573,0.16007074983562608,0.2724302595007214,0.13931066659272098,0.041701021805874317,0.020760083242905097
54103,PJM,2028,5684.012100529168,0.17335430362060628,0.10792316320990776,0.12231751801650341,0.09275973807906704,0.051036785604102866,0.015163425130840721
54105,PJM,2028,2076.7978979833333,0.1540576530568283,0.07987398542057422,0.13628469730324144,0.06295628704103973,0.017772955753586867,0.016917698379534496
54107,PJM,2028,34818.539696006665,0.11432352657904639,0.06119128781874284,0.10513965691793573,0.05861874361436103,0.009183869661110663,0.002572544204381813
54109,PJM,2028,7352.608123954167,0.31826732512059286,0.1531728373191193,0.2073672546904624,0.12149697685704765,0.11090007043013045,0.031675860462071645
