state,state_name,naics,naics_desc,year,Emp_annual_avg,EmpEnd_annual_avg,Payroll_annual_total,EarnBeg_annual_avg,quarters_available
01,Alabama,23,Construction Sector,2016,83302.5,83671.5,0.0,3851.75,4
01,Alabama,23,Construction Sector,2017,84528.5,84946.5,0.0,3963.25,4
01,Alabama,23,Construction Sector,2018,88019.0,89054.25,0.0,4083.0,4
01,Alabama,23,Construction Sector,2019,92554.5,93505.5,0.0,4296.25,4
01,Alabama,23,Construction Sector,2020,92585.0,92533.0,0.0,4583.0,4
01,Alabama,23,Construction Sector,2021,94506.75,95120.0,0.0,4723.75,4
01,Alabama,23,Construction Sector,2022,98615.5,99087.75,0.0,5046.0,4
01,Alabama,23,Construction Sector,2023,99376.5,99923.0,0.0,5370.75,4
01,Alabama,23,Construction Sector,2024,104027.0,105257.25,0.0,5680.5,4
01,Alabama,2362,Nonresidential Building Construction,2016,13039.0,12900.75,0.0,4583.5,4
01,Alabama,2362,Nonresidential Building Construction,2017,12794.75,12642.25,0.0,4643.75,4
01,Alabama,2362,Nonresidential Building Construction,2018,13118.25,13357.75,0.0,4786.75,4
01,Alabama,2362,Nonresidential Building Construction,2019,14396.0,14671.75,0.0,5100.25,4
01,Alabama,2362,Nonresidential Building Construction,2020,14248.0,13993.25,0.0,5530.25,4
01,Alabama,2362,Nonresidential Building Construction,2021,13722.75,13759.25,0.0,5736.0,4
01,Alabama,2362,Nonresidential Building Construction,2022,14056.0,14135.75,0.0,6067.5,4
01,Alabama,2362,Nonresidential Building Construction,2023,14155.5,14111.5,0.0,6524.75,4
01,Alabama,2362,Nonresidential Building Construction,2024,15677.0,16073.5,0.0,6779.0,4
01,Alabama,51,Information Sector,2016,21533.5,21393.75,0.0,4557.5,4
01,Alabama,51,Information Sector,2017,21280.5,21289.25,0.0,4596.25,4
01,Alabama,51,Information Sector,2018,21567.5,21561.0,0.0,4662.25,4
01,Alabama,51,Information Sector,2019,21631.25,21541.75,0.0,4680.5,4
01,Alabama,51,Information Sector,2020,19865.25,19381.75,0.0,5392.0,4
01,Alabama,51,Information Sector,2021,19938.75,20442.75,0.0,5788.5,4
01,Alabama,51,Information Sector,2022,22986.75,23453.0,0.0,6027.25,4
01,Alabama,51,Information Sector,2023,23738.75,23609.0,0.0,6333.5,4
01,Alabama,51,Information Sector,2024,23099.75,22977.0,0.0,6612.25,4
01,Alabama,517,Telecommunications,2016,10039.25,9924.75,0.0,5505.5,4
01,Alabama,517,Telecommunications,2017,9393.0,9269.75,0.0,5483.25,4
01,Alabama,517,Telecommunications,2018,8879.25,8651.75,0.0,5620.75,4
01,Alabama,517,Telecommunications,2019,8000.75,7926.5,0.0,5710.25,4
01,Alabama,517,Telecommunications,2020,7631.5,7513.75,0.0,6162.25,4
01,Alabama,517,Telecommunications,2021,7387.5,7481.75,0.0,5895.75,4
01,Alabama,517,Telecommunications,2022,7932.25,7969.0,0.0,6082.5,4
01,Alabama,517,Telecommunications,2023,7828.75,7804.25,0.0,6255.75,4
01,Alabama,517,Telecommunications,2024,7619.0,7511.0,0.0,6313.5,4
01,Alabama,5182,"Computing Infrastructure, Data Processing, Hosting",2016,1058.25,1086.0,0.0,4208.0,4
01,Alabama,5182,"Computing Infrastructure, Data Processing, Hosting",2017,1555.5,1737.75,0.0,4535.0,4
01,Alabama,5182,"Computing Infrastructure, Data Processing, Hosting",2018,2390.75,2576.75,0.0,4167.25,4
01,Alabama,5182,"Computing Infrastructure, Data Processing, Hosting",2019,2069.0,2086.5,0.0,5361.5,4
01,Alabama,5182,"Computing Infrastructure, Data Processing, Hosting",2020,2098.25,2121.75,0.0,6059.5,4
01,Alabama,5182,"Computing Infrastructure, Data Processing, Hosting",2021,2338.25,2383.25,0.0,6846.25,4
01,Alabama,5182,"Computing Infrastructure, Data Processing, Hosting",2022,2684.5,2886.75,0.0,7610.25,4
01,Alabama,5182,"Computing Infrastructure, Data Processing, Hosting",2023,3605.5,3705.25,0.0,7484.25,4
01,Alabama,5182,"Computing Infrastructure, Data Processing, Hosting",2024,3770.25,3786.75,0.0,7790.0,4
01,Alabama,5415,Computer Systems Design,2016,23254.75,23432.5,0.0,6458.25,4
01,Alabama,5415,Computer Systems Design,2017,23811.25,23837.5,0.0,6595.0,4
01,Alabama,5415,Computer Systems Design,2018,24652.5,24727.25,0.0,6780.25,4
01,Alabama,5415,Computer Systems Design,2019,24784.25,24883.5,0.0,7069.25,4
01,Alabama,5415,Computer Systems Design,2020,25029.25,25037.25,0.0,7734.25,4
01,Alabama,5415,Computer Systems Design,2021,25106.0,25273.5,0.0,7834.25,4
01,Alabama,5415,Computer Systems Design,2022,25329.75,25360.5,0.0,8267.25,4
01,Alabama,5415,Computer Systems Design,2023,26047.75,26208.5,0.0,8644.5,4
01,Alabama,5415,Computer Systems Design,2024,25959.0,25994.25,0.0,9009.5,4
02,Alaska,23,Construction Sector,2016,15154.5,15141.0,0.0,5079.0,2
02,Alaska,2362,Nonresidential Building Construction,2016,2690.0,2637.0,0.0,5464.5,2
02,Alaska,51,Information Sector,2016,6309.0,6327.0,0.0,4754.0,2
02,Alaska,517,Telecommunications,2016,4271.0,4268.0,0.0,5651.5,2
02,Alaska,5182,"Computing Infrastructure, Data Processing, Hosting",2016,65.5,64.0,0.0,3863.5,2
02,Alaska,5415,Computer Systems Design,2016,1122.0,1136.0,0.0,5759.5,2
04,Arizona,23,Construction Sector,2016,136689.0,138646.75,0.0,3894.75,4
04,Arizona,23,Construction Sector,2017,147096.0,150014.75,0.0,4108.25,4
04,Arizona,23,Construction Sector,2018,158183.75,161298.0,0.0,4313.5,4
04,Arizona,23,Construction Sector,2019,171023.75,173921.75,0.0,4534.5,4
04,Arizona,23,Construction Sector,2020,175917.0,175995.0,0.0,4843.0,4
04,Arizona,23,Construction Sector,2021,179617.5,182004.75,0.0,5035.0,4
04,Arizona,23,Construction Sector,2022,194101.0,198357.75,0.0,5437.25,4
04,Arizona,23,Construction Sector,2023,213657.0,217249.5,0.0,5785.0,4
04,Arizona,23,Construction Sector,2024,223983.75,224905.75,0.0,6133.5,4
04,Arizona,2362,Nonresidential Building Construction,2016,12933.25,13213.0,0.0,5205.25,4
04,Arizona,2362,Nonresidential Building Construction,2017,14319.25,14664.0,0.0,5457.5,4
04,Arizona,2362,Nonresidential Building Construction,2018,15662.0,15993.0,0.0,5600.25,4
04,Arizona,2362,Nonresidential Building Construction,2019,17055.75,17341.0,0.0,5922.25,4
04,Arizona,2362,Nonresidential Building Construction,2020,17628.5,17489.0,0.0,6307.25,4
04,Arizona,2362,Nonresidential Building Construction,2021,17539.75,17842.0,0.0,6536.75,4
04,Arizona,2362,Nonresidential Building Construction,2022,19458.5,20127.0,0.0,6971.0,4
04,Arizona,2362,Nonresidential Building Construction,2023,22532.0,23218.5,0.0,7260.5,4
04,Arizona,2362,Nonresidential Building Construction,2024,25270.0,25735.25,0.0,7760.0,4
04,Arizona,51,Information Sector,2016,45130.5,45775.75,0.0,5327.0,4
04,Arizona,51,Information Sector,2017,46442.0,46756.0,0.0,5549.5,4
04,Arizona,51,Information Sector,2018,48123.5,48167.75,0.0,5806.75,4
04,Arizona,51,Information Sector,2019,49423.5,49575.75,0.0,5968.75,4
04,Arizona,51,Information Sector,2020,47135.75,46191.25,0.0,6815.5,4
04,Arizona,51,Information Sector,2021,48059.5,49004.25,0.0,7557.0,4
04,Arizona,51,Information Sector,2022,51826.5,52260.0,0.0,7962.75,4
04,Arizona,51,Information Sector,2023,52109.25,51452.0,0.0,8578.0,4
04,Arizona,51,Information Sector,2024,50194.75,49950.25,0.0,9305.75,4
04,Arizona,517,Telecommunications,2016,15105.5,15503.5,0.0,5691.75,4
04,Arizona,517,Telecommunications,2017,15963.75,15968.25,0.0,5824.75,4
04,Arizona,517,Telecommunications,2018,16396.5,16210.25,0.0,5968.25,4
04,Arizona,517,Telecommunications,2019,16073.75,15908.5,0.0,6105.5,4
04,Arizona,517,Telecommunications,2020,15472.25,15336.75,0.0,6441.0,4
04,Arizona,517,Telecommunications,2021,14236.5,13978.5,0.0,6577.5,4
04,Arizona,517,Telecommunications,2022,13268.25,13159.0,0.0,7214.75,4
04,Arizona,517,Telecommunications,2023,12240.75,12078.75,0.0,7757.5,4
04,Arizona,517,Telecommunications,2024,11782.75,11740.25,0.0,8005.0,4
04,Arizona,5182,"Computing Infrastructure, Data Processing, Hosting",2016,8529.25,8566.75,0.0,6880.75,4
04,Arizona,5182,"Computing Infrastructure, Data Processing, Hosting",2017,8998.25,9133.25,0.0,7140.25,4
04,Arizona,5182,"Computing Infrastructure, Data Processing, Hosting",2018,9473.75,9484.5,0.0,7409.75,4
04,Arizona,5182,"Computing Infrastructure, Data Processing, Hosting",2019,9851.0,10015.0,0.0,7245.25,4
04,Arizona,5182,"Computing Infrastructure, Data Processing, Hosting",2020,9956.75,10241.25,0.0,7873.75,4
04,Arizona,5182,"Computing Infrastructure, Data Processing, Hosting",2021,11760.25,12034.5,0.0,8635.0,4
04,Arizona,5182,"Computing Infrastructure, Data Processing, Hosting",2022,12901.75,12996.0,0.0,8732.0,4
04,Arizona,5182,"Computing Infrastructure, Data Processing, Hosting",2023,12743.0,12446.0,0.0,9748.25,4
04,Arizona,5182,"Computing Infrastructure, Data Processing, Hosting",2024,11946.5,11806.75,0.0,11338.75,4
04,Arizona,5415,Computer Systems Design,2016,34321.5,34655.75,0.0,7069.5,4
04,Arizona,5415,Computer Systems Design,2017,35685.5,35790.5,0.0,7170.75,4
04,Arizona,5415,Computer Systems Design,2018,36572.75,37129.5,0.0,7307.75,4
04,Arizona,5415,Computer Systems Design,2019,38786.5,38874.0,0.0,7587.25,4
04,Arizona,5415,Computer Systems Design,2020,37993.75,37758.0,0.0,8072.5,4
04,Arizona,5415,Computer Systems Design,2021,37889.25,38371.25,0.0,8594.0,4
04,Arizona,5415,Computer Systems Design,2022,39726.25,40452.25,0.0,9089.75,4
04,Arizona,5415,Computer Systems Design,2023,39909.5,39482.5,0.0,9490.75,4
04,Arizona,5415,Computer Systems Design,2024,38413.5,38381.75,0.0,9958.5,4
05,Arkansas,23,Construction Sector,2016,50135.0,50282.0,0.0,3539.25,4
05,Arkansas,23,Construction Sector,2017,51327.75,51424.75,0.0,3643.0,4
05,Arkansas,23,Construction Sector,2018,51391.0,51689.5,0.0,3702.5,4
05,Arkansas,23,Construction Sector,2019,52766.75,53234.25,0.0,3857.75,4
05,Arkansas,23,Construction Sector,2020,53615.75,53824.0,0.0,4047.0,4
05,Arkansas,23,Construction Sector,2021,55740.75,56149.25,0.0,4194.75,4
05,Arkansas,23,Construction Sector,2022,57879.25,58859.0,0.0,4520.75,4
05,Arkansas,23,Construction Sector,2023,62696.25,63909.25,0.0,4869.5,4
05,Arkansas,23,Construction Sector,2024,67191.5,67545.5,0.0,5162.75,4
05,Arkansas,2362,Nonresidential Building Construction,2016,7589.75,7312.25,0.0,4184.25,4
05,Arkansas,2362,Nonresidential Building Construction,2017,7126.75,7238.25,0.0,4259.0,4
05,Arkansas,2362,Nonresidential Building Construction,2018,7428.75,7484.75,0.0,4488.5,4
05,Arkansas,2362,Nonresidential Building Construction,2019,7477.75,7521.0,0.0,4698.5,4
05,Arkansas,2362,Nonresidential Building Construction,2020,7469.0,7355.25,0.0,4833.75,4
05,Arkansas,2362,Nonresidential Building Construction,2021,6996.5,6974.75,0.0,5072.75,4
05,Arkansas,2362,Nonresidential Building Construction,2022,7350.0,7560.75,0.0,5527.0,4
05,Arkansas,2362,Nonresidential Building Construction,2023,8656.25,8945.0,0.0,6115.25,4
05,Arkansas,2362,Nonresidential Building Construction,2024,9566.0,9584.75,0.0,6306.75,4
05,Arkansas,51,Information Sector,2016,13626.25,13568.5,0.0,4460.5,4
05,Arkansas,51,Information Sector,2017,12918.75,12741.0,0.0,4533.0,4
05,Arkansas,51,Information Sector,2018,11257.25,11211.0,0.0,4275.25,4
05,Arkansas,51,Information Sector,2019,11174.5,11069.75,0.0,4507.75,4
05,Arkansas,51,Information Sector,2020,11993.0,11726.0,0.0,5397.25,4
05,Arkansas,51,Information Sector,2021,12327.75,12603.0,0.0,5788.0,4
05,Arkansas,51,Information Sector,2022,12652.75,12892.5,0.0,5981.25,4
05,Arkansas,51,Information Sector,2023,13017.0,12926.5,0.0,6238.0,4
05,Arkansas,51,Information Sector,2024,12548.25,12499.0,0.0,6593.0,4
05,Arkansas,517,Telecommunications,2016,5824.25,5754.25,0.0,5822.75,4
05,Arkansas,517,Telecommunications,2017,5185.75,5076.0,0.0,6053.5,4
05,Arkansas,517,Telecommunications,2018,3608.5,3547.0,0.0,5588.25,4
05,Arkansas,517,Telecommunications,2019,3422.0,3386.5,0.0,5842.0,4
05,Arkansas,517,Telecommunications,2020,3500.0,3480.75,0.0,6196.0,4
05,Arkansas,517,Telecommunications,2021,3979.75,4020.25,0.0,6270.0,4
05,Arkansas,517,Telecommunications,2022,3274.5,3322.25,0.0,6442.75,4
05,Arkansas,517,Telecommunications,2023,3386.5,3370.75,0.0,6713.75,4
05,Arkansas,517,Telecommunications,2024,3333.25,3328.0,0.0,7005.75,4
05,Arkansas,5182,"Computing Infrastructure, Data Processing, Hosting",2016,1292.25,1324.75,0.0,5741.5,4
05,Arkansas,5182,"Computing Infrastructure, Data Processing, Hosting",2017,1392.25,1396.5,0.0,5775.5,4
05,Arkansas,5182,"Computing Infrastructure, Data Processing, Hosting",2018,1382.25,1431.25,0.0,6478.25,4
05,Arkansas,5182,"Computing Infrastructure, Data Processing, Hosting",2019,1616.25,1663.25,0.0,6661.5,4
05,Arkansas,5182,"Computing Infrastructure, Data Processing, Hosting",2020,3430.25,3467.25,0.0,7593.75,4
05,Arkansas,5182,"Computing Infrastructure, Data Processing, Hosting",2021,3765.75,3887.0,0.0,7923.5,4
05,Arkansas,5182,"Computing Infrastructure, Data Processing, Hosting",2022,4499.0,4652.0,0.0,8050.75,4
05,Arkansas,5182,"Computing Infrastructure, Data Processing, Hosting",2023,4652.5,4598.75,0.0,8330.25,4
05,Arkansas,5182,"Computing Infrastructure, Data Processing, Hosting",2024,4300.5,4277.75,0.0,8972.0,4
05,Arkansas,5415,Computer Systems Design,2016,10632.25,10681.5,0.0,6221.0,4
05,Arkansas,5415,Computer Systems Design,2017,9842.75,9722.0,0.0,6518.75,4
05,Arkansas,5415,Computer Systems Design,2018,9898.5,9901.75,0.0,6902.5,4
05,Arkansas,5415,Computer Systems Design,2019,9767.5,9810.5,0.0,6731.75,4
05,Arkansas,5415,Computer Systems Design,2020,8751.25,8761.75,0.0,6818.5,4
05,Arkansas,5415,Computer Systems Design,2021,8682.0,8656.25,0.0,7283.5,4
05,Arkansas,5415,Computer Systems Design,2022,8926.75,9138.5,0.0,7672.75,4
05,Arkansas,5415,Computer Systems Design,2023,9889.75,9934.75,0.0,7993.5,4
05,Arkansas,5415,Computer Systems Design,2024,10468.0,10485.25,0.0,8353.5,4
06,California,23,Construction Sector,2016,788020.0,794900.0,0.0,4820.5,4
06,California,23,Construction Sector,2017,822043.0,835565.0,0.0,5047.75,4
06,California,23,Construction Sector,2018,870092.5,877864.5,0.0,5257.75,4
06,California,23,Construction Sector,2019,899802.5,904934.5,0.0,5498.0,4
06,California,23,Construction Sector,2020,881133.75,875898.25,0.0,5724.25,4
06,California,23,Construction Sector,2021,901027.5,906698.25,0.0,6057.5,4
06,California,23,Construction Sector,2022,927267.5,928150.75,0.0,6241.5,4
06,California,23,Construction Sector,2023,924424.75,927833.25,0.0,6452.25,4
06,California,23,Construction Sector,2024,927477.0,923142.75,0.0,6730.5,4
06,California,2362,Nonresidential Building Construction,2016,71483.0,72012.5,0.0,6642.75,4
06,California,2362,Nonresidential Building Construction,2017,75993.25,77496.75,0.0,6944.5,4
06,California,2362,Nonresidential Building Construction,2018,81087.75,81559.5,0.0,7185.75,4
06,California,2362,Nonresidential Building Construction,2019,83771.0,83857.0,0.0,7515.25,4
06,California,2362,Nonresidential Building Construction,2020,80517.0,79140.75,0.0,7807.75,4
06,California,2362,Nonresidential Building Construction,2021,79145.0,79536.0,0.0,8091.5,4
06,California,2362,Nonresidential Building Construction,2022,84076.5,84758.75,0.0,8453.75,4
06,California,2362,Nonresidential Building Construction,2023,85206.75,84662.0,0.0,8771.0,4
06,California,2362,Nonresidential Building Construction,2024,83886.75,83563.0,0.0,9124.0,4
06,California,51,Information Sector,2016,671800.5,676964.75,0.0,9122.75,4
06,California,51,Information Sector,2017,679598.75,687660.0,0.0,10313.25,4
06,California,51,Information Sector,2018,705676.75,711628.5,0.0,11158.75,4
06,California,51,Information Sector,2019,734265.75,739360.0,0.0,11236.25,4
06,California,51,Information Sector,2020,696680.0,690889.5,0.0,13121.75,4
06,California,51,Information Sector,2021,739907.5,754722.25,0.0,15392.0,4
06,California,51,Information Sector,2022,788877.5,792984.25,0.0,13458.0,4
06,California,51,Information Sector,2023,762161.75,742582.25,0.0,15217.25,4
06,California,51,Information Sector,2024,730032.5,726147.0,0.0,17906.75,4
06,California,517,Telecommunications,2016,76721.0,76187.25,0.0,7976.0,4
06,California,517,Telecommunications,2017,71865.75,71316.25,0.0,8235.75,4
06,California,517,Telecommunications,2018,67811.5,66938.75,0.0,8423.75,4
06,California,517,Telecommunications,2019,63919.0,62908.75,0.0,9392.5,4
06,California,517,Telecommunications,2020,59045.5,58126.0,0.0,10863.25,4
06,California,517,Telecommunications,2021,58098.25,57956.25,0.0,11655.25,4
06,California,517,Telecommunications,2022,55342.0,54972.75,0.0,11893.25,4
06,California,517,Telecommunications,2023,53592.0,52689.5,0.0,14607.0,4
06,California,517,Telecommunications,2024,50936.5,50163.0,0.0,13054.0,4
06,California,5182,"Computing Infrastructure, Data Processing, Hosting",2016,38885.5,39665.25,0.0,12283.0,4
06,California,5182,"Computing Infrastructure, Data Processing, Hosting",2017,43195.0,43988.0,0.0,14418.75,4
06,California,5182,"Computing Infrastructure, Data Processing, Hosting",2018,48080.25,49284.75,0.0,17066.75,4
06,California,5182,"Computing Infrastructure, Data Processing, Hosting",2019,51296.75,52548.25,0.0,16981.5,4
06,California,5182,"Computing Infrastructure, Data Processing, Hosting",2020,54064.75,54184.0,0.0,17334.75,4
06,California,5182,"Computing Infrastructure, Data Processing, Hosting",2021,54887.75,56068.5,0.0,21724.0,4
06,California,5182,"Computing Infrastructure, Data Processing, Hosting",2022,70387.75,71639.5,0.0,20048.5,4
06,California,5182,"Computing Infrastructure, Data Processing, Hosting",2023,80032.25,79087.5,0.0,22677.75,4
06,California,5182,"Computing Infrastructure, Data Processing, Hosting",2024,76245.75,76042.75,0.0,26954.5,4
06,California,5415,Computer Systems Design,2016,293489.25,295641.75,0.0,11378.5,4
06,California,5415,Computer Systems Design,2017,303246.5,305670.5,0.0,12218.5,4
06,California,5415,Computer Systems Design,2018,313416.75,316884.75,0.0,12939.75,4
06,California,5415,Computer Systems Design,2019,329861.5,332675.25,0.0,13671.25,4
06,California,5415,Computer Systems Design,2020,330047.75,328582.0,0.0,15279.5,4
06,California,5415,Computer Systems Design,2021,330592.0,334486.0,0.0,18131.5,4
06,California,5415,Computer Systems Design,2022,338773.25,339574.5,0.0,16112.25,4
06,California,5415,Computer Systems Design,2023,325973.5,322458.0,0.0,17050.5,4
06,California,5415,Computer Systems Design,2024,317271.25,315876.5,0.0,19101.5,4
08,Colorado,23,Construction Sector,2016,151116.5,153245.75,0.0,4374.25,4
08,Colorado,23,Construction Sector,2017,158221.0,160038.25,0.0,4504.0,4
08,Colorado,23,Construction Sector,2018,167410.0,168830.0,0.0,4730.75,4
08,Colorado,23,Construction Sector,2019,174727.5,176821.75,0.0,4882.5,4
08,Colorado,23,Construction Sector,2020,172039.75,168583.0,0.0,5175.5,4
08,Colorado,23,Construction Sector,2021,171853.0,175105.25,0.0,5544.0,4
08,Colorado,23,Construction Sector,2022,178234.5,178760.5,0.0,5894.5,4
08,Colorado,23,Construction Sector,2023,179343.5,179346.5,0.0,6400.25,4
08,Colorado,23,Construction Sector,2024,181274.0,181881.25,0.0,6476.0,4
08,Colorado,2362,Nonresidential Building Construction,2016,14242.75,14445.5,0.0,5670.0,4
08,Colorado,2362,Nonresidential Building Construction,2017,15222.25,15570.75,0.0,5864.5,4
08,Colorado,2362,Nonresidential Building Construction,2018,16428.25,16381.0,0.0,6112.25,4
08,Colorado,2362,Nonresidential Building Construction,2019,16746.75,17074.5,0.0,6360.0,4
08,Colorado,2362,Nonresidential Building Construction,2020,16341.5,15964.5,0.0,6781.75,4
08,Colorado,2362,Nonresidential Building Construction,2021,15968.75,16131.75,0.0,7221.25,4
08,Colorado,2362,Nonresidential Building Construction,2022,16297.75,16485.25,0.0,7731.5,4
08,Colorado,2362,Nonresidential Building Construction,2023,16784.5,16735.5,0.0,7961.5,4
08,Colorado,2362,Nonresidential Building Construction,2024,16247.75,16079.75,0.0,8508.5,4
08,Colorado,51,Information Sector,2016,72490.5,72573.25,0.0,7137.0,4
08,Colorado,51,Information Sector,2017,73386.5,73967.5,0.0,7378.25,4
08,Colorado,51,Information Sector,2018,77308.75,77781.75,0.0,7533.75,4
08,Colorado,51,Information Sector,2019,78638.0,78908.25,0.0,7972.75,4
08,Colorado,51,Information Sector,2020,77738.75,76864.25,0.0,8910.25,4
08,Colorado,51,Information Sector,2021,78458.75,79661.5,0.0,10812.0,4
08,Colorado,51,Information Sector,2022,81803.25,81782.5,0.0,11063.5,4
08,Colorado,51,Information Sector,2023,78747.25,77341.75,0.0,11441.5,4
08,Colorado,51,Information Sector,2024,75826.5,75459.25,0.0,12670.5,4
08,Colorado,517,Telecommunications,2016,27031.75,26964.75,0.0,7859.25,4
08,Colorado,517,Telecommunications,2017,26078.5,26154.75,0.0,8080.75,4
08,Colorado,517,Telecommunications,2018,27038.5,27148.0,0.0,8124.75,4
08,Colorado,517,Telecommunications,2019,27068.75,26896.5,0.0,8516.0,4
08,Colorado,517,Telecommunications,2020,26625.25,26350.5,0.0,9183.25,4
08,Colorado,517,Telecommunications,2021,25419.0,25126.0,0.0,10613.25,4
08,Colorado,517,Telecommunications,2022,24774.75,24494.5,0.0,10879.25,4
08,Colorado,517,Telecommunications,2023,23316.0,22987.25,0.0,11180.0,4
08,Colorado,517,Telecommunications,2024,22277.0,22034.0,0.0,11800.75,4
08,Colorado,5182,"Computing Infrastructure, Data Processing, Hosting",2016,10264.0,10391.25,0.0,7680.25,4
08,Colorado,5182,"Computing Infrastructure, Data Processing, Hosting",2017,11401.75,11669.0,0.0,7978.75,4
08,Colorado,5182,"Computing Infrastructure, Data Processing, Hosting",2018,12782.25,13113.0,0.0,8121.25,4
08,Colorado,5182,"Computing Infrastructure, Data Processing, Hosting",2019,13938.75,14272.5,0.0,8632.25,4
08,Colorado,5182,"Computing Infrastructure, Data Processing, Hosting",2020,15322.75,15544.75,0.0,9558.75,4
08,Colorado,5182,"Computing Infrastructure, Data Processing, Hosting",2021,15541.0,16046.25,0.0,11748.25,4
08,Colorado,5182,"Computing Infrastructure, Data Processing, Hosting",2022,17025.25,17079.0,0.0,12289.25,4
08,Colorado,5182,"Computing Infrastructure, Data Processing, Hosting",2023,16268.5,15844.0,0.0,13038.25,4
08,Colorado,5182,"Computing Infrastructure, Data Processing, Hosting",2024,15572.5,15593.5,0.0,14419.75,4
08,Colorado,5415,Computer Systems Design,2016,55055.75,55641.25,0.0,8164.5,4
08,Colorado,5415,Computer Systems Design,2017,57737.0,58307.0,0.0,8416.5,4
08,Colorado,5415,Computer Systems Design,2018,60442.0,61033.5,0.0,8728.5,4
08,Colorado,5415,Computer Systems Design,2019,63240.75,64164.5,0.0,9152.75,4
08,Colorado,5415,Computer Systems Design,2020,67067.5,67963.0,0.0,9953.5,4
08,Colorado,5415,Computer Systems Design,2021,72671.5,74853.5,0.0,11890.75,4
08,Colorado,5415,Computer Systems Design,2022,83304.0,84984.5,0.0,11694.75,4
08,Colorado,5415,Computer Systems Design,2023,86611.5,85900.0,0.0,12442.0,4
08,Colorado,5415,Computer Systems Design,2024,86183.5,86429.5,0.0,13607.75,4
09,Connecticut,23,Construction Sector,2016,59220.25,58770.25,0.0,5095.0,4
09,Connecticut,23,Construction Sector,2017,57823.5,57613.5,0.0,5262.0,4
09,Connecticut,23,Construction Sector,2018,57689.5,58219.5,0.0,5398.75,4
09,Connecticut,23,Construction Sector,2019,59137.5,59159.25,0.0,5588.25,4
09,Connecticut,23,Construction Sector,2020,57270.5,57082.25,0.0,5761.75,4
09,Connecticut,23,Construction Sector,2021,58597.0,59132.0,0.0,5967.25,4
09,Connecticut,23,Construction Sector,2022,60405.5,60617.75,0.0,6175.5,4
09,Connecticut,23,Construction Sector,2023,61187.75,61555.0,0.0,6495.75,4
09,Connecticut,23,Construction Sector,2024,62885.5,63293.0,0.0,6755.75,4
09,Connecticut,2362,Nonresidential Building Construction,2016,5294.0,5175.75,0.0,6839.75,4
09,Connecticut,2362,Nonresidential Building Construction,2017,5017.5,5000.0,0.0,7244.25,4
09,Connecticut,2362,Nonresidential Building Construction,2018,4883.0,4911.75,0.0,7455.0,4
09,Connecticut,2362,Nonresidential Building Construction,2019,4902.0,4917.5,0.0,7686.25,4
09,Connecticut,2362,Nonresidential Building Construction,2020,4780.75,4693.25,0.0,7860.0,4
09,Connecticut,2362,Nonresidential Building Construction,2021,4797.75,4857.75,0.0,8053.25,4
09,Connecticut,2362,Nonresidential Building Construction,2022,5076.25,5140.25,0.0,8227.75,4
09,Connecticut,2362,Nonresidential Building Construction,2023,5235.75,5228.75,0.0,8586.25,4
09,Connecticut,2362,Nonresidential Building Construction,2024,5202.5,5255.75,0.0,9076.75,4
09,Connecticut,51,Information Sector,2016,33835.75,33595.5,0.0,7890.75,4
09,Connecticut,51,Information Sector,2017,32745.5,32771.25,0.0,7838.5,4
09,Connecticut,51,Information Sector,2018,32815.75,32878.75,0.0,8561.5,4
09,Connecticut,51,Information Sector,2019,33190.5,33127.75,0.0,9054.5,4
09,Connecticut,51,Information Sector,2020,30031.75,28729.75,0.0,10074.75,4
09,Connecticut,51,Information Sector,2021,30424.75,31568.0,0.0,11536.5,4
09,Connecticut,51,Information Sector,2022,32956.0,33084.25,0.0,11074.75,4
09,Connecticut,51,Information Sector,2023,32998.5,32720.5,0.0,11637.5,4
09,Connecticut,51,Information Sector,2024,32441.0,32324.75,0.0,12213.0,4
09,Connecticut,517,Telecommunications,2016,9485.75,9288.0,0.0,7951.5,4
09,Connecticut,517,Telecommunications,2017,7793.25,7642.5,0.0,8196.0,4
09,Connecticut,517,Telecommunications,2018,7632.5,7623.25,0.0,8892.75,4
09,Connecticut,517,Telecommunications,2019,7399.75,7247.5,0.0,9277.75,4
09,Connecticut,517,Telecommunications,2020,6770.25,6662.25,0.0,14176.0,4
09,Connecticut,517,Telecommunications,2021,6292.5,6284.25,0.0,16642.5,4
09,Connecticut,517,Telecommunications,2022,6272.5,6273.25,0.0,13455.0,4
09,Connecticut,517,Telecommunications,2023,6315.0,6283.0,0.0,13360.5,4
09,Connecticut,517,Telecommunications,2024,6154.5,6094.0,0.0,12842.0,4
09,Connecticut,5182,"Computing Infrastructure, Data Processing, Hosting",2016,1525.0,1538.5,0.0,7309.5,4
09,Connecticut,5182,"Computing Infrastructure, Data Processing, Hosting",2017,1547.5,1540.75,0.0,7494.75,4
09,Connecticut,5182,"Computing Infrastructure, Data Processing, Hosting",2018,1913.0,1920.0,0.0,8430.25,4
09,Connecticut,5182,"Computing Infrastructure, Data Processing, Hosting",2019,2049.5,2104.25,0.0,9494.25,4
09,Connecticut,5182,"Computing Infrastructure, Data Processing, Hosting",2020,2421.75,2501.0,0.0,10254.5,4
09,Connecticut,5182,"Computing Infrastructure, Data Processing, Hosting",2021,3175.25,3321.0,0.0,10446.75,4
09,Connecticut,5182,"Computing Infrastructure, Data Processing, Hosting",2022,3803.25,3844.75,0.0,12442.5,4
09,Connecticut,5182,"Computing Infrastructure, Data Processing, Hosting",2023,3889.0,3882.75,0.0,13052.0,4
09,Connecticut,5182,"Computing Infrastructure, Data Processing, Hosting",2024,4339.75,4324.75,0.0,14149.5,4
09,Connecticut,5415,Computer Systems Design,2016,24545.5,24478.0,0.0,9162.25,4
09,Connecticut,5415,Computer Systems Design,2017,24035.25,23950.0,0.0,9554.5,4
09,Connecticut,5415,Computer Systems Design,2018,23792.0,23779.5,0.0,9583.0,4
09,Connecticut,5415,Computer Systems Design,2019,22063.75,22043.5,0.0,9924.5,4
09,Connecticut,5415,Computer Systems Design,2020,21788.25,21547.0,0.0,10204.75,4
09,Connecticut,5415,Computer Systems Design,2021,21060.75,21202.5,0.0,10926.5,4
09,Connecticut,5415,Computer Systems Design,2022,21790.75,21818.5,0.0,11668.0,4
09,Connecticut,5415,Computer Systems Design,2023,20952.5,20827.5,0.0,11690.5,4
09,Connecticut,5415,Computer Systems Design,2024,20787.25,20633.75,0.0,12060.25,4
10,Delaware,23,Construction Sector,2016,20644.5,20703.25,0.0,4286.75,4
10,Delaware,23,Construction Sector,2017,21575.75,21872.5,0.0,4398.75,4
10,Delaware,23,Construction Sector,2018,22121.0,22443.0,0.0,4568.5,4
10,Delaware,23,Construction Sector,2019,23458.75,23590.0,0.0,4710.0,4
10,Delaware,23,Construction Sector,2020,22346.25,21840.25,0.0,4919.75,4
10,Delaware,23,Construction Sector,2021,21757.75,22093.0,0.0,5362.0,4
10,Delaware,23,Construction Sector,2022,23807.75,24085.5,0.0,5333.0,4
10,Delaware,23,Construction Sector,2023,24188.25,24250.75,0.0,5674.0,4
10,Delaware,23,Construction Sector,2024,24534.5,24849.0,0.0,6000.75,4
10,Delaware,2362,Nonresidential Building Construction,2016,2142.25,2101.75,0.0,4939.5,4
10,Delaware,2362,Nonresidential Building Construction,2017,2206.25,2231.5,0.0,5119.75,4
10,Delaware,2362,Nonresidential Building Construction,2018,2065.0,2038.25,0.0,5207.0,4
10,Delaware,2362,Nonresidential Building Construction,2019,2357.0,2433.75,0.0,5382.25,4
10,Delaware,2362,Nonresidential Building Construction,2020,2065.0,1959.75,0.0,5526.0,4
10,Delaware,2362,Nonresidential Building Construction,2021,1704.75,1717.25,0.0,6067.25,4
10,Delaware,2362,Nonresidential Building Construction,2022,2080.25,2108.25,0.0,6338.5,4
10,Delaware,2362,Nonresidential Building Construction,2023,2068.5,2087.25,0.0,6698.0,4
10,Delaware,2362,Nonresidential Building Construction,2024,2026.25,2007.25,0.0,7123.75,4
10,Delaware,51,Information Sector,2016,4800.25,4799.5,0.0,4974.75,4
10,Delaware,51,Information Sector,2017,4716.25,4698.75,0.0,4964.25,4
10,Delaware,51,Information Sector,2018,4285.0,4200.5,0.0,4915.0,4
10,Delaware,51,Information Sector,2019,4063.0,4029.0,0.0,5144.0,4
10,Delaware,51,Information Sector,2020,3886.75,3819.5,0.0,5763.5,4
10,Delaware,51,Information Sector,2021,3823.0,3890.5,0.0,6032.75,4
10,Delaware,51,Information Sector,2022,3988.0,3996.0,0.0,6499.25,4
10,Delaware,51,Information Sector,2023,3958.5,3921.5,0.0,6924.0,4
10,Delaware,51,Information Sector,2024,3813.25,3785.25,0.0,7441.5,4
10,Delaware,517,Telecommunications,2016,1991.5,2020.25,0.0,5295.75,4
10,Delaware,517,Telecommunications,2017,2044.0,2028.5,0.0,5279.75,4
10,Delaware,517,Telecommunications,2018,1907.0,1864.25,0.0,5545.5,4
10,Delaware,517,Telecommunications,2019,1808.25,1818.75,0.0,5788.5,4
10,Delaware,517,Telecommunications,2020,1947.25,1937.0,0.0,6034.5,4
10,Delaware,517,Telecommunications,2021,1886.5,1850.75,0.0,6285.25,4
10,Delaware,517,Telecommunications,2022,1677.25,1638.25,0.0,6705.25,4
10,Delaware,517,Telecommunications,2023,1555.0,1511.75,0.0,7267.0,4
10,Delaware,517,Telecommunications,2024,1439.0,1420.75,0.0,7821.25,4
10,Delaware,5182,"Computing Infrastructure, Data Processing, Hosting",2016,850.5,824.25,0.0,7109.25,4
10,Delaware,5182,"Computing Infrastructure, Data Processing, Hosting",2017,749.0,742.0,0.0,7145.25,4
10,Delaware,5182,"Computing Infrastructure, Data Processing, Hosting",2018,451.5,418.0,0.0,7032.25,4
10,Delaware,5182,"Computing Infrastructure, Data Processing, Hosting",2019,384.75,387.0,0.0,7736.25,4
10,Delaware,5182,"Computing Infrastructure, Data Processing, Hosting",2020,452.25,464.75,0.0,8163.25,4
10,Delaware,5182,"Computing Infrastructure, Data Processing, Hosting",2021,443.25,465.25,0.0,8141.0,4
10,Delaware,5182,"Computing Infrastructure, Data Processing, Hosting",2022,493.5,503.5,0.0,9019.5,4
10,Delaware,5182,"Computing Infrastructure, Data Processing, Hosting",2023,515.0,515.25,0.0,9684.0,4
10,Delaware,5182,"Computing Infrastructure, Data Processing, Hosting",2024,501.0,501.0,0.0,10491.0,4
10,Delaware,5415,Computer Systems Design,2016,4974.75,5010.75,0.0,7404.0,4
10,Delaware,5415,Computer Systems Design,2017,5004.25,5049.0,0.0,7476.75,4
10,Delaware,5415,Computer Systems Design,2018,5515.0,5553.5,0.0,7715.5,4
10,Delaware,5415,Computer Systems Design,2019,5492.25,5455.75,0.0,7676.5,4
10,Delaware,5415,Computer Systems Design,2020,4905.0,4749.75,0.0,8202.5,4
10,Delaware,5415,Computer Systems Design,2021,4632.25,4781.5,0.0,8504.25,4
10,Delaware,5415,Computer Systems Design,2022,5169.25,5262.75,0.0,8801.0,4
10,Delaware,5415,Computer Systems Design,2023,5452.75,5475.0,0.0,9051.75,4
10,Delaware,5415,Computer Systems Design,2024,5612.75,5751.75,0.0,9394.0,4
11,DC,23,Construction Sector,2016,15210.75,15281.75,0.0,4903.5,4
11,DC,23,Construction Sector,2017,16136.0,16280.5,0.0,5110.5,4
11,DC,23,Construction Sector,2018,16342.25,16250.0,0.0,5256.75,4
11,DC,23,Construction Sector,2019,15471.75,15297.25,0.0,5394.25,4
11,DC,23,Construction Sector,2020,15340.75,15420.5,0.0,5847.5,4
11,DC,23,Construction Sector,2021,15768.25,15904.25,0.0,6060.5,4
11,DC,23,Construction Sector,2022,15970.25,15877.25,0.0,6284.5,4
11,DC,23,Construction Sector,2023,15410.0,15207.75,0.0,6725.0,4
11,DC,23,Construction Sector,2024,14865.0,14722.0,0.0,7037.25,4
11,DC,2362,Nonresidential Building Construction,2016,2887.0,2835.75,0.0,6514.25,4
11,DC,2362,Nonresidential Building Construction,2017,2950.25,2973.25,0.0,6724.25,4
11,DC,2362,Nonresidential Building Construction,2018,3042.0,3036.0,0.0,6761.75,4
11,DC,2362,Nonresidential Building Construction,2019,2955.5,2924.5,0.0,7071.0,4
11,DC,2362,Nonresidential Building Construction,2020,2917.5,2939.0,0.0,7295.25,4
11,DC,2362,Nonresidential Building Construction,2021,3134.75,3183.5,0.0,7083.25,4
11,DC,2362,Nonresidential Building Construction,2022,3256.0,3279.75,0.0,7519.75,4
11,DC,2362,Nonresidential Building Construction,2023,3077.0,3046.25,0.0,8009.0,4
11,DC,2362,Nonresidential Building Construction,2024,2938.25,2888.25,0.0,8325.0,4
11,DC,51,Information Sector,2016,17382.75,17380.25,0.0,9916.25,4
11,DC,51,Information Sector,2017,18219.0,18484.75,0.0,10415.75,4
11,DC,51,Information Sector,2018,19643.0,19893.5,0.0,10648.25,4
11,DC,51,Information Sector,2019,20321.0,20626.0,0.0,11092.5,4
11,DC,51,Information Sector,2020,20531.25,20269.75,0.0,13006.0,4
11,DC,51,Information Sector,2021,19983.5,20128.25,0.0,14870.0,4
11,DC,51,Information Sector,2022,21091.25,21157.75,0.0,13431.75,4
11,DC,51,Information Sector,2023,20194.5,19929.25,0.0,14429.25,4
11,DC,51,Information Sector,2024,18782.0,18594.5,0.0,17685.0,4
11,DC,517,Telecommunications,2016,1406.75,1369.5,0.0,15393.5,4
11,DC,517,Telecommunications,2017,1417.75,1461.0,0.0,14523.0,4
11,DC,517,Telecommunications,2018,1496.75,1492.25,0.0,13390.25,4
11,DC,517,Telecommunications,2019,1458.0,1449.75,0.0,14938.25,4
11,DC,517,Telecommunications,2020,1555.0,1555.25,0.0,16372.5,4
11,DC,517,Telecommunications,2021,1531.5,1523.5,0.0,15857.5,4
11,DC,517,Telecommunications,2022,1615.75,1594.5,0.0,15831.75,4
11,DC,517,Telecommunications,2023,1561.0,1554.75,0.0,17029.0,4
11,DC,517,Telecommunications,2024,1493.5,1476.5,0.0,17287.25,4
11,DC,5182,"Computing Infrastructure, Data Processing, Hosting",2016,612.25,631.5,0.0,7289.5,4
11,DC,5182,"Computing Infrastructure, Data Processing, Hosting",2017,564.25,583.0,0.0,7684.0,4
11,DC,5182,"Computing Infrastructure, Data Processing, Hosting",2018,883.25,926.5,0.0,8825.75,4
11,DC,5182,"Computing Infrastructure, Data Processing, Hosting",2019,1092.5,1180.25,0.0,9043.5,4
11,DC,5182,"Computing Infrastructure, Data Processing, Hosting",2020,1332.0,1325.0,0.0,10520.5,4
11,DC,5182,"Computing Infrastructure, Data Processing, Hosting",2021,1545.0,1612.0,0.0,11229.75,4
11,DC,5182,"Computing Infrastructure, Data Processing, Hosting",2022,1700.5,1694.5,0.0,12389.75,4
11,DC,5182,"Computing Infrastructure, Data Processing, Hosting",2023,1676.0,1671.25,0.0,14025.5,4
11,DC,5182,"Computing Infrastructure, Data Processing, Hosting",2024,1604.25,1578.5,0.0,16384.25,4
11,DC,5415,Computer Systems Design,2016,23278.75,23491.5,0.0,8173.0,4
11,DC,5415,Computer Systems Design,2017,23389.75,23527.0,0.0,8384.75,4
11,DC,5415,Computer Systems Design,2018,23460.0,23591.5,0.0,8743.75,4
11,DC,5415,Computer Systems Design,2019,23768.25,24098.5,0.0,9003.5,4
11,DC,5415,Computer Systems Design,2020,25431.75,25609.5,0.0,9382.25,4
11,DC,5415,Computer Systems Design,2021,25353.75,24925.25,0.0,10061.25,4
11,DC,5415,Computer Systems Design,2022,23995.5,23628.75,0.0,10317.5,4
11,DC,5415,Computer Systems Design,2023,22563.0,22166.75,0.0,11352.75,4
11,DC,5415,Computer Systems Design,2024,21948.75,21928.75,0.0,12185.0,4
12,Florida,23,Construction Sector,2016,468546.0,477927.25,0.0,3665.75,4
12,Florida,23,Construction Sector,2017,503694.5,509798.5,0.0,3784.25,4
12,Florida,23,Construction Sector,2018,536887.75,545322.5,0.0,3946.0,4
12,Florida,23,Construction Sector,2019,563898.5,568688.5,0.0,4080.75,4
12,Florida,23,Construction Sector,2020,573520.5,573298.25,0.0,4306.0,4
12,Florida,23,Construction Sector,2021,587904.5,591937.25,0.0,4571.25,4
12,Florida,23,Construction Sector,2022,610435.25,617848.5,0.0,4883.75,4
12,Florida,23,Construction Sector,2023,636694.0,641551.75,0.0,5210.25,4
12,Florida,23,Construction Sector,2024,654433.75,657210.25,0.0,5506.5,4
12,Florida,2362,Nonresidential Building Construction,2016,40486.25,40914.0,0.0,5167.25,4
12,Florida,2362,Nonresidential Building Construction,2017,42473.0,43414.75,0.0,5358.5,4
12,Florida,2362,Nonresidential Building Construction,2018,46589.75,46685.5,0.0,5585.25,4
12,Florida,2362,Nonresidential Building Construction,2019,46439.75,46841.0,0.0,5735.75,4
12,Florida,2362,Nonresidential Building Construction,2020,45664.75,44796.75,0.0,6070.25,4
12,Florida,2362,Nonresidential Building Construction,2021,45721.0,46559.75,0.0,6340.0,4
12,Florida,2362,Nonresidential Building Construction,2022,49158.5,49827.25,0.0,6661.5,4
12,Florida,2362,Nonresidential Building Construction,2023,51841.75,52608.5,0.0,7090.25,4
12,Florida,2362,Nonresidential Building Construction,2024,54315.0,54487.5,0.0,7452.75,4
12,Florida,51,Information Sector,2016,142021.5,141385.25,0.0,5837.25,4
12,Florida,51,Information Sector,2017,140239.5,140560.0,0.0,6140.0,4
12,Florida,51,Information Sector,2018,144224.75,143717.75,0.0,6179.75,4
12,Florida,51,Information Sector,2019,142515.0,142374.5,0.0,6542.5,4
12,Florida,51,Information Sector,2020,133788.0,131117.75,0.0,7090.5,4
12,Florida,51,Information Sector,2021,136293.75,139618.75,0.0,7880.25,4
12,Florida,51,Information Sector,2022,153208.25,155668.25,0.0,8392.75,4
12,Florida,51,Information Sector,2023,157868.25,157304.0,0.0,8883.75,4
12,Florida,51,Information Sector,2024,155739.0,154995.25,0.0,9761.75,4
12,Florida,517,Telecommunications,2016,52511.75,51494.0,0.0,5807.0,4
12,Florida,517,Telecommunications,2017,47931.0,48259.25,0.0,5962.0,4
12,Florida,517,Telecommunications,2018,50942.25,50227.25,0.0,5825.5,4
12,Florida,517,Telecommunications,2019,48670.75,48612.5,0.0,6066.5,4
12,Florida,517,Telecommunications,2020,46687.5,46190.0,0.0,6368.0,4
12,Florida,517,Telecommunications,2021,46286.75,46454.5,0.0,6594.25,4
12,Florida,517,Telecommunications,2022,46934.5,47145.25,0.0,7160.0,4
12,Florida,517,Telecommunications,2023,46768.5,46364.75,0.0,7496.75,4
12,Florida,517,Telecommunications,2024,45304.25,44901.25,0.0,8318.5,4
12,Florida,5182,"Computing Infrastructure, Data Processing, Hosting",2016,16343.0,16791.75,0.0,7445.0,4
12,Florida,5182,"Computing Infrastructure, Data Processing, Hosting",2017,18516.5,18704.5,0.0,7956.5,4
12,Florida,5182,"Computing Infrastructure, Data Processing, Hosting",2018,19502.0,19607.75,0.0,7935.75,4
12,Florida,5182,"Computing Infrastructure, Data Processing, Hosting",2019,20160.0,20291.0,0.0,8573.0,4
12,Florida,5182,"Computing Infrastructure, Data Processing, Hosting",2020,20654.5,20861.0,0.0,8848.5,4
12,Florida,5182,"Computing Infrastructure, Data Processing, Hosting",2021,22582.75,23507.0,0.0,10035.0,4
12,Florida,5182,"Computing Infrastructure, Data Processing, Hosting",2022,28093.75,28628.25,0.0,10811.25,4
12,Florida,5182,"Computing Infrastructure, Data Processing, Hosting",2023,29564.75,29414.75,0.0,11220.5,4
12,Florida,5182,"Computing Infrastructure, Data Processing, Hosting",2024,29463.75,29036.75,0.0,12874.0,4
12,Florida,5415,Computer Systems Design,2016,82461.75,81974.75,0.0,7246.75,4
12,Florida,5415,Computer Systems Design,2017,87298.0,88533.5,0.0,7510.0,4
12,Florida,5415,Computer Systems Design,2018,94310.0,95593.75,0.0,7762.0,4
12,Florida,5415,Computer Systems Design,2019,100849.75,102481.25,0.0,8055.75,4
12,Florida,5415,Computer Systems Design,2020,105225.75,106167.5,0.0,8309.75,4
12,Florida,5415,Computer Systems Design,2021,112971.75,116662.0,0.0,9017.5,4
12,Florida,5415,Computer Systems Design,2022,127916.75,130923.0,0.0,9608.25,4
12,Florida,5415,Computer Systems Design,2023,136203.0,136932.25,0.0,10304.5,4
12,Florida,5415,Computer Systems Design,2024,136818.25,137003.5,0.0,11171.25,4
13,Georgia,23,Construction Sector,2016,175315.25,178152.25,0.0,4339.25,4
13,Georgia,23,Construction Sector,2017,183295.75,184904.0,0.0,4504.75,4
13,Georgia,23,Construction Sector,2018,198113.25,201369.0,0.0,4764.75,4
13,Georgia,23,Construction Sector,2019,207259.5,208224.0,0.0,5035.25,4
13,Georgia,23,Construction Sector,2020,204182.0,203920.75,0.0,5181.25,4
13,Georgia,23,Construction Sector,2021,208467.75,209372.0,0.0,5383.75,4
13,Georgia,23,Construction Sector,2022,213007.75,214337.25,0.0,5785.0,4
13,Georgia,23,Construction Sector,2023,220678.25,223745.5,0.0,6052.0,4
13,Georgia,23,Construction Sector,2024,229044.0,230479.0,0.0,6263.0,4
13,Georgia,2362,Nonresidential Building Construction,2016,21944.0,22029.25,0.0,5652.0,4
13,Georgia,2362,Nonresidential Building Construction,2017,22250.0,22560.25,0.0,5916.0,4
13,Georgia,2362,Nonresidential Building Construction,2018,23661.0,23909.0,0.0,6153.0,4
13,Georgia,2362,Nonresidential Building Construction,2019,25265.0,25542.25,0.0,6265.25,4
13,Georgia,2362,Nonresidential Building Construction,2020,25294.75,24990.0,0.0,6535.5,4
13,Georgia,2362,Nonresidential Building Construction,2021,25475.5,25626.25,0.0,6789.75,4
13,Georgia,2362,Nonresidential Building Construction,2022,25663.25,25737.0,0.0,7302.0,4
13,Georgia,2362,Nonresidential Building Construction,2023,27098.5,27860.0,0.0,7761.25,4
13,Georgia,2362,Nonresidential Building Construction,2024,28989.0,29027.5,0.0,8138.5,4
13,Georgia,51,Information Sector,2016,115357.5,116943.0,0.0,6774.0,4
13,Georgia,51,Information Sector,2017,121798.25,121668.0,0.0,7106.5,4
13,Georgia,51,Information Sector,2018,122387.5,122023.0,0.0,6987.75,4
13,Georgia,51,Information Sector,2019,121740.5,121704.75,0.0,7432.25,4
13,Georgia,51,Information Sector,2020,114851.75,113221.5,0.0,7998.0,4
13,Georgia,51,Information Sector,2021,124045.75,125532.25,0.0,8426.5,4
13,Georgia,51,Information Sector,2022,137027.5,140417.75,0.0,8750.0,4
13,Georgia,51,Information Sector,2023,130510.5,126520.75,0.0,9335.75,4
13,Georgia,51,Information Sector,2024,128801.75,128495.25,0.0,9734.5,4
13,Georgia,517,Telecommunications,2016,47632.5,47614.0,0.0,7373.75,4
13,Georgia,517,Telecommunications,2017,45902.75,45367.5,0.0,7953.75,4
13,Georgia,517,Telecommunications,2018,43783.25,42821.25,0.0,7859.5,4
13,Georgia,517,Telecommunications,2019,40880.0,40601.25,0.0,8277.25,4
13,Georgia,517,Telecommunications,2020,38734.25,38176.0,0.0,8732.25,4
13,Georgia,517,Telecommunications,2021,38233.75,38406.25,0.0,8506.5,4
13,Georgia,517,Telecommunications,2022,39138.25,39038.25,0.0,9512.75,4
13,Georgia,517,Telecommunications,2023,36492.5,35897.0,0.0,9903.5,4
13,Georgia,517,Telecommunications,2024,34363.0,33936.5,0.0,10183.5,4
13,Georgia,5182,"Computing Infrastructure, Data Processing, Hosting",2016,9064.75,9165.5,0.0,7997.75,4
13,Georgia,5182,"Computing Infrastructure, Data Processing, Hosting",2017,10911.5,10671.25,0.0,9335.5,4
13,Georgia,5182,"Computing Infrastructure, Data Processing, Hosting",2018,11826.75,12303.25,0.0,9416.25,4
13,Georgia,5182,"Computing Infrastructure, Data Processing, Hosting",2019,12587.0,12900.0,0.0,10566.25,4
13,Georgia,5182,"Computing Infrastructure, Data Processing, Hosting",2020,15097.25,15411.25,0.0,10200.5,4
13,Georgia,5182,"Computing Infrastructure, Data Processing, Hosting",2021,18416.75,18937.75,0.0,11372.25,4
13,Georgia,5182,"Computing Infrastructure, Data Processing, Hosting",2022,21791.5,22842.25,0.0,10987.25,4
13,Georgia,5182,"Computing Infrastructure, Data Processing, Hosting",2023,24943.0,24888.5,0.0,12293.0,4
13,Georgia,5182,"Computing Infrastructure, Data Processing, Hosting",2024,23823.0,23799.75,0.0,13494.0,4
13,Georgia,5415,Computer Systems Design,2016,64828.25,65682.5,0.0,7650.25,4
13,Georgia,5415,Computer Systems Design,2017,66873.75,67558.0,0.0,7694.0,4
13,Georgia,5415,Computer Systems Design,2018,70092.75,70752.25,0.0,7948.5,4
13,Georgia,5415,Computer Systems Design,2019,71575.75,71271.25,0.0,8130.25,4
13,Georgia,5415,Computer Systems Design,2020,71648.5,71359.5,0.0,8437.5,4
13,Georgia,5415,Computer Systems Design,2021,72607.0,73757.0,0.0,8762.0,4
13,Georgia,5415,Computer Systems Design,2022,77962.75,79902.5,0.0,9277.75,4
13,Georgia,5415,Computer Systems Design,2023,80991.25,80616.75,0.0,9455.5,4
13,Georgia,5415,Computer Systems Design,2024,80546.25,80316.0,0.0,9890.25,4
15,Hawaii,23,Construction Sector,2016,38234.5,38030.5,0.0,5656.0,4
15,Hawaii,23,Construction Sector,2017,37174.5,36961.75,0.0,5664.75,4
15,Hawaii,23,Construction Sector,2018,36870.0,36912.5,0.0,5755.75,4
15,Hawaii,23,Construction Sector,2019,38410.75,38592.0,0.0,5853.75,4
15,Hawaii,23,Construction Sector,2020,37828.25,37456.5,0.0,6071.0,4
15,Hawaii,23,Construction Sector,2021,37657.25,37776.5,0.0,6015.5,4
15,Hawaii,23,Construction Sector,2022,38258.25,38544.5,0.0,6075.25,4
15,Hawaii,23,Construction Sector,2023,38863.25,38896.25,0.0,6371.0,4
15,Hawaii,23,Construction Sector,2024,39297.25,39501.0,0.0,6825.25,4
15,Hawaii,2362,Nonresidential Building Construction,2016,6216.5,6205.0,0.0,6663.0,4
15,Hawaii,2362,Nonresidential Building Construction,2017,6202.5,6228.5,0.0,6899.5,4
15,Hawaii,2362,Nonresidential Building Construction,2018,6231.0,6217.75,0.0,6900.25,4
15,Hawaii,2362,Nonresidential Building Construction,2019,6120.5,6074.25,0.0,7044.75,4
15,Hawaii,2362,Nonresidential Building Construction,2020,5975.75,5828.75,0.0,7353.0,4
15,Hawaii,2362,Nonresidential Building Construction,2021,5325.75,5328.25,0.0,6997.5,4
15,Hawaii,2362,Nonresidential Building Construction,2022,5402.5,5438.0,0.0,7067.0,4
15,Hawaii,2362,Nonresidential Building Construction,2023,5595.5,5688.5,0.0,7404.75,4
15,Hawaii,2362,Nonresidential Building Construction,2024,6083.5,6188.25,0.0,7784.0,4
15,Hawaii,51,Information Sector,2016,10726.75,10528.0,0.0,4058.5,4
15,Hawaii,51,Information Sector,2017,10544.75,10967.75,0.0,3813.25,4
15,Hawaii,51,Information Sector,2018,11781.25,11854.5,0.0,4322.75,4
15,Hawaii,51,Information Sector,2019,11752.75,11740.25,0.0,4206.5,4
15,Hawaii,51,Information Sector,2020,10204.75,9635.25,0.0,4428.75,4
15,Hawaii,51,Information Sector,2021,10555.5,10956.75,0.0,5049.25,4
15,Hawaii,51,Information Sector,2022,11536.5,11736.75,0.0,5094.75,4
15,Hawaii,51,Information Sector,2023,11553.5,11322.5,0.0,5458.5,4
15,Hawaii,51,Information Sector,2024,10922.5,10813.0,0.0,6116.75,4
15,Hawaii,517,Telecommunications,2016,3942.0,3624.75,0.0,6151.5,4
15,Hawaii,517,Telecommunications,2017,2983.75,3332.25,0.0,6383.25,4
15,Hawaii,517,Telecommunications,2018,3983.25,3908.75,0.0,6979.25,4
15,Hawaii,517,Telecommunications,2019,3659.25,3595.75,0.0,7058.0,4
15,Hawaii,517,Telecommunications,2020,3478.0,3503.0,0.0,7481.75,4
15,Hawaii,517,Telecommunications,2021,3577.0,3552.75,0.0,7064.5,4
15,Hawaii,517,Telecommunications,2022,3550.0,3553.0,0.0,7095.5,4
15,Hawaii,517,Telecommunications,2023,3536.0,3535.0,0.0,7316.5,4
15,Hawaii,517,Telecommunications,2024,3456.5,3420.75,0.0,7680.5,4
15,Hawaii,5182,"Computing Infrastructure, Data Processing, Hosting",2016,376.25,372.75,0.0,5628.75,4
15,Hawaii,5182,"Computing Infrastructure, Data Processing, Hosting",2017,375.0,378.75,0.0,5753.0,4
15,Hawaii,5182,"Computing Infrastructure, Data Processing, Hosting",2018,380.0,375.0,0.0,5984.75,4
15,Hawaii,5182,"Computing Infrastructure, Data Processing, Hosting",2019,326.0,303.75,0.0,6920.5,4
15,Hawaii,5182,"Computing Infrastructure, Data Processing, Hosting",2020,360.75,400.25,0.0,8045.0,4
15,Hawaii,5182,"Computing Infrastructure, Data Processing, Hosting",2021,467.0,491.75,0.0,13888.0,4
15,Hawaii,5182,"Computing Infrastructure, Data Processing, Hosting",2022,617.0,628.75,0.0,11027.75,4
15,Hawaii,5182,"Computing Infrastructure, Data Processing, Hosting",2023,619.25,612.0,0.0,12453.75,4
15,Hawaii,5182,"Computing Infrastructure, Data Processing, Hosting",2024,565.75,565.75,0.0,15132.75,4
15,Hawaii,5415,Computer Systems Design,2016,4706.75,4733.75,0.0,6850.75,4
15,Hawaii,5415,Computer Systems Design,2017,4893.25,4874.25,0.0,7095.25,4
15,Hawaii,5415,Computer Systems Design,2018,4771.75,4746.0,0.0,7366.5,4
15,Hawaii,5415,Computer Systems Design,2019,4577.5,4506.0,0.0,7566.5,4
15,Hawaii,5415,Computer Systems Design,2020,4379.0,4399.75,0.0,8169.0,4
15,Hawaii,5415,Computer Systems Design,2021,4661.75,4788.0,0.0,9464.75,4
15,Hawaii,5415,Computer Systems Design,2022,5065.5,5128.25,0.0,9564.25,4
15,Hawaii,5415,Computer Systems Design,2023,5113.75,5116.75,0.0,9828.25,4
15,Hawaii,5415,Computer Systems Design,2024,5103.25,5072.5,0.0,10188.5,4
16,Idaho,23,Construction Sector,2016,38914.25,39726.75,0.0,3177.0,4
16,Idaho,23,Construction Sector,2017,41946.5,42841.25,0.0,3299.5,4
16,Idaho,23,Construction Sector,2018,45848.75,46919.5,0.0,3409.75,4
16,Idaho,23,Construction Sector,2019,49623.5,50493.75,0.0,3556.75,4
16,Idaho,23,Construction Sector,2020,52850.5,53810.0,0.0,3719.5,4
16,Idaho,23,Construction Sector,2021,57487.0,58591.75,0.0,4014.0,4
16,Idaho,23,Construction Sector,2022,62792.75,63680.25,0.0,4318.5,4
16,Idaho,23,Construction Sector,2023,65270.0,66169.75,0.0,4607.5,4
16,Idaho,23,Construction Sector,2024,68814.75,69720.25,0.0,4945.0,4
16,Idaho,2362,Nonresidential Building Construction,2016,4246.5,4363.5,0.0,3960.75,4
16,Idaho,2362,Nonresidential Building Construction,2017,4594.25,4672.25,0.0,4097.75,4
16,Idaho,2362,Nonresidential Building Construction,2018,5085.5,5200.75,0.0,4287.75,4
16,Idaho,2362,Nonresidential Building Construction,2019,5180.75,5235.0,0.0,4434.75,4
16,Idaho,2362,Nonresidential Building Construction,2020,5411.5,5358.0,0.0,4488.5,4
16,Idaho,2362,Nonresidential Building Construction,2021,5359.75,5477.0,0.0,4824.75,4
16,Idaho,2362,Nonresidential Building Construction,2022,5875.0,6103.0,0.0,5337.75,4
16,Idaho,2362,Nonresidential Building Construction,2023,6634.5,6760.5,0.0,5731.25,4
16,Idaho,2362,Nonresidential Building Construction,2024,7023.0,7036.25,0.0,6164.75,4
16,Idaho,51,Information Sector,2016,8817.75,8854.5,0.0,3986.5,4
16,Idaho,51,Information Sector,2017,8892.25,8874.0,0.0,4060.75,4
16,Idaho,51,Information Sector,2018,8742.0,8751.0,0.0,4249.25,4
16,Idaho,51,Information Sector,2019,8789.25,8830.75,0.0,4474.0,4
16,Idaho,51,Information Sector,2020,7585.0,7450.0,0.0,4910.5,4
16,Idaho,51,Information Sector,2021,7828.0,8101.5,0.0,6285.0,4
16,Idaho,51,Information Sector,2022,9064.0,9250.5,0.0,6576.25,4
16,Idaho,51,Information Sector,2023,9516.5,9510.5,0.0,7489.75,4
16,Idaho,51,Information Sector,2024,9275.5,9203.5,0.0,7944.5,4
16,Idaho,517,Telecommunications,2016,2829.25,2821.0,0.0,4850.0,4
16,Idaho,517,Telecommunications,2017,2785.0,2782.25,0.0,4828.0,4
16,Idaho,517,Telecommunications,2018,2732.75,2718.75,0.0,4999.75,4
16,Idaho,517,Telecommunications,2019,2724.25,2739.0,0.0,5097.75,4
16,Idaho,517,Telecommunications,2020,1957.5,1995.0,0.0,4997.75,4
16,Idaho,517,Telecommunications,2021,2102.0,2156.5,0.0,5356.5,4
16,Idaho,517,Telecommunications,2022,2142.0,2146.25,0.0,5890.75,4
16,Idaho,517,Telecommunications,2023,2212.25,2207.75,0.0,6750.75,4
16,Idaho,517,Telecommunications,2024,2217.5,2160.75,0.0,6443.0,4
16,Idaho,5182,"Computing Infrastructure, Data Processing, Hosting",2016,549.5,564.5,0.0,5758.75,4
16,Idaho,5182,"Computing Infrastructure, Data Processing, Hosting",2017,561.25,570.5,0.0,5618.0,4
16,Idaho,5182,"Computing Infrastructure, Data Processing, Hosting",2018,557.25,587.25,0.0,5885.5,4
16,Idaho,5182,"Computing Infrastructure, Data Processing, Hosting",2019,648.25,669.25,0.0,6175.5,4
16,Idaho,5182,"Computing Infrastructure, Data Processing, Hosting",2020,634.0,661.25,0.0,7506.0,4
16,Idaho,5182,"Computing Infrastructure, Data Processing, Hosting",2021,687.75,749.5,0.0,8951.0,4
16,Idaho,5182,"Computing Infrastructure, Data Processing, Hosting",2022,934.5,969.0,0.0,10127.5,4
16,Idaho,5182,"Computing Infrastructure, Data Processing, Hosting",2023,1121.5,1158.75,0.0,10191.75,4
16,Idaho,5182,"Computing Infrastructure, Data Processing, Hosting",2024,1254.5,1262.0,0.0,11696.25,4
16,Idaho,5415,Computer Systems Design,2016,4454.5,4520.5,0.0,6075.0,4
16,Idaho,5415,Computer Systems Design,2017,4826.5,4898.5,0.0,6659.25,4
16,Idaho,5415,Computer Systems Design,2018,5573.0,5709.25,0.0,6731.0,4
16,Idaho,5415,Computer Systems Design,2019,6338.25,6409.25,0.0,7021.25,4
16,Idaho,5415,Computer Systems Design,2020,6580.75,6741.0,0.0,7542.0,4
16,Idaho,5415,Computer Systems Design,2021,7491.5,7788.75,0.0,9278.0,4
16,Idaho,5415,Computer Systems Design,2022,8562.0,8687.25,0.0,8962.5,4
16,Idaho,5415,Computer Systems Design,2023,8755.0,8708.75,0.0,9285.5,4
16,Idaho,5415,Computer Systems Design,2024,8345.0,8242.75,0.0,9925.5,4
17,Illinois,23,Construction Sector,2016,221073.75,221246.0,0.0,5218.0,4
17,Illinois,23,Construction Sector,2017,222094.5,222727.75,0.0,5390.0,4
17,Illinois,23,Construction Sector,2018,227212.5,228030.0,0.0,5501.5,4
17,Illinois,23,Construction Sector,2019,229279.0,229351.25,0.0,5628.75,4
17,Illinois,23,Construction Sector,2020,220467.0,218548.25,0.0,5789.5,4
17,Illinois,23,Construction Sector,2021,222814.0,224386.5,0.0,5997.25,4
17,Illinois,23,Construction Sector,2022,230843.0,232456.0,0.0,6229.75,4
17,Illinois,23,Construction Sector,2023,235862.0,236527.0,0.0,6576.75,4
17,Illinois,23,Construction Sector,2024,236809.0,236879.75,0.0,6965.0,4
17,Illinois,2362,Nonresidential Building Construction,2016,21315.0,21340.5,0.0,6189.5,4
17,Illinois,2362,Nonresidential Building Construction,2017,21823.5,21936.25,0.0,6408.25,4
17,Illinois,2362,Nonresidential Building Construction,2018,22904.75,23121.5,0.0,6566.25,4
17,Illinois,2362,Nonresidential Building Construction,2019,23586.5,23591.25,0.0,6759.0,4
17,Illinois,2362,Nonresidential Building Construction,2020,23666.75,23550.0,0.0,6917.0,4
17,Illinois,2362,Nonresidential Building Construction,2021,24241.5,24420.25,0.0,7334.25,4
17,Illinois,2362,Nonresidential Building Construction,2022,25735.25,26195.5,0.0,7539.5,4
17,Illinois,2362,Nonresidential Building Construction,2023,26547.5,26496.5,0.0,8076.75,4
17,Illinois,2362,Nonresidential Building Construction,2024,27111.25,27220.5,0.0,8474.75,4
17,Illinois,51,Information Sector,2016,102705.5,102479.5,0.0,6270.5,4
17,Illinois,51,Information Sector,2017,97428.25,97160.75,0.0,6534.0,4
17,Illinois,51,Information Sector,2018,96082.75,95911.75,0.0,6989.75,4
17,Illinois,51,Information Sector,2019,97058.5,97075.5,0.0,7415.75,4
17,Illinois,51,Information Sector,2020,89376.75,87101.25,0.0,8430.75,4
17,Illinois,51,Information Sector,2021,88267.75,89905.0,0.0,9502.25,4
17,Illinois,51,Information Sector,2022,95712.75,96436.75,0.0,9468.25,4
17,Illinois,51,Information Sector,2023,94024.0,92323.75,0.0,10109.0,4
17,Illinois,51,Information Sector,2024,89958.75,89396.25,0.0,11241.5,4
17,Illinois,517,Telecommunications,2016,31955.25,31332.25,0.0,6429.75,4
17,Illinois,517,Telecommunications,2017,28459.75,28167.75,0.0,7004.0,4
17,Illinois,517,Telecommunications,2018,26679.5,26046.0,0.0,7323.5,4
17,Illinois,517,Telecommunications,2019,25112.25,24836.5,0.0,7775.5,4
17,Illinois,517,Telecommunications,2020,23157.75,22713.0,0.0,8186.0,4
17,Illinois,517,Telecommunications,2021,21370.25,21190.25,0.0,8176.75,4
17,Illinois,517,Telecommunications,2022,21078.5,20905.75,0.0,8413.0,4
17,Illinois,517,Telecommunications,2023,19850.0,19415.5,0.0,8829.5,4
17,Illinois,517,Telecommunications,2024,18228.5,17903.0,0.0,9225.25,4
17,Illinois,5182,"Computing Infrastructure, Data Processing, Hosting",2016,9607.25,9617.5,0.0,8909.25,4
17,Illinois,5182,"Computing Infrastructure, Data Processing, Hosting",2017,9653.5,9755.25,0.0,9031.25,4
17,Illinois,5182,"Computing Infrastructure, Data Processing, Hosting",2018,10267.5,10360.25,0.0,9788.5,4
17,Illinois,5182,"Computing Infrastructure, Data Processing, Hosting",2019,10552.75,10659.75,0.0,9885.5,4
17,Illinois,5182,"Computing Infrastructure, Data Processing, Hosting",2020,10947.75,11025.0,0.0,11454.0,4
17,Illinois,5182,"Computing Infrastructure, Data Processing, Hosting",2021,11923.5,12207.75,0.0,12771.75,4
17,Illinois,5182,"Computing Infrastructure, Data Processing, Hosting",2022,14183.0,14337.0,0.0,12478.25,4
17,Illinois,5182,"Computing Infrastructure, Data Processing, Hosting",2023,15248.25,15032.0,0.0,13618.75,4
17,Illinois,5182,"Computing Infrastructure, Data Processing, Hosting",2024,15356.0,15361.25,0.0,14829.0,4
17,Illinois,5415,Computer Systems Design,2016,80298.25,80919.0,0.0,8366.0,4
17,Illinois,5415,Computer Systems Design,2017,82289.0,82902.5,0.0,8736.0,4
17,Illinois,5415,Computer Systems Design,2018,84175.5,84385.75,0.0,8885.75,4
17,Illinois,5415,Computer Systems Design,2019,84063.75,84143.5,0.0,9240.75,4
17,Illinois,5415,Computer Systems Design,2020,82871.0,82691.5,0.0,10092.25,4
17,Illinois,5415,Computer Systems Design,2021,84683.75,85607.75,0.0,10454.75,4
17,Illinois,5415,Computer Systems Design,2022,91843.5,92304.25,0.0,10557.75,4
17,Illinois,5415,Computer Systems Design,2023,89101.0,88364.5,0.0,10797.25,4
17,Illinois,5415,Computer Systems Design,2024,85237.0,84419.0,0.0,11331.75,4
18,Indiana,23,Construction Sector,2016,131373.0,132766.0,0.0,4214.75,4
18,Indiana,23,Construction Sector,2017,137775.5,138723.0,0.0,4362.0,4
18,Indiana,23,Construction Sector,2018,141025.5,142260.75,0.0,4472.0,4
18,Indiana,23,Construction Sector,2019,145606.25,146450.5,0.0,4626.25,4
18,Indiana,23,Construction Sector,2020,145021.25,144805.0,0.0,4808.25,4
18,Indiana,23,Construction Sector,2021,148190.75,149598.0,0.0,5060.0,4
18,Indiana,23,Construction Sector,2022,153920.75,155116.25,0.0,5367.5,4
18,Indiana,23,Construction Sector,2023,159391.75,161124.75,0.0,5704.0,4
18,Indiana,23,Construction Sector,2024,166884.0,168917.5,0.0,6047.75,4
18,Indiana,2362,Nonresidential Building Construction,2016,18678.5,18807.5,0.0,4926.0,4
18,Indiana,2362,Nonresidential Building Construction,2017,19182.5,19289.0,0.0,5064.5,4
18,Indiana,2362,Nonresidential Building Construction,2018,19950.5,20133.0,0.0,5211.25,4
18,Indiana,2362,Nonresidential Building Construction,2019,20263.5,20272.5,0.0,5441.5,4
18,Indiana,2362,Nonresidential Building Construction,2020,19260.5,18917.75,0.0,5579.5,4
18,Indiana,2362,Nonresidential Building Construction,2021,18861.0,18950.5,0.0,5660.25,4
18,Indiana,2362,Nonresidential Building Construction,2022,19580.0,19687.0,0.0,6062.0,4
18,Indiana,2362,Nonresidential Building Construction,2023,21277.25,21936.5,0.0,6499.5,4
18,Indiana,2362,Nonresidential Building Construction,2024,23983.75,24097.25,0.0,6922.25,4
18,Indiana,51,Information Sector,2016,31931.5,30883.25,0.0,4613.5,4
18,Indiana,51,Information Sector,2017,31499.75,31876.25,0.0,4863.25,4
18,Indiana,51,Information Sector,2018,30652.0,30254.5,0.0,4922.5,4
18,Indiana,51,Information Sector,2019,29817.5,29457.75,0.0,5047.75,4
18,Indiana,51,Information Sector,2020,26683.5,25618.25,0.0,5379.5,4
18,Indiana,51,Information Sector,2021,25467.75,25818.0,0.0,5783.0,4
18,Indiana,51,Information Sector,2022,26721.5,26703.0,0.0,5922.5,4
18,Indiana,51,Information Sector,2023,26647.25,26407.0,0.0,6267.25,4
18,Indiana,51,Information Sector,2024,26384.0,26157.0,0.0,6534.75,4
18,Indiana,517,Telecommunications,2016,10205.75,9380.0,0.0,5510.25,4
18,Indiana,517,Telecommunications,2017,10463.0,11017.5,0.0,5713.5,4
18,Indiana,517,Telecommunications,2018,10563.75,10403.75,0.0,5948.75,4
18,Indiana,517,Telecommunications,2019,9965.25,9808.5,0.0,6103.75,4
18,Indiana,517,Telecommunications,2020,9259.75,9005.5,0.0,6368.25,4
18,Indiana,517,Telecommunications,2021,9040.25,8951.25,0.0,6190.0,4
18,Indiana,517,Telecommunications,2022,8931.0,8837.25,0.0,6428.75,4
18,Indiana,517,Telecommunications,2023,8605.25,8515.0,0.0,6754.5,4
18,Indiana,517,Telecommunications,2024,8828.0,8752.0,0.0,6740.0,4
18,Indiana,5182,"Computing Infrastructure, Data Processing, Hosting",2016,3177.5,3142.5,0.0,5365.5,4
18,Indiana,5182,"Computing Infrastructure, Data Processing, Hosting",2017,3104.25,3101.25,0.0,5601.5,4
18,Indiana,5182,"Computing Infrastructure, Data Processing, Hosting",2018,2891.25,2836.75,0.0,5735.25,4
18,Indiana,5182,"Computing Infrastructure, Data Processing, Hosting",2019,2887.25,2845.5,0.0,6008.25,4
18,Indiana,5182,"Computing Infrastructure, Data Processing, Hosting",2020,2759.25,2688.5,0.0,6259.5,4
18,Indiana,5182,"Computing Infrastructure, Data Processing, Hosting",2021,2568.0,2774.25,0.0,7387.5,4
18,Indiana,5182,"Computing Infrastructure, Data Processing, Hosting",2022,3452.75,3508.25,0.0,7363.25,4
18,Indiana,5182,"Computing Infrastructure, Data Processing, Hosting",2023,3725.5,3707.5,0.0,7791.5,4
18,Indiana,5182,"Computing Infrastructure, Data Processing, Hosting",2024,3709.5,3667.75,0.0,8404.75,4
18,Indiana,5415,Computer Systems Design,2016,25453.75,25522.0,0.0,6932.0,4
18,Indiana,5415,Computer Systems Design,2017,26057.75,26195.25,0.0,7024.25,4
18,Indiana,5415,Computer Systems Design,2018,27405.25,27780.25,0.0,7228.5,4
18,Indiana,5415,Computer Systems Design,2019,29416.5,29827.75,0.0,7369.5,4
18,Indiana,5415,Computer Systems Design,2020,29964.5,30016.75,0.0,7559.5,4
18,Indiana,5415,Computer Systems Design,2021,30691.0,31331.75,0.0,8214.25,4
18,Indiana,5415,Computer Systems Design,2022,33494.0,33798.5,0.0,8639.25,4
18,Indiana,5415,Computer Systems Design,2023,34169.0,34049.25,0.0,8912.75,4
18,Indiana,5415,Computer Systems Design,2024,33969.0,34049.75,0.0,9402.25,4
19,Iowa,23,Construction Sector,2016,79923.75,79721.0,0.0,4397.0,4
19,Iowa,23,Construction Sector,2017,76227.25,75559.0,0.0,4223.5,4
19,Iowa,23,Construction Sector,2018,76880.25,77263.5,0.0,4373.0,4
19,Iowa,23,Construction Sector,2019,77504.75,77886.0,0.0,4519.25,4
19,Iowa,23,Construction Sector,2020,77297.25,76970.75,0.0,4703.5,4
19,Iowa,23,Construction Sector,2021,78345.75,79073.0,0.0,4805.5,4
19,Iowa,23,Construction Sector,2022,81225.75,81779.0,0.0,5075.75,4
19,Iowa,23,Construction Sector,2023,83646.5,84564.5,0.0,5368.75,4
19,Iowa,23,Construction Sector,2024,85603.25,85277.5,0.0,5615.75,4
19,Iowa,2362,Nonresidential Building Construction,2016,10322.5,10176.75,0.0,4995.25,4
19,Iowa,2362,Nonresidential Building Construction,2017,9520.0,9491.5,0.0,4939.75,4
19,Iowa,2362,Nonresidential Building Construction,2018,9700.5,9666.5,0.0,5176.75,4
19,Iowa,2362,Nonresidential Building Construction,2019,9398.75,9386.0,0.0,5377.25,4
19,Iowa,2362,Nonresidential Building Construction,2020,8672.0,8610.0,0.0,5457.25,4
19,Iowa,2362,Nonresidential Building Construction,2021,8771.5,8833.5,0.0,5469.5,4
19,Iowa,2362,Nonresidential Building Construction,2022,9180.25,9279.25,0.0,5919.0,4
19,Iowa,2362,Nonresidential Building Construction,2023,9476.25,9630.0,0.0,6178.5,4
19,Iowa,2362,Nonresidential Building Construction,2024,9869.0,9759.5,0.0,6581.75,4
19,Iowa,51,Information Sector,2016,22338.5,22153.75,0.0,4390.25,4
19,Iowa,51,Information Sector,2017,21605.0,21429.25,0.0,4583.5,4
19,Iowa,51,Information Sector,2018,21428.5,21289.0,0.0,4840.25,4
19,Iowa,51,Information Sector,2019,20899.5,20647.0,0.0,4998.75,4
19,Iowa,51,Information Sector,2020,18801.0,18318.75,0.0,5399.25,4
19,Iowa,51,Information Sector,2021,18030.25,17847.25,0.0,5773.75,4
19,Iowa,51,Information Sector,2022,17894.75,18245.75,0.0,6037.25,4
19,Iowa,51,Information Sector,2023,18067.25,17980.75,0.0,6214.0,4
19,Iowa,51,Information Sector,2024,17900.5,17953.75,0.0,6842.5,4
19,Iowa,517,Telecommunications,2016,6507.5,6455.75,0.0,4878.75,4
19,Iowa,517,Telecommunications,2017,6248.0,6208.75,0.0,4905.0,4
19,Iowa,517,Telecommunications,2018,6168.0,6070.0,0.0,5188.25,4
19,Iowa,517,Telecommunications,2019,5687.75,5598.5,0.0,5407.25,4
19,Iowa,517,Telecommunications,2020,5429.0,5350.75,0.0,5611.5,4
19,Iowa,517,Telecommunications,2021,4965.25,4880.25,0.0,5584.75,4
19,Iowa,517,Telecommunications,2022,4993.75,5067.0,0.0,6123.75,4
19,Iowa,517,Telecommunications,2023,5114.0,5100.0,0.0,6312.75,4
19,Iowa,517,Telecommunications,2024,5047.0,5023.25,0.0,6570.5,4
19,Iowa,5182,"Computing Infrastructure, Data Processing, Hosting",2016,3091.25,3072.75,0.0,4827.75,4
19,Iowa,5182,"Computing Infrastructure, Data Processing, Hosting",2017,3053.25,3079.25,0.0,4974.75,4
19,Iowa,5182,"Computing Infrastructure, Data Processing, Hosting",2018,3543.5,3572.0,0.0,6112.25,4
19,Iowa,5182,"Computing Infrastructure, Data Processing, Hosting",2019,3459.25,3416.5,0.0,6518.75,4
19,Iowa,5182,"Computing Infrastructure, Data Processing, Hosting",2020,3277.5,3255.25,0.0,7187.0,4
19,Iowa,5182,"Computing Infrastructure, Data Processing, Hosting",2021,3296.5,3313.25,0.0,7655.75,4
19,Iowa,5182,"Computing Infrastructure, Data Processing, Hosting",2022,3422.75,3455.0,0.0,8028.75,4
19,Iowa,5182,"Computing Infrastructure, Data Processing, Hosting",2023,3239.75,3265.25,0.0,8758.75,4
19,Iowa,5182,"Computing Infrastructure, Data Processing, Hosting",2024,3348.5,3444.0,0.0,9794.5,4
19,Iowa,5415,Computer Systems Design,2016,11052.0,11118.5,0.0,6406.5,4
19,Iowa,5415,Computer Systems Design,2017,11892.5,11956.5,0.0,6853.25,4
19,Iowa,5415,Computer Systems Design,2018,12094.0,12186.0,0.0,6899.0,4
19,Iowa,5415,Computer Systems Design,2019,12230.25,12296.75,0.0,7307.75,4
19,Iowa,5415,Computer Systems Design,2020,11863.5,11730.75,0.0,7539.75,4
19,Iowa,5415,Computer Systems Design,2021,11570.75,11723.75,0.0,8207.5,4
19,Iowa,5415,Computer Systems Design,2022,12246.0,12350.0,0.0,8431.25,4
19,Iowa,5415,Computer Systems Design,2023,12523.75,12444.75,0.0,8893.0,4
19,Iowa,5415,Computer Systems Design,2024,12210.75,12109.5,0.0,9339.25,4
20,Kansas,23,Construction Sector,2016,61598.25,61564.0,0.0,3965.75,4
20,Kansas,23,Construction Sector,2017,60667.0,60406.75,0.0,4057.0,4
20,Kansas,23,Construction Sector,2018,60836.0,61276.75,0.0,4174.25,4
20,Kansas,23,Construction Sector,2019,63315.5,63407.25,0.0,4338.5,4
20,Kansas,23,Construction Sector,2020,63177.0,63404.75,0.0,4495.75,4
20,Kansas,23,Construction Sector,2021,65111.25,65274.5,0.0,4628.5,4
20,Kansas,23,Construction Sector,2022,65369.25,65728.75,0.0,4908.75,4
20,Kansas,23,Construction Sector,2023,68097.5,68916.5,0.0,5275.0,4
20,Kansas,23,Construction Sector,2024,70933.0,71843.0,0.0,5677.75,4
20,Kansas,2362,Nonresidential Building Construction,2016,7370.25,7292.75,0.0,4853.5,4
20,Kansas,2362,Nonresidential Building Construction,2017,7114.5,7074.5,0.0,5027.5,4
20,Kansas,2362,Nonresidential Building Construction,2018,7095.0,7196.5,0.0,5174.0,4
20,Kansas,2362,Nonresidential Building Construction,2019,7816.75,7841.75,0.0,5352.0,4
20,Kansas,2362,Nonresidential Building Construction,2020,7635.25,7581.25,0.0,5492.25,4
20,Kansas,2362,Nonresidential Building Construction,2021,7934.25,7947.25,0.0,5513.0,4
20,Kansas,2362,Nonresidential Building Construction,2022,7749.75,7751.25,0.0,5723.25,4
20,Kansas,2362,Nonresidential Building Construction,2023,8012.75,8145.75,0.0,6282.0,4
20,Kansas,2362,Nonresidential Building Construction,2024,8600.75,8749.0,0.0,6775.25,4
20,Kansas,51,Information Sector,2016,20530.75,20243.0,0.0,4854.0,4
20,Kansas,51,Information Sector,2017,19372.75,19131.75,0.0,4939.75,4
20,Kansas,51,Information Sector,2018,18451.0,18291.25,0.0,5156.75,4
20,Kansas,51,Information Sector,2019,17950.5,17928.25,0.0,5380.0,4
20,Kansas,51,Information Sector,2020,16706.0,16111.5,0.0,5691.5,4
20,Kansas,51,Information Sector,2021,16557.75,16938.75,0.0,6143.25,4
20,Kansas,51,Information Sector,2022,18430.75,18540.5,0.0,6731.0,4
20,Kansas,51,Information Sector,2023,18318.25,18183.5,0.0,6996.0,4
20,Kansas,51,Information Sector,2024,17561.75,17428.75,0.0,7302.25,4
20,Kansas,517,Telecommunications,2016,8674.0,8444.0,0.0,5886.5,4
20,Kansas,517,Telecommunications,2017,7804.25,7701.5,0.0,5961.5,4
20,Kansas,517,Telecommunications,2018,7357.75,7243.0,0.0,6039.75,4
20,Kansas,517,Telecommunications,2019,7298.25,7242.75,0.0,6309.5,4
20,Kansas,517,Telecommunications,2020,6486.75,6328.75,0.0,6496.5,4
20,Kansas,517,Telecommunications,2021,6791.0,6835.75,0.0,6489.75,4
20,Kansas,517,Telecommunications,2022,6802.5,6795.0,0.0,6707.5,4
20,Kansas,517,Telecommunications,2023,6791.0,6748.5,0.0,6881.75,4
20,Kansas,517,Telecommunications,2024,6832.5,6819.25,0.0,7246.75,4
20,Kansas,5182,"Computing Infrastructure, Data Processing, Hosting",2016,1648.75,1645.75,0.0,5458.0,4
20,Kansas,5182,"Computing Infrastructure, Data Processing, Hosting",2017,1727.75,1717.0,0.0,5368.5,4
20,Kansas,5182,"Computing Infrastructure, Data Processing, Hosting",2018,1797.0,1800.0,0.0,6359.0,4
20,Kansas,5182,"Computing Infrastructure, Data Processing, Hosting",2019,1921.25,1939.75,0.0,6807.0,4
20,Kansas,5182,"Computing Infrastructure, Data Processing, Hosting",2020,1928.75,1890.75,0.0,7284.25,4
20,Kansas,5182,"Computing Infrastructure, Data Processing, Hosting",2021,2051.75,2141.0,0.0,8380.0,4
20,Kansas,5182,"Computing Infrastructure, Data Processing, Hosting",2022,2529.5,2583.5,0.0,8651.0,4
20,Kansas,5182,"Computing Infrastructure, Data Processing, Hosting",2023,2458.5,2442.5,0.0,9177.5,4
20,Kansas,5182,"Computing Infrastructure, Data Processing, Hosting",2024,2438.5,2394.5,0.0,10116.0,4
20,Kansas,5415,Computer Systems Design,2016,18115.5,18196.5,0.0,6601.0,4
20,Kansas,5415,Computer Systems Design,2017,17992.5,18061.0,0.0,6723.75,4
20,Kansas,5415,Computer Systems Design,2018,18141.75,18201.5,0.0,6795.75,4
20,Kansas,5415,Computer Systems Design,2019,15842.0,15977.0,0.0,7265.5,4
20,Kansas,5415,Computer Systems Design,2020,16501.5,16060.5,0.0,7482.75,4
20,Kansas,5415,Computer Systems Design,2021,15132.75,15245.5,0.0,7934.0,4
20,Kansas,5415,Computer Systems Design,2022,16066.0,16529.75,0.0,8665.25,4
20,Kansas,5415,Computer Systems Design,2023,17026.75,17014.25,0.0,9080.5,4
20,Kansas,5415,Computer Systems Design,2024,16746.0,16794.25,0.0,9890.75,4
21,Kentucky,23,Construction Sector,2016,75459.0,75773.0,0.0,4027.25,4
21,Kentucky,23,Construction Sector,2017,76384.25,76402.5,0.0,4111.5,4
21,Kentucky,23,Construction Sector,2018,76903.75,77571.5,0.0,4185.0,4
21,Kentucky,23,Construction Sector,2019,78649.0,79057.75,0.0,4326.75,4
21,Kentucky,23,Construction Sector,2020,77529.25,77076.25,0.0,4583.5,4
21,Kentucky,23,Construction Sector,2021,78753.5,79840.0,0.0,4697.25,4
21,Kentucky,23,Construction Sector,2022,82899.5,83876.5,0.0,5102.0,4
21,Kentucky,23,Construction Sector,2023,88238.75,89731.0,0.0,5418.75,4
21,Kentucky,23,Construction Sector,2024,93238.75,93371.75,0.0,5744.75,4
21,Kentucky,2362,Nonresidential Building Construction,2016,10400.5,10371.0,0.0,4499.75,4
21,Kentucky,2362,Nonresidential Building Construction,2017,10463.75,10427.5,0.0,4612.75,4
21,Kentucky,2362,Nonresidential Building Construction,2018,10373.25,10444.75,0.0,4736.75,4
21,Kentucky,2362,Nonresidential Building Construction,2019,9957.25,9915.75,0.0,4978.5,4
21,Kentucky,2362,Nonresidential Building Construction,2020,9729.25,9628.0,0.0,5228.25,4
21,Kentucky,2362,Nonresidential Building Construction,2021,9482.0,9532.5,0.0,5582.25,4
21,Kentucky,2362,Nonresidential Building Construction,2022,9987.25,10207.75,0.0,5926.0,4
21,Kentucky,2362,Nonresidential Building Construction,2023,11286.5,11473.75,0.0,6752.5,4
21,Kentucky,2362,Nonresidential Building Construction,2024,11417.5,11312.25,0.0,7275.75,4
21,Kentucky,51,Information Sector,2016,23124.75,23093.0,0.0,4242.0,4
21,Kentucky,51,Information Sector,2017,22836.0,22727.5,0.0,4343.0,4
21,Kentucky,51,Information Sector,2018,22452.75,22419.0,0.0,4273.0,4
21,Kentucky,51,Information Sector,2019,21928.25,21881.75,0.0,4598.5,4
21,Kentucky,51,Information Sector,2020,20892.5,20687.25,0.0,4838.0,4
21,Kentucky,51,Information Sector,2021,21702.0,21899.5,0.0,5147.25,4
21,Kentucky,51,Information Sector,2022,22030.0,22428.0,0.0,5538.0,4
21,Kentucky,51,Information Sector,2023,23422.75,23194.75,0.0,5832.25,4
21,Kentucky,51,Information Sector,2024,21490.0,21370.75,0.0,6167.0,4
21,Kentucky,517,Telecommunications,2016,9077.0,9127.0,0.0,5004.25,4
21,Kentucky,517,Telecommunications,2017,9174.5,9136.0,0.0,4920.25,4
21,Kentucky,517,Telecommunications,2018,8629.0,8594.75,0.0,4768.0,4
21,Kentucky,517,Telecommunications,2019,8352.0,8280.25,0.0,4879.0,4
21,Kentucky,517,Telecommunications,2020,8150.5,8348.0,0.0,5169.0,4
21,Kentucky,517,Telecommunications,2021,8935.5,8897.75,0.0,5357.5,4
21,Kentucky,517,Telecommunications,2022,8878.5,8949.5,0.0,5621.75,4
21,Kentucky,517,Telecommunications,2023,8783.75,8595.5,0.0,5810.0,4
21,Kentucky,517,Telecommunications,2024,8029.25,7960.25,0.0,5984.0,4
21,Kentucky,5182,"Computing Infrastructure, Data Processing, Hosting",2016,3859.0,3930.25,0.0,5079.25,4
21,Kentucky,5182,"Computing Infrastructure, Data Processing, Hosting",2017,3987.75,3947.25,0.0,5179.25,4
21,Kentucky,5182,"Computing Infrastructure, Data Processing, Hosting",2018,4064.75,4098.75,0.0,5131.75,4
21,Kentucky,5182,"Computing Infrastructure, Data Processing, Hosting",2019,4100.5,4162.5,0.0,6032.0,4
21,Kentucky,5182,"Computing Infrastructure, Data Processing, Hosting",2020,4525.75,4552.0,0.0,5456.0,4
21,Kentucky,5182,"Computing Infrastructure, Data Processing, Hosting",2021,4617.0,4581.25,0.0,5805.5,4
21,Kentucky,5182,"Computing Infrastructure, Data Processing, Hosting",2022,4161.5,4283.75,0.0,6819.5,4
21,Kentucky,5182,"Computing Infrastructure, Data Processing, Hosting",2023,4146.25,4122.0,0.0,7260.75,4
21,Kentucky,5182,"Computing Infrastructure, Data Processing, Hosting",2024,3925.0,3868.0,0.0,7764.75,4
21,Kentucky,5415,Computer Systems Design,2016,14479.5,14560.25,0.0,5644.0,4
21,Kentucky,5415,Computer Systems Design,2017,14347.75,14357.25,0.0,5960.75,4
21,Kentucky,5415,Computer Systems Design,2018,14384.75,14440.25,0.0,6198.25,4
21,Kentucky,5415,Computer Systems Design,2019,14529.75,14669.75,0.0,6310.25,4
21,Kentucky,5415,Computer Systems Design,2020,14815.0,14690.5,0.0,6588.5,4
21,Kentucky,5415,Computer Systems Design,2021,15151.75,15498.75,0.0,6958.25,4
21,Kentucky,5415,Computer Systems Design,2022,16563.0,16785.25,0.0,7316.75,4
21,Kentucky,5415,Computer Systems Design,2023,16380.0,16238.5,0.0,7907.25,4
21,Kentucky,5415,Computer Systems Design,2024,17807.75,17810.0,0.0,8022.75,4
22,Louisiana,23,Construction Sector,2016,134326.5,135074.75,0.0,4547.25,4
22,Louisiana,23,Construction Sector,2017,141135.5,141904.5,0.0,4699.5,4
22,Louisiana,23,Construction Sector,2018,146053.25,147026.75,0.0,4825.0,4
22,Louisiana,23,Construction Sector,2019,139932.0,136979.5,0.0,4835.5,4
22,Louisiana,23,Construction Sector,2020,122628.25,119477.0,0.0,4793.0,4
22,Louisiana,23,Construction Sector,2021,125005.0,126442.5,0.0,4982.75,4
22,Louisiana,23,Construction Sector,2022,127145.25,127425.0,0.0,5195.0,4
22,Louisiana,23,Construction Sector,2023,131290.5,131807.5,0.0,5513.75,4
22,Louisiana,23,Construction Sector,2024,134436.5,136761.0,0.0,5894.0,4
22,Louisiana,2362,Nonresidential Building Construction,2016,20081.25,21540.75,0.0,5095.25,4
22,Louisiana,2362,Nonresidential Building Construction,2017,26622.5,27417.0,0.0,5234.75,4
22,Louisiana,2362,Nonresidential Building Construction,2018,27726.75,26777.5,0.0,5554.0,4
22,Louisiana,2362,Nonresidential Building Construction,2019,23498.5,22669.75,0.0,5694.0,4
22,Louisiana,2362,Nonresidential Building Construction,2020,19082.5,18243.5,0.0,5612.75,4
22,Louisiana,2362,Nonresidential Building Construction,2021,18498.5,18546.0,0.0,5733.25,4
22,Louisiana,2362,Nonresidential Building Construction,2022,17260.25,16832.25,0.0,5813.0,4
22,Louisiana,2362,Nonresidential Building Construction,2023,16140.75,16210.25,0.0,5755.5,4
22,Louisiana,2362,Nonresidential Building Construction,2024,17525.75,17812.25,0.0,6113.5,4
22,Louisiana,51,Information Sector,2016,26332.0,26052.0,0.0,3810.25,4
22,Louisiana,51,Information Sector,2017,25693.25,25666.75,0.0,4009.0,4
22,Louisiana,51,Information Sector,2018,26379.25,26505.75,0.0,3890.0,4
22,Louisiana,51,Information Sector,2019,27280.75,27050.0,0.0,3970.75,4
22,Louisiana,51,Information Sector,2020,23031.5,22220.0,0.0,4378.25,4
22,Louisiana,51,Information Sector,2021,24102.75,24993.25,0.0,4824.0,4
22,Louisiana,51,Information Sector,2022,27017.75,26800.25,0.0,4923.0,4
22,Louisiana,51,Information Sector,2023,23225.5,22598.25,0.0,5019.25,4
22,Louisiana,51,Information Sector,2024,22578.25,22547.5,0.0,5157.5,4
22,Louisiana,517,Telecommunications,2016,9146.25,9033.0,0.0,5505.0,4
22,Louisiana,517,Telecommunications,2017,9058.25,9018.5,0.0,5735.75,4
22,Louisiana,517,Telecommunications,2018,8682.25,8534.0,0.0,5805.75,4
22,Louisiana,517,Telecommunications,2019,7978.25,7761.0,0.0,5993.5,4
22,Louisiana,517,Telecommunications,2020,7231.75,7154.75,0.0,6492.25,4
22,Louisiana,517,Telecommunications,2021,6937.75,7052.75,0.0,6487.0,4
22,Louisiana,517,Telecommunications,2022,6925.25,6996.75,0.0,6499.0,4
22,Louisiana,517,Telecommunications,2023,6831.5,6782.5,0.0,6587.5,4
22,Louisiana,517,Telecommunications,2024,6464.25,6330.5,0.0,6886.75,4
22,Louisiana,5182,"Computing Infrastructure, Data Processing, Hosting",2016,1986.25,2025.5,0.0,5371.25,4
22,Louisiana,5182,"Computing Infrastructure, Data Processing, Hosting",2017,2304.5,2164.75,0.0,5370.0,4
22,Louisiana,5182,"Computing Infrastructure, Data Processing, Hosting",2018,1752.0,1938.75,0.0,5062.75,4
22,Louisiana,5182,"Computing Infrastructure, Data Processing, Hosting",2019,2520.25,2583.0,0.0,5788.75,4
22,Louisiana,5182,"Computing Infrastructure, Data Processing, Hosting",2020,2686.25,2715.0,0.0,5867.0,4
22,Louisiana,5182,"Computing Infrastructure, Data Processing, Hosting",2021,2947.75,3034.5,0.0,6653.5,4
22,Louisiana,5182,"Computing Infrastructure, Data Processing, Hosting",2022,3329.5,3391.0,0.0,6760.5,4
22,Louisiana,5182,"Computing Infrastructure, Data Processing, Hosting",2023,3581.0,3580.5,0.0,6780.5,4
22,Louisiana,5182,"Computing Infrastructure, Data Processing, Hosting",2024,3531.5,3496.25,0.0,6803.5,4
22,Louisiana,5415,Computer Systems Design,2016,9232.25,9364.5,0.0,5722.0,4
22,Louisiana,5415,Computer Systems Design,2017,9747.0,9936.0,0.0,5846.25,4
22,Louisiana,5415,Computer Systems Design,2018,10511.25,10586.5,0.0,5773.75,4
22,Louisiana,5415,Computer Systems Design,2019,10952.5,11119.25,0.0,6087.0,4
22,Louisiana,5415,Computer Systems Design,2020,11153.25,11134.0,0.0,6119.75,4
22,Louisiana,5415,Computer Systems Design,2021,12059.5,12383.25,0.0,6730.25,4
22,Louisiana,5415,Computer Systems Design,2022,13119.75,13327.5,0.0,6482.75,4
22,Louisiana,5415,Computer Systems Design,2023,13680.5,13685.75,0.0,6978.5,4
22,Louisiana,5415,Computer Systems Design,2024,12474.5,12445.25,0.0,7391.0,4
23,Maine,23,Construction Sector,2016,27183.5,27321.0,0.0,3607.5,4
23,Maine,23,Construction Sector,2017,28140.25,28551.5,0.0,3715.25,4
23,Maine,23,Construction Sector,2018,29328.75,29429.0,0.0,3814.5,4
23,Maine,23,Construction Sector,2019,29863.75,30066.25,0.0,3980.75,4
23,Maine,23,Construction Sector,2020,30302.0,30673.5,0.0,4268.25,4
23,Maine,23,Construction Sector,2021,32407.25,32645.0,0.0,4445.5,4
23,Maine,23,Construction Sector,2022,33184.0,33441.5,0.0,4734.75,4
23,Maine,23,Construction Sector,2023,34437.5,34789.0,0.0,5120.25,4
23,Maine,23,Construction Sector,2024,35817.5,35960.25,0.0,5648.5,4
23,Maine,2362,Nonresidential Building Construction,2016,2178.25,2202.5,0.0,4379.0,4
23,Maine,2362,Nonresidential Building Construction,2017,2294.75,2325.75,0.0,4587.25,4
23,Maine,2362,Nonresidential Building Construction,2018,2388.75,2390.0,0.0,4782.5,4
23,Maine,2362,Nonresidential Building Construction,2019,2423.0,2447.25,0.0,5053.0,4
23,Maine,2362,Nonresidential Building Construction,2020,2394.25,2383.25,0.0,5365.25,4
23,Maine,2362,Nonresidential Building Construction,2021,2466.5,2489.0,0.0,5597.5,4
23,Maine,2362,Nonresidential Building Construction,2022,2597.0,2624.75,0.0,6035.75,4
23,Maine,2362,Nonresidential Building Construction,2023,2615.25,2612.5,0.0,6382.5,4
23,Maine,2362,Nonresidential Building Construction,2024,2621.5,2663.75,0.0,8778.25,4
23,Maine,51,Information Sector,2016,7540.75,7510.25,0.0,4025.0,4
23,Maine,51,Information Sector,2017,7320.25,7238.0,0.0,4135.25,4
23,Maine,51,Information Sector,2018,7497.25,7463.25,0.0,4343.75,4
23,Maine,51,Information Sector,2019,7421.75,7362.75,0.0,4532.75,4
23,Maine,51,Information Sector,2020,6662.0,6496.5,0.0,5069.0,4
23,Maine,51,Information Sector,2021,7556.75,7734.0,0.0,5527.0,4
23,Maine,51,Information Sector,2022,8790.75,8898.75,0.0,6150.75,4
23,Maine,51,Information Sector,2023,9132.25,9103.5,0.0,6805.5,4
23,Maine,51,Information Sector,2024,8498.75,8463.25,0.0,7226.0,4
23,Maine,517,Telecommunications,2016,2032.0,1997.5,0.0,5843.5,4
23,Maine,517,Telecommunications,2017,1831.25,1752.75,0.0,6045.0,4
23,Maine,517,Telecommunications,2018,2178.75,2176.0,0.0,6414.0,4
23,Maine,517,Telecommunications,2019,2152.5,2113.0,0.0,6612.0,4
23,Maine,517,Telecommunications,2020,1997.0,1993.5,0.0,6889.25,4
23,Maine,517,Telecommunications,2021,2778.0,2815.25,0.0,6244.25,4
23,Maine,517,Telecommunications,2022,2917.0,2909.0,0.0,6300.25,4
23,Maine,517,Telecommunications,2023,2915.25,2905.75,0.0,6523.25,4
23,Maine,517,Telecommunications,2024,2742.0,2699.0,0.0,6773.0,4
23,Maine,5182,"Computing Infrastructure, Data Processing, Hosting",2016,474.5,482.25,0.0,4920.75,4
23,Maine,5182,"Computing Infrastructure, Data Processing, Hosting",2017,533.5,533.75,0.0,5499.75,4
23,Maine,5182,"Computing Infrastructure, Data Processing, Hosting",2018,537.5,537.5,0.0,5823.5,4
23,Maine,5182,"Computing Infrastructure, Data Processing, Hosting",2019,561.75,561.75,0.0,6079.25,4
23,Maine,5182,"Computing Infrastructure, Data Processing, Hosting",2020,592.5,616.75,0.0,6324.5,4
23,Maine,5182,"Computing Infrastructure, Data Processing, Hosting",2021,736.75,763.25,0.0,7157.25,4
23,Maine,5182,"Computing Infrastructure, Data Processing, Hosting",2022,1284.75,1320.0,0.0,9308.0,4
23,Maine,5182,"Computing Infrastructure, Data Processing, Hosting",2023,1335.0,1310.25,0.0,10220.5,4
23,Maine,5182,"Computing Infrastructure, Data Processing, Hosting",2024,701.75,727.0,0.0,10856.25,4
23,Maine,5415,Computer Systems Design,2016,4416.75,4509.25,0.0,6801.75,4
23,Maine,5415,Computer Systems Design,2017,4729.25,4762.75,0.0,7061.75,4
23,Maine,5415,Computer Systems Design,2018,5524.5,5557.25,0.0,7514.25,4
23,Maine,5415,Computer Systems Design,2019,5693.75,5743.25,0.0,7569.5,4
23,Maine,5415,Computer Systems Design,2020,5888.75,5994.5,0.0,8695.75,4
23,Maine,5415,Computer Systems Design,2021,6467.5,6606.0,0.0,9144.0,4
23,Maine,5415,Computer Systems Design,2022,6539.25,6606.0,0.0,9036.25,4
23,Maine,5415,Computer Systems Design,2023,6615.25,6627.25,0.0,9887.5,4
23,Maine,5415,Computer Systems Design,2024,7140.75,7121.0,0.0,11029.0,4
24,Maryland,23,Construction Sector,2016,160324.0,161051.25,0.0,4803.25,4
24,Maryland,23,Construction Sector,2017,162020.0,162452.75,0.0,5012.25,4
24,Maryland,23,Construction Sector,2018,164972.5,165660.75,0.0,5100.25,4
24,Maryland,23,Construction Sector,2019,167407.25,168060.75,0.0,5293.75,4
24,Maryland,23,Construction Sector,2020,163387.75,162007.75,0.0,5472.0,4
24,Maryland,23,Construction Sector,2021,163419.25,163572.5,0.0,5698.75,4
24,Maryland,23,Construction Sector,2022,163477.75,163272.0,0.0,5993.0,4
24,Maryland,23,Construction Sector,2023,161814.0,160905.0,0.0,6257.25,4
24,Maryland,23,Construction Sector,2024,161048.0,162547.5,0.0,6528.75,4
24,Maryland,2362,Nonresidential Building Construction,2016,16394.25,16300.0,0.0,6069.75,4
24,Maryland,2362,Nonresidential Building Construction,2017,16181.75,16243.5,0.0,6458.75,4
24,Maryland,2362,Nonresidential Building Construction,2018,17195.25,17545.5,0.0,6524.0,4
24,Maryland,2362,Nonresidential Building Construction,2019,18537.5,18598.5,0.0,6567.5,4
24,Maryland,2362,Nonresidential Building Construction,2020,18491.25,18363.5,0.0,6770.0,4
24,Maryland,2362,Nonresidential Building Construction,2021,18949.0,18902.5,0.0,6879.0,4
24,Maryland,2362,Nonresidential Building Construction,2022,17739.75,17799.0,0.0,7464.25,4
24,Maryland,2362,Nonresidential Building Construction,2023,17645.0,17454.0,0.0,7548.5,4
24,Maryland,2362,Nonresidential Building Construction,2024,16841.75,17028.0,0.0,7919.25,4
24,Maryland,51,Information Sector,2016,40238.25,39998.0,0.0,6904.0,4
24,Maryland,51,Information Sector,2017,39539.5,39063.75,0.0,6989.5,4
24,Maryland,51,Information Sector,2018,38217.0,38008.75,0.0,7332.75,4
24,Maryland,51,Information Sector,2019,37285.5,37013.75,0.0,7700.75,4
24,Maryland,51,Information Sector,2020,35030.25,33953.75,0.0,8530.25,4
24,Maryland,51,Information Sector,2021,34399.0,35073.5,0.0,10830.75,4
24,Maryland,51,Information Sector,2022,36607.75,36907.25,0.0,9211.0,4
24,Maryland,51,Information Sector,2023,36763.0,36417.25,0.0,10001.0,4
24,Maryland,51,Information Sector,2024,35529.25,35437.25,0.0,11177.25,4
24,Maryland,517,Telecommunications,2016,15492.75,15401.5,0.0,7126.5,4
24,Maryland,517,Telecommunications,2017,15343.75,15149.75,0.0,7197.0,4
24,Maryland,517,Telecommunications,2018,14525.0,14336.75,0.0,7500.5,4
24,Maryland,517,Telecommunications,2019,12966.5,12621.25,0.0,8074.75,4
24,Maryland,517,Telecommunications,2020,12196.5,11878.0,0.0,8157.0,4
24,Maryland,517,Telecommunications,2021,11027.25,11007.5,0.0,8476.75,4
24,Maryland,517,Telecommunications,2022,11146.75,10989.5,0.0,9103.5,4
24,Maryland,517,Telecommunications,2023,10453.25,10310.25,0.0,9581.75,4
24,Maryland,517,Telecommunications,2024,9794.75,9708.0,0.0,10988.0,4
24,Maryland,5182,"Computing Infrastructure, Data Processing, Hosting",2016,3966.0,3901.0,0.0,7963.0,4
24,Maryland,5182,"Computing Infrastructure, Data Processing, Hosting",2017,3566.25,3512.0,0.0,8386.5,4
24,Maryland,5182,"Computing Infrastructure, Data Processing, Hosting",2018,3381.5,3346.5,0.0,8649.75,4
24,Maryland,5182,"Computing Infrastructure, Data Processing, Hosting",2019,3424.75,3479.25,0.0,8714.0,4
24,Maryland,5182,"Computing Infrastructure, Data Processing, Hosting",2020,3584.0,3499.5,0.0,10582.75,4
24,Maryland,5182,"Computing Infrastructure, Data Processing, Hosting",2021,3511.25,3575.0,0.0,12584.75,4
24,Maryland,5182,"Computing Infrastructure, Data Processing, Hosting",2022,4044.25,4371.5,0.0,11387.5,4
24,Maryland,5182,"Computing Infrastructure, Data Processing, Hosting",2023,4882.75,4908.5,0.0,13360.25,4
24,Maryland,5182,"Computing Infrastructure, Data Processing, Hosting",2024,5241.75,5312.75,0.0,15735.5,4
24,Maryland,5415,Computer Systems Design,2016,70403.75,70813.75,0.0,8988.25,4
24,Maryland,5415,Computer Systems Design,2017,71619.5,71832.75,0.0,9003.5,4
24,Maryland,5415,Computer Systems Design,2018,73339.75,73858.25,0.0,9222.0,4
24,Maryland,5415,Computer Systems Design,2019,77744.0,78315.25,0.0,9632.5,4
24,Maryland,5415,Computer Systems Design,2020,78734.5,79580.25,0.0,10019.75,4
24,Maryland,5415,Computer Systems Design,2021,84066.25,84130.25,0.0,10369.5,4
24,Maryland,5415,Computer Systems Design,2022,85712.0,86661.5,0.0,10538.75,4
24,Maryland,5415,Computer Systems Design,2023,87449.0,87349.5,0.0,11007.5,4
24,Maryland,5415,Computer Systems Design,2024,85428.5,84991.25,0.0,11741.75,4
25,Massachusetts,23,Construction Sector,2016,144158.25,145247.75,0.0,5625.25,4
25,Massachusetts,23,Construction Sector,2017,149485.75,151021.25,0.0,5823.75,4
25,Massachusetts,23,Construction Sector,2018,155986.0,157697.0,0.0,6070.5,4
25,Massachusetts,23,Construction Sector,2019,161204.0,162399.0,0.0,6375.25,4
25,Massachusetts,23,Construction Sector,2020,156072.5,155355.0,0.0,6355.75,4
25,Massachusetts,23,Construction Sector,2021,163257.0,164993.0,0.0,6799.0,4
25,Massachusetts,23,Construction Sector,2022,168445.25,169191.25,0.0,7093.25,4
25,Massachusetts,23,Construction Sector,2023,171669.5,172143.0,0.0,7430.5,4
25,Massachusetts,23,Construction Sector,2024,170111.33333333334,171693.5,0.0,7525.0,3
25,Massachusetts,2362,Nonresidential Building Construction,2016,14860.0,15011.25,0.0,7765.0,4
25,Massachusetts,2362,Nonresidential Building Construction,2017,15357.5,15568.25,0.0,7918.75,4
25,Massachusetts,2362,Nonresidential Building Construction,2018,16435.0,16554.25,0.0,8210.75,4
25,Massachusetts,2362,Nonresidential Building Construction,2019,16703.0,16795.0,0.0,8657.25,4
25,Massachusetts,2362,Nonresidential Building Construction,2020,16192.0,16142.0,0.0,8829.0,4
25,Massachusetts,2362,Nonresidential Building Construction,2021,16753.25,16838.0,0.0,9483.0,4
25,Massachusetts,2362,Nonresidential Building Construction,2022,17287.5,17444.5,0.0,10118.75,4
25,Massachusetts,2362,Nonresidential Building Construction,2023,17500.0,17589.75,0.0,10522.0,4
25,Massachusetts,2362,Nonresidential Building Construction,2024,17463.666666666668,17536.5,0.0,10253.0,3
25,Massachusetts,51,Information Sector,2016,91249.5,91192.5,0.0,8804.5,4
25,Massachusetts,51,Information Sector,2017,93161.0,93610.25,0.0,9214.75,4
25,Massachusetts,51,Information Sector,2018,93814.5,93819.0,0.0,9754.75,4
25,Massachusetts,51,Information Sector,2019,94209.25,94765.25,0.0,10088.0,4
25,Massachusetts,51,Information Sector,2020,91851.25,90818.25,0.0,11526.5,4
25,Massachusetts,51,Information Sector,2021,95736.75,96708.5,0.0,12491.5,4
25,Massachusetts,51,Information Sector,2022,98534.0,99097.5,0.0,12617.25,4
25,Massachusetts,51,Information Sector,2023,97825.0,96469.25,0.0,13709.25,4
25,Massachusetts,51,Information Sector,2024,94476.0,94288.5,0.0,15261.666666666666,3
25,Massachusetts,517,Telecommunications,2016,17771.25,17606.0,0.0,6741.75,4
25,Massachusetts,517,Telecommunications,2017,17763.5,17660.75,0.0,7524.0,4
25,Massachusetts,517,Telecommunications,2018,17398.75,17219.0,0.0,7606.75,4
25,Massachusetts,517,Telecommunications,2019,16405.75,16143.0,0.0,8124.0,4
25,Massachusetts,517,Telecommunications,2020,16029.0,16148.5,0.0,8429.0,4
25,Massachusetts,517,Telecommunications,2021,16704.25,16458.75,0.0,8360.25,4
25,Massachusetts,517,Telecommunications,2022,15945.25,15708.5,0.0,9129.75,4
25,Massachusetts,517,Telecommunications,2023,15278.0,15008.0,0.0,9510.0,4
25,Massachusetts,517,Telecommunications,2024,14327.0,14198.0,0.0,9910.666666666666,3
25,Massachusetts,5182,"Computing Infrastructure, Data Processing, Hosting",2016,8722.0,8818.25,0.0,11672.0,4
25,Massachusetts,5182,"Computing Infrastructure, Data Processing, Hosting",2017,8586.5,8608.0,0.0,11718.75,4
25,Massachusetts,5182,"Computing Infrastructure, Data Processing, Hosting",2018,8774.25,8806.75,0.0,13466.75,4
25,Massachusetts,5182,"Computing Infrastructure, Data Processing, Hosting",2019,7777.75,8043.0,0.0,12506.5,4
25,Massachusetts,5182,"Computing Infrastructure, Data Processing, Hosting",2020,8615.5,8545.0,0.0,12967.75,4
25,Massachusetts,5182,"Computing Infrastructure, Data Processing, Hosting",2021,8857.25,8991.25,0.0,14849.25,4
25,Massachusetts,5182,"Computing Infrastructure, Data Processing, Hosting",2022,9850.5,10073.0,0.0,14273.25,4
25,Massachusetts,5182,"Computing Infrastructure, Data Processing, Hosting",2023,9967.0,9963.25,0.0,15579.75,4
25,Massachusetts,5182,"Computing Infrastructure, Data Processing, Hosting",2024,9844.333333333334,9832.0,0.0,17389.0,3
25,Massachusetts,5415,Computer Systems Design,2016,76580.75,76938.0,0.0,11162.75,4
25,Massachusetts,5415,Computer Systems Design,2017,78712.25,79352.25,0.0,11809.25,4
25,Massachusetts,5415,Computer Systems Design,2018,80630.5,81134.5,0.0,12207.0,4
25,Massachusetts,5415,Computer Systems Design,2019,82610.75,83242.75,0.0,12939.5,4
25,Massachusetts,5415,Computer Systems Design,2020,83540.5,83005.75,0.0,13634.5,4
25,Massachusetts,5415,Computer Systems Design,2021,82018.75,82885.75,0.0,15491.75,4
25,Massachusetts,5415,Computer Systems Design,2022,83997.5,83893.75,0.0,15017.25,4
25,Massachusetts,5415,Computer Systems Design,2023,79085.25,78242.25,0.0,15859.75,4
25,Massachusetts,5415,Computer Systems Design,2024,74370.66666666667,74111.5,0.0,16445.666666666668,3
26,Michigan,23,Construction Sector,2016,158454.25,160093.5,0.0,4457.25,4
26,Michigan,23,Construction Sector,2017,165284.0,166606.5,0.0,4637.0,4
26,Michigan,23,Construction Sector,2018,171374.0,172733.25,0.0,4715.5,4
26,Michigan,23,Construction Sector,2019,175515.5,176228.75,0.0,4826.5,4
26,Michigan,23,Construction Sector,2020,169050.75,168047.75,0.0,4953.25,4
26,Michigan,23,Construction Sector,2021,177029.0,181336.66666666666,0.0,5355.25,4
26,Michigan,2362,Nonresidential Building Construction,2016,17626.25,17943.0,0.0,5289.5,4
26,Michigan,2362,Nonresidential Building Construction,2017,19085.75,19288.25,0.0,5411.75,4
26,Michigan,2362,Nonresidential Building Construction,2018,20078.5,20328.5,0.0,5450.5,4
26,Michigan,2362,Nonresidential Building Construction,2019,21029.25,21262.75,0.0,5600.0,4
26,Michigan,2362,Nonresidential Building Construction,2020,20277.75,19961.25,0.0,5687.25,4
26,Michigan,2362,Nonresidential Building Construction,2021,21375.25,21841.333333333332,0.0,6115.25,4
26,Michigan,51,Information Sector,2016,54851.0,53281.5,0.0,5366.75,4
26,Michigan,51,Information Sector,2017,55267.5,56602.25,0.0,5584.75,4
26,Michigan,51,Information Sector,2018,57870.75,57552.75,0.0,5861.0,4
26,Michigan,51,Information Sector,2019,56839.5,56921.25,0.0,6158.5,4
26,Michigan,51,Information Sector,2020,52389.5,51047.0,0.0,6911.75,4
26,Michigan,51,Information Sector,2021,52968.5,53598.0,0.0,7396.0,4
26,Michigan,517,Telecommunications,2016,16340.0,14629.0,0.0,5539.0,4
26,Michigan,517,Telecommunications,2017,16847.75,18235.25,0.0,5804.25,4
26,Michigan,517,Telecommunications,2018,18053.0,17678.25,0.0,5953.75,4
26,Michigan,517,Telecommunications,2019,16698.75,16457.25,0.0,6246.5,4
26,Michigan,517,Telecommunications,2020,15779.75,15518.75,0.0,6610.75,4
26,Michigan,517,Telecommunications,2021,14994.5,14969.0,0.0,6866.25,4
26,Michigan,5182,"Computing Infrastructure, Data Processing, Hosting",2016,6360.75,6468.0,0.0,6225.25,4
26,Michigan,5182,"Computing Infrastructure, Data Processing, Hosting",2017,6130.25,6181.5,0.0,6602.75,4
26,Michigan,5182,"Computing Infrastructure, Data Processing, Hosting",2018,7315.25,7203.5,0.0,7213.75,4
26,Michigan,5182,"Computing Infrastructure, Data Processing, Hosting",2019,7864.0,8158.0,0.0,7497.25,4
26,Michigan,5182,"Computing Infrastructure, Data Processing, Hosting",2020,8106.0,8086.5,0.0,8334.25,4
26,Michigan,5182,"Computing Infrastructure, Data Processing, Hosting",2021,8569.75,8725.333333333334,0.0,8708.5,4
26,Michigan,5415,Computer Systems Design,2016,48788.75,49058.25,0.0,7391.75,4
26,Michigan,5415,Computer Systems Design,2017,50350.5,50220.75,0.0,7502.25,4
26,Michigan,5415,Computer Systems Design,2018,48461.75,48388.25,0.0,7724.0,4
26,Michigan,5415,Computer Systems Design,2019,47548.25,47688.25,0.0,7836.5,4
26,Michigan,5415,Computer Systems Design,2020,46799.25,46611.5,0.0,8109.25,4
26,Michigan,5415,Computer Systems Design,2021,47570.25,47732.0,0.0,8600.25,4
27,Minnesota,23,Construction Sector,2016,123445.0,124580.0,0.0,4865.0,4
27,Minnesota,23,Construction Sector,2017,127772.25,128094.0,0.0,5007.5,4
27,Minnesota,23,Construction Sector,2018,130541.0,131652.0,0.0,5136.0,4
27,Minnesota,23,Construction Sector,2019,136497.5,137384.0,0.0,5337.75,4
27,Minnesota,23,Construction Sector,2020,135040.5,135076.75,0.0,5517.25,4
27,Minnesota,23,Construction Sector,2021,141726.75,142695.75,0.0,5905.5,4
27,Minnesota,23,Construction Sector,2022,144864.0,145777.75,0.0,6155.75,4
27,Minnesota,23,Construction Sector,2023,148867.5,149443.25,0.0,6435.75,4
27,Minnesota,23,Construction Sector,2024,149969.5,150168.75,0.0,6821.5,4
27,Minnesota,2362,Nonresidential Building Construction,2016,15084.25,15126.5,0.0,6404.0,4
27,Minnesota,2362,Nonresidential Building Construction,2017,15466.25,15642.75,0.0,6592.25,4
27,Minnesota,2362,Nonresidential Building Construction,2018,16030.0,16165.25,0.0,6747.5,4
27,Minnesota,2362,Nonresidential Building Construction,2019,16819.25,16989.0,0.0,6946.25,4
27,Minnesota,2362,Nonresidential Building Construction,2020,15934.25,15550.0,0.0,7134.5,4
27,Minnesota,2362,Nonresidential Building Construction,2021,15531.75,15711.0,0.0,7683.75,4
27,Minnesota,2362,Nonresidential Building Construction,2022,16179.25,16321.0,0.0,8207.0,4
27,Minnesota,2362,Nonresidential Building Construction,2023,17150.5,17242.25,0.0,8525.0,4
27,Minnesota,2362,Nonresidential Building Construction,2024,17386.75,17468.0,0.0,8861.0,4
27,Minnesota,51,Information Sector,2016,50993.25,50191.5,0.0,6053.75,4
27,Minnesota,51,Information Sector,2017,49875.75,50053.25,0.0,6363.25,4
27,Minnesota,51,Information Sector,2018,48477.25,48080.5,0.0,6727.25,4
27,Minnesota,51,Information Sector,2019,44428.75,44163.75,0.0,7051.0,4
27,Minnesota,51,Information Sector,2020,41229.25,40360.75,0.0,7698.0,4
27,Minnesota,51,Information Sector,2021,40468.75,40566.75,0.0,8293.75,4
27,Minnesota,51,Information Sector,2022,42975.75,43615.75,0.0,8630.0,4
27,Minnesota,51,Information Sector,2023,43299.5,43039.25,0.0,9173.0,4
27,Minnesota,51,Information Sector,2024,42703.75,42314.5,0.0,9855.75,4
27,Minnesota,517,Telecommunications,2016,10696.5,10098.0,0.0,6144.0,4
27,Minnesota,517,Telecommunications,2017,9672.75,9612.0,0.0,6165.75,4
27,Minnesota,517,Telecommunications,2018,9150.5,9016.75,0.0,6407.75,4
27,Minnesota,517,Telecommunications,2019,8537.0,8343.25,0.0,6768.0,4
27,Minnesota,517,Telecommunications,2020,7778.0,7634.0,0.0,7083.25,4
27,Minnesota,517,Telecommunications,2021,7336.75,7265.75,0.0,6856.25,4
27,Minnesota,517,Telecommunications,2022,7249.25,7127.5,0.0,7092.5,4
27,Minnesota,517,Telecommunications,2023,6861.5,6821.25,0.0,7243.25,4
27,Minnesota,517,Telecommunications,2024,6585.5,6411.0,0.0,7712.0,4
27,Minnesota,5182,"Computing Infrastructure, Data Processing, Hosting",2016,8627.25,8617.5,0.0,8013.0,4
27,Minnesota,5182,"Computing Infrastructure, Data Processing, Hosting",2017,8780.5,8859.75,0.0,8243.0,4
27,Minnesota,5182,"Computing Infrastructure, Data Processing, Hosting",2018,9029.25,8982.5,0.0,9187.5,4
27,Minnesota,5182,"Computing Infrastructure, Data Processing, Hosting",2019,5390.25,5426.0,0.0,10974.25,4
27,Minnesota,5182,"Computing Infrastructure, Data Processing, Hosting",2020,5533.5,5563.25,0.0,11510.25,4
27,Minnesota,5182,"Computing Infrastructure, Data Processing, Hosting",2021,6206.5,6393.0,0.0,11899.0,4
27,Minnesota,5182,"Computing Infrastructure, Data Processing, Hosting",2022,7180.75,7254.75,0.0,12727.0,4
27,Minnesota,5182,"Computing Infrastructure, Data Processing, Hosting",2023,7321.75,7363.75,0.0,14346.25,4
27,Minnesota,5182,"Computing Infrastructure, Data Processing, Hosting",2024,7975.75,7998.75,0.0,15253.25,4
27,Minnesota,5415,Computer Systems Design,2016,36079.5,36786.25,0.0,8127.0,4
27,Minnesota,5415,Computer Systems Design,2017,36503.5,36536.25,0.0,8221.75,4
27,Minnesota,5415,Computer Systems Design,2018,37122.0,37149.25,0.0,8454.5,4
27,Minnesota,5415,Computer Systems Design,2019,36483.0,36412.75,0.0,8871.75,4
27,Minnesota,5415,Computer Systems Design,2020,35406.75,35196.5,0.0,9331.25,4
27,Minnesota,5415,Computer Systems Design,2021,37085.75,37449.5,0.0,10053.5,4
27,Minnesota,5415,Computer Systems Design,2022,38846.25,38940.75,0.0,10538.5,4
27,Minnesota,5415,Computer Systems Design,2023,38430.25,38051.25,0.0,10855.75,4
27,Minnesota,5415,Computer Systems Design,2024,37180.25,36871.0,0.0,11419.25,4
28,Mississippi,23,Construction Sector,2016,44689.5,44488.0,0.0,3641.0,4
28,Mississippi,23,Construction Sector,2017,43851.25,43758.75,0.0,3711.5,4
28,Mississippi,23,Construction Sector,2018,43876.25,43993.25,0.0,3840.25,4
28,Mississippi,23,Construction Sector,2019,43998.0,44264.0,0.0,3904.75,4
28,Mississippi,23,Construction Sector,2020,43476.0,43449.0,0.0,4117.25,4
28,Mississippi,23,Construction Sector,2021,44561.25,45140.25,0.0,4269.0,4
28,Mississippi,23,Construction Sector,2022,45707.0,45743.25,0.0,4590.5,4
28,Mississippi,23,Construction Sector,2023,47315.75,47943.0,0.0,4925.25,4
28,Mississippi,23,Construction Sector,2024,49832.0,50542.25,0.0,5220.0,4
28,Mississippi,2362,Nonresidential Building Construction,2016,7153.5,6822.25,0.0,4241.0,4
28,Mississippi,2362,Nonresidential Building Construction,2017,6322.5,6373.25,0.0,4212.0,4
28,Mississippi,2362,Nonresidential Building Construction,2018,6414.5,6432.25,0.0,4362.5,4
28,Mississippi,2362,Nonresidential Building Construction,2019,6542.75,6630.25,0.0,4407.0,4
28,Mississippi,2362,Nonresidential Building Construction,2020,6330.5,6305.25,0.0,4501.0,4
28,Mississippi,2362,Nonresidential Building Construction,2021,6627.75,6804.25,0.0,4624.25,4
28,Mississippi,2362,Nonresidential Building Construction,2022,6628.75,6454.5,0.0,5006.75,4
28,Mississippi,2362,Nonresidential Building Construction,2023,6479.0,6629.75,0.0,5390.0,4
28,Mississippi,2362,Nonresidential Building Construction,2024,7432.5,7604.75,0.0,5904.75,4
28,Mississippi,51,Information Sector,2016,12237.5,12143.75,0.0,3940.0,4
28,Mississippi,51,Information Sector,2017,11733.25,11547.5,0.0,3994.25,4
28,Mississippi,51,Information Sector,2018,11230.25,11191.25,0.0,4075.0,4
28,Mississippi,51,Information Sector,2019,11131.5,10973.75,0.0,4045.75,4
28,Mississippi,51,Information Sector,2020,10208.0,9925.0,0.0,4384.5,4
28,Mississippi,51,Information Sector,2021,9891.75,9983.0,0.0,4638.75,4
28,Mississippi,51,Information Sector,2022,10528.5,10603.25,0.0,4863.5,4
28,Mississippi,51,Information Sector,2023,10534.5,10361.25,0.0,5064.0,4
28,Mississippi,51,Information Sector,2024,9839.75,9788.75,0.0,5318.75,4
28,Mississippi,517,Telecommunications,2016,6329.75,6232.25,0.0,4750.0,4
28,Mississippi,517,Telecommunications,2017,5894.75,5758.75,0.0,4875.0,4
28,Mississippi,517,Telecommunications,2018,5492.5,5489.5,0.0,5017.75,4
28,Mississippi,517,Telecommunications,2019,5547.0,5458.0,0.0,5034.0,4
28,Mississippi,517,Telecommunications,2020,5339.5,5277.5,0.0,5388.75,4
28,Mississippi,517,Telecommunications,2021,5166.25,5189.75,0.0,5518.75,4
28,Mississippi,517,Telecommunications,2022,5159.75,5149.5,0.0,5675.25,4
28,Mississippi,517,Telecommunications,2023,4893.75,4782.5,0.0,5781.5,4
28,Mississippi,517,Telecommunications,2024,4533.5,4475.5,0.0,6066.75,4
28,Mississippi,5182,"Computing Infrastructure, Data Processing, Hosting",2016,941.5,944.75,0.0,5202.0,4
28,Mississippi,5182,"Computing Infrastructure, Data Processing, Hosting",2017,985.0,979.25,0.0,5068.0,4
28,Mississippi,5182,"Computing Infrastructure, Data Processing, Hosting",2018,967.75,977.0,0.0,5525.5,4
28,Mississippi,5182,"Computing Infrastructure, Data Processing, Hosting",2019,962.75,963.75,0.0,5390.75,4
28,Mississippi,5182,"Computing Infrastructure, Data Processing, Hosting",2020,985.0,984.5,0.0,5515.5,4
28,Mississippi,5182,"Computing Infrastructure, Data Processing, Hosting",2021,1012.5,1025.0,0.0,5478.0,4
28,Mississippi,5182,"Computing Infrastructure, Data Processing, Hosting",2022,1130.25,1167.5,0.0,5776.75,4
28,Mississippi,5182,"Computing Infrastructure, Data Processing, Hosting",2023,1189.0,1159.75,0.0,6248.75,4
28,Mississippi,5182,"Computing Infrastructure, Data Processing, Hosting",2024,974.75,1019.75,0.0,6915.5,4
28,Mississippi,5415,Computer Systems Design,2016,4741.75,4815.75,0.0,6380.0,4
28,Mississippi,5415,Computer Systems Design,2017,5155.0,5206.25,0.0,5786.75,4
28,Mississippi,5415,Computer Systems Design,2018,5378.5,5440.0,0.0,5937.5,4
28,Mississippi,5415,Computer Systems Design,2019,5436.25,5489.0,0.0,6149.0,4
28,Mississippi,5415,Computer Systems Design,2020,5683.75,5745.5,0.0,6211.5,4
28,Mississippi,5415,Computer Systems Design,2021,6327.75,6498.75,0.0,6329.0,4
28,Mississippi,5415,Computer Systems Design,2022,6684.5,6817.0,0.0,6539.75,4
28,Mississippi,5415,Computer Systems Design,2023,6935.25,6978.75,0.0,6887.0,4
28,Mississippi,5415,Computer Systems Design,2024,7231.0,7305.75,0.0,7189.75,4
29,Missouri,23,Construction Sector,2016,120989.75,121849.25,0.0,4410.5,4
29,Missouri,23,Construction Sector,2017,123502.25,123607.75,0.0,4492.25,4
29,Missouri,23,Construction Sector,2018,124105.25,124694.75,0.0,4554.5,4
29,Missouri,23,Construction Sector,2019,127347.0,128441.5,0.0,4739.0,4
29,Missouri,23,Construction Sector,2020,127726.5,127916.75,0.0,4945.5,4
29,Missouri,23,Construction Sector,2021,132269.25,133785.5,0.0,5177.5,4
29,Missouri,23,Construction Sector,2022,138290.75,139467.25,0.0,5404.5,4
29,Missouri,23,Construction Sector,2023,142449.25,143297.0,0.0,5821.25,4
29,Missouri,23,Construction Sector,2024,142738.5,144469.0,0.0,5898.0,2
29,Missouri,2362,Nonresidential Building Construction,2016,15506.75,15546.25,0.0,5477.75,4
29,Missouri,2362,Nonresidential Building Construction,2017,15731.0,15843.5,0.0,5655.25,4
29,Missouri,2362,Nonresidential Building Construction,2018,16219.25,16319.75,0.0,5723.25,4
29,Missouri,2362,Nonresidential Building Construction,2019,16801.0,16945.5,0.0,5865.5,4
29,Missouri,2362,Nonresidential Building Construction,2020,16370.25,16126.5,0.0,6210.5,4
29,Missouri,2362,Nonresidential Building Construction,2021,16246.5,16451.25,0.0,6536.0,4
29,Missouri,2362,Nonresidential Building Construction,2022,17024.0,17280.25,0.0,6924.5,4
29,Missouri,2362,Nonresidential Building Construction,2023,17701.0,17671.25,0.0,7509.75,4
29,Missouri,2362,Nonresidential Building Construction,2024,17372.5,17486.0,0.0,7935.5,2
29,Missouri,51,Information Sector,2016,52390.75,51761.5,0.0,5684.75,4
29,Missouri,51,Information Sector,2017,48961.25,49374.0,0.0,6075.5,4
29,Missouri,51,Information Sector,2018,48594.0,48234.25,0.0,6684.0,4
29,Missouri,51,Information Sector,2019,47579.25,47083.75,0.0,7018.75,4
29,Missouri,51,Information Sector,2020,44379.25,43528.5,0.0,7229.75,4
29,Missouri,51,Information Sector,2021,43195.5,43488.5,0.0,8217.0,4
29,Missouri,51,Information Sector,2022,45795.0,46285.0,0.0,8800.25,4
29,Missouri,51,Information Sector,2023,46837.75,46665.5,0.0,9073.5,4
29,Missouri,51,Information Sector,2024,46033.0,45868.0,0.0,9833.5,2
29,Missouri,517,Telecommunications,2016,22051.75,21690.5,0.0,5597.25,4
29,Missouri,517,Telecommunications,2017,17718.25,17793.25,0.0,5680.25,4
29,Missouri,517,Telecommunications,2018,16876.75,16616.0,0.0,5798.5,4
29,Missouri,517,Telecommunications,2019,15948.5,15548.25,0.0,6268.5,4
29,Missouri,517,Telecommunications,2020,15395.75,15301.0,0.0,6365.75,4
29,Missouri,517,Telecommunications,2021,14640.5,14405.5,0.0,6833.5,4
29,Missouri,517,Telecommunications,2022,13663.5,13456.5,0.0,7311.25,4
29,Missouri,517,Telecommunications,2023,13043.25,12882.5,0.0,7599.5,4
29,Missouri,517,Telecommunications,2024,12183.5,12102.0,0.0,8624.5,2
29,Missouri,5182,"Computing Infrastructure, Data Processing, Hosting",2016,9996.25,9934.5,0.0,9412.25,4
29,Missouri,5182,"Computing Infrastructure, Data Processing, Hosting",2017,10601.5,10792.0,0.0,10456.25,4
29,Missouri,5182,"Computing Infrastructure, Data Processing, Hosting",2018,11000.0,10921.0,0.0,12283.5,4
29,Missouri,5182,"Computing Infrastructure, Data Processing, Hosting",2019,11078.5,11240.5,0.0,12583.5,4
29,Missouri,5182,"Computing Infrastructure, Data Processing, Hosting",2020,11877.5,11865.5,0.0,11122.75,4
29,Missouri,5182,"Computing Infrastructure, Data Processing, Hosting",2021,12093.0,12214.25,0.0,12630.25,4
29,Missouri,5182,"Computing Infrastructure, Data Processing, Hosting",2022,13118.0,13532.75,0.0,13971.5,4
29,Missouri,5182,"Computing Infrastructure, Data Processing, Hosting",2023,14323.75,14390.75,0.0,13769.75,4
29,Missouri,5182,"Computing Infrastructure, Data Processing, Hosting",2024,14302.5,14284.0,0.0,14383.0,2
29,Missouri,5415,Computer Systems Design,2016,36473.25,37069.75,0.0,6991.75,4
29,Missouri,5415,Computer Systems Design,2017,39000.5,39583.0,0.0,7193.25,4
29,Missouri,5415,Computer Systems Design,2018,41524.25,41918.25,0.0,7371.0,4
29,Missouri,5415,Computer Systems Design,2019,42544.25,42794.5,0.0,7583.5,4
29,Missouri,5415,Computer Systems Design,2020,42734.25,43118.25,0.0,7654.25,4
29,Missouri,5415,Computer Systems Design,2021,44835.0,44940.0,0.0,7671.0,4
29,Missouri,5415,Computer Systems Design,2022,44105.25,43750.75,0.0,8520.25,4
29,Missouri,5415,Computer Systems Design,2023,42632.0,41845.75,0.0,9173.75,4
29,Missouri,5415,Computer Systems Design,2024,40789.5,40622.0,0.0,9282.0,2
30,Montana,23,Construction Sector,2016,27102.5,27324.25,0.0,3596.25,4
30,Montana,23,Construction Sector,2017,28009.25,28080.0,0.0,3696.25,4
30,Montana,23,Construction Sector,2018,28956.25,29493.25,0.0,3889.75,4
30,Montana,23,Construction Sector,2019,30131.75,30290.25,0.0,4014.0,4
30,Montana,23,Construction Sector,2020,31067.5,31400.0,0.0,4161.25,4
30,Montana,23,Construction Sector,2021,33078.75,33585.25,0.0,4361.5,4
30,Montana,23,Construction Sector,2022,35786.25,36326.75,0.0,4804.5,4
30,Montana,23,Construction Sector,2023,36735.75,36838.75,0.0,5059.75,4
30,Montana,23,Construction Sector,2024,37556.75,37628.75,0.0,5366.25,4
30,Montana,2362,Nonresidential Building Construction,2016,2582.5,2629.75,0.0,4454.25,4
30,Montana,2362,Nonresidential Building Construction,2017,2537.75,2548.5,0.0,4760.0,4
30,Montana,2362,Nonresidential Building Construction,2018,2644.5,2664.0,0.0,4875.0,4
30,Montana,2362,Nonresidential Building Construction,2019,2677.0,2714.0,0.0,5113.5,4
30,Montana,2362,Nonresidential Building Construction,2020,2784.25,2764.0,0.0,5218.75,4
30,Montana,2362,Nonresidential Building Construction,2021,3071.0,3093.5,0.0,5511.0,4
30,Montana,2362,Nonresidential Building Construction,2022,3324.5,3405.0,0.0,6104.0,4
30,Montana,2362,Nonresidential Building Construction,2023,3372.0,3353.0,0.0,6405.5,4
30,Montana,2362,Nonresidential Building Construction,2024,3365.0,3345.0,0.0,6956.5,4
30,Montana,51,Information Sector,2016,6385.25,6388.0,0.0,3983.5,4
30,Montana,51,Information Sector,2017,6449.5,6441.5,0.0,4091.0,4
30,Montana,51,Information Sector,2018,6441.75,6396.25,0.0,4285.75,4
30,Montana,51,Information Sector,2019,6332.5,6301.5,0.0,4474.5,4
30,Montana,51,Information Sector,2020,5900.25,5800.75,0.0,4865.5,4
30,Montana,51,Information Sector,2021,5757.0,5811.5,0.0,6064.25,4
30,Montana,51,Information Sector,2022,6050.0,6087.75,0.0,5594.0,4
30,Montana,51,Information Sector,2023,5876.0,5846.25,0.0,6038.5,4
30,Montana,51,Information Sector,2024,5828.75,5793.0,0.0,6376.25,4
30,Montana,517,Telecommunications,2016,2336.5,2335.25,0.0,5103.0,4
30,Montana,517,Telecommunications,2017,2354.75,2346.75,0.0,5187.75,4
30,Montana,517,Telecommunications,2018,2240.5,2186.75,0.0,5398.5,4
30,Montana,517,Telecommunications,2019,2095.75,2082.75,0.0,5552.75,4
30,Montana,517,Telecommunications,2020,1941.75,1922.0,0.0,5817.0,4
30,Montana,517,Telecommunications,2021,1887.0,1875.5,0.0,6178.25,4
30,Montana,517,Telecommunications,2022,1898.75,1901.75,0.0,6296.75,4
30,Montana,517,Telecommunications,2023,1876.0,1866.25,0.0,6744.25,4
30,Montana,517,Telecommunications,2024,1827.0,1839.5,0.0,7177.0,4
30,Montana,5182,"Computing Infrastructure, Data Processing, Hosting",2016,414.0,412.5,0.0,5236.75,4
30,Montana,5182,"Computing Infrastructure, Data Processing, Hosting",2017,429.25,432.0,0.0,5164.0,4
30,Montana,5182,"Computing Infrastructure, Data Processing, Hosting",2018,490.25,484.75,0.0,5250.0,4
30,Montana,5182,"Computing Infrastructure, Data Processing, Hosting",2019,490.25,490.0,0.0,5593.25,4
30,Montana,5182,"Computing Infrastructure, Data Processing, Hosting",2020,486.5,483.75,0.0,6062.25,4
30,Montana,5182,"Computing Infrastructure, Data Processing, Hosting",2021,465.75,481.0,0.0,7132.0,4
30,Montana,5182,"Computing Infrastructure, Data Processing, Hosting",2022,406.5,407.75,0.0,8266.0,4
30,Montana,5182,"Computing Infrastructure, Data Processing, Hosting",2023,416.0,419.25,0.0,9575.5,4
30,Montana,5182,"Computing Infrastructure, Data Processing, Hosting",2024,417.0,414.25,0.0,11578.75,4
30,Montana,5415,Computer Systems Design,2016,4494.25,4553.75,0.0,5571.75,4
30,Montana,5415,Computer Systems Design,2017,4633.25,4639.0,0.0,5866.0,4
30,Montana,5415,Computer Systems Design,2018,4771.25,4850.25,0.0,6217.75,4
30,Montana,5415,Computer Systems Design,2019,4254.25,4330.5,0.0,6681.0,4
30,Montana,5415,Computer Systems Design,2020,4454.25,4497.25,0.0,7260.25,4
30,Montana,5415,Computer Systems Design,2021,4802.0,4971.0,0.0,8665.0,4
30,Montana,5415,Computer Systems Design,2022,5438.75,5545.75,0.0,10043.25,4
30,Montana,5415,Computer Systems Design,2023,5686.5,5650.5,0.0,11721.0,4
30,Montana,5415,Computer Systems Design,2024,5628.5,5628.5,0.0,13177.5,4
31,Nebraska,23,Construction Sector,2016,50311.25,50619.5,0.0,3776.5,4
31,Nebraska,23,Construction Sector,2017,50884.75,51073.5,0.0,3838.5,4
31,Nebraska,23,Construction Sector,2018,51877.75,52083.0,0.0,3970.75,4
31,Nebraska,23,Construction Sector,2019,52793.25,53370.0,0.0,4171.75,4
31,Nebraska,23,Construction Sector,2020,54563.5,54688.0,0.0,4399.75,4
31,Nebraska,23,Construction Sector,2021,55435.75,55623.5,0.0,4515.25,4
31,Nebraska,23,Construction Sector,2022,57340.5,58105.25,0.0,4867.75,4
31,Nebraska,23,Construction Sector,2023,60179.5,60627.75,0.0,5142.75,4
31,Nebraska,23,Construction Sector,2024,61644.25,61950.75,0.0,5424.75,4
31,Nebraska,2362,Nonresidential Building Construction,2016,5910.75,5914.0,0.0,4593.5,4
31,Nebraska,2362,Nonresidential Building Construction,2017,5857.5,5911.5,0.0,4630.0,4
31,Nebraska,2362,Nonresidential Building Construction,2018,6176.25,6201.75,0.0,4765.5,4
31,Nebraska,2362,Nonresidential Building Construction,2019,6312.75,6366.75,0.0,4947.25,4
31,Nebraska,2362,Nonresidential Building Construction,2020,6585.5,6565.75,0.0,5260.5,4
31,Nebraska,2362,Nonresidential Building Construction,2021,6438.0,6413.75,0.0,5402.0,4
31,Nebraska,2362,Nonresidential Building Construction,2022,6715.75,6859.25,0.0,5915.25,4
31,Nebraska,2362,Nonresidential Building Construction,2023,7389.0,7551.25,0.0,6205.75,4
31,Nebraska,2362,Nonresidential Building Construction,2024,7409.0,7270.0,0.0,6556.75,4
31,Nebraska,51,Information Sector,2016,18448.75,18416.0,0.0,4848.75,4
31,Nebraska,51,Information Sector,2017,18220.5,18072.75,0.0,4883.25,4
31,Nebraska,51,Information Sector,2018,17546.25,17388.25,0.0,5205.25,4
31,Nebraska,51,Information Sector,2019,17148.75,17095.25,0.0,5384.25,4
31,Nebraska,51,Information Sector,2020,16399.5,16037.0,0.0,6128.25,4
31,Nebraska,51,Information Sector,2021,17785.75,18156.0,0.0,6265.25,4
31,Nebraska,51,Information Sector,2022,18493.75,18552.0,0.0,6507.75,4
31,Nebraska,51,Information Sector,2023,17813.5,17892.0,0.0,6548.25,4
31,Nebraska,51,Information Sector,2024,18053.0,17905.25,0.0,7023.5,4
31,Nebraska,517,Telecommunications,2016,3551.25,3554.0,0.0,5044.5,4
31,Nebraska,517,Telecommunications,2017,3768.75,3751.0,0.0,4865.5,4
31,Nebraska,517,Telecommunications,2018,3560.5,3492.0,0.0,5058.5,4
31,Nebraska,517,Telecommunications,2019,3318.75,3263.0,0.0,5181.0,4
31,Nebraska,517,Telecommunications,2020,3102.75,3056.75,0.0,5372.5,4
31,Nebraska,517,Telecommunications,2021,2930.25,2951.25,0.0,5534.75,4
31,Nebraska,517,Telecommunications,2022,3056.0,3097.25,0.0,5554.25,4
31,Nebraska,517,Telecommunications,2023,3165.0,3135.75,0.0,5823.0,4
31,Nebraska,517,Telecommunications,2024,3071.25,3070.5,0.0,6153.0,4
31,Nebraska,5182,"Computing Infrastructure, Data Processing, Hosting",2016,4642.25,4658.75,0.0,6431.0,4
31,Nebraska,5182,"Computing Infrastructure, Data Processing, Hosting",2017,4542.5,4477.25,0.0,6253.25,4
31,Nebraska,5182,"Computing Infrastructure, Data Processing, Hosting",2018,4279.25,4215.75,0.0,6686.25,4
31,Nebraska,5182,"Computing Infrastructure, Data Processing, Hosting",2019,4020.5,4039.5,0.0,6758.0,4
31,Nebraska,5182,"Computing Infrastructure, Data Processing, Hosting",2020,3595.5,3489.5,0.0,7763.75,4
31,Nebraska,5182,"Computing Infrastructure, Data Processing, Hosting",2021,2246.0,2264.75,0.0,7407.0,4
31,Nebraska,5182,"Computing Infrastructure, Data Processing, Hosting",2022,2224.75,2216.25,0.0,7837.75,4
31,Nebraska,5182,"Computing Infrastructure, Data Processing, Hosting",2023,2062.0,2024.75,0.0,7930.25,4
31,Nebraska,5182,"Computing Infrastructure, Data Processing, Hosting",2024,1887.75,1896.5,0.0,8947.0,4
31,Nebraska,5415,Computer Systems Design,2016,11224.75,11281.0,0.0,6725.5,4
31,Nebraska,5415,Computer Systems Design,2017,11763.75,11847.0,0.0,7131.0,4
31,Nebraska,5415,Computer Systems Design,2018,11943.25,11989.5,0.0,6956.5,4
31,Nebraska,5415,Computer Systems Design,2019,11866.5,11929.0,0.0,7168.75,4
31,Nebraska,5415,Computer Systems Design,2020,13073.75,12975.25,0.0,7185.75,4
31,Nebraska,5415,Computer Systems Design,2021,12998.5,13035.5,0.0,7610.0,4
31,Nebraska,5415,Computer Systems Design,2022,13218.75,13372.5,0.0,8071.0,4
31,Nebraska,5415,Computer Systems Design,2023,14410.75,14419.0,0.0,8291.0,4
31,Nebraska,5415,Computer Systems Design,2024,12275.25,12235.5,0.0,8944.75,4
32,Nevada,23,Construction Sector,2016,77247.5,78300.0,0.0,4107.25,4
32,Nevada,23,Construction Sector,2017,83709.75,85394.25,0.0,4342.5,4
32,Nevada,23,Construction Sector,2018,89720.5,91578.75,0.0,4595.5,4
32,Nevada,23,Construction Sector,2019,96869.5,98176.75,0.0,4823.0,4
32,Nevada,23,Construction Sector,2020,96668.75,95770.5,0.0,5096.0,4
32,Nevada,23,Construction Sector,2021,99472.5,101081.75,0.0,5244.5,4
32,Nevada,23,Construction Sector,2022,107522.75,109675.25,0.0,5487.5,4
32,Nevada,23,Construction Sector,2023,113305.5,113105.5,0.0,5877.75,4
32,Nevada,23,Construction Sector,2024,112257.25,112550.25,0.0,6023.0,4
32,Nevada,2362,Nonresidential Building Construction,2016,6289.0,6291.0,0.0,5540.75,4
32,Nevada,2362,Nonresidential Building Construction,2017,6640.5,6808.0,0.0,5891.0,4
32,Nevada,2362,Nonresidential Building Construction,2018,7840.5,8160.75,0.0,6121.75,4
32,Nevada,2362,Nonresidential Building Construction,2019,9197.75,9291.75,0.0,6373.5,4
32,Nevada,2362,Nonresidential Building Construction,2020,8770.0,8487.0,0.0,6599.25,4
32,Nevada,2362,Nonresidential Building Construction,2021,8430.0,8522.25,0.0,6769.5,4
32,Nevada,2362,Nonresidential Building Construction,2022,8916.5,9130.5,0.0,7120.75,4
32,Nevada,2362,Nonresidential Building Construction,2023,9630.75,9480.5,0.0,7748.25,4
32,Nevada,2362,Nonresidential Building Construction,2024,8950.0,9133.25,0.0,7910.5,4
32,Nevada,51,Information Sector,2016,14868.5,14905.5,0.0,4817.25,4
32,Nevada,51,Information Sector,2017,15492.75,15682.0,0.0,4891.5,4
32,Nevada,51,Information Sector,2018,16574.75,16567.5,0.0,5156.75,4
32,Nevada,51,Information Sector,2019,16906.75,16991.0,0.0,5303.75,4
32,Nevada,51,Information Sector,2020,14973.25,14446.75,0.0,6255.0,4
32,Nevada,51,Information Sector,2021,16171.75,17120.0,0.0,7276.0,4
32,Nevada,51,Information Sector,2022,19745.25,20410.5,0.0,8129.5,4
32,Nevada,51,Information Sector,2023,21314.5,21294.0,0.0,8083.0,4
32,Nevada,51,Information Sector,2024,21858.75,21799.25,0.0,9405.5,4
32,Nevada,517,Telecommunications,2016,3973.25,3981.75,0.0,6027.75,4
32,Nevada,517,Telecommunications,2017,4085.75,4127.25,0.0,6170.25,4
32,Nevada,517,Telecommunications,2018,4143.25,4115.0,0.0,6262.75,4
32,Nevada,517,Telecommunications,2019,4065.0,4042.0,0.0,6291.25,4
32,Nevada,517,Telecommunications,2020,3860.75,3838.25,0.0,6606.25,4
32,Nevada,517,Telecommunications,2021,3921.25,3966.0,0.0,6528.5,4
32,Nevada,517,Telecommunications,2022,4039.0,4002.75,0.0,6869.25,4
32,Nevada,517,Telecommunications,2023,3837.25,3789.5,0.0,7171.25,4
32,Nevada,517,Telecommunications,2024,3633.25,3589.5,0.0,7338.25,4
32,Nevada,5182,"Computing Infrastructure, Data Processing, Hosting",2016,1669.0,1694.0,0.0,6688.75,4
32,Nevada,5182,"Computing Infrastructure, Data Processing, Hosting",2017,1799.25,1843.0,0.0,6914.75,4
32,Nevada,5182,"Computing Infrastructure, Data Processing, Hosting",2018,2373.25,2371.0,0.0,7019.75,4
32,Nevada,5182,"Computing Infrastructure, Data Processing, Hosting",2019,2342.5,2329.25,0.0,7269.5,4
32,Nevada,5182,"Computing Infrastructure, Data Processing, Hosting",2020,2197.25,2198.0,0.0,8343.5,4
32,Nevada,5182,"Computing Infrastructure, Data Processing, Hosting",2021,2481.5,2555.0,0.0,10063.0,4
32,Nevada,5182,"Computing Infrastructure, Data Processing, Hosting",2022,2911.5,2992.0,0.0,15676.75,4
32,Nevada,5182,"Computing Infrastructure, Data Processing, Hosting",2023,3065.75,3069.0,0.0,11879.75,4
32,Nevada,5182,"Computing Infrastructure, Data Processing, Hosting",2024,2935.25,2946.75,0.0,15374.25,4
32,Nevada,5415,Computer Systems Design,2016,6913.75,6993.25,0.0,7324.75,4
32,Nevada,5415,Computer Systems Design,2017,7290.0,7365.75,0.0,7386.25,4
32,Nevada,5415,Computer Systems Design,2018,7745.75,7909.75,0.0,7712.5,4
32,Nevada,5415,Computer Systems Design,2019,8270.25,8401.5,0.0,7986.5,4
32,Nevada,5415,Computer Systems Design,2020,8565.25,8754.5,0.0,8211.75,4
32,Nevada,5415,Computer Systems Design,2021,9756.75,10114.5,0.0,10730.25,4
32,Nevada,5415,Computer Systems Design,2022,11122.0,11360.25,0.0,10355.75,4
32,Nevada,5415,Computer Systems Design,2023,11518.0,11435.0,0.0,11058.75,4
32,Nevada,5415,Computer Systems Design,2024,11165.5,11152.75,0.0,11900.75,4
33,New Hampshire,23,Construction Sector,2016,25682.5,25903.75,0.0,4503.5,4
33,New Hampshire,23,Construction Sector,2017,26623.75,26816.75,0.0,4725.5,4
33,New Hampshire,23,Construction Sector,2018,27266.75,27449.0,0.0,4810.0,4
33,New Hampshire,23,Construction Sector,2019,28136.5,28433.5,0.0,4983.0,4
33,New Hampshire,23,Construction Sector,2020,28404.75,28431.0,0.0,5254.0,4
33,New Hampshire,23,Construction Sector,2021,29370.75,29670.0,0.0,5454.0,4
33,New Hampshire,23,Construction Sector,2022,30117.25,30362.0,0.0,5769.75,4
33,New Hampshire,23,Construction Sector,2023,31376.5,31657.25,0.0,6211.5,4
33,New Hampshire,23,Construction Sector,2024,32327.25,32439.5,0.0,6528.25,4
33,New Hampshire,2362,Nonresidential Building Construction,2016,2430.5,2462.5,0.0,5892.0,4
33,New Hampshire,2362,Nonresidential Building Construction,2017,2332.5,2324.75,0.0,6816.25,4
33,New Hampshire,2362,Nonresidential Building Construction,2018,2323.25,2311.5,0.0,6627.25,4
33,New Hampshire,2362,Nonresidential Building Construction,2019,2304.5,2298.25,0.0,6982.25,4
33,New Hampshire,2362,Nonresidential Building Construction,2020,2261.75,2235.5,0.0,7134.25,4
33,New Hampshire,2362,Nonresidential Building Construction,2021,2152.5,2132.0,0.0,7698.5,4
33,New Hampshire,2362,Nonresidential Building Construction,2022,2094.0,2093.75,0.0,8078.5,4
33,New Hampshire,2362,Nonresidential Building Construction,2023,2185.5,2215.0,0.0,8800.5,4
33,New Hampshire,2362,Nonresidential Building Construction,2024,2233.0,2238.0,0.0,9121.5,4
33,New Hampshire,51,Information Sector,2016,12488.0,12464.25,0.0,6592.75,4
33,New Hampshire,51,Information Sector,2017,12289.0,12254.75,0.0,6896.75,4
33,New Hampshire,51,Information Sector,2018,12087.5,12069.0,0.0,7363.0,4
33,New Hampshire,51,Information Sector,2019,12191.25,12151.0,0.0,7616.75,4
33,New Hampshire,51,Information Sector,2020,11701.75,11443.25,0.0,8212.5,4
33,New Hampshire,51,Information Sector,2021,11425.5,11467.5,0.0,8974.75,4
33,New Hampshire,51,Information Sector,2022,11640.75,11609.25,0.0,9896.25,4
33,New Hampshire,51,Information Sector,2023,11470.5,11422.25,0.0,10367.75,4
33,New Hampshire,51,Information Sector,2024,10974.75,10874.75,0.0,11527.75,4
33,New Hampshire,517,Telecommunications,2016,3679.0,3690.5,0.0,6022.75,4
33,New Hampshire,517,Telecommunications,2017,3682.75,3668.0,0.0,6244.75,4
33,New Hampshire,517,Telecommunications,2018,3549.25,3541.75,0.0,6729.0,4
33,New Hampshire,517,Telecommunications,2019,3583.25,3582.25,0.0,6998.75,4
33,New Hampshire,517,Telecommunications,2020,3551.5,3495.0,0.0,7258.5,4
33,New Hampshire,517,Telecommunications,2021,3235.5,3161.0,0.0,7310.0,4
33,New Hampshire,517,Telecommunications,2022,2975.75,2943.5,0.0,7797.75,4
33,New Hampshire,517,Telecommunications,2023,2906.75,2871.25,0.0,8255.0,4
33,New Hampshire,517,Telecommunications,2024,2735.25,2691.0,0.0,8662.75,4
33,New Hampshire,5182,"Computing Infrastructure, Data Processing, Hosting",2016,1574.75,1577.0,0.0,6979.5,4
33,New Hampshire,5182,"Computing Infrastructure, Data Processing, Hosting",2017,1273.75,1257.5,0.0,8229.5,4
33,New Hampshire,5182,"Computing Infrastructure, Data Processing, Hosting",2018,1189.75,1159.5,0.0,8700.25,4
33,New Hampshire,5182,"Computing Infrastructure, Data Processing, Hosting",2019,1109.75,1085.25,0.0,8809.5,4
33,New Hampshire,5182,"Computing Infrastructure, Data Processing, Hosting",2020,1143.5,1149.25,0.0,8835.25,4
33,New Hampshire,5182,"Computing Infrastructure, Data Processing, Hosting",2021,1248.25,1301.25,0.0,10775.25,4
33,New Hampshire,5182,"Computing Infrastructure, Data Processing, Hosting",2022,1471.0,1520.75,0.0,11134.75,4
33,New Hampshire,5182,"Computing Infrastructure, Data Processing, Hosting",2023,1689.5,1718.0,0.0,13057.25,4
33,New Hampshire,5182,"Computing Infrastructure, Data Processing, Hosting",2024,1707.25,1726.0,0.0,13959.25,4
33,New Hampshire,5415,Computer Systems Design,2016,9136.5,9201.75,0.0,8660.25,4
33,New Hampshire,5415,Computer Systems Design,2017,11721.25,11730.5,0.0,9026.25,4
33,New Hampshire,5415,Computer Systems Design,2018,11901.75,11847.5,0.0,9356.75,4
33,New Hampshire,5415,Computer Systems Design,2019,11920.25,11989.5,0.0,9867.0,4
33,New Hampshire,5415,Computer Systems Design,2020,12033.25,12148.5,0.0,10448.75,4
33,New Hampshire,5415,Computer Systems Design,2021,13155.0,13520.5,0.0,11463.25,4
33,New Hampshire,5415,Computer Systems Design,2022,14717.0,14890.25,0.0,11871.0,4
33,New Hampshire,5415,Computer Systems Design,2023,14883.0,14816.0,0.0,12689.0,4
33,New Hampshire,5415,Computer Systems Design,2024,14621.75,14552.75,0.0,13061.5,4
34,New Jersey,23,Construction Sector,2016,151257.25,152088.5,0.0,5299.75,4
34,New Jersey,23,Construction Sector,2017,154113.5,155109.25,0.0,5661.5,4
34,New Jersey,23,Construction Sector,2018,155885.75,156471.25,0.0,5611.75,4
34,New Jersey,23,Construction Sector,2019,158575.25,159436.75,0.0,5783.75,4
34,New Jersey,23,Construction Sector,2020,153029.25,151698.5,0.0,5992.25,4
34,New Jersey,23,Construction Sector,2021,157481.0,159347.25,0.0,6265.75,4
34,New Jersey,23,Construction Sector,2022,163248.5,164052.75,0.0,6430.5,4
34,New Jersey,23,Construction Sector,2023,164367.0,164223.5,0.0,6767.25,4
34,New Jersey,23,Construction Sector,2024,164224.25,164526.5,0.0,7015.75,4
34,New Jersey,2362,Nonresidential Building Construction,2016,11540.5,11633.25,0.0,7012.75,4
34,New Jersey,2362,Nonresidential Building Construction,2017,12055.75,12154.25,0.0,7258.25,4
34,New Jersey,2362,Nonresidential Building Construction,2018,13066.75,13021.0,0.0,7258.5,4
34,New Jersey,2362,Nonresidential Building Construction,2019,13587.25,13614.5,0.0,7379.75,4
34,New Jersey,2362,Nonresidential Building Construction,2020,13103.25,12825.5,0.0,7767.25,4
34,New Jersey,2362,Nonresidential Building Construction,2021,13019.25,13177.25,0.0,8071.75,4
34,New Jersey,2362,Nonresidential Building Construction,2022,13732.25,13845.75,0.0,8284.25,4
34,New Jersey,2362,Nonresidential Building Construction,2023,14174.75,14229.0,0.0,8684.25,4
34,New Jersey,2362,Nonresidential Building Construction,2024,14389.5,14320.5,0.0,8978.75,4
34,New Jersey,51,Information Sector,2016,75744.5,75723.25,0.0,7921.75,4
34,New Jersey,51,Information Sector,2017,73857.5,73609.25,0.0,8130.75,4
34,New Jersey,51,Information Sector,2018,72875.0,72637.0,0.0,8556.25,4
34,New Jersey,51,Information Sector,2019,70944.75,71578.5,0.0,8788.25,4
34,New Jersey,51,Information Sector,2020,71722.5,70807.25,0.0,9671.5,4
34,New Jersey,51,Information Sector,2021,73291.0,74578.5,0.0,10744.25,4
34,New Jersey,51,Information Sector,2022,77931.75,79443.25,0.0,10919.75,4
34,New Jersey,51,Information Sector,2023,79194.75,78315.5,0.0,11241.0,4
34,New Jersey,51,Information Sector,2024,77943.0,78765.0,0.0,12614.0,4
34,New Jersey,517,Telecommunications,2016,28986.25,28697.75,0.0,8750.5,4
34,New Jersey,517,Telecommunications,2017,25910.5,25654.5,0.0,8866.75,4
34,New Jersey,517,Telecommunications,2018,24966.0,24703.75,0.0,9328.25,4
34,New Jersey,517,Telecommunications,2019,22498.75,22527.25,0.0,9750.25,4
34,New Jersey,517,Telecommunications,2020,23848.25,23550.75,0.0,10785.25,4
34,New Jersey,517,Telecommunications,2021,23053.5,22850.75,0.0,11940.5,4
34,New Jersey,517,Telecommunications,2022,21367.75,21228.0,0.0,12237.0,4
34,New Jersey,517,Telecommunications,2023,20472.0,20256.75,0.0,12693.5,4
34,New Jersey,517,Telecommunications,2024,19519.25,19363.0,0.0,13315.0,4
34,New Jersey,5182,"Computing Infrastructure, Data Processing, Hosting",2016,9393.25,9492.25,0.0,9344.5,4
34,New Jersey,5182,"Computing Infrastructure, Data Processing, Hosting",2017,9484.0,9503.5,0.0,10040.75,4
34,New Jersey,5182,"Computing Infrastructure, Data Processing, Hosting",2018,9830.75,9873.5,0.0,10291.5,4
34,New Jersey,5182,"Computing Infrastructure, Data Processing, Hosting",2019,10167.75,10448.0,0.0,10362.0,4
34,New Jersey,5182,"Computing Infrastructure, Data Processing, Hosting",2020,10641.75,10740.25,0.0,11230.75,4
34,New Jersey,5182,"Computing Infrastructure, Data Processing, Hosting",2021,11671.75,11976.75,0.0,11826.0,4
34,New Jersey,5182,"Computing Infrastructure, Data Processing, Hosting",2022,13474.75,14139.5,0.0,12774.25,4
34,New Jersey,5182,"Computing Infrastructure, Data Processing, Hosting",2023,12924.75,12352.5,0.0,13383.5,4
34,New Jersey,5182,"Computing Infrastructure, Data Processing, Hosting",2024,15638.25,16512.0,0.0,15299.25,4
34,New Jersey,5415,Computer Systems Design,2016,68151.0,68339.75,0.0,8899.0,4
34,New Jersey,5415,Computer Systems Design,2017,69027.0,69165.75,0.0,9023.75,4
34,New Jersey,5415,Computer Systems Design,2018,69715.75,69730.75,0.0,9345.0,4
34,New Jersey,5415,Computer Systems Design,2019,70739.25,70749.75,0.0,9635.0,4
34,New Jersey,5415,Computer Systems Design,2020,70466.25,70779.75,0.0,10036.25,4
34,New Jersey,5415,Computer Systems Design,2021,72421.75,73983.75,0.0,10684.25,4
34,New Jersey,5415,Computer Systems Design,2022,80167.5,80693.75,0.0,11030.5,4
34,New Jersey,5415,Computer Systems Design,2023,80738.75,80178.5,0.0,11602.25,4
34,New Jersey,5415,Computer Systems Design,2024,76848.25,76363.75,0.0,12225.5,4
35,New Mexico,23,Construction Sector,2016,42491.75,42414.25,0.0,3429.5,4
35,New Mexico,23,Construction Sector,2017,44272.5,44935.5,0.0,3584.0,4
35,New Mexico,23,Construction Sector,2018,46278.0,46614.25,0.0,3758.75,4
35,New Mexico,23,Construction Sector,2019,49149.5,50087.5,0.0,3989.5,4
35,New Mexico,23,Construction Sector,2020,48402.75,47291.0,0.0,4108.25,4
35,New Mexico,23,Construction Sector,2021,47163.75,47542.75,0.0,4240.25,4
35,New Mexico,23,Construction Sector,2022,48754.5,49386.75,0.0,4555.0,4
35,New Mexico,23,Construction Sector,2023,51757.75,52569.0,0.0,5070.5,4
35,New Mexico,23,Construction Sector,2024,53024.5,53384.0,0.0,5319.75,4
35,New Mexico,2362,Nonresidential Building Construction,2016,5667.5,5836.75,0.0,3945.75,4
35,New Mexico,2362,Nonresidential Building Construction,2017,6297.0,6304.0,0.0,4158.75,4
35,New Mexico,2362,Nonresidential Building Construction,2018,5943.75,5852.0,0.0,4262.5,4
35,New Mexico,2362,Nonresidential Building Construction,2019,6818.75,7203.5,0.0,4624.75,4
35,New Mexico,2362,Nonresidential Building Construction,2020,6955.0,6547.5,0.0,4835.5,4
35,New Mexico,2362,Nonresidential Building Construction,2021,5556.75,5564.75,0.0,4634.75,4
35,New Mexico,2362,Nonresidential Building Construction,2022,6173.0,6479.25,0.0,5316.0,4
35,New Mexico,2362,Nonresidential Building Construction,2023,7205.0,7334.25,0.0,6096.25,4
35,New Mexico,2362,Nonresidential Building Construction,2024,7231.25,7159.0,0.0,6310.0,4
35,New Mexico,51,Information Sector,2016,14918.75,15267.5,0.0,3480.75,4
35,New Mexico,51,Information Sector,2017,15153.5,14796.25,0.0,3346.0,4
35,New Mexico,51,Information Sector,2018,14476.0,14851.75,0.0,3529.0,4
35,New Mexico,51,Information Sector,2019,14434.5,14197.0,0.0,3516.75,4
35,New Mexico,51,Information Sector,2020,11556.25,11048.0,0.0,3882.0,4
35,New Mexico,51,Information Sector,2021,12629.25,12965.5,0.0,4253.25,4
35,New Mexico,51,Information Sector,2022,14366.75,14529.25,0.0,4336.75,4
35,New Mexico,51,Information Sector,2023,13316.25,13361.25,0.0,4447.0,4
35,New Mexico,51,Information Sector,2024,14250.75,14208.75,0.0,4639.75,4
35,New Mexico,517,Telecommunications,2016,5888.5,5792.5,0.0,4545.75,4
35,New Mexico,517,Telecommunications,2017,5577.5,5571.75,0.0,4792.0,4
35,New Mexico,517,Telecommunications,2018,5416.75,5348.5,0.0,4953.75,4
35,New Mexico,517,Telecommunications,2019,4496.0,4438.25,0.0,5108.25,4
35,New Mexico,517,Telecommunications,2020,4216.0,4173.5,0.0,5531.5,4
35,New Mexico,517,Telecommunications,2021,4045.75,4011.75,0.0,5443.25,4
35,New Mexico,517,Telecommunications,2022,3905.5,3846.25,0.0,5852.0,4
35,New Mexico,517,Telecommunications,2023,3797.5,3797.5,0.0,5936.5,4
35,New Mexico,517,Telecommunications,2024,3590.5,3515.0,0.0,5943.25,4
35,New Mexico,5182,"Computing Infrastructure, Data Processing, Hosting",2016,492.25,491.5,0.0,3663.5,4
35,New Mexico,5182,"Computing Infrastructure, Data Processing, Hosting",2017,500.0,507.5,0.0,3968.0,4
35,New Mexico,5182,"Computing Infrastructure, Data Processing, Hosting",2018,561.25,559.0,0.0,4917.5,4
35,New Mexico,5182,"Computing Infrastructure, Data Processing, Hosting",2019,408.5,375.25,0.0,7291.25,4
35,New Mexico,5182,"Computing Infrastructure, Data Processing, Hosting",2020,434.75,478.75,0.0,9210.75,4
35,New Mexico,5182,"Computing Infrastructure, Data Processing, Hosting",2021,612.75,645.5,0.0,9002.0,4
35,New Mexico,5182,"Computing Infrastructure, Data Processing, Hosting",2022,846.75,884.0,0.0,9395.5,4
35,New Mexico,5182,"Computing Infrastructure, Data Processing, Hosting",2023,935.25,954.25,0.0,10247.75,4
35,New Mexico,5182,"Computing Infrastructure, Data Processing, Hosting",2024,980.25,980.25,0.0,11705.75,4
35,New Mexico,5415,Computer Systems Design,2016,4797.5,4819.75,0.0,5726.75,4
35,New Mexico,5415,Computer Systems Design,2017,5026.25,5010.25,0.0,5846.0,4
35,New Mexico,5415,Computer Systems Design,2018,5400.25,5478.0,0.0,5978.0,4
35,New Mexico,5415,Computer Systems Design,2019,6032.25,6109.75,0.0,6321.75,4
35,New Mexico,5415,Computer Systems Design,2020,6136.0,6178.0,0.0,6680.0,4
35,New Mexico,5415,Computer Systems Design,2021,6229.25,6258.75,0.0,7199.0,4
35,New Mexico,5415,Computer Systems Design,2022,6548.75,6650.25,0.0,7443.75,4
35,New Mexico,5415,Computer Systems Design,2023,6680.75,6878.25,0.0,7616.0,4
35,New Mexico,5415,Computer Systems Design,2024,7357.5,7126.5,0.0,7811.5,4
36,New York,23,Construction Sector,2016,369324.25,371694.75,0.0,5368.0,4
36,New York,23,Construction Sector,2017,376683.25,378747.25,0.0,5494.5,4
36,New York,23,Construction Sector,2018,387259.75,390695.25,0.0,5650.25,4
36,New York,23,Construction Sector,2019,395406.0,395511.0,0.0,5810.5,4
36,New York,23,Construction Sector,2020,368346.5,363457.25,0.0,5787.25,4
36,New York,23,Construction Sector,2021,374989.5,376336.25,0.0,6127.75,4
36,New York,23,Construction Sector,2022,382249.75,383252.5,0.0,6305.75,4
36,New York,23,Construction Sector,2023,384302.5,384557.5,0.0,6569.75,4
36,New York,23,Construction Sector,2024,380522.0,379490.0,0.0,6865.5,4
36,New York,2362,Nonresidential Building Construction,2016,40598.5,41005.0,0.0,6963.75,4
36,New York,2362,Nonresidential Building Construction,2017,42455.5,42585.25,0.0,7262.25,4
36,New York,2362,Nonresidential Building Construction,2018,43266.25,43256.75,0.0,7486.25,4
36,New York,2362,Nonresidential Building Construction,2019,43919.75,43993.5,0.0,7746.0,4
36,New York,2362,Nonresidential Building Construction,2020,40655.0,39454.5,0.0,7814.75,4
36,New York,2362,Nonresidential Building Construction,2021,39366.0,39352.25,0.0,8230.5,4
36,New York,2362,Nonresidential Building Construction,2022,39832.5,39993.5,0.0,8600.5,4
36,New York,2362,Nonresidential Building Construction,2023,40461.5,40398.25,0.0,9007.75,4
36,New York,2362,Nonresidential Building Construction,2024,40017.25,39976.25,0.0,9255.75,4
36,New York,51,Information Sector,2016,282548.5,284280.0,0.0,8292.0,4
36,New York,51,Information Sector,2017,290870.0,294046.25,0.0,8315.75,4
36,New York,51,Information Sector,2018,312938.0,314827.5,0.0,8828.75,4
36,New York,51,Information Sector,2019,324684.75,326481.5,0.0,9120.5,4
36,New York,51,Information Sector,2020,297375.0,285536.0,0.0,10694.0,4
36,New York,51,Information Sector,2021,289746.5,298195.5,0.0,12183.25,4
36,New York,51,Information Sector,2022,323188.0,323697.5,0.0,11327.0,4
36,New York,51,Information Sector,2023,304621.5,301401.5,0.0,12177.0,4
36,New York,51,Information Sector,2024,306159.75,306516.25,0.0,13573.0,4
36,New York,517,Telecommunications,2016,33177.5,33433.0,0.0,9944.5,4
36,New York,517,Telecommunications,2017,33328.5,33062.5,0.0,8478.0,4
36,New York,517,Telecommunications,2018,41063.25,40713.5,0.0,7911.75,4
36,New York,517,Telecommunications,2019,37582.0,36919.5,0.0,8200.0,4
36,New York,517,Telecommunications,2020,36802.25,36643.75,0.0,8619.25,4
36,New York,517,Telecommunications,2021,35444.0,35087.25,0.0,9350.75,4
36,New York,517,Telecommunications,2022,34757.5,34837.0,0.0,9746.75,4
36,New York,517,Telecommunications,2023,34652.25,34216.5,0.0,10333.5,4
36,New York,517,Telecommunications,2024,32348.75,31830.25,0.0,10412.75,4
36,New York,5182,"Computing Infrastructure, Data Processing, Hosting",2016,15843.0,15701.5,0.0,10212.75,4
36,New York,5182,"Computing Infrastructure, Data Processing, Hosting",2017,16399.0,16779.75,0.0,10508.75,4
36,New York,5182,"Computing Infrastructure, Data Processing, Hosting",2018,18068.75,18360.25,0.0,11290.75,4
36,New York,5182,"Computing Infrastructure, Data Processing, Hosting",2019,18710.75,19049.75,0.0,12367.0,4
36,New York,5182,"Computing Infrastructure, Data Processing, Hosting",2020,20024.0,19835.5,0.0,12906.25,4
36,New York,5182,"Computing Infrastructure, Data Processing, Hosting",2021,20515.5,20749.75,0.0,13617.25,4
36,New York,5182,"Computing Infrastructure, Data Processing, Hosting",2022,25660.5,26052.25,0.0,15799.25,4
36,New York,5182,"Computing Infrastructure, Data Processing, Hosting",2023,26732.75,26648.5,0.0,15871.75,4
36,New York,5182,"Computing Infrastructure, Data Processing, Hosting",2024,27848.0,27988.0,0.0,18463.75,4
36,New York,5415,Computer Systems Design,2016,111094.5,111566.25,0.0,9538.5,4
36,New York,5415,Computer Systems Design,2017,111832.75,112455.5,0.0,9718.75,4
36,New York,5415,Computer Systems Design,2018,109386.25,110069.5,0.0,10316.0,4
36,New York,5415,Computer Systems Design,2019,115913.0,116313.0,0.0,10748.25,4
36,New York,5415,Computer Systems Design,2020,110716.0,109742.0,0.0,11754.75,4
36,New York,5415,Computer Systems Design,2021,113091.25,115023.5,0.0,13099.0,4
36,New York,5415,Computer Systems Design,2022,121003.75,122352.0,0.0,12318.25,4
36,New York,5415,Computer Systems Design,2023,122039.75,121455.0,0.0,13429.0,4
36,New York,5415,Computer Systems Design,2024,119092.5,118961.75,0.0,14997.75,4
37,North Carolina,23,Construction Sector,2016,195769.0,198522.5,0.0,3925.0,4
37,North Carolina,23,Construction Sector,2017,204580.75,207134.25,0.0,4064.5,4
37,North Carolina,23,Construction Sector,2018,216511.25,220201.75,0.0,4213.0,4
37,North Carolina,23,Construction Sector,2019,228419.25,229800.75,0.0,4417.25,4
37,North Carolina,23,Construction Sector,2020,228313.75,228351.0,0.0,4599.75,4
37,North Carolina,23,Construction Sector,2021,235009.0,237127.5,0.0,4839.75,4
37,North Carolina,23,Construction Sector,2022,244473.0,247109.75,0.0,5207.0,4
37,North Carolina,23,Construction Sector,2023,259290.0,263291.75,0.0,5575.75,4
37,North Carolina,23,Construction Sector,2024,270347.5,271885.75,0.0,5870.75,4
37,North Carolina,2362,Nonresidential Building Construction,2016,17436.5,17577.0,0.0,5436.5,4
37,North Carolina,2362,Nonresidential Building Construction,2017,17627.5,17971.0,0.0,5626.25,4
37,North Carolina,2362,Nonresidential Building Construction,2018,19365.75,20025.5,0.0,5841.5,4
37,North Carolina,2362,Nonresidential Building Construction,2019,21368.25,21289.25,0.0,6133.25,4
37,North Carolina,2362,Nonresidential Building Construction,2020,20350.5,19895.25,0.0,6377.5,4
37,North Carolina,2362,Nonresidential Building Construction,2021,19576.0,19711.5,0.0,6692.75,4
37,North Carolina,2362,Nonresidential Building Construction,2022,20517.5,20866.75,0.0,7225.75,4
37,North Carolina,2362,Nonresidential Building Construction,2023,22425.75,22881.75,0.0,7714.0,4
37,North Carolina,2362,Nonresidential Building Construction,2024,23608.5,23603.25,0.0,8118.75,4
37,North Carolina,51,Information Sector,2016,79755.25,79942.5,0.0,6399.25,4
37,North Carolina,51,Information Sector,2017,76986.25,77085.25,0.0,6865.0,4
37,North Carolina,51,Information Sector,2018,77403.25,77698.25,0.0,7156.25,4
37,North Carolina,51,Information Sector,2019,74603.25,74705.0,0.0,7726.0,4
37,North Carolina,51,Information Sector,2020,72188.5,71282.25,0.0,7835.0,4
37,North Carolina,51,Information Sector,2021,74278.25,75774.5,0.0,8369.0,4
37,North Carolina,51,Information Sector,2022,78786.25,80289.5,0.0,8697.75,4
37,North Carolina,51,Information Sector,2023,83036.75,82198.5,0.0,9408.0,4
37,North Carolina,51,Information Sector,2024,82062.0,82419.75,0.0,10352.25,4
37,North Carolina,517,Telecommunications,2016,26572.25,26361.0,0.0,5508.0,4
37,North Carolina,517,Telecommunications,2017,24369.25,24280.25,0.0,5986.5,4
37,North Carolina,517,Telecommunications,2018,23543.0,23506.5,0.0,6080.0,4
37,North Carolina,517,Telecommunications,2019,23721.5,23386.0,0.0,7585.25,4
37,North Carolina,517,Telecommunications,2020,24499.5,24155.5,0.0,6815.25,4
37,North Carolina,517,Telecommunications,2021,24076.5,24181.5,0.0,6631.25,4
37,North Carolina,517,Telecommunications,2022,23294.25,23436.25,0.0,6909.0,4
37,North Carolina,517,Telecommunications,2023,23454.0,22894.0,0.0,7118.75,4
37,North Carolina,517,Telecommunications,2024,21836.75,22162.25,0.0,7313.75,4
37,North Carolina,5182,"Computing Infrastructure, Data Processing, Hosting",2016,14147.75,14283.25,0.0,8607.25,4
37,North Carolina,5182,"Computing Infrastructure, Data Processing, Hosting",2017,14806.5,14853.5,0.0,9277.25,4
37,North Carolina,5182,"Computing Infrastructure, Data Processing, Hosting",2018,15338.25,15456.0,0.0,9638.0,4
37,North Carolina,5182,"Computing Infrastructure, Data Processing, Hosting",2019,10570.5,10743.5,0.0,8104.25,4
37,North Carolina,5182,"Computing Infrastructure, Data Processing, Hosting",2020,10019.5,10131.75,0.0,8689.25,4
37,North Carolina,5182,"Computing Infrastructure, Data Processing, Hosting",2021,10799.0,10835.5,0.0,9081.0,4
37,North Carolina,5182,"Computing Infrastructure, Data Processing, Hosting",2022,10986.0,11309.75,0.0,9821.0,4
37,North Carolina,5182,"Computing Infrastructure, Data Processing, Hosting",2023,11534.75,11311.25,0.0,10572.5,4
37,North Carolina,5182,"Computing Infrastructure, Data Processing, Hosting",2024,11933.5,11950.5,0.0,12101.5,4
37,North Carolina,5415,Computer Systems Design,2016,48694.75,49380.0,0.0,7111.25,4
37,North Carolina,5415,Computer Systems Design,2017,50721.5,51079.25,0.0,7304.75,4
37,North Carolina,5415,Computer Systems Design,2018,52700.0,53258.5,0.0,8504.5,4
37,North Carolina,5415,Computer Systems Design,2019,54726.5,55530.75,0.0,8372.0,4
37,North Carolina,5415,Computer Systems Design,2020,56384.5,56990.0,0.0,9351.75,4
37,North Carolina,5415,Computer Systems Design,2021,60653.75,62657.25,0.0,10135.75,4
37,North Carolina,5415,Computer Systems Design,2022,69565.0,70806.0,0.0,9939.0,4
37,North Carolina,5415,Computer Systems Design,2023,73349.75,74271.0,0.0,10151.25,4
37,North Carolina,5415,Computer Systems Design,2024,75014.0,75563.75,0.0,10632.75,4
38,North Dakota,23,Construction Sector,2016,30576.75,30049.25,0.0,4495.0,4
38,North Dakota,23,Construction Sector,2017,26987.5,26453.25,0.0,4481.75,4
38,North Dakota,23,Construction Sector,2018,25888.0,26238.5,0.0,4650.5,4
38,North Dakota,23,Construction Sector,2019,27503.5,27599.75,0.0,4888.5,4
38,North Dakota,23,Construction Sector,2020,25839.75,25113.75,0.0,4755.0,4
38,North Dakota,23,Construction Sector,2021,24585.75,24837.5,0.0,4880.5,4
38,North Dakota,23,Construction Sector,2022,25493.5,25909.5,0.0,5241.5,4
38,North Dakota,23,Construction Sector,2023,27127.25,27414.0,0.0,5647.5,4
38,North Dakota,23,Construction Sector,2024,29011.5,29249.25,0.0,5904.0,4
38,North Dakota,2362,Nonresidential Building Construction,2016,4550.0,4537.5,0.0,5470.25,4
38,North Dakota,2362,Nonresidential Building Construction,2017,3858.75,3694.0,0.0,4980.5,4
38,North Dakota,2362,Nonresidential Building Construction,2018,3859.75,3927.75,0.0,5242.25,4
38,North Dakota,2362,Nonresidential Building Construction,2019,3876.75,3794.75,0.0,5326.25,4
38,North Dakota,2362,Nonresidential Building Construction,2020,3421.5,3274.25,0.0,5417.25,4
38,North Dakota,2362,Nonresidential Building Construction,2021,2981.75,2992.75,0.0,5140.75,4
38,North Dakota,2362,Nonresidential Building Construction,2022,3050.25,3108.0,0.0,5571.75,4
38,North Dakota,2362,Nonresidential Building Construction,2023,3170.0,3167.25,0.0,6155.0,4
38,North Dakota,2362,Nonresidential Building Construction,2024,3190.75,3211.75,0.0,6434.25,4
38,North Dakota,51,Information Sector,2016,6896.75,6904.75,0.0,5030.0,4
38,North Dakota,51,Information Sector,2017,6822.0,6782.5,0.0,5191.5,4
38,North Dakota,51,Information Sector,2018,6553.25,6467.25,0.0,5567.5,4
38,North Dakota,51,Information Sector,2019,6253.75,6241.5,0.0,5739.25,4
38,North Dakota,51,Information Sector,2020,5963.75,5890.0,0.0,6351.0,4
38,North Dakota,51,Information Sector,2021,5969.75,5989.75,0.0,6592.25,4
38,North Dakota,51,Information Sector,2022,6080.75,6068.5,0.0,6636.0,4
38,North Dakota,51,Information Sector,2023,5842.25,5776.0,0.0,7111.75,4
38,North Dakota,51,Information Sector,2024,5539.0,5519.5,0.0,7425.0,4
38,North Dakota,517,Telecommunications,2016,1871.5,1860.25,0.0,5952.25,4
38,North Dakota,517,Telecommunications,2017,1803.75,1798.0,0.0,6091.0,4
38,North Dakota,517,Telecommunications,2018,1778.5,1762.75,0.0,6298.5,4
38,North Dakota,517,Telecommunications,2019,1777.75,1796.75,0.0,6419.0,4
38,North Dakota,517,Telecommunications,2020,1798.75,1810.75,0.0,6711.5,4
38,North Dakota,517,Telecommunications,2021,1886.75,1899.0,0.0,6873.75,4
38,North Dakota,517,Telecommunications,2022,2019.5,2032.25,0.0,6847.25,4
38,North Dakota,517,Telecommunications,2023,2034.75,2033.0,0.0,7179.0,4
38,North Dakota,517,Telecommunications,2024,1985.5,1977.5,0.0,7455.75,4
38,North Dakota,5182,"Computing Infrastructure, Data Processing, Hosting",2016,518.0,520.0,0.0,5381.75,4
38,North Dakota,5182,"Computing Infrastructure, Data Processing, Hosting",2017,518.0,519.0,0.0,5626.25,4
38,North Dakota,5182,"Computing Infrastructure, Data Processing, Hosting",2018,504.0,502.5,0.0,5035.0,4
38,North Dakota,5182,"Computing Infrastructure, Data Processing, Hosting",2019,487.25,481.5,0.0,5210.0,4
38,North Dakota,5182,"Computing Infrastructure, Data Processing, Hosting",2020,456.0,452.5,0.0,5714.75,4
38,North Dakota,5182,"Computing Infrastructure, Data Processing, Hosting",2021,462.25,459.0,0.0,5377.5,4
38,North Dakota,5182,"Computing Infrastructure, Data Processing, Hosting",2022,462.5,479.0,0.0,6346.0,4
38,North Dakota,5182,"Computing Infrastructure, Data Processing, Hosting",2023,360.0,356.5,0.0,7107.0,4
38,North Dakota,5182,"Computing Infrastructure, Data Processing, Hosting",2024,313.5,310.25,0.0,7516.0,4
38,North Dakota,5415,Computer Systems Design,2016,2599.5,2585.5,0.0,5303.0,4
38,North Dakota,5415,Computer Systems Design,2017,2714.25,2744.5,0.0,5407.0,4
38,North Dakota,5415,Computer Systems Design,2018,2677.0,2714.5,0.0,5680.0,4
38,North Dakota,5415,Computer Systems Design,2019,2617.25,2624.5,0.0,6118.75,4
38,North Dakota,5415,Computer Systems Design,2020,2957.5,2970.0,0.0,6137.75,4
38,North Dakota,5415,Computer Systems Design,2021,3061.5,3119.75,0.0,6625.0,4
38,North Dakota,5415,Computer Systems Design,2022,3029.0,2997.75,0.0,7178.75,4
38,North Dakota,5415,Computer Systems Design,2023,2721.0,2716.25,0.0,8160.0,4
38,North Dakota,5415,Computer Systems Design,2024,2562.75,2522.5,0.0,8522.0,4
39,Ohio,23,Construction Sector,2016,208273.75,209044.25,0.0,4339.25,4
39,Ohio,23,Construction Sector,2017,217089.25,218677.0,0.0,4593.25,4
39,Ohio,23,Construction Sector,2018,220953.25,222668.25,0.0,4664.25,4
39,Ohio,23,Construction Sector,2019,227247.5,228681.5,0.0,4771.25,4
39,Ohio,23,Construction Sector,2020,222383.0,220154.5,0.0,4967.75,4
39,Ohio,23,Construction Sector,2021,223635.25,225803.75,0.0,5182.0,4
39,Ohio,23,Construction Sector,2022,232579.25,234097.75,0.0,5445.25,4
39,Ohio,23,Construction Sector,2023,237200.25,238365.25,0.0,5826.25,4
39,Ohio,23,Construction Sector,2024,246818.5,250560.25,0.0,6150.0,4
39,Ohio,2362,Nonresidential Building Construction,2016,26212.75,26410.0,0.0,5112.75,4
39,Ohio,2362,Nonresidential Building Construction,2017,27097.0,27013.75,0.0,5238.0,4
39,Ohio,2362,Nonresidential Building Construction,2018,28403.0,28730.5,0.0,5496.25,4
39,Ohio,2362,Nonresidential Building Construction,2019,29653.25,29856.5,0.0,5626.25,4
39,Ohio,2362,Nonresidential Building Construction,2020,28067.0,27275.25,0.0,5903.5,4
39,Ohio,2362,Nonresidential Building Construction,2021,27337.75,27719.5,0.0,6217.25,4
39,Ohio,2362,Nonresidential Building Construction,2022,29198.75,29325.5,0.0,6453.5,4
39,Ohio,2362,Nonresidential Building Construction,2023,29410.0,29581.75,0.0,7336.5,4
39,Ohio,2362,Nonresidential Building Construction,2024,30815.5,31163.0,0.0,7394.75,4
39,Ohio,51,Information Sector,2016,73169.75,73096.75,0.0,5280.0,4
39,Ohio,51,Information Sector,2017,74088.75,73688.75,0.0,5403.75,4
39,Ohio,51,Information Sector,2018,73321.5,73042.75,0.0,5573.5,4
39,Ohio,51,Information Sector,2019,72140.5,71659.75,0.0,5728.5,4
39,Ohio,51,Information Sector,2020,67123.75,65448.5,0.0,6250.5,4
39,Ohio,51,Information Sector,2021,66514.75,67404.75,0.0,6915.0,4
39,Ohio,51,Information Sector,2022,70752.25,71291.25,0.0,7062.0,4
39,Ohio,51,Information Sector,2023,69683.75,69282.5,0.0,7391.0,4
39,Ohio,51,Information Sector,2024,67882.0,67242.75,0.0,8094.0,4
39,Ohio,517,Telecommunications,2016,24497.5,24425.25,0.0,5628.5,4
39,Ohio,517,Telecommunications,2017,25767.25,25598.0,0.0,5784.75,4
39,Ohio,517,Telecommunications,2018,25263.0,25031.75,0.0,5720.25,4
39,Ohio,517,Telecommunications,2019,24094.0,23676.0,0.0,5773.0,4
39,Ohio,517,Telecommunications,2020,22424.0,22088.0,0.0,6182.0,4
39,Ohio,517,Telecommunications,2021,21644.25,21535.5,0.0,6564.25,4
39,Ohio,517,Telecommunications,2022,21481.0,21568.75,0.0,6585.0,4
39,Ohio,517,Telecommunications,2023,21398.25,21205.25,0.0,6850.0,4
39,Ohio,517,Telecommunications,2024,20227.0,19796.25,0.0,7173.25,4
39,Ohio,5182,"Computing Infrastructure, Data Processing, Hosting",2016,6641.5,6696.0,0.0,5819.0,4
39,Ohio,5182,"Computing Infrastructure, Data Processing, Hosting",2017,7076.75,7093.0,0.0,6061.75,4
39,Ohio,5182,"Computing Infrastructure, Data Processing, Hosting",2018,7611.5,7687.5,0.0,6644.25,4
39,Ohio,5182,"Computing Infrastructure, Data Processing, Hosting",2019,8350.0,8466.25,0.0,6884.5,4
39,Ohio,5182,"Computing Infrastructure, Data Processing, Hosting",2020,8732.0,8678.75,0.0,7278.75,4
39,Ohio,5182,"Computing Infrastructure, Data Processing, Hosting",2021,8915.5,9082.0,0.0,8447.25,4
39,Ohio,5182,"Computing Infrastructure, Data Processing, Hosting",2022,11418.5,11582.75,0.0,8375.0,4
39,Ohio,5182,"Computing Infrastructure, Data Processing, Hosting",2023,11535.5,11450.0,0.0,8888.0,4
39,Ohio,5182,"Computing Infrastructure, Data Processing, Hosting",2024,11627.0,11639.5,0.0,10073.25,4
39,Ohio,5415,Computer Systems Design,2016,58250.0,58981.5,0.0,6910.5,4
39,Ohio,5415,Computer Systems Design,2017,60502.5,61022.75,0.0,6932.25,4
39,Ohio,5415,Computer Systems Design,2018,62179.5,62728.25,0.0,7126.0,4
39,Ohio,5415,Computer Systems Design,2019,64376.25,64766.25,0.0,7370.0,4
39,Ohio,5415,Computer Systems Design,2020,65024.0,64981.75,0.0,7696.75,4
39,Ohio,5415,Computer Systems Design,2021,67553.25,68406.75,0.0,8181.0,4
39,Ohio,5415,Computer Systems Design,2022,71271.75,71644.0,0.0,8644.75,4
39,Ohio,5415,Computer Systems Design,2023,71514.5,71108.75,0.0,9065.75,4
39,Ohio,5415,Computer Systems Design,2024,70495.25,70272.75,0.0,9495.0,4
40,Oklahoma,23,Construction Sector,2016,77027.5,76964.25,0.0,3792.5,4
40,Oklahoma,23,Construction Sector,2017,77340.5,77658.5,0.0,3856.25,4
40,Oklahoma,23,Construction Sector,2018,80415.0,81278.5,0.0,3985.25,4
40,Oklahoma,23,Construction Sector,2019,83570.75,83732.0,0.0,4124.0,4
40,Oklahoma,23,Construction Sector,2020,80318.25,79020.5,0.0,4222.0,4
40,Oklahoma,23,Construction Sector,2021,78925.75,79246.5,0.0,4337.75,4
40,Oklahoma,23,Construction Sector,2022,79752.75,80018.5,0.0,4575.25,4
40,Oklahoma,23,Construction Sector,2023,82108.0,83096.25,0.0,4888.0,4
40,Oklahoma,23,Construction Sector,2024,85638.25,86343.0,0.0,5150.75,4
40,Oklahoma,2362,Nonresidential Building Construction,2016,9796.5,9806.5,0.0,4534.0,4
40,Oklahoma,2362,Nonresidential Building Construction,2017,9023.0,8834.75,0.0,4336.25,4
40,Oklahoma,2362,Nonresidential Building Construction,2018,8875.25,9073.25,0.0,4309.25,4
40,Oklahoma,2362,Nonresidential Building Construction,2019,9744.0,9738.5,0.0,4529.5,4
40,Oklahoma,2362,Nonresidential Building Construction,2020,9729.5,9623.5,0.0,4725.25,4
40,Oklahoma,2362,Nonresidential Building Construction,2021,9802.5,9901.75,0.0,4788.5,4
40,Oklahoma,2362,Nonresidential Building Construction,2022,10061.5,10130.25,0.0,5170.5,4
40,Oklahoma,2362,Nonresidential Building Construction,2023,10357.0,10416.75,0.0,5454.5,4
40,Oklahoma,2362,Nonresidential Building Construction,2024,10652.25,10780.25,0.0,5734.0,4
40,Oklahoma,51,Information Sector,2016,21696.25,21578.25,0.0,4420.75,4
40,Oklahoma,51,Information Sector,2017,21268.0,21025.0,0.0,4535.75,4
40,Oklahoma,51,Information Sector,2018,20718.75,20595.75,0.0,4659.5,4
40,Oklahoma,51,Information Sector,2019,20274.5,20177.25,0.0,4796.25,4
40,Oklahoma,51,Information Sector,2020,19241.5,18737.75,0.0,4978.5,4
40,Oklahoma,51,Information Sector,2021,18459.75,18610.25,0.0,5568.0,4
40,Oklahoma,51,Information Sector,2022,18444.0,18583.75,0.0,5817.75,4
40,Oklahoma,51,Information Sector,2023,18936.25,18919.5,0.0,5924.5,4
40,Oklahoma,51,Information Sector,2024,18051.25,17892.0,0.0,6267.25,4
40,Oklahoma,517,Telecommunications,2016,9619.5,9563.5,0.0,5102.5,4
40,Oklahoma,517,Telecommunications,2017,9502.75,9434.25,0.0,5359.25,4
40,Oklahoma,517,Telecommunications,2018,9146.75,9070.25,0.0,5433.5,4
40,Oklahoma,517,Telecommunications,2019,9013.0,9023.25,0.0,5697.5,4
40,Oklahoma,517,Telecommunications,2020,9222.5,9260.5,0.0,5675.75,4
40,Oklahoma,517,Telecommunications,2021,9244.5,9227.75,0.0,5922.5,4
40,Oklahoma,517,Telecommunications,2022,8663.0,8716.0,0.0,6556.5,4
40,Oklahoma,517,Telecommunications,2023,8666.75,8588.25,0.0,6505.0,4
40,Oklahoma,517,Telecommunications,2024,8141.0,7959.5,0.0,6754.0,4
40,Oklahoma,5182,"Computing Infrastructure, Data Processing, Hosting",2016,1342.25,1331.75,0.0,5387.0,4
40,Oklahoma,5182,"Computing Infrastructure, Data Processing, Hosting",2017,1273.5,1260.0,0.0,5576.0,4
40,Oklahoma,5182,"Computing Infrastructure, Data Processing, Hosting",2018,1352.25,1395.75,0.0,5830.5,4
40,Oklahoma,5182,"Computing Infrastructure, Data Processing, Hosting",2019,1505.75,1505.75,0.0,5865.0,4
40,Oklahoma,5182,"Computing Infrastructure, Data Processing, Hosting",2020,1478.25,1485.5,0.0,5787.0,4
40,Oklahoma,5182,"Computing Infrastructure, Data Processing, Hosting",2021,1634.5,1653.75,0.0,5864.75,4
40,Oklahoma,5182,"Computing Infrastructure, Data Processing, Hosting",2022,1882.5,1906.0,0.0,6169.5,4
40,Oklahoma,5182,"Computing Infrastructure, Data Processing, Hosting",2023,2028.25,2067.25,0.0,6461.25,4
40,Oklahoma,5182,"Computing Infrastructure, Data Processing, Hosting",2024,1667.75,1671.75,0.0,7562.25,4
40,Oklahoma,5415,Computer Systems Design,2016,8138.75,8139.5,0.0,5740.75,4
40,Oklahoma,5415,Computer Systems Design,2017,8608.25,8712.5,0.0,5868.25,4
40,Oklahoma,5415,Computer Systems Design,2018,9508.75,9694.25,0.0,5932.75,4
40,Oklahoma,5415,Computer Systems Design,2019,10053.75,10069.0,0.0,5939.5,4
40,Oklahoma,5415,Computer Systems Design,2020,9939.5,10074.75,0.0,6250.0,4
40,Oklahoma,5415,Computer Systems Design,2021,10640.75,10780.25,0.0,6738.75,4
40,Oklahoma,5415,Computer Systems Design,2022,11387.0,11527.75,0.0,7249.75,4
40,Oklahoma,5415,Computer Systems Design,2023,11987.75,12111.25,0.0,7653.0,4
40,Oklahoma,5415,Computer Systems Design,2024,12577.5,12537.5,0.0,7939.25,4
41,Oregon,23,Construction Sector,2016,89911.25,91946.75,0.0,4314.0,4
41,Oregon,23,Construction Sector,2017,97603.5,99720.25,0.0,4468.0,4
41,Oregon,23,Construction Sector,2018,104988.25,106396.25,0.0,4670.25,4
41,Oregon,23,Construction Sector,2019,109318.25,110130.5,0.0,4876.5,4
41,Oregon,23,Construction Sector,2020,108970.25,109111.5,0.0,5120.0,4
41,Oregon,23,Construction Sector,2021,112034.75,113176.0,0.0,5389.75,4
41,Oregon,23,Construction Sector,2022,117271.25,118082.0,0.0,5791.5,4
41,Oregon,23,Construction Sector,2023,118657.25,118271.0,0.0,6028.0,4
41,Oregon,23,Construction Sector,2024,117603.5,117230.25,0.0,6320.5,4
41,Oregon,2362,Nonresidential Building Construction,2016,9723.75,9965.25,0.0,5785.75,4
41,Oregon,2362,Nonresidential Building Construction,2017,10646.75,10721.75,0.0,6035.75,4
41,Oregon,2362,Nonresidential Building Construction,2018,11371.75,11608.5,0.0,6260.25,4
41,Oregon,2362,Nonresidential Building Construction,2019,12264.0,12499.5,0.0,6608.0,4
41,Oregon,2362,Nonresidential Building Construction,2020,12618.75,12399.5,0.0,7030.25,4
41,Oregon,2362,Nonresidential Building Construction,2021,11899.75,11886.5,0.0,7250.25,4
41,Oregon,2362,Nonresidential Building Construction,2022,12129.5,12117.5,0.0,7766.25,4
41,Oregon,2362,Nonresidential Building Construction,2023,12195.0,12145.75,0.0,8004.5,4
41,Oregon,2362,Nonresidential Building Construction,2024,11949.25,11738.0,0.0,8377.75,4
41,Oregon,51,Information Sector,2016,34785.5,34862.0,0.0,5726.5,4
41,Oregon,51,Information Sector,2017,35821.75,35828.25,0.0,5967.75,4
41,Oregon,51,Information Sector,2018,35834.0,35970.75,0.0,6478.75,4
41,Oregon,51,Information Sector,2019,36636.25,37060.0,0.0,6706.25,4
41,Oregon,51,Information Sector,2020,35255.25,34939.25,0.0,7432.0,4
41,Oregon,51,Information Sector,2021,37081.0,37745.25,0.0,8520.5,4
41,Oregon,51,Information Sector,2022,39219.0,39584.25,0.0,9118.5,4
41,Oregon,51,Information Sector,2023,39565.75,39154.5,0.0,9767.0,4
41,Oregon,51,Information Sector,2024,37579.5,37245.0,0.0,10584.5,4
41,Oregon,517,Telecommunications,2016,5546.25,5541.75,0.0,5661.25,4
41,Oregon,517,Telecommunications,2017,5920.25,5857.0,0.0,5425.75,4
41,Oregon,517,Telecommunications,2018,5524.5,5427.75,0.0,5475.5,4
41,Oregon,517,Telecommunications,2019,5179.25,5133.25,0.0,5628.75,4
41,Oregon,517,Telecommunications,2020,4895.0,4810.25,0.0,5967.75,4
41,Oregon,517,Telecommunications,2021,4645.5,4596.5,0.0,6107.5,4
41,Oregon,517,Telecommunications,2022,4321.75,4273.75,0.0,6507.25,4
41,Oregon,517,Telecommunications,2023,4274.5,4231.25,0.0,6870.75,4
41,Oregon,517,Telecommunications,2024,3963.75,3913.25,0.0,7049.75,4
41,Oregon,5182,"Computing Infrastructure, Data Processing, Hosting",2016,3948.75,4030.0,0.0,8194.0,4
41,Oregon,5182,"Computing Infrastructure, Data Processing, Hosting",2017,4631.75,4684.25,0.0,8260.25,4
41,Oregon,5182,"Computing Infrastructure, Data Processing, Hosting",2018,4987.75,5072.5,0.0,9227.25,4
41,Oregon,5182,"Computing Infrastructure, Data Processing, Hosting",2019,5658.25,5775.25,0.0,9374.0,4
41,Oregon,5182,"Computing Infrastructure, Data Processing, Hosting",2020,6345.25,6516.25,0.0,10031.25,4
41,Oregon,5182,"Computing Infrastructure, Data Processing, Hosting",2021,7194.5,7315.75,0.0,11632.25,4
41,Oregon,5182,"Computing Infrastructure, Data Processing, Hosting",2022,8049.5,8211.5,0.0,12877.75,4
41,Oregon,5182,"Computing Infrastructure, Data Processing, Hosting",2023,8278.75,8133.5,0.0,13869.5,4
41,Oregon,5182,"Computing Infrastructure, Data Processing, Hosting",2024,8055.0,8073.5,0.0,15662.25,4
41,Oregon,5415,Computer Systems Design,2016,15327.25,15488.5,0.0,8137.0,4
41,Oregon,5415,Computer Systems Design,2017,15948.75,15948.5,0.0,8836.0,4
41,Oregon,5415,Computer Systems Design,2018,15946.0,16049.5,0.0,9051.25,4
41,Oregon,5415,Computer Systems Design,2019,16800.75,16845.0,0.0,9362.75,4
41,Oregon,5415,Computer Systems Design,2020,16788.0,16702.75,0.0,9959.25,4
41,Oregon,5415,Computer Systems Design,2021,17158.5,17385.75,0.0,10853.0,4
41,Oregon,5415,Computer Systems Design,2022,18119.0,18178.5,0.0,11457.0,4
41,Oregon,5415,Computer Systems Design,2023,17662.25,17511.75,0.0,11613.75,4
41,Oregon,5415,Computer Systems Design,2024,17186.75,17076.75,0.0,12148.5,4
42,Pennsylvania,23,Construction Sector,2016,241387.0,241895.0,0.0,4651.0,4
42,Pennsylvania,23,Construction Sector,2017,247874.0,250945.5,0.0,4885.5,4
42,Pennsylvania,23,Construction Sector,2018,255996.25,257295.75,0.0,5048.75,4
42,Pennsylvania,23,Construction Sector,2019,261019.75,261928.5,0.0,5188.75,4
42,Pennsylvania,23,Construction Sector,2020,249219.25,247220.5,0.0,5233.0,4
42,Pennsylvania,23,Construction Sector,2021,255468.75,256757.25,0.0,5660.0,4
42,Pennsylvania,23,Construction Sector,2022,259809.25,260088.75,0.0,5814.5,4
42,Pennsylvania,23,Construction Sector,2023,260562.5,260692.25,0.0,6082.0,4
42,Pennsylvania,23,Construction Sector,2024,260434.25,260987.0,0.0,6393.75,4
42,Pennsylvania,2362,Nonresidential Building Construction,2016,28986.5,29146.0,0.0,5503.0,4
42,Pennsylvania,2362,Nonresidential Building Construction,2017,29856.0,30247.0,0.0,5738.0,4
42,Pennsylvania,2362,Nonresidential Building Construction,2018,30629.25,30915.0,0.0,5953.0,4
42,Pennsylvania,2362,Nonresidential Building Construction,2019,31315.0,31342.0,0.0,6104.0,4
42,Pennsylvania,2362,Nonresidential Building Construction,2020,29752.5,29254.5,0.0,6094.5,4
42,Pennsylvania,2362,Nonresidential Building Construction,2021,29192.5,29356.25,0.0,6592.75,4
42,Pennsylvania,2362,Nonresidential Building Construction,2022,30505.25,30770.5,0.0,6940.75,4
42,Pennsylvania,2362,Nonresidential Building Construction,2023,31230.75,31308.75,0.0,7255.0,4
42,Pennsylvania,2362,Nonresidential Building Construction,2024,31009.5,30869.5,0.0,7745.0,4
42,Pennsylvania,51,Information Sector,2016,88182.75,88092.75,0.0,6076.5,4
42,Pennsylvania,51,Information Sector,2017,87181.25,86877.5,0.0,6326.25,4
42,Pennsylvania,51,Information Sector,2018,90058.25,90186.25,0.0,7052.25,4
42,Pennsylvania,51,Information Sector,2019,90644.25,90971.25,0.0,7670.25,4
42,Pennsylvania,51,Information Sector,2020,87876.25,85628.0,0.0,8535.75,4
42,Pennsylvania,51,Information Sector,2021,87547.25,89291.75,0.0,8854.0,4
42,Pennsylvania,51,Information Sector,2022,95130.75,95872.25,0.0,8941.5,4
42,Pennsylvania,51,Information Sector,2023,95409.25,94828.5,0.0,9471.25,4
42,Pennsylvania,51,Information Sector,2024,93065.0,92474.5,0.0,10072.25,4
42,Pennsylvania,517,Telecommunications,2016,29335.5,29278.5,0.0,7623.25,4
42,Pennsylvania,517,Telecommunications,2017,29077.5,29091.0,0.0,7973.5,4
42,Pennsylvania,517,Telecommunications,2018,29211.5,29134.5,0.0,8736.5,4
42,Pennsylvania,517,Telecommunications,2019,28645.0,28586.0,0.0,9874.25,4
42,Pennsylvania,517,Telecommunications,2020,29083.5,28493.25,0.0,10081.5,4
42,Pennsylvania,517,Telecommunications,2021,27091.0,27390.25,0.0,9089.75,4
42,Pennsylvania,517,Telecommunications,2022,28233.75,28096.25,0.0,9352.75,4
42,Pennsylvania,517,Telecommunications,2023,27628.75,27435.5,0.0,9643.5,4
42,Pennsylvania,517,Telecommunications,2024,26767.25,26516.5,0.0,10169.25,4
42,Pennsylvania,5182,"Computing Infrastructure, Data Processing, Hosting",2016,8716.75,8721.5,0.0,6569.75,4
42,Pennsylvania,5182,"Computing Infrastructure, Data Processing, Hosting",2017,8952.0,8919.0,0.0,6693.5,4
42,Pennsylvania,5182,"Computing Infrastructure, Data Processing, Hosting",2018,9253.25,9327.75,0.0,7259.75,4
42,Pennsylvania,5182,"Computing Infrastructure, Data Processing, Hosting",2019,9784.5,9907.75,0.0,7949.75,4
42,Pennsylvania,5182,"Computing Infrastructure, Data Processing, Hosting",2020,10903.75,10916.0,0.0,8715.0,4
42,Pennsylvania,5182,"Computing Infrastructure, Data Processing, Hosting",2021,11935.25,12227.5,0.0,9148.5,4
42,Pennsylvania,5182,"Computing Infrastructure, Data Processing, Hosting",2022,13510.75,13921.0,0.0,9427.25,4
42,Pennsylvania,5182,"Computing Infrastructure, Data Processing, Hosting",2023,14193.5,14125.75,0.0,9718.25,4
42,Pennsylvania,5182,"Computing Infrastructure, Data Processing, Hosting",2024,13362.75,13296.25,0.0,10987.25,4
42,Pennsylvania,5415,Computer Systems Design,2016,69621.25,69981.75,0.0,8244.75,4
42,Pennsylvania,5415,Computer Systems Design,2017,69284.75,69575.5,0.0,8503.5,4
42,Pennsylvania,5415,Computer Systems Design,2018,69249.75,69784.0,0.0,8557.25,4
42,Pennsylvania,5415,Computer Systems Design,2019,70124.25,70484.25,0.0,8916.25,4
42,Pennsylvania,5415,Computer Systems Design,2020,69228.75,69343.25,0.0,9207.25,4
42,Pennsylvania,5415,Computer Systems Design,2021,71720.25,72812.75,0.0,9906.25,4
42,Pennsylvania,5415,Computer Systems Design,2022,75726.75,76189.75,0.0,10119.5,4
42,Pennsylvania,5415,Computer Systems Design,2023,73936.75,73559.25,0.0,10630.0,4
42,Pennsylvania,5415,Computer Systems Design,2024,72778.5,72478.25,0.0,11068.5,4
44,Rhode Island,23,Construction Sector,2016,17914.75,18092.0,0.0,4404.25,4
44,Rhode Island,23,Construction Sector,2017,18135.25,18196.5,0.0,4482.0,4
44,Rhode Island,23,Construction Sector,2018,18919.25,19236.75,0.0,4686.0,4
44,Rhode Island,23,Construction Sector,2019,19770.0,19882.75,0.0,4835.0,4
44,Rhode Island,23,Construction Sector,2020,18997.75,18873.0,0.0,5033.25,4
44,Rhode Island,23,Construction Sector,2021,19845.75,20142.5,0.0,5264.75,4
44,Rhode Island,23,Construction Sector,2022,21104.75,21348.75,0.0,5552.5,4
44,Rhode Island,23,Construction Sector,2023,21851.75,21939.75,0.0,5911.5,4
44,Rhode Island,23,Construction Sector,2024,22427.75,22575.0,0.0,6202.25,4
44,Rhode Island,2362,Nonresidential Building Construction,2016,1630.25,1665.25,0.0,7228.0,4
44,Rhode Island,2362,Nonresidential Building Construction,2017,1741.5,1751.25,0.0,7024.75,4
44,Rhode Island,2362,Nonresidential Building Construction,2018,1840.0,1869.5,0.0,6943.25,4
44,Rhode Island,2362,Nonresidential Building Construction,2019,1906.25,1906.75,0.0,7196.75,4
44,Rhode Island,2362,Nonresidential Building Construction,2020,1829.0,1810.25,0.0,7308.0,4
44,Rhode Island,2362,Nonresidential Building Construction,2021,1776.25,1764.75,0.0,7549.75,4
44,Rhode Island,2362,Nonresidential Building Construction,2022,1756.0,1785.5,0.0,8326.25,4
44,Rhode Island,2362,Nonresidential Building Construction,2023,1752.25,1760.25,0.0,8696.75,4
44,Rhode Island,2362,Nonresidential Building Construction,2024,2012.25,2037.0,0.0,8808.25,4
44,Rhode Island,51,Information Sector,2016,9009.75,8991.75,0.0,5424.25,4
44,Rhode Island,51,Information Sector,2017,6493.75,6458.5,0.0,5144.75,4
44,Rhode Island,51,Information Sector,2018,6381.25,6398.5,0.0,5329.25,4
44,Rhode Island,51,Information Sector,2019,6376.5,6449.5,0.0,5419.75,4
44,Rhode Island,51,Information Sector,2020,5797.0,5550.5,0.0,6295.5,4
44,Rhode Island,51,Information Sector,2021,5931.5,6059.25,0.0,6783.25,4
44,Rhode Island,51,Information Sector,2022,6256.5,6270.25,0.0,6978.25,4
44,Rhode Island,51,Information Sector,2023,6254.25,6191.75,0.0,7706.0,4
44,Rhode Island,51,Information Sector,2024,5998.25,5987.0,0.0,8164.25,4
44,Rhode Island,517,Telecommunications,2016,2116.75,2103.5,0.0,5561.5,4
44,Rhode Island,517,Telecommunications,2017,2099.75,2089.25,0.0,5945.75,4
44,Rhode Island,517,Telecommunications,2018,2024.0,2001.0,0.0,5957.75,4
44,Rhode Island,517,Telecommunications,2019,1886.5,1852.0,0.0,6313.25,4
44,Rhode Island,517,Telecommunications,2020,1819.0,1839.5,0.0,6871.75,4
44,Rhode Island,517,Telecommunications,2021,1862.75,1851.5,0.0,7451.5,4
44,Rhode Island,517,Telecommunications,2022,1839.5,1836.75,0.0,7679.25,4
44,Rhode Island,517,Telecommunications,2023,1793.0,1758.25,0.0,8108.25,4
44,Rhode Island,517,Telecommunications,2024,1658.0,1626.25,0.0,8422.0,4
44,Rhode Island,5182,"Computing Infrastructure, Data Processing, Hosting",2016,2884.0,2885.0,0.0,6676.75,4
44,Rhode Island,5182,"Computing Infrastructure, Data Processing, Hosting",2017,534.25,534.0,0.0,7185.75,4
44,Rhode Island,5182,"Computing Infrastructure, Data Processing, Hosting",2018,538.5,540.25,0.0,7458.5,4
44,Rhode Island,5182,"Computing Infrastructure, Data Processing, Hosting",2019,552.5,563.25,0.0,8067.75,4
44,Rhode Island,5182,"Computing Infrastructure, Data Processing, Hosting",2020,543.5,544.75,0.0,11905.75,4
44,Rhode Island,5182,"Computing Infrastructure, Data Processing, Hosting",2021,579.25,583.0,0.0,10431.5,4
44,Rhode Island,5182,"Computing Infrastructure, Data Processing, Hosting",2022,672.0,697.5,0.0,12335.5,4
44,Rhode Island,5182,"Computing Infrastructure, Data Processing, Hosting",2023,713.0,711.5,0.0,12391.25,4
44,Rhode Island,5182,"Computing Infrastructure, Data Processing, Hosting",2024,712.0,718.0,0.0,13521.0,4
44,Rhode Island,5415,Computer Systems Design,2016,6561.75,6560.25,0.0,6966.25,4
44,Rhode Island,5415,Computer Systems Design,2017,6669.75,6705.5,0.0,7138.5,4
44,Rhode Island,5415,Computer Systems Design,2018,7188.0,7236.75,0.0,7354.0,4
44,Rhode Island,5415,Computer Systems Design,2019,7264.0,7253.25,0.0,7579.75,4
44,Rhode Island,5415,Computer Systems Design,2020,7320.75,7396.0,0.0,7874.25,4
44,Rhode Island,5415,Computer Systems Design,2021,8156.0,8344.25,0.0,7999.5,4
44,Rhode Island,5415,Computer Systems Design,2022,8558.0,8541.0,0.0,8660.25,4
44,Rhode Island,5415,Computer Systems Design,2023,8377.25,8402.75,0.0,8987.5,4
44,Rhode Island,5415,Computer Systems Design,2024,8334.75,8321.0,0.0,9378.5,4
45,South Carolina,23,Construction Sector,2016,92693.75,94306.5,0.0,3958.75,4
45,South Carolina,23,Construction Sector,2017,100536.25,100672.25,0.0,4151.5,4
45,South Carolina,23,Construction Sector,2018,101364.5,101649.75,0.0,4256.25,4
45,South Carolina,23,Construction Sector,2019,103977.5,104021.5,0.0,4428.25,4
45,South Carolina,23,Construction Sector,2020,103048.25,102853.5,0.0,4657.0,4
45,South Carolina,23,Construction Sector,2021,104179.75,104776.0,0.0,4861.0,4
45,South Carolina,23,Construction Sector,2022,107937.25,108673.75,0.0,5297.5,4
45,South Carolina,23,Construction Sector,2023,111384.5,112553.5,0.0,5716.25,4
45,South Carolina,23,Construction Sector,2024,116916.0,118341.25,0.0,6065.75,4
45,South Carolina,2362,Nonresidential Building Construction,2016,12668.25,12853.0,0.0,5860.0,4
45,South Carolina,2362,Nonresidential Building Construction,2017,13135.5,13163.5,0.0,5988.0,4
45,South Carolina,2362,Nonresidential Building Construction,2018,13009.25,12807.0,0.0,6201.0,4
45,South Carolina,2362,Nonresidential Building Construction,2019,13914.25,13628.75,0.0,6327.25,4
45,South Carolina,2362,Nonresidential Building Construction,2020,13774.0,13542.5,0.0,6573.75,4
45,South Carolina,2362,Nonresidential Building Construction,2021,13341.75,13453.0,0.0,6655.25,4
45,South Carolina,2362,Nonresidential Building Construction,2022,14063.75,14167.5,0.0,7397.75,4
45,South Carolina,2362,Nonresidential Building Construction,2023,14269.5,14316.5,0.0,8115.0,4
45,South Carolina,2362,Nonresidential Building Construction,2024,15221.25,15644.75,0.0,8590.75,4
45,South Carolina,51,Information Sector,2016,27933.0,27923.75,0.0,4613.25,4
45,South Carolina,51,Information Sector,2017,28517.25,28508.75,0.0,5057.5,4
45,South Carolina,51,Information Sector,2018,29078.5,28930.0,0.0,4970.75,4
45,South Carolina,51,Information Sector,2019,27524.5,27476.5,0.0,5255.75,4
45,South Carolina,51,Information Sector,2020,25809.0,25594.0,0.0,5779.25,4
45,South Carolina,51,Information Sector,2021,28037.5,28510.25,0.0,6757.75,4
45,South Carolina,51,Information Sector,2022,30756.75,31414.5,0.0,6982.5,4
45,South Carolina,51,Information Sector,2023,30100.25,29953.5,0.0,7469.0,4
45,South Carolina,51,Information Sector,2024,29163.5,28835.75,0.0,8301.25,4
45,South Carolina,517,Telecommunications,2016,13009.5,13011.25,0.0,4875.0,4
45,South Carolina,517,Telecommunications,2017,13135.25,13189.5,0.0,5056.25,4
45,South Carolina,517,Telecommunications,2018,13094.0,13013.5,0.0,5166.5,4
45,South Carolina,517,Telecommunications,2019,11677.5,11640.75,0.0,5390.25,4
45,South Carolina,517,Telecommunications,2020,11200.5,11134.75,0.0,5806.25,4
45,South Carolina,517,Telecommunications,2021,11208.5,11381.0,0.0,6031.25,4
45,South Carolina,517,Telecommunications,2022,11944.25,12088.75,0.0,6198.5,4
45,South Carolina,517,Telecommunications,2023,11167.0,11013.75,0.0,6496.25,4
45,South Carolina,517,Telecommunications,2024,10538.25,10341.25,0.0,7081.25,4
45,South Carolina,5182,"Computing Infrastructure, Data Processing, Hosting",2016,2848.0,2838.75,0.0,5653.0,4
45,South Carolina,5182,"Computing Infrastructure, Data Processing, Hosting",2017,2850.0,2860.0,0.0,5788.5,4
45,South Carolina,5182,"Computing Infrastructure, Data Processing, Hosting",2018,3496.75,3587.0,0.0,6101.75,4
45,South Carolina,5182,"Computing Infrastructure, Data Processing, Hosting",2019,3636.5,3664.75,0.0,6281.25,4
45,South Carolina,5182,"Computing Infrastructure, Data Processing, Hosting",2020,3722.0,3786.0,0.0,6889.0,4
45,South Carolina,5182,"Computing Infrastructure, Data Processing, Hosting",2021,3999.75,4041.25,0.0,7342.5,4
45,South Carolina,5182,"Computing Infrastructure, Data Processing, Hosting",2022,4386.5,4539.5,0.0,8022.0,4
45,South Carolina,5182,"Computing Infrastructure, Data Processing, Hosting",2023,4306.75,4314.25,0.0,9257.5,4
45,South Carolina,5182,"Computing Infrastructure, Data Processing, Hosting",2024,4204.25,4179.25,0.0,10387.75,4
45,South Carolina,5415,Computer Systems Design,2016,14552.5,14692.25,0.0,7430.25,4
45,South Carolina,5415,Computer Systems Design,2017,15405.0,15536.5,0.0,7638.5,4
45,South Carolina,5415,Computer Systems Design,2018,15882.75,16155.0,0.0,7875.75,4
45,South Carolina,5415,Computer Systems Design,2019,17283.75,17474.25,0.0,8144.75,4
45,South Carolina,5415,Computer Systems Design,2020,18126.25,18340.0,0.0,8233.5,4
45,South Carolina,5415,Computer Systems Design,2021,18635.0,19255.75,0.0,8534.25,4
45,South Carolina,5415,Computer Systems Design,2022,21451.25,22127.5,0.0,9038.75,4
45,South Carolina,5415,Computer Systems Design,2023,23207.75,23291.75,0.0,9438.5,4
45,South Carolina,5415,Computer Systems Design,2024,23411.0,23528.25,0.0,10173.0,4
46,South Dakota,23,Construction Sector,2016,22658.0,22713.0,0.0,3593.5,4
46,South Dakota,23,Construction Sector,2017,22033.0,22186.75,0.0,3707.25,4
46,South Dakota,23,Construction Sector,2018,22770.25,22865.5,0.0,3792.25,4
46,South Dakota,23,Construction Sector,2019,23184.25,23340.25,0.0,3942.5,4
46,South Dakota,23,Construction Sector,2020,23942.75,24225.5,0.0,4157.75,4
46,South Dakota,23,Construction Sector,2021,25030.0,25163.5,0.0,4324.5,4
46,South Dakota,23,Construction Sector,2022,25783.0,26066.25,0.0,4673.25,4
46,South Dakota,23,Construction Sector,2023,27561.25,28046.25,0.0,5021.25,4
46,South Dakota,23,Construction Sector,2024,28910.75,29118.5,0.0,5303.5,4
46,South Dakota,2362,Nonresidential Building Construction,2016,3088.75,3097.25,0.0,4115.25,4
46,South Dakota,2362,Nonresidential Building Construction,2017,3015.25,3083.0,0.0,4189.5,4
46,South Dakota,2362,Nonresidential Building Construction,2018,3276.0,3222.0,0.0,4316.0,4
46,South Dakota,2362,Nonresidential Building Construction,2019,3083.75,3008.25,0.0,4468.25,4
46,South Dakota,2362,Nonresidential Building Construction,2020,2937.0,2946.25,0.0,4760.5,4
46,South Dakota,2362,Nonresidential Building Construction,2021,2979.75,2986.75,0.0,4988.25,4
46,South Dakota,2362,Nonresidential Building Construction,2022,3021.0,3072.5,0.0,5214.25,4
46,South Dakota,2362,Nonresidential Building Construction,2023,3401.75,3477.0,0.0,5719.25,4
46,South Dakota,2362,Nonresidential Building Construction,2024,3644.75,3687.25,0.0,6050.25,4
46,South Dakota,51,Information Sector,2016,5719.75,5691.5,0.0,3754.0,4
46,South Dakota,51,Information Sector,2017,5628.0,5614.75,0.0,3823.0,4
46,South Dakota,51,Information Sector,2018,5542.0,5496.25,0.0,3989.25,4
46,South Dakota,51,Information Sector,2019,5467.0,5470.75,0.0,4085.75,4
46,South Dakota,51,Information Sector,2020,5191.0,5099.25,0.0,4494.5,4
46,South Dakota,51,Information Sector,2021,5192.5,5243.25,0.0,4643.25,4
46,South Dakota,51,Information Sector,2022,5370.25,5360.0,0.0,4839.75,4
46,South Dakota,51,Information Sector,2023,5261.75,5249.25,0.0,5205.5,4
46,South Dakota,51,Information Sector,2024,5281.0,5294.5,0.0,5310.25,4
46,South Dakota,517,Telecommunications,2016,2506.0,2486.5,0.0,4905.25,4
46,South Dakota,517,Telecommunications,2017,2489.75,2501.25,0.0,4957.0,4
46,South Dakota,517,Telecommunications,2018,2498.25,2491.5,0.0,5100.25,4
46,South Dakota,517,Telecommunications,2019,2515.25,2527.0,0.0,5234.25,4
46,South Dakota,517,Telecommunications,2020,2528.25,2554.0,0.0,5413.5,4
46,South Dakota,517,Telecommunications,2021,2655.25,2663.0,0.0,5177.75,4
46,South Dakota,517,Telecommunications,2022,2627.0,2611.25,0.0,5500.25,4
46,South Dakota,517,Telecommunications,2023,2551.5,2544.5,0.0,5767.75,4
46,South Dakota,517,Telecommunications,2024,2533.0,2539.75,0.0,5905.25,4
46,South Dakota,5182,"Computing Infrastructure, Data Processing, Hosting",2016,133.5,135.0,0.0,5057.25,4
46,South Dakota,5182,"Computing Infrastructure, Data Processing, Hosting",2017,134.5,130.75,0.0,5182.75,4
46,South Dakota,5182,"Computing Infrastructure, Data Processing, Hosting",2018,149.0,150.75,0.0,5533.25,4
46,South Dakota,5182,"Computing Infrastructure, Data Processing, Hosting",2019,163.0,168.5,0.0,6325.75,4
46,South Dakota,5182,"Computing Infrastructure, Data Processing, Hosting",2020,190.75,189.0,0.0,7260.25,4
46,South Dakota,5182,"Computing Infrastructure, Data Processing, Hosting",2021,230.75,250.75,0.0,9248.0,4
46,South Dakota,5182,"Computing Infrastructure, Data Processing, Hosting",2022,313.25,325.25,0.0,7730.0,4
46,South Dakota,5182,"Computing Infrastructure, Data Processing, Hosting",2023,348.75,352.0,0.0,8496.5,4
46,South Dakota,5182,"Computing Infrastructure, Data Processing, Hosting",2024,383.5,384.0,0.0,8637.5,4
46,South Dakota,5415,Computer Systems Design,2016,2194.5,2230.75,0.0,6017.0,4
46,South Dakota,5415,Computer Systems Design,2017,2417.5,2431.25,0.0,6025.75,4
46,South Dakota,5415,Computer Systems Design,2018,2547.75,2574.25,0.0,6333.75,4
46,South Dakota,5415,Computer Systems Design,2019,2677.25,2735.75,0.0,6647.25,4
46,South Dakota,5415,Computer Systems Design,2020,2776.5,2823.5,0.0,7144.0,4
46,South Dakota,5415,Computer Systems Design,2021,3098.75,3242.75,0.0,7727.5,4
46,South Dakota,5415,Computer Systems Design,2022,3341.75,3378.75,0.0,9085.25,4
46,South Dakota,5415,Computer Systems Design,2023,3379.5,3370.75,0.0,9002.0,4
46,South Dakota,5415,Computer Systems Design,2024,3396.25,3356.0,0.0,9308.0,4
47,Tennessee,23,Construction Sector,2016,113727.5,114512.25,0.0,4245.75,4
47,Tennessee,23,Construction Sector,2017,118107.75,118968.25,0.0,4448.25,4
47,Tennessee,23,Construction Sector,2018,122472.75,123875.75,0.0,4488.0,4
47,Tennessee,23,Construction Sector,2019,127830.75,128901.5,0.0,4628.25,4
47,Tennessee,23,Construction Sector,2020,128202.75,128403.0,0.0,4907.75,4
47,Tennessee,23,Construction Sector,2021,133121.5,135201.0,0.0,5119.0,4
47,Tennessee,23,Construction Sector,2022,143407.5,145645.75,0.0,5544.25,4
47,Tennessee,23,Construction Sector,2023,151474.5,153721.0,0.0,5988.0,4
47,Tennessee,23,Construction Sector,2024,161109.5,162416.5,0.0,6282.5,4
47,Tennessee,2362,Nonresidential Building Construction,2016,15168.5,14940.75,0.0,5055.0,4
47,Tennessee,2362,Nonresidential Building Construction,2017,15407.25,15350.25,0.0,5375.75,4
47,Tennessee,2362,Nonresidential Building Construction,2018,14725.0,14894.75,0.0,5529.25,4
47,Tennessee,2362,Nonresidential Building Construction,2019,15124.0,15152.5,0.0,5747.0,4
47,Tennessee,2362,Nonresidential Building Construction,2020,13821.25,13441.25,0.0,6298.5,4
47,Tennessee,2362,Nonresidential Building Construction,2021,14154.75,14574.25,0.0,6503.5,4
47,Tennessee,2362,Nonresidential Building Construction,2022,16286.5,16659.25,0.0,7093.5,4
47,Tennessee,2362,Nonresidential Building Construction,2023,17122.25,17106.75,0.0,7723.5,4
47,Tennessee,2362,Nonresidential Building Construction,2024,17293.5,17326.25,0.0,7758.75,4
47,Tennessee,51,Information Sector,2016,46681.25,46741.0,0.0,5046.75,4
47,Tennessee,51,Information Sector,2017,47696.5,47796.25,0.0,5416.5,4
47,Tennessee,51,Information Sector,2018,47779.25,47229.5,0.0,5645.75,4
47,Tennessee,51,Information Sector,2019,47075.25,47257.75,0.0,5714.5,4
47,Tennessee,51,Information Sector,2020,45356.75,44462.5,0.0,6060.0,4
47,Tennessee,51,Information Sector,2021,45715.25,47193.75,0.0,6937.25,4
47,Tennessee,51,Information Sector,2022,54321.25,55658.75,0.0,7471.5,4
47,Tennessee,51,Information Sector,2023,57641.5,57293.0,0.0,8056.25,4
47,Tennessee,51,Information Sector,2024,56064.75,55735.0,0.0,8833.75,4
47,Tennessee,517,Telecommunications,2016,14207.5,14138.75,0.0,5150.75,4
47,Tennessee,517,Telecommunications,2017,14459.5,14390.25,0.0,5347.25,4
47,Tennessee,517,Telecommunications,2018,13810.25,13262.5,0.0,5458.0,4
47,Tennessee,517,Telecommunications,2019,11114.25,11041.25,0.0,5915.25,4
47,Tennessee,517,Telecommunications,2020,10924.25,10528.75,0.0,5884.0,4
47,Tennessee,517,Telecommunications,2021,9542.75,9487.25,0.0,6143.0,4
47,Tennessee,517,Telecommunications,2022,9786.0,9775.5,0.0,6651.25,4
47,Tennessee,517,Telecommunications,2023,9721.75,9581.0,0.0,7027.75,4
47,Tennessee,517,Telecommunications,2024,9169.5,9038.75,0.0,7284.0,4
47,Tennessee,5182,"Computing Infrastructure, Data Processing, Hosting",2016,5159.75,5165.5,0.0,6573.5,4
47,Tennessee,5182,"Computing Infrastructure, Data Processing, Hosting",2017,5734.0,5728.5,0.0,8195.5,4
47,Tennessee,5182,"Computing Infrastructure, Data Processing, Hosting",2018,5832.5,5851.25,0.0,8013.75,4
47,Tennessee,5182,"Computing Infrastructure, Data Processing, Hosting",2019,6099.5,6192.5,0.0,8179.25,4
47,Tennessee,5182,"Computing Infrastructure, Data Processing, Hosting",2020,6415.5,6463.75,0.0,8510.5,4
47,Tennessee,5182,"Computing Infrastructure, Data Processing, Hosting",2021,6568.75,6801.0,0.0,9638.5,4
47,Tennessee,5182,"Computing Infrastructure, Data Processing, Hosting",2022,8531.0,8859.0,0.0,10603.25,4
47,Tennessee,5182,"Computing Infrastructure, Data Processing, Hosting",2023,8844.25,8934.75,0.0,10891.0,4
47,Tennessee,5182,"Computing Infrastructure, Data Processing, Hosting",2024,8327.5,8208.0,0.0,12266.0,4
47,Tennessee,5415,Computer Systems Design,2016,18999.25,19040.75,0.0,6958.0,4
47,Tennessee,5415,Computer Systems Design,2017,19072.75,19389.5,0.0,7103.75,4
47,Tennessee,5415,Computer Systems Design,2018,20236.5,20576.75,0.0,7291.75,4
47,Tennessee,5415,Computer Systems Design,2019,20964.25,21145.75,0.0,7632.0,4
47,Tennessee,5415,Computer Systems Design,2020,21315.75,21597.25,0.0,7948.75,4
47,Tennessee,5415,Computer Systems Design,2021,23419.0,24275.25,0.0,8566.25,4
47,Tennessee,5415,Computer Systems Design,2022,26637.5,27092.25,0.0,8979.75,4
47,Tennessee,5415,Computer Systems Design,2023,27059.0,27083.5,0.0,9525.25,4
47,Tennessee,5415,Computer Systems Design,2024,26964.75,26843.25,0.0,9990.0,4
48,Texas,23,Construction Sector,2016,702168.5,705042.0,0.0,4797.5,4
48,Texas,23,Construction Sector,2017,711826.75,716791.0,0.0,4908.75,4
48,Texas,23,Construction Sector,2018,737759.75,747048.75,0.0,5088.0,4
48,Texas,23,Construction Sector,2019,771711.25,776964.0,0.0,5256.0,4
48,Texas,23,Construction Sector,2020,747389.75,734494.5,0.0,5332.25,4
48,Texas,23,Construction Sector,2021,738787.75,746999.25,0.0,5548.75,4
48,Texas,23,Construction Sector,2022,777332.75,788511.5,0.0,5930.25,4
48,Texas,23,Construction Sector,2023,814133.0,821475.0,0.0,6211.0,4
48,Texas,23,Construction Sector,2024,849993.5,860202.25,0.0,6527.25,4
48,Texas,2362,Nonresidential Building Construction,2016,111209.75,111621.0,0.0,6148.25,4
48,Texas,2362,Nonresidential Building Construction,2017,109900.0,109272.25,0.0,6217.25,4
48,Texas,2362,Nonresidential Building Construction,2018,107069.25,107598.5,0.0,6429.0,4
48,Texas,2362,Nonresidential Building Construction,2019,108988.5,108558.25,0.0,6620.5,4
48,Texas,2362,Nonresidential Building Construction,2020,98241.75,94292.75,0.0,6575.75,4
48,Texas,2362,Nonresidential Building Construction,2021,93854.5,95624.0,0.0,6577.75,4
48,Texas,2362,Nonresidential Building Construction,2022,100244.75,101867.75,0.0,6968.5,4
48,Texas,2362,Nonresidential Building Construction,2023,111494.5,114085.0,0.0,7306.0,4
48,Texas,2362,Nonresidential Building Construction,2024,118830.5,120858.5,0.0,7594.25,4
48,Texas,51,Information Sector,2016,204296.75,204563.5,0.0,6369.0,4
48,Texas,51,Information Sector,2017,203093.0,202841.5,0.0,6643.75,4
48,Texas,51,Information Sector,2018,203936.75,204356.75,0.0,6858.25,4
48,Texas,51,Information Sector,2019,207845.5,207916.5,0.0,7172.25,4
48,Texas,51,Information Sector,2020,200111.25,196776.25,0.0,8036.75,4
48,Texas,51,Information Sector,2021,206513.25,211907.75,0.0,8867.75,4
48,Texas,51,Information Sector,2022,229987.0,234250.0,0.0,9189.25,4
48,Texas,51,Information Sector,2023,236486.25,234240.5,0.0,9765.0,4
48,Texas,51,Information Sector,2024,227371.75,226884.75,0.0,10370.0,4
48,Texas,517,Telecommunications,2016,81601.25,81881.75,0.0,6869.0,4
48,Texas,517,Telecommunications,2017,80724.25,80515.0,0.0,7257.75,4
48,Texas,517,Telecommunications,2018,78621.5,78313.25,0.0,7500.25,4
48,Texas,517,Telecommunications,2019,76834.5,76330.5,0.0,7725.25,4
48,Texas,517,Telecommunications,2020,76599.0,76673.5,0.0,8058.5,4
48,Texas,517,Telecommunications,2021,77669.75,78116.25,0.0,8353.5,4
48,Texas,517,Telecommunications,2022,79860.0,80797.0,0.0,8955.5,4
48,Texas,517,Telecommunications,2023,80930.0,80335.75,0.0,9277.0,4
48,Texas,517,Telecommunications,2024,78831.25,78529.75,0.0,9844.25,4
48,Texas,5182,"Computing Infrastructure, Data Processing, Hosting",2016,33241.5,33333.5,0.0,7677.0,4
48,Texas,5182,"Computing Infrastructure, Data Processing, Hosting",2017,33959.5,33817.0,0.0,7971.25,4
48,Texas,5182,"Computing Infrastructure, Data Processing, Hosting",2018,34883.5,35123.5,0.0,8263.25,4
48,Texas,5182,"Computing Infrastructure, Data Processing, Hosting",2019,36459.75,36768.5,0.0,8733.75,4
48,Texas,5182,"Computing Infrastructure, Data Processing, Hosting",2020,38276.5,38444.25,0.0,9664.75,4
48,Texas,5182,"Computing Infrastructure, Data Processing, Hosting",2021,39565.0,40515.5,0.0,10464.25,4
48,Texas,5182,"Computing Infrastructure, Data Processing, Hosting",2022,45712.5,46935.25,0.0,11074.5,4
48,Texas,5182,"Computing Infrastructure, Data Processing, Hosting",2023,47499.5,47132.25,0.0,12257.0,4
48,Texas,5182,"Computing Infrastructure, Data Processing, Hosting",2024,47316.0,47337.75,0.0,13304.5,4
48,Texas,5415,Computer Systems Design,2016,166344.25,168255.0,0.0,8242.0,4
48,Texas,5415,Computer Systems Design,2017,175926.25,178765.25,0.0,8504.0,4
48,Texas,5415,Computer Systems Design,2018,189525.5,193460.0,0.0,8940.25,4
48,Texas,5415,Computer Systems Design,2019,202054.0,205721.0,0.0,9026.5,4
48,Texas,5415,Computer Systems Design,2020,208639.0,210968.5,0.0,9415.5,4
48,Texas,5415,Computer Systems Design,2021,230717.25,240285.5,0.0,10309.25,4
48,Texas,5415,Computer Systems Design,2022,270893.75,278340.75,0.0,10383.0,4
48,Texas,5415,Computer Systems Design,2023,283221.25,283484.25,0.0,10802.5,4
48,Texas,5415,Computer Systems Design,2024,287097.25,287720.0,0.0,12017.5,4
49,Utah,23,Construction Sector,2016,90659.25,91805.25,0.0,3717.25,4
49,Utah,23,Construction Sector,2017,95782.5,97931.0,0.0,3860.5,4
49,Utah,23,Construction Sector,2018,103611.0,104712.5,0.0,4029.25,4
49,Utah,23,Construction Sector,2019,108646.75,110635.0,0.0,4180.5,4
49,Utah,23,Construction Sector,2020,114830.25,116415.75,0.0,4592.75,4
49,Utah,23,Construction Sector,2021,121766.0,123184.5,0.0,4728.0,4
49,Utah,23,Construction Sector,2022,129605.0,130991.5,0.0,4963.5,4
49,Utah,23,Construction Sector,2023,133351.0,134463.5,0.0,5184.0,4
49,Utah,23,Construction Sector,2024,137908.75,139220.75,0.0,5576.25,4
49,Utah,2362,Nonresidential Building Construction,2016,8625.0,8566.75,0.0,4651.75,4
49,Utah,2362,Nonresidential Building Construction,2017,8722.0,8893.25,0.0,4858.75,4
49,Utah,2362,Nonresidential Building Construction,2018,8808.25,8765.5,0.0,5093.25,4
49,Utah,2362,Nonresidential Building Construction,2019,9020.5,9224.25,0.0,5305.5,4
49,Utah,2362,Nonresidential Building Construction,2020,9666.25,9683.75,0.0,5588.0,4
49,Utah,2362,Nonresidential Building Construction,2021,10057.75,10193.25,0.0,5968.25,4
49,Utah,2362,Nonresidential Building Construction,2022,10753.0,10964.0,0.0,6251.25,4
49,Utah,2362,Nonresidential Building Construction,2023,12053.5,12368.5,0.0,6569.75,4
49,Utah,2362,Nonresidential Building Construction,2024,13048.25,13183.75,0.0,7083.75,4
49,Utah,51,Information Sector,2016,37160.5,37516.25,0.0,5557.0,4
49,Utah,51,Information Sector,2017,38853.0,39102.75,0.0,5726.25,4
49,Utah,51,Information Sector,2018,38529.75,38509.0,0.0,6249.75,4
49,Utah,51,Information Sector,2019,40373.5,40696.75,0.0,6706.25,4
49,Utah,51,Information Sector,2020,38298.75,37754.5,0.0,7709.5,4
49,Utah,51,Information Sector,2021,39864.0,40942.75,0.0,8670.25,4
49,Utah,51,Information Sector,2022,44512.25,44817.5,0.0,8755.0,4
49,Utah,51,Information Sector,2023,42998.5,42333.75,0.0,8952.0,4
49,Utah,51,Information Sector,2024,41164.25,41022.25,0.0,9819.5,4
49,Utah,517,Telecommunications,2016,7843.75,8003.5,0.0,5173.25,4
49,Utah,517,Telecommunications,2017,7679.5,7629.0,0.0,5284.25,4
49,Utah,517,Telecommunications,2018,7186.25,7130.25,0.0,5765.25,4
49,Utah,517,Telecommunications,2019,7817.0,7746.5,0.0,5666.75,4
49,Utah,517,Telecommunications,2020,7315.5,7109.5,0.0,6293.5,4
49,Utah,517,Telecommunications,2021,6547.75,6493.25,0.0,6859.25,4
49,Utah,517,Telecommunications,2022,5562.25,5486.75,0.0,6380.25,4
49,Utah,517,Telecommunications,2023,5238.25,5157.25,0.0,6981.0,4
49,Utah,517,Telecommunications,2024,5075.25,5048.0,0.0,6948.75,4
49,Utah,5182,"Computing Infrastructure, Data Processing, Hosting",2016,5614.0,5653.5,0.0,4919.25,4
49,Utah,5182,"Computing Infrastructure, Data Processing, Hosting",2017,5824.5,5722.5,0.0,5542.0,4
49,Utah,5182,"Computing Infrastructure, Data Processing, Hosting",2018,5416.25,5473.0,0.0,6103.25,4
49,Utah,5182,"Computing Infrastructure, Data Processing, Hosting",2019,5755.5,5816.5,0.0,6321.25,4
49,Utah,5182,"Computing Infrastructure, Data Processing, Hosting",2020,5873.0,6028.5,0.0,7740.0,4
49,Utah,5182,"Computing Infrastructure, Data Processing, Hosting",2021,6509.25,6561.75,0.0,8812.5,4
49,Utah,5182,"Computing Infrastructure, Data Processing, Hosting",2022,8452.0,8535.5,0.0,10580.5,4
49,Utah,5182,"Computing Infrastructure, Data Processing, Hosting",2023,7969.75,7834.75,0.0,9979.5,4
49,Utah,5182,"Computing Infrastructure, Data Processing, Hosting",2024,7866.5,7836.5,0.0,11104.25,4
49,Utah,5415,Computer Systems Design,2016,23259.5,23663.0,0.0,6651.0,4
49,Utah,5415,Computer Systems Design,2017,24773.5,25099.75,0.0,7174.75,4
49,Utah,5415,Computer Systems Design,2018,26492.75,26961.75,0.0,7601.0,4
49,Utah,5415,Computer Systems Design,2019,28465.75,28816.0,0.0,7891.5,4
49,Utah,5415,Computer Systems Design,2020,29483.75,29583.5,0.0,8990.5,4
49,Utah,5415,Computer Systems Design,2021,30663.5,31266.75,0.0,9390.5,4
49,Utah,5415,Computer Systems Design,2022,36132.25,36598.0,0.0,10449.75,4
49,Utah,5415,Computer Systems Design,2023,36219.0,35755.5,0.0,11511.0,4
49,Utah,5415,Computer Systems Design,2024,34684.0,34738.0,0.0,12193.5,4
50,Vermont,23,Construction Sector,2016,15425.5,15397.0,0.0,3698.0,4
50,Vermont,23,Construction Sector,2017,15373.0,15453.25,0.0,3830.0,4
50,Vermont,23,Construction Sector,2018,15520.5,15513.25,0.0,3897.5,4
50,Vermont,23,Construction Sector,2019,15525.25,15510.75,0.0,4019.5,4
50,Vermont,23,Construction Sector,2020,14830.75,14719.75,0.0,4086.0,4
50,Vermont,23,Construction Sector,2021,15092.25,15208.25,0.0,4373.0,4
50,Vermont,23,Construction Sector,2022,15386.5,15402.0,0.0,4638.0,4
50,Vermont,23,Construction Sector,2023,15642.75,15788.0,0.0,4976.75,4
50,Vermont,23,Construction Sector,2024,16079.5,16106.25,0.0,5307.75,4
50,Vermont,2362,Nonresidential Building Construction,2016,1378.75,1356.0,0.0,5179.0,4
50,Vermont,2362,Nonresidential Building Construction,2017,1358.75,1377.25,0.0,5591.5,4
50,Vermont,2362,Nonresidential Building Construction,2018,1369.0,1348.25,0.0,5484.0,4
50,Vermont,2362,Nonresidential Building Construction,2019,1337.0,1338.5,0.0,5776.75,4
50,Vermont,2362,Nonresidential Building Construction,2020,1246.25,1212.5,0.0,5694.25,4
50,Vermont,2362,Nonresidential Building Construction,2021,1224.25,1226.5,0.0,5768.75,4
50,Vermont,2362,Nonresidential Building Construction,2022,1235.0,1243.75,0.0,6266.5,4
50,Vermont,2362,Nonresidential Building Construction,2023,1258.5,1258.25,0.0,6870.0,4
50,Vermont,2362,Nonresidential Building Construction,2024,1292.0,1283.5,0.0,7068.75,4
50,Vermont,51,Information Sector,2016,4646.5,4612.25,0.0,4487.75,4
50,Vermont,51,Information Sector,2017,4505.5,4464.75,0.0,4676.0,4
50,Vermont,51,Information Sector,2018,4391.25,4358.25,0.0,4784.25,4
50,Vermont,51,Information Sector,2019,4304.75,4281.0,0.0,4914.75,4
50,Vermont,51,Information Sector,2020,4001.75,3926.25,0.0,5291.25,4
50,Vermont,51,Information Sector,2021,4057.75,4123.25,0.0,5702.75,4
50,Vermont,51,Information Sector,2022,4414.0,4483.0,0.0,6205.5,4
50,Vermont,51,Information Sector,2023,4629.5,4645.75,0.0,6762.0,4
50,Vermont,51,Information Sector,2024,4619.25,4605.5,0.0,7188.25,4
50,Vermont,517,Telecommunications,2016,1036.75,1018.5,0.0,6386.25,4
50,Vermont,517,Telecommunications,2017,928.25,891.0,0.0,6914.75,4
50,Vermont,517,Telecommunications,2018,905.25,910.25,0.0,7435.0,4
50,Vermont,517,Telecommunications,2019,847.75,836.75,0.0,7651.0,4
50,Vermont,517,Telecommunications,2020,809.25,799.0,0.0,7995.5,4
50,Vermont,517,Telecommunications,2021,768.0,757.0,0.0,7662.0,4
50,Vermont,517,Telecommunications,2022,767.75,775.25,0.0,7858.25,4
50,Vermont,517,Telecommunications,2023,797.75,800.25,0.0,8303.75,4
50,Vermont,517,Telecommunications,2024,787.75,779.25,0.0,8327.25,4
50,Vermont,5182,"Computing Infrastructure, Data Processing, Hosting",2016,226.25,226.25,0.0,5313.0,4
50,Vermont,5182,"Computing Infrastructure, Data Processing, Hosting",2017,226.75,230.25,0.0,5733.5,4
50,Vermont,5182,"Computing Infrastructure, Data Processing, Hosting",2018,255.0,263.5,0.0,5705.25,4
50,Vermont,5182,"Computing Infrastructure, Data Processing, Hosting",2019,338.0,340.75,0.0,5645.75,4
50,Vermont,5182,"Computing Infrastructure, Data Processing, Hosting",2020,345.75,346.25,0.0,5494.0,4
50,Vermont,5182,"Computing Infrastructure, Data Processing, Hosting",2021,348.0,361.75,0.0,7652.5,4
50,Vermont,5182,"Computing Infrastructure, Data Processing, Hosting",2022,428.25,439.25,0.0,8482.0,4
50,Vermont,5182,"Computing Infrastructure, Data Processing, Hosting",2023,482.0,491.25,0.0,8686.25,4
50,Vermont,5182,"Computing Infrastructure, Data Processing, Hosting",2024,474.0,480.0,0.0,9777.5,4
50,Vermont,5415,Computer Systems Design,2016,3764.0,3807.25,0.0,7314.25,4
50,Vermont,5415,Computer Systems Design,2017,4112.75,4144.75,0.0,7511.0,4
50,Vermont,5415,Computer Systems Design,2018,4140.0,4131.75,0.0,7975.75,4
50,Vermont,5415,Computer Systems Design,2019,4203.25,4203.25,0.0,8705.25,4
50,Vermont,5415,Computer Systems Design,2020,4189.5,4199.5,0.0,8947.75,4
50,Vermont,5415,Computer Systems Design,2021,4366.5,4436.0,0.0,9666.75,4
50,Vermont,5415,Computer Systems Design,2022,4442.5,4483.5,0.0,10684.5,4
50,Vermont,5415,Computer Systems Design,2023,4687.0,4670.0,0.0,11177.5,4
50,Vermont,5415,Computer Systems Design,2024,4510.5,4481.5,0.0,11981.75,4
51,Virginia,23,Construction Sector,2016,185764.5,187197.0,0.0,4188.0,4
51,Virginia,23,Construction Sector,2017,192412.75,193707.0,0.0,4374.0,4
51,Virginia,23,Construction Sector,2018,196999.5,198374.75,0.0,4530.25,4
51,Virginia,23,Construction Sector,2019,201729.25,202723.25,0.0,4796.25,4
51,Virginia,23,Construction Sector,2020,202066.25,201859.75,0.0,4950.25,4
51,Virginia,23,Construction Sector,2021,204134.25,204612.75,0.0,5169.0,4
51,Virginia,23,Construction Sector,2022,207065.5,208739.25,0.0,5478.5,4
51,Virginia,23,Construction Sector,2023,212277.25,213107.0,0.0,5927.0,4
51,Virginia,23,Construction Sector,2024,216719.0,218513.0,0.0,6189.75,4
51,Virginia,2362,Nonresidential Building Construction,2016,17883.0,18132.25,0.0,5398.25,4
51,Virginia,2362,Nonresidential Building Construction,2017,19520.25,19813.5,0.0,5605.5,4
51,Virginia,2362,Nonresidential Building Construction,2018,20543.0,20666.0,0.0,5783.25,4
51,Virginia,2362,Nonresidential Building Construction,2019,21253.0,21331.75,0.0,6119.75,4
51,Virginia,2362,Nonresidential Building Construction,2020,21764.25,21849.0,0.0,6351.25,4
51,Virginia,2362,Nonresidential Building Construction,2021,21786.0,21574.5,0.0,6634.0,4
51,Virginia,2362,Nonresidential Building Construction,2022,22005.5,22433.0,0.0,7110.75,4
51,Virginia,2362,Nonresidential Building Construction,2023,23224.75,23276.5,0.0,7708.5,4
51,Virginia,2362,Nonresidential Building Construction,2024,24374.5,24662.5,0.0,8116.75,4
51,Virginia,51,Information Sector,2016,69401.25,69133.25,0.0,7787.5,4
51,Virginia,51,Information Sector,2017,68800.25,68731.5,0.0,7840.5,4
51,Virginia,51,Information Sector,2018,68490.0,68028.0,0.0,7946.0,4
51,Virginia,51,Information Sector,2019,68727.25,68910.5,0.0,8462.5,4
51,Virginia,51,Information Sector,2020,67137.25,66284.5,0.0,9063.0,4
51,Virginia,51,Information Sector,2021,67084.0,67853.75,0.0,10266.75,4
51,Virginia,51,Information Sector,2022,70814.75,71417.5,0.0,10022.75,4
51,Virginia,51,Information Sector,2023,72327.5,71977.0,0.0,10759.0,4
51,Virginia,51,Information Sector,2024,71449.25,71204.5,0.0,11652.5,4
51,Virginia,517,Telecommunications,2016,25559.0,25527.25,0.0,9274.5,4
51,Virginia,517,Telecommunications,2017,25374.0,25223.75,0.0,9064.5,4
51,Virginia,517,Telecommunications,2018,24899.25,24651.75,0.0,8981.0,4
51,Virginia,517,Telecommunications,2019,22017.75,21760.25,0.0,9425.0,4
51,Virginia,517,Telecommunications,2020,21502.25,21296.0,0.0,10090.5,4
51,Virginia,517,Telecommunications,2021,20458.75,20211.5,0.0,10554.25,4
51,Virginia,517,Telecommunications,2022,19879.25,19780.5,0.0,10920.75,4
51,Virginia,517,Telecommunications,2023,19770.5,19563.25,0.0,11492.75,4
51,Virginia,517,Telecommunications,2024,18775.5,18504.25,0.0,11974.25,4
51,Virginia,5182,"Computing Infrastructure, Data Processing, Hosting",2016,11038.75,11013.25,0.0,9801.5,4
51,Virginia,5182,"Computing Infrastructure, Data Processing, Hosting",2017,10868.25,10873.5,0.0,10008.0,4
51,Virginia,5182,"Computing Infrastructure, Data Processing, Hosting",2018,10620.5,10708.75,0.0,10085.5,4
51,Virginia,5182,"Computing Infrastructure, Data Processing, Hosting",2019,13353.25,13625.5,0.0,10801.5,4
51,Virginia,5182,"Computing Infrastructure, Data Processing, Hosting",2020,14283.75,14502.75,0.0,10520.75,4
51,Virginia,5182,"Computing Infrastructure, Data Processing, Hosting",2021,14990.0,15280.25,0.0,12565.25,4
51,Virginia,5182,"Computing Infrastructure, Data Processing, Hosting",2022,17217.75,17644.5,0.0,11636.0,4
51,Virginia,5182,"Computing Infrastructure, Data Processing, Hosting",2023,18386.75,18535.75,0.0,12519.75,4
51,Virginia,5182,"Computing Infrastructure, Data Processing, Hosting",2024,19382.75,19501.25,0.0,14521.25,4
51,Virginia,5415,Computer Systems Design,2016,156914.25,157856.0,0.0,9338.5,4
51,Virginia,5415,Computer Systems Design,2017,160190.25,161056.75,0.0,9514.5,4
51,Virginia,5415,Computer Systems Design,2018,164370.75,165332.75,0.0,9818.75,4
51,Virginia,5415,Computer Systems Design,2019,164770.25,165797.5,0.0,10176.5,4
51,Virginia,5415,Computer Systems Design,2020,167117.5,167858.0,0.0,10525.75,4
51,Virginia,5415,Computer Systems Design,2021,172591.5,173672.0,0.0,11139.75,4
51,Virginia,5415,Computer Systems Design,2022,175298.25,175990.5,0.0,11433.5,4
51,Virginia,5415,Computer Systems Design,2023,174327.75,173582.5,0.0,12034.25,4
51,Virginia,5415,Computer Systems Design,2024,173257.75,173124.25,0.0,12872.25,4
53,Washington,23,Construction Sector,2016,172505.0,176164.5,0.0,4762.5,4
53,Washington,23,Construction Sector,2017,186269.0,189246.5,0.0,4925.75,4
53,Washington,23,Construction Sector,2018,198763.0,201776.25,0.0,5216.0,4
53,Washington,23,Construction Sector,2019,206529.5,207578.75,0.0,5416.75,4
53,Washington,23,Construction Sector,2020,200898.0,200877.25,0.0,5542.25,4
53,Washington,23,Construction Sector,2021,210224.25,212402.75,0.0,5896.75,4
53,Washington,23,Construction Sector,2022,217746.75,218700.5,0.0,6211.5,4
53,Washington,23,Construction Sector,2023,217178.0,215708.5,0.0,6564.0,4
53,Washington,23,Construction Sector,2024,211156.25,210037.75,0.0,6732.5,4
53,Washington,2362,Nonresidential Building Construction,2016,18552.0,18835.5,0.0,6415.75,4
53,Washington,2362,Nonresidential Building Construction,2017,20733.75,21112.5,0.0,6611.0,4
53,Washington,2362,Nonresidential Building Construction,2018,22433.75,22783.0,0.0,7037.25,4
53,Washington,2362,Nonresidential Building Construction,2019,23526.0,23577.5,0.0,7343.25,4
53,Washington,2362,Nonresidential Building Construction,2020,23094.75,22690.25,0.0,7601.75,4
53,Washington,2362,Nonresidential Building Construction,2021,22778.25,22734.25,0.0,8111.25,4
53,Washington,2362,Nonresidential Building Construction,2022,22841.5,22942.0,0.0,8393.25,4
53,Washington,2362,Nonresidential Building Construction,2023,23153.0,22854.0,0.0,8761.0,4
53,Washington,2362,Nonresidential Building Construction,2024,22076.25,21850.25,0.0,9231.75,4
53,Washington,51,Information Sector,2016,127577.75,129333.75,0.0,11870.0,4
53,Washington,51,Information Sector,2017,134427.25,135765.0,0.0,12837.5,4
53,Washington,51,Information Sector,2018,140317.0,141124.5,0.0,14577.75,4
53,Washington,51,Information Sector,2019,148345.25,151668.75,0.0,15439.0,4
53,Washington,51,Information Sector,2020,156172.5,157229.75,0.0,18011.5,4
53,Washington,51,Information Sector,2021,166091.0,169696.5,0.0,20754.75,4
53,Washington,51,Information Sector,2022,182054.75,184437.75,0.0,18948.75,4
53,Washington,51,Information Sector,2023,182074.75,178834.75,0.0,20808.75,4
53,Washington,51,Information Sector,2024,173738.5,173572.25,0.0,24927.5,4
53,Washington,517,Telecommunications,2016,21661.0,21646.25,0.0,8494.25,4
53,Washington,517,Telecommunications,2017,21462.5,21364.5,0.0,8913.25,4
53,Washington,517,Telecommunications,2018,20766.75,20676.0,0.0,9616.75,4
53,Washington,517,Telecommunications,2019,20125.0,19832.0,0.0,10357.75,4
53,Washington,517,Telecommunications,2020,18870.0,18741.5,0.0,11597.0,4
53,Washington,517,Telecommunications,2021,18800.5,18667.75,0.0,10696.5,4
53,Washington,517,Telecommunications,2022,18180.0,17955.5,0.0,11926.5,4
53,Washington,517,Telecommunications,2023,17278.75,17112.0,0.0,11806.5,4
53,Washington,517,Telecommunications,2024,16161.75,15871.0,0.0,11631.0,4
53,Washington,5182,"Computing Infrastructure, Data Processing, Hosting",2016,9019.0,9097.5,0.0,8894.5,4
53,Washington,5182,"Computing Infrastructure, Data Processing, Hosting",2017,11096.25,11128.0,0.0,9166.5,4
53,Washington,5182,"Computing Infrastructure, Data Processing, Hosting",2018,11518.25,11543.25,0.0,11664.25,4
53,Washington,5182,"Computing Infrastructure, Data Processing, Hosting",2019,13382.25,13718.25,0.0,14281.75,4
53,Washington,5182,"Computing Infrastructure, Data Processing, Hosting",2020,13599.25,13977.25,0.0,15792.5,4
53,Washington,5182,"Computing Infrastructure, Data Processing, Hosting",2021,15220.0,15561.25,0.0,17584.5,4
53,Washington,5182,"Computing Infrastructure, Data Processing, Hosting",2022,24861.0,25174.25,0.0,17898.5,4
53,Washington,5182,"Computing Infrastructure, Data Processing, Hosting",2023,23492.25,22809.5,0.0,19694.0,4
53,Washington,5182,"Computing Infrastructure, Data Processing, Hosting",2024,22821.0,22700.75,0.0,24342.25,4
53,Washington,5415,Computer Systems Design,2016,51220.5,51815.5,0.0,8979.0,4
53,Washington,5415,Computer Systems Design,2017,53858.0,54443.25,0.0,9382.5,4
53,Washington,5415,Computer Systems Design,2018,56595.5,57581.0,0.0,10159.25,4
53,Washington,5415,Computer Systems Design,2019,57849.0,58279.0,0.0,10887.0,4
53,Washington,5415,Computer Systems Design,2020,59391.25,60005.5,0.0,11973.0,4
53,Washington,5415,Computer Systems Design,2021,64393.5,66842.75,0.0,13844.0,4
53,Washington,5415,Computer Systems Design,2022,74053.75,75206.0,0.0,13895.0,4
53,Washington,5415,Computer Systems Design,2023,72635.75,71891.75,0.0,15915.0,4
53,Washington,5415,Computer Systems Design,2024,69132.0,68965.0,0.0,16514.0,4
54,West Virginia,23,Construction Sector,2016,31060.25,30767.5,0.0,3790.5,4
54,West Virginia,23,Construction Sector,2017,31902.75,32557.75,0.0,4069.0,4
54,West Virginia,23,Construction Sector,2018,39505.0,40758.25,0.0,4882.5,4
54,West Virginia,23,Construction Sector,2019,37110.75,35618.5,0.0,4470.75,4
54,West Virginia,23,Construction Sector,2020,30624.25,30271.5,0.0,4298.75,4
54,West Virginia,23,Construction Sector,2021,31255.75,31865.5,0.0,4441.75,4
54,West Virginia,23,Construction Sector,2022,32335.0,32372.0,0.0,4600.0,4
54,West Virginia,23,Construction Sector,2023,33214.0,33687.5,0.0,4925.5,4
54,West Virginia,23,Construction Sector,2024,33940.0,34038.5,0.0,5207.75,4
54,West Virginia,2362,Nonresidential Building Construction,2016,3979.0,3928.5,0.0,3967.0,4
54,West Virginia,2362,Nonresidential Building Construction,2017,3945.0,3987.0,0.0,4218.25,4
54,West Virginia,2362,Nonresidential Building Construction,2018,4491.5,4801.5,0.0,4578.0,4
54,West Virginia,2362,Nonresidential Building Construction,2019,4643.5,4307.5,0.0,4599.75,4
54,West Virginia,2362,Nonresidential Building Construction,2020,3719.25,3597.0,0.0,4516.0,4
54,West Virginia,2362,Nonresidential Building Construction,2021,3716.75,3868.75,0.0,4604.25,4
54,West Virginia,2362,Nonresidential Building Construction,2022,4012.75,3923.5,0.0,4880.75,4
54,West Virginia,2362,Nonresidential Building Construction,2023,3834.0,3885.0,0.0,5207.75,4
54,West Virginia,2362,Nonresidential Building Construction,2024,4069.0,4017.75,0.0,5460.75,4
54,West Virginia,51,Information Sector,2016,9952.0,9953.25,0.0,4178.0,4
54,West Virginia,51,Information Sector,2017,9200.5,8966.5,0.0,4057.25,4
54,West Virginia,51,Information Sector,2018,8761.75,8698.25,0.0,4248.75,4
54,West Virginia,51,Information Sector,2019,8483.25,8419.25,0.0,4345.25,4
54,West Virginia,51,Information Sector,2020,7653.75,7394.0,0.0,4677.0,4
54,West Virginia,51,Information Sector,2021,7341.5,7479.5,0.0,4997.25,4
54,West Virginia,51,Information Sector,2022,8007.5,8093.0,0.0,5333.75,4
54,West Virginia,51,Information Sector,2023,8112.5,8113.75,0.0,5533.0,4
54,West Virginia,51,Information Sector,2024,8048.0,8098.0,0.0,5987.75,4
54,West Virginia,517,Telecommunications,2016,3681.0,3672.0,0.0,5726.75,4
54,West Virginia,517,Telecommunications,2017,3433.5,3331.75,0.0,5812.25,4
54,West Virginia,517,Telecommunications,2018,2981.5,2945.5,0.0,6170.0,4
54,West Virginia,517,Telecommunications,2019,2867.25,2855.75,0.0,6156.75,4
54,West Virginia,517,Telecommunications,2020,2899.0,2848.5,0.0,6394.0,4
54,West Virginia,517,Telecommunications,2021,2833.75,2892.75,0.0,6358.25,4
54,West Virginia,517,Telecommunications,2022,3070.25,3094.75,0.0,6891.75,4
54,West Virginia,517,Telecommunications,2023,3188.0,3210.75,0.0,6851.75,4
54,West Virginia,517,Telecommunications,2024,3149.5,3144.25,0.0,7302.5,4
54,West Virginia,5182,"Computing Infrastructure, Data Processing, Hosting",2016,1017.0,1031.25,0.0,4877.75,4
54,West Virginia,5182,"Computing Infrastructure, Data Processing, Hosting",2017,833.75,826.0,0.0,4801.25,4
54,West Virginia,5182,"Computing Infrastructure, Data Processing, Hosting",2018,1042.25,1040.75,0.0,4876.25,4
54,West Virginia,5182,"Computing Infrastructure, Data Processing, Hosting",2019,1032.5,1033.25,0.0,5088.0,4
54,West Virginia,5182,"Computing Infrastructure, Data Processing, Hosting",2020,1030.75,1041.25,0.0,5330.75,4
54,West Virginia,5182,"Computing Infrastructure, Data Processing, Hosting",2021,1111.0,1134.0,0.0,5281.5,4
54,West Virginia,5182,"Computing Infrastructure, Data Processing, Hosting",2022,1217.75,1265.75,0.0,5878.0,4
54,West Virginia,5182,"Computing Infrastructure, Data Processing, Hosting",2023,1337.5,1332.0,0.0,6172.0,4
54,West Virginia,5182,"Computing Infrastructure, Data Processing, Hosting",2024,1357.5,1385.75,0.0,6768.5,4
54,West Virginia,5415,Computer Systems Design,2016,3405.0,3472.5,0.0,6117.5,4
54,West Virginia,5415,Computer Systems Design,2017,3805.0,3842.75,0.0,6183.5,4
54,West Virginia,5415,Computer Systems Design,2018,3863.5,3887.5,0.0,6454.25,4
54,West Virginia,5415,Computer Systems Design,2019,4107.25,4199.0,0.0,6563.75,4
54,West Virginia,5415,Computer Systems Design,2020,4218.0,4239.25,0.0,6828.75,4
54,West Virginia,5415,Computer Systems Design,2021,4752.75,4874.25,0.0,6992.5,4
54,West Virginia,5415,Computer Systems Design,2022,5050.75,5199.0,0.0,7215.75,4
54,West Virginia,5415,Computer Systems Design,2023,5420.25,5477.0,0.0,7636.25,4
54,West Virginia,5415,Computer Systems Design,2024,5888.25,5983.75,0.0,8043.25,4
55,Wisconsin,23,Construction Sector,2016,113329.5,114207.0,0.0,4526.5,4
55,Wisconsin,23,Construction Sector,2017,117735.5,119046.0,0.0,4638.75,4
55,Wisconsin,23,Construction Sector,2018,122653.0,123494.75,0.0,4799.25,4
55,Wisconsin,23,Construction Sector,2019,124305.0,125091.25,0.0,4931.5,4
55,Wisconsin,23,Construction Sector,2020,125510.75,125471.5,0.0,5095.75,4
55,Wisconsin,23,Construction Sector,2021,128589.0,129663.5,0.0,5322.5,4
55,Wisconsin,23,Construction Sector,2022,133140.25,134648.0,0.0,5583.25,4
55,Wisconsin,23,Construction Sector,2023,138495.75,139441.0,0.0,5902.25,4
55,Wisconsin,23,Construction Sector,2024,141565.0,142604.0,0.0,6190.75,4
55,Wisconsin,2362,Nonresidential Building Construction,2016,15783.0,15854.25,0.0,5794.25,4
55,Wisconsin,2362,Nonresidential Building Construction,2017,15875.5,15943.25,0.0,5866.25,4
55,Wisconsin,2362,Nonresidential Building Construction,2018,16353.75,16426.25,0.0,6020.25,4
55,Wisconsin,2362,Nonresidential Building Construction,2019,16624.75,16711.75,0.0,6198.5,4
55,Wisconsin,2362,Nonresidential Building Construction,2020,16309.5,16141.75,0.0,6310.75,4
55,Wisconsin,2362,Nonresidential Building Construction,2021,16033.75,15955.5,0.0,6513.0,4
55,Wisconsin,2362,Nonresidential Building Construction,2022,16372.25,16762.25,0.0,6934.5,4
55,Wisconsin,2362,Nonresidential Building Construction,2023,17773.5,17890.75,0.0,7388.5,4
55,Wisconsin,2362,Nonresidential Building Construction,2024,18111.25,18158.0,0.0,7741.0,4
55,Wisconsin,51,Information Sector,2016,50425.25,50316.75,0.0,5727.0,4
55,Wisconsin,51,Information Sector,2017,49548.25,49193.25,0.0,5940.75,4
55,Wisconsin,51,Information Sector,2018,48424.75,48281.25,0.0,6133.5,4
55,Wisconsin,51,Information Sector,2019,48595.75,48597.5,0.0,6623.25,4
55,Wisconsin,51,Information Sector,2020,46237.5,44708.0,0.0,7220.5,4
55,Wisconsin,51,Information Sector,2021,43751.25,43968.5,0.0,7729.0,4
55,Wisconsin,51,Information Sector,2022,45038.5,45391.25,0.0,8885.75,4
55,Wisconsin,51,Information Sector,2023,46071.75,45955.0,0.0,8765.5,4
55,Wisconsin,51,Information Sector,2024,45408.75,45087.75,0.0,9364.75,4
55,Wisconsin,517,Telecommunications,2016,10814.25,10753.0,0.0,5091.25,4
55,Wisconsin,517,Telecommunications,2017,10552.5,10382.5,0.0,5529.0,4
55,Wisconsin,517,Telecommunications,2018,10109.5,10066.25,0.0,5543.5,4
55,Wisconsin,517,Telecommunications,2019,10015.5,9902.0,0.0,5739.5,4
55,Wisconsin,517,Telecommunications,2020,9453.0,9332.5,0.0,6167.0,4
55,Wisconsin,517,Telecommunications,2021,9026.0,8944.25,0.0,6192.75,4
55,Wisconsin,517,Telecommunications,2022,8867.0,8897.5,0.0,6523.75,4
55,Wisconsin,517,Telecommunications,2023,8897.25,8787.5,0.0,6755.75,4
55,Wisconsin,517,Telecommunications,2024,8533.0,8388.75,0.0,7133.5,4
55,Wisconsin,5182,"Computing Infrastructure, Data Processing, Hosting",2016,8285.75,8287.0,0.0,5954.5,4
55,Wisconsin,5182,"Computing Infrastructure, Data Processing, Hosting",2017,8058.25,8064.0,0.0,6129.0,4
55,Wisconsin,5182,"Computing Infrastructure, Data Processing, Hosting",2018,8567.5,8555.25,0.0,6305.0,4
55,Wisconsin,5182,"Computing Infrastructure, Data Processing, Hosting",2019,8751.25,8850.25,0.0,6819.0,4
55,Wisconsin,5182,"Computing Infrastructure, Data Processing, Hosting",2020,9009.75,8965.5,0.0,7129.5,4
55,Wisconsin,5182,"Computing Infrastructure, Data Processing, Hosting",2021,9246.75,9168.25,0.0,7358.0,4
55,Wisconsin,5182,"Computing Infrastructure, Data Processing, Hosting",2022,9136.0,9109.25,0.0,8333.0,4
55,Wisconsin,5182,"Computing Infrastructure, Data Processing, Hosting",2023,8823.0,8719.5,0.0,8749.0,4
55,Wisconsin,5182,"Computing Infrastructure, Data Processing, Hosting",2024,8801.25,8750.0,0.0,9507.75,4
55,Wisconsin,5415,Computer Systems Design,2016,22172.5,22432.5,0.0,6822.25,4
55,Wisconsin,5415,Computer Systems Design,2017,23420.5,23603.75,0.0,7027.0,4
55,Wisconsin,5415,Computer Systems Design,2018,24130.5,24208.5,0.0,7116.75,4
55,Wisconsin,5415,Computer Systems Design,2019,24379.75,24442.0,0.0,7332.25,4
55,Wisconsin,5415,Computer Systems Design,2020,24637.75,24909.5,0.0,7486.0,4
55,Wisconsin,5415,Computer Systems Design,2021,26463.0,26861.25,0.0,7995.25,4
55,Wisconsin,5415,Computer Systems Design,2022,28369.75,28692.5,0.0,8709.5,4
55,Wisconsin,5415,Computer Systems Design,2023,28766.5,28690.25,0.0,9093.5,4
55,Wisconsin,5415,Computer Systems Design,2024,28278.0,28050.25,0.0,9559.25,4
56,Wyoming,23,Construction Sector,2016,21156.0,20596.0,0.0,3778.0,4
56,Wyoming,23,Construction Sector,2017,19496.25,19305.25,0.0,3848.5,4
56,Wyoming,23,Construction Sector,2018,19477.0,20113.75,0.0,4045.25,4
56,Wyoming,23,Construction Sector,2019,22439.25,22642.25,0.0,4253.5,4
56,Wyoming,23,Construction Sector,2020,21359.0,20791.0,0.0,4220.0,4
56,Wyoming,23,Construction Sector,2021,20661.25,20823.75,0.0,4322.25,4
56,Wyoming,23,Construction Sector,2022,21096.25,21167.75,0.0,4650.0,4
56,Wyoming,23,Construction Sector,2023,21999.0,22375.75,0.0,5052.0,4
56,Wyoming,23,Construction Sector,2024,23491.75,23679.0,0.0,5270.25,4
56,Wyoming,2362,Nonresidential Building Construction,2016,1459.0,1411.75,0.0,4203.5,4
56,Wyoming,2362,Nonresidential Building Construction,2017,1352.5,1350.25,0.0,4364.5,4
56,Wyoming,2362,Nonresidential Building Construction,2018,1298.0,1311.5,0.0,4465.25,4
56,Wyoming,2362,Nonresidential Building Construction,2019,1363.0,1345.5,0.0,4679.75,4
56,Wyoming,2362,Nonresidential Building Construction,2020,1244.75,1213.5,0.0,4962.0,4
56,Wyoming,2362,Nonresidential Building Construction,2021,1198.5,1209.0,0.0,5191.5,4
56,Wyoming,2362,Nonresidential Building Construction,2022,1209.5,1191.0,0.0,5811.5,4
56,Wyoming,2362,Nonresidential Building Construction,2023,1187.5,1244.5,0.0,6571.25,4
56,Wyoming,2362,Nonresidential Building Construction,2024,1414.0,1463.0,0.0,6621.5,4
56,Wyoming,51,Information Sector,2016,3770.75,3748.5,0.0,3948.0,4
56,Wyoming,51,Information Sector,2017,3749.75,3744.75,0.0,3946.0,4
56,Wyoming,51,Information Sector,2018,3691.25,3637.75,0.0,3941.5,4
56,Wyoming,51,Information Sector,2019,3509.5,3472.5,0.0,4077.0,4
56,Wyoming,51,Information Sector,2020,3089.5,2985.5,0.0,4481.25,4
56,Wyoming,51,Information Sector,2021,2957.25,2976.25,0.0,4980.75,4
56,Wyoming,51,Information Sector,2022,3060.75,3094.75,0.0,5474.75,4
56,Wyoming,51,Information Sector,2023,3122.75,3106.5,0.0,5935.25,4
56,Wyoming,51,Information Sector,2024,2998.0,2984.0,0.0,6270.0,4
56,Wyoming,517,Telecommunications,2016,1698.75,1692.25,0.0,5433.75,4
56,Wyoming,517,Telecommunications,2017,1708.25,1694.25,0.0,5397.25,4
56,Wyoming,517,Telecommunications,2018,1655.5,1629.75,0.0,5408.75,4
56,Wyoming,517,Telecommunications,2019,1595.75,1586.0,0.0,5635.5,4
56,Wyoming,517,Telecommunications,2020,1529.75,1500.25,0.0,6017.25,4
56,Wyoming,517,Telecommunications,2021,1431.5,1438.25,0.0,6316.25,4
56,Wyoming,517,Telecommunications,2022,1452.25,1467.0,0.0,6681.25,4
56,Wyoming,517,Telecommunications,2023,1468.25,1456.5,0.0,7007.75,4
56,Wyoming,517,Telecommunications,2024,1402.0,1396.25,0.0,7233.25,4
56,Wyoming,5182,"Computing Infrastructure, Data Processing, Hosting",2016,189.0,188.25,0.0,4646.75,4
56,Wyoming,5182,"Computing Infrastructure, Data Processing, Hosting",2017,190.0,191.0,0.0,4648.25,4
56,Wyoming,5182,"Computing Infrastructure, Data Processing, Hosting",2018,191.75,193.0,0.0,5176.0,4
56,Wyoming,5182,"Computing Infrastructure, Data Processing, Hosting",2019,191.25,188.25,0.0,5220.0,4
56,Wyoming,5182,"Computing Infrastructure, Data Processing, Hosting",2020,112.5,115.5,0.0,5706.25,4
56,Wyoming,5182,"Computing Infrastructure, Data Processing, Hosting",2021,154.5,153.5,0.0,6879.0,4
56,Wyoming,5182,"Computing Infrastructure, Data Processing, Hosting",2022,168.0,178.75,0.0,10197.5,4
56,Wyoming,5182,"Computing Infrastructure, Data Processing, Hosting",2023,190.0,192.0,0.0,10906.25,4
56,Wyoming,5182,"Computing Infrastructure, Data Processing, Hosting",2024,198.0,201.25,0.0,11670.0,4
56,Wyoming,5415,Computer Systems Design,2016,749.5,727.0,0.0,6459.25,4
56,Wyoming,5415,Computer Systems Design,2017,716.75,741.75,0.0,7372.0,4
56,Wyoming,5415,Computer Systems Design,2018,786.75,806.25,0.0,7726.75,4
56,Wyoming,5415,Computer Systems Design,2019,817.75,828.5,0.0,8101.75,4
56,Wyoming,5415,Computer Systems Design,2020,830.25,866.75,0.0,8429.25,4
56,Wyoming,5415,Computer Systems Design,2021,1063.5,1135.25,0.0,9066.25,4
56,Wyoming,5415,Computer Systems Design,2022,1301.75,1341.5,0.0,9396.25,4
56,Wyoming,5415,Computer Systems Design,2023,1380.25,1396.75,0.0,9981.5,4
56,Wyoming,5415,Computer Systems Design,2024,1490.0,1516.5,0.0,10515.75,4
