outcome,year,dose_gw,att_o_quad,acrt_o_quad,att_o_cub,acrt_o_cub,n_treated_at_or_above
emp_5182,2017,0.0,0.0,6458.475713333653,0.0,13772.090992483962,21
emp_5182,2017,0.05,294.8700477768493,5336.326197740317,541.0782988525232,8045.838903424118,11
emp_5182,2017,0.1,533.6326197740318,4214.176682146981,822.0636845231276,3368.3744652072114,8
emp_5182,2017,0.15,716.2877159915472,3092.0271665536443,895.3955395539598,-260.3023221667545,6
emp_5182,2017,0.2,842.8353364293962,1969.8776509603076,813.5132464871675,-2840.191458697789,3
emp_5182,2017,0.25,913.2754810875781,847.7281353669714,628.8561878648968,-4371.292944385881,2
emp_5182,2017,0.3,927.6081499660932,-274.4213802263648,393.8637462292943,-4853.606779231035,2
emp_5182,2017,0.35,885.8333430649416,-1396.570895819701,160.97530412250808,-4287.13296323326,2
emp_5182,2017,0.4,787.9510603841231,-2518.720411413038,-17.369755913315203,-2671.8714963925377,2
emp_5182,2017,0.45,633.9613019236376,-3640.8699270063753,-88.73205133602914,-7.82237870888639,1
emp_5182,2017,0.5,423.8640676834857,-4763.019442599711,-0.6721996034884796,3705.014389817705,1
emp_5182,2017,0.55,157.65935766366647,-5885.168958193048,299.2491818264589,8466.638809187243,1
emp_5182,2018,0.0,0.0,10191.138906794424,0.0,9095.485860236347,26
emp_5182,2018,0.05,482.5072615814891,9109.15155646514,438.2453497081145,8425.851058011438,16
emp_5182,2018,0.1,910.915155646514,8027.164206135856,841.7373987934649,7705.353835325788,14
emp_5182,2018,0.15,1285.2236821950748,6945.176855806574,1207.9330262330143,6933.994192179397,11
emp_5182,2018,0.2,1605.4328412271714,5863.1895054772895,1534.2891110037253,6111.772128572263,9
emp_5182,2018,0.25,1871.5426327428038,4781.202155148007,1818.2625320825614,5238.687644504388,5
emp_5182,2018,0.3,2083.553056741972,3699.2148048187237,2057.3101684464855,4314.740739975772,5
emp_5182,2018,0.35,2241.464113224676,2617.22745448944,2248.8888990724595,3339.9314149864144,3
emp_5182,2018,0.4,2345.275802190916,1535.2401041601552,2390.4556029374476,2314.2596695363136,3
emp_5182,2018,0.45,2394.988123640692,453.2527538308732,2479.4671590184116,1237.7255036254742,2
emp_5182,2018,0.5,2390.6010775740033,-628.7345964984106,2513.3804462923163,110.32891725389209,2
emp_5182,2018,0.55,2332.114663990851,-1710.7219468276944,2489.652343736122,-1067.9300895784331,2
emp_5182,2018,0.6,2219.528882891234,-2792.7092971569764,2405.7397303267944,-2297.0515168714956,2
emp_5182,2018,0.65,2052.843734275153,-3874.696647486262,2259.0994850412935,-3577.0353646253034,2
emp_5182,2018,0.7,1832.0592181426082,-4956.683997815544,2047.1884868565846,-4907.88163283985,2
emp_5182,2018,0.75,1557.1753344935978,-6038.671348144828,1767.46361474963,-6289.590321515141,1
emp_5182,2018,0.8,1228.1920833281238,-7120.658698474113,1417.3817476973904,-7722.161430651174,1
emp_5182,2018,0.85,845.1094646461879,-8202.646048803394,994.3997646768344,-9205.594960247941,1
emp_5182,2018,0.9,407.9274784477857,-9284.633399132677,495.9745446649172,-10739.890910305458,1
emp_5182,2018,0.95,-83.3538752670811,-10366.620749461961,-80.43703336139151,-12325.04928082371,1
emp_5182,2018,1.0,-628.7345964984106,-11448.608099791245,-737.3780904251321,-13961.07007180271,1
emp_5182,2019,0.0,0.0,4192.418269888509,0.0,9090.728398726786,27
emp_5182,2019,0.05,204.95399983367838,4005.7417234586255,419.83475693379734,7717.054297256115,19
emp_5182,2019,0.1,400.5741723458626,3819.0651770287427,773.1446715887124,6429.734707571496,17
emp_5182,2019,0.15,586.8605175365526,3632.38863059886,1064.2474695540477,5228.769629672929,15
emp_5182,2019,0.2,763.8130354057486,3445.7120841689766,1297.4608764191062,4114.159063560414,15
emp_5182,2019,0.25,931.4317259534503,3259.035537739094,1477.1026177731903,3085.9030092339517,12
emp_5182,2019,0.3,1089.7165891796578,3072.358991309211,1607.4904192056022,2144.0014666935404,12
emp_5182,2019,0.35,1238.6676250843714,2885.6824448793277,1692.9420063056448,1288.4544359391816,10
emp_5182,2019,0.4,1378.2848336675906,2699.0058984494444,1737.7751046626208,519.2619169708737,6
emp_5182,2019,0.45,1508.568214929316,2512.3293520195616,1746.307439865833,-163.57609021138296,6
emp_5182,2019,0.5,1629.517768869547,2325.652805589679,1722.8567375045836,-760.0595856075861,5
emp_5182,2019,0.55,1741.1334954882836,2138.9762591597955,1671.7407231681748,-1270.1885692177384,4
emp_5182,2019,0.6,1843.4153947855264,1952.2997127299127,1597.2771224459107,-1693.9630410418386,3
emp_5182,2019,0.65,1936.363466761275,1765.6231663000294,1503.7836609270923,-2031.3830010798847,3
emp_5182,2019,0.7,2019.9777114155293,1578.9466198701466,1395.5780642010227,-2282.4484493318814,3
emp_5182,2019,0.75,2094.25812874829,1392.2700734402633,1276.9780578570044,-2447.159385797828,2
emp_5182,2019,0.8,2159.2047187595554,1205.59352701038,1152.3013674843396,-2525.5158104777183,2
emp_5182,2019,0.85,2214.8174814493277,1018.9169805804977,1025.8657186723344,-2517.5177233715604,2
emp_5182,2019,0.9,2261.096416817605,832.2404341506144,901.9888370102854,-2423.165124479352,2
emp_5182,2019,0.95,2298.041524864389,645.5638877207316,784.9884480874998,-2242.4580138010824,2
emp_5182,2019,1.0,2325.652805589679,458.8873412908483,679.182277493278,-1975.3963913367734,2
emp_5182,2019,1.05,2343.930258993474,272.21079486096505,588.8880508169232,-1621.980257086405,2
emp_5182,2019,1.1,2352.873885075775,85.53424843108223,518.4234936477369,-1182.2096110499842,2
emp_5182,2019,1.15,2352.4836838365823,-101.14229799880013,472.10633157502343,-656.0844532275187,2
emp_5182,2019,1.2,2342.759655275895,-287.8188444286834,454.2542901880861,-43.60478361899368,2
emp_5182,2019,1.25,2323.701799393714,-474.4953908585667,469.1850950762273,655.2293977755835,2
emp_5182,2019,1.3,2295.310116190038,-661.17193728845,521.2164718287459,1440.4180909562128,2
emp_5182,2019,1.35,2257.584605664869,-847.8484837183332,614.666146034946,2311.961295922887,2
emp_5182,2019,1.4,2210.525267818205,-1034.5250301482156,753.8518432841338,3269.859012675617,1
emp_5182,2019,1.45,2154.132102650047,-1221.2015765780989,943.091289165608,4314.111241214399,1
emp_5182,2019,1.5,2088.4051101603955,-1407.8781230079821,1186.7022092686748,5444.71798153923,1
emp_5182,2019,1.55,2013.3442903492487,-1594.5546694378654,1489.0023291826328,6661.679233650124,1
emp_5182,2019,1.6,1928.949643216608,-1781.2312158677487,1854.3093744967846,7964.994997547059,1
emp_5182,2019,1.65,1835.221168762474,-1967.907762297631,2286.94107080044,9354.665273230035,1
emp_5182,2019,1.7,1732.158866986846,-2154.5843087275134,2791.2151436828935,10830.690060699082,1
emp_5182,2020,0.0,0.0,3689.632037241246,0.0,5017.218391230297,29
emp_5182,2020,0.05,181.67764947054084,3577.4739415803874,241.7076801413151,4653.563314241524,22
emp_5182,2020,0.1,357.7473941580388,3465.315845919529,465.60378140607395,4304.755236168044,19
emp_5182,2020,0.15,528.2092340624937,3353.15775025867,672.430653740041,3970.794157009857,16
emp_5182,2020,0.2,693.0631691839058,3240.9996545978115,862.9306470889812,3651.6800767669642,15
emp_5182,2020,0.25,852.3091995222749,3128.841558936953,1037.846111398659,3347.4129954393657,15
emp_5182,2020,0.3,1005.9473250776011,3016.6834632760942,1197.9193966148391,3057.9929130270602,14
emp_5182,2020,0.35,1153.9775458498843,2904.5253676152356,1343.8928526832867,2783.4198295300484,13
emp_5182,2020,0.4,1296.3998618391247,2792.3672719543765,1476.5088295497656,2523.6937449483303,11
emp_5182,2020,0.45,1433.214273045322,2680.209176293518,1596.509677160041,2278.8146592819057,9
emp_5182,2020,0.5,1564.4207794684764,2568.0510806326593,1704.6377454598778,2048.782572530775,8
emp_5182,2020,0.55,1690.019381108588,2455.8929849718006,1801.6353843950403,1833.5974846949375,5
emp_5182,2020,0.6,1810.0100779656566,2343.734889310942,1888.244943911293,1633.2593957743945,5
emp_5182,2020,0.65,1924.392870039682,2231.5767936500833,1965.2087739544015,1447.7683057691445,5
emp_5182,2020,0.7,2033.1677573306647,2119.4186979892247,2033.2692244701293,1277.1242146791885,4
emp_5182,2020,0.75,2136.3347398386045,2007.260602328366,2093.1686454042415,1121.3271225045257,3
emp_5182,2020,0.8,2233.8938175635017,1895.1025066675074,2145.649386702503,980.3770292451568,3
emp_5182,2020,0.85,2325.8449905053553,1782.944411006649,2191.4537983106793,854.2739349010817,3
emp_5182,2020,0.9,2412.1882586641664,1670.7863153457902,2231.3242301745327,743.0178394722998,3
emp_5182,2020,0.95,2492.923622039934,1558.6282196849315,2266.0030322398297,646.6087429588124,3
emp_5182,2020,1.0,2568.0510806326593,1446.470124024073,2296.232554452336,565.0466453606177,3
emp_5182,2020,1.05,2637.570634442342,1334.3120283632143,2322.755146757814,498.3315466777167,3
emp_5182,2020,1.1,2701.482283468981,1222.1539327023552,2346.313159102029,446.4634469101097,3
emp_5182,2020,1.15,2759.7860277125765,1109.995837041497,2367.648941430747,409.44234605779593,2
emp_5182,2020,1.2,2812.481867173131,997.8377413806384,2387.5048436897296,387.2682441207771,2
emp_5182,2020,1.25,2859.569801850641,885.6796457197797,2406.623215824746,379.9411410990497,2
emp_5182,2020,1.3,2901.0498317451083,773.5215500589206,2425.7464077815575,387.4610369926186,2
emp_5182,2020,1.35,2936.921956856533,661.363454398062,2445.6167695059285,409.8279318014802,2
emp_5182,2020,1.4,2967.186177184915,549.2053587372038,2466.9766509436267,447.0418255256345,2
emp_5182,2020,1.45,2991.8424927302535,437.0472630763452,2490.5684020404133,499.1027181650825,2
emp_5182,2020,1.5,3010.890903492549,324.8891674154861,2517.1343727420563,566.010609719825,2
emp_5182,2020,1.55,3024.3314094718025,212.73107175462746,2547.416912994319,647.765500189862,2
emp_5182,2020,1.6,3032.164010668012,100.57297609376883,2582.1583727429634,744.3673895751908,1
emp_5182,2020,1.65,3034.388707081179,-11.58511956708935,2622.1011019337584,855.8162778758124,1
emp_5182,2020,1.7,3031.005498711303,-123.74321522794799,2667.987450512468,982.1121650917303,1
emp_5182,2020,1.75,3022.0143855583847,-235.90131088880707,2720.5597684248523,1123.255051222941,1
emp_5182,2020,1.8,3007.4153676224223,-348.0594065496657,2780.560405616682,1279.2449362694442,1
emp_5182,2020,1.85,2987.2084449034173,-460.21750221052434,2848.7317120337193,1450.081820231244,1
emp_5182,2020,1.9,2961.3936174013693,-572.375597871383,2925.8160376217265,1635.7657031083345,1
emp_5182,2020,1.95,2929.9708851162795,-684.5336935322416,3012.5557323264757,1836.2965849007178,1
emp_5182,2020,2.0,2892.940248048146,-796.6917891931002,3109.693146093722,2051.6744656083974,1
emp_5182,2020,2.05,2850.3017061969686,-908.8498848539589,3217.9706288692323,2281.89934523137,1
emp_5182,2021,0.0,0.0,3708.049831115857,0.0,5951.986862694442,31
emp_5182,2021,0.05,183.20473102209937,3620.1394097681173,286.9000176584901,5526.527053844352,26
emp_5182,2021,0.1,362.01394097681174,3532.2289884203774,552.9040264043542,5116.1465061894005,23
emp_5182,2021,0.15,536.4276298641371,3444.3185670726375,798.765989297349,4720.8452197295865,20
emp_5182,2021,0.2,706.4457976840755,3356.4081457248976,1025.2398693972318,4340.623194464909,20
emp_5182,2021,0.25,872.0684444366269,3268.497724377158,1233.079629763759,3975.4804303953692,17
emp_5182,2021,0.3,1033.2955701217911,3180.5873030294183,1423.0392334566875,3625.416927520967,17
emp_5182,2021,0.35,1190.1271747395688,3092.6768816816784,1595.8726435357746,3290.4326858417016,16
emp_5182,2021,0.4,1342.563258289959,3004.7664603339385,1752.3338230607767,2970.5277053575737,15
emp_5182,2021,0.45,1490.6038207729628,2916.8560389861987,1893.176735091451,2665.701986068583,13
emp_5182,2021,0.5,1634.248862188579,2828.9456176384588,2019.1553426875541,2375.95552797473,13
emp_5182,2021,0.55,1773.4983825368085,2741.035196290719,2131.023608908843,2101.2883310760144,9
emp_5182,2021,0.6,1908.3523818176507,2653.1247749429795,2229.535496815074,1841.7003953724366,7
emp_5182,2021,0.65,2038.8108600311066,2565.214353595239,2315.4449694660057,1597.1917208639945,7
emp_5182,2021,0.7,2164.8738171771747,2477.3039322474997,2389.5059899213934,1367.7623075506913,7
emp_5182,2021,0.75,2286.541253255856,2389.3935108997593,2452.472521240994,1153.4121554325247,5
emp_5182,2021,0.8,2403.813168267151,2301.48308955202,2505.0985264845644,954.1412645094958,5
emp_5182,2021,0.85,2516.689562211058,2213.57266820428,2548.1379687118624,769.9496347816043,4
emp_5182,2021,0.9,2625.170435087579,2125.66224685654,2582.344810982644,600.8372662488491,4
emp_5182,2021,0.95,2729.2557868967124,2037.7518255088003,2608.4730163566655,446.80415891123266,4
emp_5182,2021,1.0,2828.9456176384588,1949.8414041610604,2627.276547893686,307.8503127687527,4
emp_5182,2021,1.05,2924.2399273128185,1861.9309828133205,2639.50936865346,183.97572782141015,3
emp_5182,2021,1.1,3015.138715919791,1774.0205614655806,2645.9254416957465,75.18040406920545,3
emp_5182,2021,1.15,3101.641983459376,1686.110140117841,2647.2787300802993,-18.535658487861838,3
emp_5182,2021,1.2,3183.7497299315746,1598.1997187701013,2644.323196866878,-97.17245984979218,3
emp_5182,2021,1.25,3261.461955336387,1510.2892974223614,2637.812805115239,-160.7300000165851,3
emp_5182,2021,1.3,3334.7786596738115,1422.378876074621,2628.5015178851386,-209.20827898824245,3
emp_5182,2021,1.35,3403.699842943849,1334.4684547268812,2617.143298236334,-242.60729676476058,3
emp_5182,2021,1.4,3468.225505146499,1246.5580333791418,2604.492109228583,-260.9270533461413,3
emp_5182,2021,1.45,3528.3556462817623,1158.6476120314019,2591.3019139216376,-264.1675487323846,3
emp_5182,2021,1.5,3584.0902663496395,1070.737190683662,2578.326675375263,-252.32878292349142,3
emp_5182,2021,1.55,3635.4293653501286,982.8267693359221,2566.320356649208,-225.41075591945992,3
emp_5182,2021,1.6,3682.3729432832315,894.9163479881822,2556.0369208032344,-183.413467720291,3
emp_5182,2021,1.65,3724.921000148947,807.0059266404428,2548.2303308970986,-126.33691832598561,3
emp_5182,2021,1.7,3763.0735359472756,719.0955052927029,2543.654549990556,-54.18110773654371,3
emp_5182,2021,1.75,3796.830550678217,631.1850839449626,2543.0635411433623,33.053964048034686,3
emp_5182,2021,1.8,3826.1920443417725,543.2746625972227,2547.2112674152786,135.36829702775503,3
emp_5182,2021,1.85,3851.15801693794,455.3642412494828,2556.851691866057,252.76189120260824,3
emp_5182,2021,1.9,3871.72846846672,367.4538199017434,2572.738777555456,385.2347465726016,2
emp_5182,2021,1.95,3887.9033989281143,279.5433985540035,2595.626487543239,532.7868631377314,2
emp_5182,2021,2.0,3899.6828083221208,191.6329772062636,2626.26878488915,695.4182408979977,2
emp_5182,2021,2.05,3907.0666966487397,103.72255585852417,2665.4196326529527,873.1288798534024,2
emp_5182,2021,2.1,3910.0550639079734,15.812134510783835,2713.83299389441,1065.9187800039435,2
emp_5182,2021,2.15,3908.6479100998185,-72.0982868369556,2772.26283167327,1273.787941349623,2
emp_5182,2021,2.2,3902.8452352242775,-160.00870818469593,2841.463109049293,1496.7363638904408,2
emp_5182,2021,2.25,3892.64703928135,-247.91912953243536,2922.1877890822343,1734.7640476263932,2
emp_5182,2021,2.3,3878.0533222710337,-335.82955088017525,3015.1908348318484,1987.870992557484,2
emp_5182,2021,2.35,3859.064084193332,-423.73997222791513,3121.2262093578956,2256.0571986837167,2
emp_5182,2021,2.4,3835.6793250482415,-511.65039357565456,3241.0478757201363,2539.3226660050786,2
emp_5182,2021,2.45,3807.8990448357663,-599.5608149233949,3375.409796978325,2837.6673945215844,2
emp_5182,2021,2.5,3775.7232435559035,-687.4712362711343,3525.0659361922135,3151.091384233223,1
emp_5182,2021,2.55,3739.1519212086523,-775.3816576188747,3690.770256421567,3479.594635139998,1
emp_5182,2021,2.6,3698.1850777940163,-863.292078966615,3873.276720726133,3823.177147241913,1
emp_5182,2021,2.65,3652.822713311991,-951.2025003143544,4073.3392921656778,4181.838920538965,1
emp_5182,2021,2.7,3603.0648277625805,-1039.1129216620948,4291.71193379995,4555.579955031157,1
emp_5182,2021,2.75,3548.911421145782,-1127.0233430098342,4529.148608688711,4944.400250718481,1
emp_5182,2022,0.0,0.0,4639.808526857505,0.0,9422.076261548735,31
emp_5182,2022,0.05,230.39091141968046,4575.827929929713,458.5457402601384,8921.735145170358,27
emp_5182,2022,0.1,457.58279299297135,4511.8473330019215,892.3716941483915,8433.284806673324,23
emp_5182,2022,0.15,681.5756447198726,4447.866736074129,1302.0724005588265,7956.725246057636,23
emp_5182,2022,0.2,902.3694666003843,4383.886139146338,1688.242398385511,7492.056463323291,22
emp_5182,2022,0.25,1119.9642586345065,4319.905542218546,2051.4762265225113,7039.27845847029,20
emp_5182,2022,0.3,1334.360020822239,4255.924945290754,2392.3684238638957,6598.3912314986355,19
emp_5182,2022,0.35,1545.5567531635818,4191.944348362962,2711.5135293037306,6169.3947824083225,18
emp_5182,2022,0.4,1753.554455658535,4127.963751435171,3009.5060817360836,5752.289111199357,18
emp_5182,2022,0.45,1958.3531283070988,4063.9831545073785,3286.9406200550216,5347.074217871734,16
emp_5182,2022,0.5,2159.952771109273,4000.002557579587,3544.4116831546125,4953.750102425455,16
emp_5182,2022,0.55,2358.3533840650575,3936.021960651795,3782.513809928923,4572.316764860521,15
emp_5182,2022,0.6,2553.5549671744525,3872.0413637240035,4001.841539272021,4202.774205176932,14
emp_5182,2022,0.65,2745.5575204374577,3808.0607667962113,4202.989410077972,3845.1224233746852,10
emp_5182,2022,0.7,2934.3610438540736,3744.08016986842,4386.551961240845,3499.361419453785,9
emp_5182,2022,0.75,3119.9655374243,3680.0995729406277,4553.123731654707,3165.4911934142283,8
emp_5182,2022,0.8,3302.371001148136,3616.118976012836,4703.299260213624,2843.511745256016,8
emp_5182,2022,0.85,3481.5774350255833,3552.138379085044,4837.673085811663,2533.4230749791477,6
emp_5182,2022,0.9,3657.5848390566407,3488.1577821572523,4956.839747342893,2235.2251825836247,6
emp_5182,2022,0.95,3830.393213241309,3424.1771852294605,5061.393783701381,1948.9180680694462,6
emp_5182,2022,1.0,4000.002557579587,3360.1965883016687,5151.929733781194,1674.50173143661,5
emp_5182,2022,1.05,4166.412872071475,3296.215991373877,5229.0421364764,1411.9761726851184,5
emp_5182,2022,1.1,4329.6241567169745,3232.2353944460847,5293.325530681061,1161.3413918149731,5
emp_5182,2022,1.15,4489.636411516084,3168.2547975182933,5345.374455289251,922.597388826171,5
emp_5182,2022,1.2,4646.449636468804,3104.2742005905016,5385.783449195035,695.7441637187148,4
emp_5182,2022,1.25,4800.063831575134,3040.2936036627098,5415.147051292478,480.7817164926005,4
emp_5182,2022,1.3,4950.478996835074,2976.3130067349175,5434.05980047565,277.71004714783066,4
emp_5182,2022,1.35,5097.695132248626,2912.332409807126,5443.116235638618,86.52915568440767,4
emp_5182,2022,1.4,5241.712237815787,2848.3518128793344,5442.910895675446,-92.7609578976735,4
emp_5182,2022,1.45,5382.530313536559,2784.3712159515426,5434.038319480205,-260.1602935984074,3
emp_5182,2022,1.5,5520.1493594109415,2720.3906190237503,5417.093045946962,-415.6688514178004,3
emp_5182,2022,1.55,5654.569375438934,2656.410022095959,5392.669613969781,-559.2866313558479,3
emp_5182,2022,1.6,5785.790361620537,2592.4294251681667,5361.362562442731,-691.01363341255,3
emp_5182,2022,1.65,5913.8123179557515,2528.4488282403754,5323.766430259881,-810.8498575879094,3
emp_5182,2022,1.7,6038.635244444576,2464.468231312583,5280.475756315298,-918.7953038819242,3
emp_5182,2022,1.75,6160.25914108701,2400.4876343847914,5232.085079503046,-1014.8499722945908,3
emp_5182,2022,1.8,6278.684007883054,2336.5070374569996,5179.188938717192,-1099.0138628259174,3
emp_5182,2022,1.85,6393.9098448327095,2272.526440529208,5122.381872851811,-1171.2869754758985,3
emp_5182,2022,1.9,6505.9366519359755,2208.545843601416,5062.258420800958,-1231.6693102445333,3
emp_5182,2022,1.95,6614.76442919285,2144.565246673624,4999.413121458711,-1280.1608671318281,3
emp_5182,2022,2.0,6720.393176603337,2080.5846497458324,4934.4405137191325,-1316.7616461377766,3
emp_5182,2022,2.05,6822.822894167433,2016.6040528180406,4867.935136476289,-1341.4716472623786,3
emp_5182,2022,2.1,6922.053581885141,1952.6234558902488,4800.491528624253,-1354.2908705056416,3
emp_5182,2022,2.15,7018.085239756459,1888.642858962457,4732.704229057078,-1355.2193158675545,3
emp_5182,2022,2.2,7110.917867781387,1824.6622620346648,4665.167776668848,-1344.2569833481248,3
emp_5182,2022,2.25,7200.551465959927,1760.6816651068734,4598.476710353623,-1321.403872947354,3
emp_5182,2022,2.3,7286.986034292075,1696.7010681790816,4533.225569005472,-1286.6599846652352,2
emp_5182,2022,2.35,7370.221572777835,1632.7204712512894,4470.008891518453,-1240.02531850177,2
emp_5182,2022,2.4,7450.258081417203,1568.739874323498,4409.42121678665,-1181.499874456962,2
emp_5182,2022,2.45,7527.095560210184,1504.7592773957058,4352.057083704112,-1111.0836525308132,2
emp_5182,2022,2.5,7600.734009156774,1440.7786804679145,4298.511031164922,-1028.776652723318,2
emp_5182,2022,2.55,7671.173428256974,1376.7980835401227,4249.377598063136,-934.5788750344745,2
emp_5182,2022,2.6,7738.4138175107855,1312.8174866123304,4205.251323292829,-828.4903194642939,2
emp_5182,2022,2.65,7802.455176918207,1248.836889684539,4166.726745748065,-710.5109860127632,2
emp_5182,2022,2.7,7863.29750647924,1184.8562927567468,4134.398404322908,-580.6408746798916,2
emp_5182,2022,2.75,7920.940806193882,1120.875695828955,4108.860837911434,-438.8799854656754,2
emp_5182,2022,2.8,7975.385076062136,1056.8950989011637,4090.7085854076977,-285.2283183701147,2
emp_5182,2022,2.85,8026.630316084,992.9145019733714,4080.536185705776,-119.68587339320948,2
emp_5182,2022,2.9,8074.676526259473,928.9339050455796,4078.9381776997325,57.74734946504395,2
emp_5182,2022,2.95,8119.523706588558,864.9533081177879,4086.5091002836416,247.07135020463465,2
emp_5182,2022,3.0,8161.171857071252,800.9727111899961,4103.843492351552,448.28612882557354,2
emp_5182,2022,3.05,8199.620977707556,736.9921142622043,4131.53589279755,661.3916853278533,2
emp_5182,2022,3.1,8234.871068497472,673.0115173344125,4170.180840515692,886.388019711485,2
emp_5182,2022,3.15,8266.922129440998,609.0309204066207,4220.372874400051,1123.2751319764538,2
emp_5182,2022,3.2,8295.774160538132,545.0503234788284,4282.706533344692,1372.0530221227782,2
emp_5182,2022,3.25,8321.42716178888,481.0697265510371,4357.776356243685,1632.721690150429,2
emp_5182,2022,3.3,8343.881133193237,417.08912962324575,4446.176881991094,1905.281136059435,2
emp_5182,2022,3.35,8363.136074751206,353.1085326954535,4548.502649480986,2189.731359849782,1
emp_5182,2022,3.4,8379.191986462785,289.12793576766126,4665.348197607433,2486.0723615214774,1
emp_5182,2022,3.45,8392.048868327971,225.14733883986992,4797.308065264489,2794.3041410745245,1
emp_5182,2022,3.5,8401.70672034677,161.16674191207767,4944.976791346235,3114.4266985089052,1
emp_5182,2022,3.55,8408.165542519178,97.18614498428633,5108.948914746732,3446.4400338246232,1
emp_5182,2022,3.6,8411.425334845198,33.20554805649408,5289.818974360052,3790.3441470217003,1
emp_5182,2022,3.65,8411.48609732483,-30.77504887129726,5488.18150908027,4146.139038100118,1
emp_5182,2022,3.7,8408.34782995807,-94.7556457990895,5704.631057801424,4513.824707059877,1
emp_5182,2022,3.75,8402.010532744918,-158.73624272688085,5939.762159417602,4893.401153900981,1
emp_5182,2022,3.8,8392.474205685381,-222.7168396546731,6194.169352822872,5284.868378623432,1
emp_5182,2022,3.85,8379.738848779452,-286.69743658246534,6468.447176911293,5688.226381227221,1
emp_5182,2022,3.9,8363.804462027134,-350.6780335102567,6763.190170576949,6103.475161712355,1
emp_5182,2022,3.95,8344.671045428426,-414.65863043804893,7078.992872713905,6530.61472007884,1
emp_5182,2022,4.0,8322.33859898333,-478.63922736584027,7416.449822216193,6969.645056326663,1
emp_5182,2022,4.05,8296.807122691844,-542.6198242936316,7776.155557977909,7420.566170455837,1
emp_5182,2022,4.1,8268.076616553966,-606.6004212214239,8158.70461889312,7883.378062466349,1
emp_5182,2022,4.15,8236.1470805697,-670.5810181492161,8564.6915438559,8358.080732358205,1
emp_5182,2022,4.2,8201.018514739044,-734.5616150770074,8994.710871760319,8844.674180131406,1
emp_5182,2022,4.25,8162.690919062001,-798.5422120047997,9449.357141500404,9343.158405785958,1
emp_5182,2022,4.3,8121.164293538564,-862.522808932591,9929.224891970247,9853.533409321848,1
emp_5182,2022,4.35,8076.438638168742,-926.5034058603824,10434.908662063943,10375.799190739075,1
emp_5182,2022,4.4,8028.513952952524,-990.4840027881755,10967.002990675523,10909.955750037669,1
emp_5182,2023,0.0,0.0,4953.384314718163,0.0,9555.785313136952,31
emp_5182,2023,0.05,246.1037917830512,4890.767356603885,467.30625497910285,9137.797239384314,27
emp_5182,2023,0.1,489.0767356603885,4828.150398489606,913.9129592741467,8727.803285774593,23
emp_5182,2023,0.15,728.9188316320118,4765.533440375328,1340.2198188922775,8325.803452307795,23
emp_5182,2023,0.2,965.6300796979214,4702.916482261049,1746.6265398406415,7931.797738983913,23
emp_5182,2023,0.25,1199.2104798581167,4640.299524146771,2133.532828126384,7545.786145802952,22
emp_5182,2023,0.3,1429.6600321125984,4577.682566032492,2501.338389756652,7167.768672764912,22
emp_5182,2023,0.35,1656.9787364613658,4515.065607918214,2850.4429307385903,6797.74531986979,18
emp_5182,2023,0.4,1881.1665929044198,4452.448649803935,3181.246157079346,6435.716087117588,17
emp_5182,2023,0.45,2102.2236014417595,4389.8316916896565,3494.1477747860645,6081.680974508306,17
emp_5182,2023,0.5,2320.1497620733853,4327.214733575378,3789.5474898658917,5735.639982041944,17
emp_5182,2023,0.55,2534.945074799298,4264.597775461099,4067.8450083259754,5397.5931097185,17
emp_5182,2023,0.6,2746.6095396194955,4201.980817346821,4329.440036173457,5067.540357537978,16
emp_5182,2023,0.65,2955.1431565339794,4139.363859232542,4574.732279415488,4745.481725500374,15
emp_5182,2023,0.7,3160.5459255427495,4076.7469011182643,4804.12144405921,4431.4172136056895,13
emp_5182,2023,0.75,3362.8178466458057,4014.1299430039858,5018.007236111773,4125.346821853926,13
emp_5182,2023,0.8,3561.9589198431486,3951.5129848897072,5216.789361580318,3827.270550245081,12
emp_5182,2023,0.85,3757.9691451347767,3888.8960267754287,5400.867526471995,3537.1883987791557,11
emp_5182,2023,0.9,3950.8485225206914,3826.27906866115,5570.641436793949,3255.10036745615,10
emp_5182,2023,0.95,4140.597052000891,3763.6621105468716,5726.510798553326,2981.0064562760654,8
emp_5182,2023,1.0,4327.214733575378,3701.045152432593,5868.875317757271,2714.9066652388983,6
emp_5182,2023,1.05,4510.701567244151,3638.4281943183146,5998.13470041293,2456.8009943446523,6
emp_5182,2023,1.1,4691.05755300721,3575.811236204036,6114.688652527452,2206.6894435933236,6
emp_5182,2023,1.15,4868.282690864555,3513.194278089758,6218.936880107978,1964.5720129849183,6
emp_5182,2023,1.2,5042.376980816186,3450.5773199754794,6311.279089161658,1730.4487025194308,5
emp_5182,2023,1.25,5213.340422862102,3387.9603618612005,6392.114985695635,1504.3195121968615,5
emp_5182,2023,1.3,5381.173017002306,3325.343403746922,6461.84427571706,1286.1844420172138,5
emp_5182,2023,1.35,5545.874763236794,3262.7264456326434,6520.866665233074,1076.0434919804852,5
emp_5182,2023,1.4,5707.445661565569,3200.1094875183653,6569.5818602508225,873.8966620866754,5
emp_5182,2023,1.45,5865.885711988631,3137.492529404087,6608.389566777456,679.7439523357871,5
emp_5182,2023,1.5,6021.194914505979,3074.8755712898082,6637.689490820118,493.5853627278175,4
emp_5182,2023,1.55,6173.373269117612,3012.2586131755297,6657.881338385952,315.4208932627662,4
emp_5182,2023,1.6,6322.420775823532,2949.641655061251,6669.36481548211,145.2505439406359,3
emp_5182,2023,1.65,6468.337434623737,2887.0246969469727,6672.539628115732,-16.92568523857608,3
emp_5182,2023,1.7,6611.123245518229,2824.407738832694,6667.805482293968,-171.10779427486705,3
emp_5182,2023,1.75,6750.778208507007,2761.7907807184156,6655.562084023961,-317.2957831682379,3
emp_5182,2023,1.8,6887.302323590071,2699.173822604137,6636.209139312859,-455.4896519186914,3
emp_5182,2023,1.85,7020.695590767421,2636.5568644898585,6610.146354167808,-585.6894005262229,3
emp_5182,2023,1.9,7150.958010039056,2573.93990637558,6577.773434595952,-707.8950289908344,3
emp_5182,2023,1.95,7278.089581404978,2511.3229482613015,6539.490086604439,-822.1065373125293,3
emp_5182,2023,2.0,7402.090304865186,2448.705990147023,6495.696016200414,-928.3239254913024,3
emp_5182,2023,2.05,7522.960180419679,2386.089032032745,6446.790929391024,-1026.5471935271562,3
emp_5182,2023,2.1,7640.699208068461,2323.472073918466,6393.174532183412,-1116.77634142009,3
emp_5182,2023,2.15,7755.3073878115265,2260.8551158041873,6335.24653058473,-1199.0113691701054,3
emp_5182,2023,2.2,7866.78471964888,2198.238157689909,6273.406630602121,-1273.2522767772016,3
emp_5182,2023,2.25,7975.131203580518,2135.6211995756303,6208.054538242725,-1339.499064241374,3
emp_5182,2023,2.3,8080.346839606443,2073.004241461352,6139.589959513697,-1397.75173156263,3
emp_5182,2023,2.35,8182.431627726653,2010.3872833470732,6068.412600422176,-1448.010278740967,3
emp_5182,2023,2.4,8281.38556794115,1947.7703252327951,5994.922166975314,-1490.2747057763827,3
emp_5182,2023,2.45,8377.208660249933,1885.1533671185161,5919.5183651802545,-1524.5450126688793,3
emp_5182,2023,2.5,8469.900904653,1822.5364090042376,5842.600901044139,-1550.8211994184585,3
emp_5182,2023,2.55,8559.462301150355,1759.9194508899595,5764.569480574122,-1569.103266025113,3
emp_5182,2023,2.6,8645.892849741997,1697.3024927756805,5685.823809777345,-1579.391212488852,3
emp_5182,2023,2.65,8729.192550427924,1634.6855346614025,5606.76359466095,-1581.6850388096718,3
emp_5182,2023,2.7,8809.361403208137,1572.0685765471235,5527.788541232094,-1575.9847449875688,3
emp_5182,2023,2.75,8886.399408082638,1509.4516184328454,5449.298355497915,-1562.2903310225483,3
emp_5182,2023,2.8,8960.306565051422,1446.8346603185669,5371.692743465552,-1540.6017969146105,3
emp_5182,2023,2.85,9031.082874114494,1384.2177022042883,5295.371411142163,-1510.9191426637462,3
emp_5182,2023,2.9,9098.728335271851,1321.6007440900098,5220.734064534894,-1473.2423682699664,3
emp_5182,2023,2.95,9163.242948523495,1258.9837859757308,5148.180409650884,-1427.571473733271,3
emp_5182,2023,3.0,9224.626713869424,1196.3668278614527,5078.110152497287,-1373.9064590536473,3
emp_5182,2023,3.05,9282.879631309639,1133.7498697471747,5010.922999081238,-1312.2473242311116,3
emp_5182,2023,3.1,9338.001700844141,1071.1329116328957,4947.018655409884,-1242.5940692656513,2
emp_5182,2023,3.15,9389.992922472928,1008.5159535186172,4886.796827490383,-1164.9466941572773,2
emp_5182,2023,3.2,9438.853296196003,945.8989954043386,4830.657221329879,-1079.305198905975,2
emp_5182,2023,3.25,9484.582822013363,883.2820372900601,4778.9995429355,-985.6695835117607,2
emp_5182,2023,3.3,9527.18149992501,820.665079175782,4732.223498314415,-884.0398479746254,2
emp_5182,2023,3.35,9566.649329930944,758.0481210615035,4690.728793473758,-774.4159922945655,2
emp_5182,2023,3.4,9602.98631203116,695.431162947225,4654.915134420677,-656.7980164715918,2
emp_5182,2023,3.45,9636.192446225665,632.8142048329455,4625.182227162306,-531.1859205056935,2
emp_5182,2023,3.5,9666.267732514454,570.1972467186679,4601.92977770582,-397.5797043968778,2
emp_5182,2023,3.55,9693.21217089753,507.58028860438935,4585.557492058342,-255.9793681451447,2
emp_5182,2023,3.6,9717.025761374895,444.9633304901108,4576.465076227021,-106.38491175049057,2
emp_5182,2023,3.65,9737.708503946542,382.3463723758323,4575.052236219006,51.2036647870882,2
emp_5182,2023,3.7,9755.260398612478,319.72941426155376,4581.718678041445,216.78636146758072,2
emp_5182,2023,3.75,9769.681445372698,257.1124561472752,4596.864107701476,390.3631782909906,2
emp_5182,2023,3.8,9780.971644227204,194.4954980329967,4620.888231206256,571.9341152573288,2
emp_5182,2023,3.85,9789.130995175996,131.87853991871816,4654.190754562926,761.4991723665808,2
emp_5182,2023,3.9,9794.159498219076,69.26158180443963,4697.171383778634,959.0583496187501,2
emp_5182,2023,3.95,9796.057153356442,6.644623690161097,4750.229824860522,1164.611647013844,2
emp_5182,2023,4.0,9794.823960588092,-55.972334424117435,4813.765783815732,1378.1590645518554,2
emp_5182,2023,4.05,9790.459919914027,-118.58929253839597,4888.178966651409,1599.7006022327878,2
emp_5182,2023,4.1,9782.96503133425,-181.2062506526736,4973.869079374723,1829.2362600566375,2
emp_5182,2023,4.15,9772.339294848762,-243.82320876695303,5071.235827992794,2066.7660380234083,2
emp_5182,2023,4.2,9758.582710457558,-306.44016688123156,5180.678918512778,2312.2899361331,2
emp_5182,2023,4.25,9741.695278160638,-369.0571249955101,5302.598056941832,2565.8079543857093,2
emp_5182,2023,4.3,9721.676997958004,-431.6740831097886,5437.392949287067,2827.320092781236,2
emp_5182,2023,4.35,9698.527869849659,-494.29104122406625,5585.463301555661,3096.8263513196835,2
emp_5182,2023,4.4,9672.2478938356,-556.9079993383457,5747.208819754764,3374.3267300010557,2
emp_5182,2023,4.45,9642.837069915824,-619.5249574526242,5923.029209891487,3659.8212288253417,2
emp_5182,2023,4.5,9610.295398090337,-682.1419155669028,6113.3241779730015,3953.309847792556,1
emp_5182,2023,4.55,9574.622878359134,-744.7588736811804,6318.493430006463,4254.792586902677,1
emp_5182,2023,4.6,9535.81951072222,-807.3758317954589,6538.936671998985,4564.269446155729,1
emp_5182,2023,4.65,9493.885295179589,-869.9927899097383,6775.053609957751,4881.740425551692,1
emp_5182,2023,4.7,9448.820231731243,-932.6097480240169,7027.24394988986,5207.205525090587,1
emp_5182,2023,4.75,9400.624320377186,-995.2267061382954,7295.907397802519,5540.664744772384,1
emp_5182,2023,4.8,9349.297561117417,-1057.843664252573,7581.443659702818,5882.118084597114,1
emp_5182,2023,4.85,9294.83995395193,-1120.4606223668516,7884.252441597935,6231.565544564761,1
emp_5182,2023,4.9,9237.251498880729,-1183.077580481131,8204.73344949502,6589.007124675332,1
emp_5182,2023,4.95,9176.532195903816,-1245.6945385954095,8543.28638940119,6954.442824928807,1
emp_5182,2023,5.0,9112.682045021187,-1308.311496709688,8900.310967323603,7327.872645325213,1
emp_5182,2023,5.05,9045.701046232849,-1370.9284548239657,9276.20688926943,7709.296585864526,1
emp_5182,2023,5.1,8975.589199538792,-1433.5454129382442,9671.373861245775,8098.714646546789,1
emp_5182,2023,5.15,8902.346504939022,-1496.1623710525237,10086.21158925983,8496.126827371947,1
emp_5182,2023,5.2,8825.972962433538,-1558.7793291668022,10521.11977931868,8901.53312834003,1
emp_5182,2023,5.25,8746.468572022346,-1621.3962872810798,10976.498137429531,9314.933549451023,1
emp_5182,2023,5.3,8663.833333705432,-1684.0132453953584,11452.746369599496,9736.328090704948,1
emp_5182,2023,5.35,8578.06724748281,-1746.6302035096369,11950.264181835737,10165.716752101784,1
emp_5182,2023,5.4,8489.170313354465,-1809.2471616239163,12469.451280145411,10603.099533641558,1
emp_5182,2024,0.0,0.0,3708.988980328291,0.0,7020.503600188209,31
emp_5182,2024,0.05,184.532532196989,3672.312307551268,344.5361716503246,6761.6341828711365,31
emp_5182,2024,0.1,367.23123075512683,3635.635634774246,676.2325099917499,6506.910267832242,28
emp_5182,2024,0.15,548.0960956744135,3598.958961997223,995.296290138185,6256.331855071527,24
emp_5182,2024,0.2,727.1271269548491,3562.2822892202003,1301.934787203539,6009.898944588987,23
emp_5182,2024,0.25,904.3243245964336,3525.6056164431775,1596.35527630172,5767.6115363846275,23
emp_5182,2024,0.3,1079.6876885991667,3488.928943666155,1878.7650325466377,5529.469630458446,23
emp_5182,2024,0.35,1253.217218963049,3452.2522708891324,2149.371331052201,5295.473226810443,23
emp_5182,2024,0.4,1424.9129156880801,3415.5755981121097,2408.381446932319,5065.622325440616,20
emp_5182,2024,0.45,1594.77477877426,3378.8989253350874,2656.0026553008993,4839.916926348968,20
emp_5182,2024,0.5,1762.8028082215887,3342.2222525580646,2892.4422312718516,4618.357029535498,18
emp_5182,2024,0.55,1928.9970040300666,3305.545579781042,3117.907449959085,4400.942635000207,18
emp_5182,2024,0.6,2093.357366199693,3268.868907004019,3332.6055864765085,4187.6737427430935,17
emp_5182,2024,0.65,2255.8838947304685,3232.1922342269963,3536.743915938031,3978.550352764158,16
emp_5182,2024,0.7,2416.5765896223925,3195.515561449974,3730.5297134575612,3773.5724650634006,15
emp_5182,2024,0.75,2575.435450875466,3158.8388886729513,3914.1702541490067,3572.7400796408215,15
emp_5182,2024,0.8,2732.460478489688,3122.1622158959285,4087.872813126279,3376.0531964964193,14
emp_5182,2024,0.85,2887.6516724650587,3085.485543118906,4251.844665503286,3183.511815630197,14
emp_5182,2024,0.9,3041.0090328015785,3048.8088703418834,4406.293086393936,2995.115937042151,13
emp_5182,2024,0.95,3192.532559499247,3012.1321975648607,4551.425350912136,2810.865560732284,13
emp_5182,2024,1.0,3342.2222525580646,2975.455524787838,4687.4487341717995,2630.7606867005948,13
emp_5182,2024,1.05,3490.078111978031,2938.7788520108156,4814.570511286833,2454.801314947084,13
emp_5182,2024,1.1,3636.1001377591465,2902.102179233793,4932.997957371145,2282.98744547175,12
emp_5182,2024,1.15,3780.2883299014097,2865.4255064567706,5042.938347538644,2115.319078274596,12
emp_5182,2024,1.2,3922.6426884048224,2828.748833679748,5144.59895690324,1951.7962133556196,11
emp_5182,2024,1.25,4063.163213269385,2792.072160902725,5238.187060578843,1792.41885071482,9
emp_5182,2024,1.3,4201.849904495095,2755.3954881257023,5323.909933679358,1637.1869903521995,9
emp_5182,2024,1.35,4338.702762081955,2718.7188153486795,5401.974851318698,1486.1006322677563,9
emp_5182,2024,1.4,4473.721786029963,2682.042142571657,5472.589088610771,1339.1597764614921,8
emp_5182,2024,1.45,4606.906976339121,2645.3654697946345,5535.959920669484,1196.364422933406,7
emp_5182,2024,1.5,4738.258333009427,2608.6887970176117,5592.294622608747,1057.7145716834978,7
emp_5182,2024,1.55,4867.775856040882,2572.0121242405894,5641.800469542471,923.2102227117666,7
emp_5182,2024,1.6,4995.459545433486,2535.3354514635666,5684.68473658456,792.8513760182136,5
emp_5182,2024,1.65,5121.309401187239,2498.658778686544,5721.154698848928,666.6380316028399,4
emp_5182,2024,1.7,5245.32542330214,2461.982105909521,5751.417631449482,544.5701894656445,4
emp_5182,2024,1.75,5367.507611778191,2425.3054331324984,5775.680809500129,426.6478496066261,4
emp_5182,2024,1.8,5487.855966615391,2388.628760355476,5794.151508114781,312.87101202578515,4
emp_5182,2024,1.85,5606.37048781374,2351.9520875784533,5807.037002407344,203.23967672312256,4
emp_5182,2024,1.9,5723.051175373235,2315.275414801431,5814.544567491727,97.75384369863923,4
emp_5182,2024,1.95,5837.898029293881,2278.5987420244082,5816.881478481845,-3.5864870476657416,4
emp_5182,2024,2.0,5950.911049575676,2241.9220692473855,5814.255010491598,-100.78131551579418,4
emp_5182,2024,2.05,6062.09023621862,2205.2453964703627,5806.872438634898,-193.83064170574335,4
emp_5182,2024,2.1,6171.435589222713,2168.56872369334,5794.941038025661,-282.7344656175155,3
emp_5182,2024,2.15,6278.947108587953,2131.8920509163177,5778.668083777786,-367.49278725110844,3
emp_5182,2024,2.2,6384.624794314344,2095.215378139295,5758.260851005185,-448.1056066065257,3
emp_5182,2024,2.25,6488.468646401883,2058.5387053622726,5733.926614821768,-524.5729236837624,3
emp_5182,2024,2.3,6590.4786648505715,2021.8620325852498,5705.872650341445,-596.8947384828216,3
emp_5182,2024,2.35,6690.654849660409,1985.185359808227,5674.306232678122,-665.0710510037025,3
emp_5182,2024,2.4,6788.9972008313935,1948.5086870312045,5639.43463694571,-729.1018612464059,3
emp_5182,2024,2.45,6885.505718363529,1911.8320142541816,5601.46513825812,-788.9871692109327,3
emp_5182,2024,2.5,6980.180402256812,1875.1553414771593,5560.605011729255,-844.7269748972794,3
emp_5182,2024,2.55,7073.021252511246,1838.4786687001367,5517.061532473026,-896.3212783054487,3
emp_5182,2024,2.6,7164.028269126826,1801.8019959231137,5471.041975603343,-943.7700794354396,3
emp_5182,2024,2.65,7253.201452103556,1765.1253231460912,5422.753616234118,-987.0733782872521,3
emp_5182,2024,2.7,7340.540801441436,1728.4486503690684,5372.403729479254,-1026.2311748608881,3
emp_5182,2024,2.75,7426.046317140464,1691.771977592046,5320.199590452668,-1061.2434691563449,3
emp_5182,2024,2.8,7509.717999200639,1655.0953048150236,5266.348474268259,-1092.1102611736242,3
emp_5182,2024,2.85,7591.555847621966,1618.4186320380009,5211.05765603994,-1118.8315509127242,3
emp_5182,2024,2.9,7671.55986240444,1581.741959260978,5154.534410881622,-1141.4073383736459,3
emp_5182,2024,2.95,7749.730043548063,1545.0652864839553,5096.9860139072125,-1159.837623556391,3
emp_5182,2024,3.0,7826.066391052835,1508.3886137069326,5038.619740230618,-1174.1224064609569,3
emp_5182,2024,3.05,7900.568904918757,1471.7119409299103,4979.642864965756,-1184.261687087348,3
emp_5182,2024,3.1,7973.237585145827,1435.0352681528875,4920.262663226522,-1190.2554654355572,3
emp_5182,2024,3.15,8044.072431734045,1398.3585953758648,4860.686410126835,-1192.103741505589,3
emp_5182,2024,3.2,8113.073444683412,1361.681922598842,4801.121380780596,-1189.806515297445,3
emp_5182,2024,3.25,8180.24062399393,1325.0052498218197,4741.774850301723,-1183.3637868111218,3
emp_5182,2024,3.3,8245.573969665595,1288.328577044797,4682.854093804124,-1172.7755560466194,3
emp_5182,2024,3.35,8309.073481698408,1251.6519042677742,4624.566386401704,-1158.0418230039377,3
emp_5182,2024,3.4,8370.739160092373,1214.9752314907519,4567.119003208367,-1139.1625876830803,3
emp_5182,2024,3.45,8430.571004847485,1178.298558713729,4510.719219338027,-1116.1378500840437,3
emp_5182,2024,3.5,8488.569015963745,1141.6218859367063,4455.574309904598,-1088.9676102068297,3
emp_5182,2024,3.55,8544.733193441154,1104.945213159684,4401.891550021979,-1057.6518680514382,3
emp_5182,2024,3.6,8599.063537279713,1068.2685403826613,4349.878214804094,-1022.1906236178693,3
emp_5182,2024,3.65,8651.560047479421,1031.5918676056385,4299.741579364832,-982.5838769061211,3
emp_5182,2024,3.7,8702.222724040279,994.9151948286158,4251.688918818116,-938.8316279161954,3
emp_5182,2024,3.75,8751.051566962282,958.2385220515935,4205.927508277846,-890.9338766480905,3
emp_5182,2024,3.8,8798.046576245437,921.5618492745707,4162.664622857939,-838.8906231018082,3
emp_5182,2024,3.85,8843.20775188974,884.885176497548,4122.107537672298,-782.7018672773447,3
emp_5182,2024,3.9,8886.535093895192,848.2085037205256,4084.463527834847,-722.3676091747075,3
emp_5182,2024,3.95,8928.028602261791,811.5318309435024,4049.9398684594707,-657.8878487938928,2
emp_5182,2024,4.0,8967.688276989542,774.8551581664801,4018.74383466009,-589.262586134897,2
emp_5182,2024,4.05,9005.514118078441,738.1784853894578,3991.0827015506075,-516.4918211977238,2
emp_5182,2024,4.1,9041.506125528487,701.5018126124351,3967.163744244943,-439.5755539823731,2
emp_5182,2024,4.15,9075.664299339684,664.8251398354118,3947.194237857013,-358.51378448884134,2
emp_5182,2024,4.2,9107.98863951203,628.1484670583895,3931.381457500709,-273.3065127171376,2
emp_5182,2024,4.25,9138.479146045524,591.4717942813668,3919.9326782899334,-183.95373866725095,2
emp_5182,2024,4.3,9167.135818940165,554.7951215043445,3913.055175338617,-90.45546233918867,2
emp_5182,2024,4.35,9193.958658195956,518.1184487273217,3910.9562237606515,7.188316267047412,2
emp_5182,2024,4.4,9218.947663812898,481.44177595029896,3913.8430986699605,108.97759715147004,2
emp_5182,2024,4.45,9242.102835790985,444.7651031732762,3921.923075180439,214.91238031406647,2
emp_5182,2024,4.5,9263.424174130225,408.0884303962539,3935.403428406,324.9926657548458,2
emp_5182,2024,4.55,9282.911678830613,371.41175761923114,3954.49143346056,439.2184534737971,2
emp_5182,2024,4.6,9300.56534989215,334.73508484220883,3979.3943654580144,557.5897434709295,2
emp_5182,2024,4.65,9316.385187314834,298.0584120651856,4010.3194995122903,680.1065357462357,2
emp_5182,2024,4.7,9330.371191098668,261.3817392881633,4047.474110737272,806.7688302997267,2
emp_5182,2024,4.75,9342.523361243651,224.70506651114056,4091.065474246898,937.5766271313914,2
emp_5182,2024,4.8,9352.84169774978,188.02839373411825,4141.300865155048,1072.5299262412336,2
emp_5182,2024,4.85,9361.32620061706,151.3517209570955,4198.3875585756505,1211.6287276292533,2
emp_5182,2024,4.9,9367.97686984549,114.67504818007228,4262.532829622618,1354.873031295454,2
emp_5182,2024,4.95,9372.79370543507,77.99837540304998,4333.943953409835,1502.2628372398322,2
emp_5182,2024,5.0,9375.776707385796,41.32170262602767,4412.828205051235,1653.7981454623878,2
emp_5182,2024,5.05,9376.925875697672,4.645029849004914,4499.392859660715,1809.4789559631208,2
emp_5182,2024,5.1,9376.241210370697,-32.03164292801739,4593.845192352179,1969.3052687420313,2
emp_5182,2024,5.15,9373.722711404867,-68.7083157050406,4696.392478239548,2133.27708379913,2
emp_5182,2024,5.2,9369.370378800191,-105.38498848206336,4807.2419924367205,2301.3944011343956,2
emp_5182,2024,5.25,9363.184212556662,-142.06166125908567,4926.601010057624,2473.657220747842,2
emp_5182,2024,5.3,9355.164212674283,-178.73833403610843,5054.67680621615,2650.065542639466,2
emp_5182,2024,5.35,9345.310379153054,-215.41500681313073,5191.676656026211,2830.6193668092674,2
emp_5182,2024,5.4,9333.622711992972,-252.09167959015394,5337.807834601706,3015.31869325725,2
emp_5182,2024,5.45,9320.101211194038,-288.76835236717625,5493.27761705657,3204.163521983406,2
emp_5182,2024,5.5,9304.745876756255,-325.445025144199,5658.293278504694,3397.1538529877434,2
emp_5182,2024,5.55,9287.556708679616,-362.1216979212213,5833.062094059984,3594.2896862702582,2
emp_5182,2024,5.6,9268.53370696413,-398.7983706982436,6017.791338836352,3795.571021830947,2
emp_5182,2024,5.65,9247.676871609792,-435.4750434752673,6212.68828794772,4000.99785966982,2
emp_5182,2024,5.7,9224.986202616605,-472.15171625228913,6417.9602165079705,4210.570199786867,2
emp_5182,2024,5.75,9200.461699984564,-508.8283890293119,6633.814399631039,4424.2880421820955,2
emp_5182,2024,5.8,9174.103363713673,-545.5050618063347,6860.458112430817,4642.151386855501,2
emp_5182,2024,5.85,9145.911193803931,-582.1817345833574,7098.098630021224,4864.160233807081,2
emp_5182,2024,5.9,9115.885190255336,-618.8584073603802,7346.943227516167,5090.3145830368485,2
emp_5182,2024,5.95,9084.025353067891,-655.5350801374029,7607.199180029536,5320.61443454479,2
emp_5182,2024,6.0,9050.331682241596,-692.2117529144257,7879.073762675274,5555.059788330906,2
emp_5182,2024,6.05,9014.804177776448,-728.8884256914475,8162.774250567265,5793.650644395191,2
emp_5182,2024,6.1,8977.442839672452,-765.5650984684703,8458.507918819443,6036.3870027376615,2
emp_5182,2024,6.15,8938.247667929603,-802.241771245493,8766.482042545671,6283.268863358324,2
emp_5182,2024,6.2,8897.218662547903,-838.9184440225158,9086.903896859905,6534.296226257153,2
emp_5182,2024,6.25,8854.355823527352,-875.5951167995386,9419.980756876022,6789.469091434159,1
emp_5182,2024,6.3,8809.659150867947,-912.2717895765613,9765.919897707958,7048.787458889346,1
emp_5182,2024,6.35,8763.128644569693,-948.9484623535832,10124.928594469595,7312.251328622711,1
emp_5182,2024,6.4,8714.764304632588,-985.6251351306068,10497.214122274854,7579.86070063425,1
emp_5182_cleaned,2017,0.0,0.0,4772.662299233608,0.0,10036.901689879418,21
emp_5182_cleaned,2017,0.05,217.45922591848847,3925.706737505931,394.67652873581085,5875.9766068246645,11
emp_5182_cleaned,2017,0.1,392.5706737505931,3078.751175778254,600.1793754096315,2469.9544073998127,8
emp_5182_cleaned,2017,0.15,525.3343434963139,2231.795614050577,654.253684202957,-181.1649083951388,6
emp_5182_cleaned,2017,0.2,615.7502351556507,1384.8400523228997,594.6445992972826,-2077.381340560185,3
emp_5182_cleaned,2017,0.25,663.8183487286038,537.8844905952228,459.0972648741034,-3218.6948890953336,2
emp_5182_cleaned,2017,0.3,669.538684215173,-309.07107113245365,285.3568251149143,-3605.10555400058,2
emp_5182_cleaned,2017,0.35,632.9112416153584,-1156.026632860131,111.16842420121066,-3236.6133352759207,2
emp_5182_cleaned,2017,0.4,553.9360209291597,-2002.9821945878084,-25.722793685512897,-2113.2182329213574,2
emp_5182_cleaned,2017,0.45,432.6130221565775,-2849.937756315486,-87.57168436376014,-234.92024693690473,1
emp_5182_cleaned,2017,0.5,268.9422452976114,-3696.8933180431623,-36.63310365203779,2398.280622677463,1
emp_5182_cleaned,2017,0.55,62.923690352261474,-4543.8488797708405,164.83809263115108,5786.38437592172,1
emp_5182_cleaned,2018,0.0,0.0,7559.702889414801,0.0,6832.419005109926,26
emp_5182_cleaned,2018,0.05,357.8179296364009,6753.014296041235,328.437301074144,6299.446040812982,16
emp_5182_cleaned,2018,0.1,675.3014296041235,5946.325702667669,629.3819043770131,5732.7110942589325,14
emp_5182_cleaned,2018,0.15,952.4504999031678,5139.637109294103,901.1457107957522,5132.21416544778,11
emp_5182_cleaned,2018,0.2,1189.265140533534,4332.948515920537,1142.040621217506,4497.9552543795235,9
emp_5182_cleaned,2018,0.25,1385.7453514952215,3526.259922546971,1350.3785365294193,3829.934361054163,5
emp_5182_cleaned,2018,0.3,1541.891132788231,2719.5713291734055,1524.4713576186375,3128.151485471699,5
emp_5182_cleaned,2018,0.35,1657.7024844125617,1912.8827357998398,1662.6309853723042,2392.6066276321317,3
emp_5182_cleaned,2018,0.4,1733.1794063682148,1106.1941424262732,1763.1693206775653,1623.2997875354595,3
emp_5182_cleaned,2018,0.45,1768.3218986551892,299.50554905270747,1824.3982644215653,820.2309651816834,2
emp_5182_cleaned,2018,0.5,1763.1299612734856,-507.18304432085824,1844.6297174914487,-16.599839429195526,2
emp_5182_cleaned,2018,0.55,1717.6035942231033,-1313.8716376944249,1822.1755807743602,-887.1926262971797,2
emp_5182_cleaned,2018,0.6,1631.7427975040437,-2120.5602310679897,1755.347755157446,-1791.5473954222662,2
emp_5182_cleaned,2018,0.65,1505.5475711163044,-2927.2488244415563,1642.4581415278492,-2729.6641468044572,2
emp_5182_cleaned,2018,0.7,1339.0179150598874,-3733.937417815121,1481.8186407727153,-3701.5428804437506,2
emp_5182_cleaned,2018,0.75,1132.1538293347921,-4540.626011188688,1271.741153779189,-4707.18359634015,1
emp_5182_cleaned,2018,0.8,884.9553139410182,-5347.314604562254,1010.5375814344145,-5746.586294493653,1
emp_5182_cleaned,2018,0.85,597.4223688785678,-6154.003197935819,696.5198246255388,-6819.750974904259,1
emp_5182_cleaned,2018,0.9,269.55499414743645,-6960.691791309386,327.999784239704,-7926.677637571971,1
emp_5182_cleaned,2018,0.95,-98.64681025237132,-7767.3803846829505,-96.71063883594343,-9067.366282496783,1
emp_5182_cleaned,2018,1.0,-507.18304432085824,-8574.068978056517,-579.2995437142595,-10241.816909678702,1
emp_5182_cleaned,2019,0.0,0.0,3220.2841060270316,0.0,6633.191724990405,27
emp_5182_cleaned,2019,0.05,157.44948356566766,3077.6952365996754,307.16809136838464,5663.559876916371,19
emp_5182_cleaned,2019,0.1,307.76952365996755,2935.106367172319,567.3587824087762,4754.095711870683,17
emp_5182_cleaned,2019,0.15,450.9601202828996,2792.5174977449633,783.5804572725918,3904.7992298533404,15
emp_5182_cleaned,2019,0.2,587.0212734344639,2649.928628317607,958.8415001112494,3115.670430864344,15
emp_5182_cleaned,2019,0.25,715.9529831146602,2507.339758890251,1096.1502950761653,2386.709314903694,12
emp_5182_cleaned,2019,0.3,837.7552493234889,2364.7508894628945,1198.5152263187576,1717.9158819713907,12
emp_5182_cleaned,2019,0.35,952.4280720609496,2222.1620200355383,1268.9446779904433,1109.2901320674328,10
emp_5182_cleaned,2019,0.4,1059.9714513270428,2079.573150608182,1310.4470342426403,560.8320651918214,6
emp_5182_cleaned,2019,0.45,1160.385387121768,1936.984281180826,1326.030679226765,72.5416813445554,6
emp_5182_cleaned,2019,0.5,1253.6698794451254,1794.3954117534697,1318.7039970942349,-355.5810194743631,5
emp_5182_cleaned,2019,0.55,1339.824928297115,1651.8065423261135,1291.4753719964679,-723.5360372649366,4
emp_5182_cleaned,2019,0.6,1418.8505336777366,1509.2176728987574,1247.35318808488,-1031.323372027162,3
emp_5182_cleaned,2019,0.65,1490.7466955869904,1366.6288034714012,1189.3458295108896,-1278.9430237610432,3
emp_5182_cleaned,2019,0.7,1555.5134140248765,1224.0399340440451,1120.4616804259144,-1466.3949924665776,3
emp_5182_cleaned,2019,0.75,1613.1506889913953,1081.4510646166887,1043.7091249813716,-1593.6792781437653,2
emp_5182_cleaned,2019,0.8,1663.6585204865455,938.8621951893324,962.0965473286774,-1660.795880792607,2
emp_5182_cleaned,2019,0.85,1707.0369085103284,796.2733257619766,878.6323316192506,-1667.744800413102,2
emp_5182_cleaned,2019,0.9,1743.2858530627434,653.6844563346203,796.3248620045065,-1614.5260370052547,2
emp_5182_cleaned,2019,0.95,1772.4053541437902,511.0955869072641,718.1825226358628,-1501.139590569057,2
emp_5182_cleaned,2019,1.0,1794.3954117534697,368.5067174799078,647.2136976647398,-1327.5854611045143,2
emp_5182_cleaned,2019,1.05,1809.2560258917815,225.91784805255156,586.4267712425517,-1093.8636486116247,2
emp_5182_cleaned,2019,1.1,1816.987196558725,83.3289786251953,538.8301275207177,-799.9741530903902,2
emp_5182_cleaned,2019,1.15,1817.5889237543008,-59.2598908021605,507.43215065065124,-445.91697454081077,2
emp_5182_cleaned,2019,1.2,1811.061207478509,-201.84876022951676,495.24122478377376,-31.692112962882675,2
emp_5182_cleaned,2019,1.25,1797.4040477313488,-344.437629656873,505.26573407150227,442.7004316433922,2
emp_5182_cleaned,2019,1.3,1776.6174445128208,-487.0264990842293,540.5140626652501,977.2606592780139,2
emp_5182_cleaned,2019,1.35,1748.7013978229265,-629.615368511586,603.9945947164433,1571.9885699409751,2
emp_5182_cleaned,2019,1.4,1713.6559076616627,-772.2042379389413,698.7157143764871,2226.8841636322904,1
emp_5182_cleaned,2019,1.45,1671.4809740290311,-914.793107366298,827.6858057968111,2941.9474403519525,1
emp_5182_cleaned,2019,1.5,1622.1765969250332,-1057.3819767936543,993.9132531288233,3717.178400099954,1
emp_5182_cleaned,2019,1.55,1565.7427763496662,-1199.9708462210106,1200.4064405239424,4552.577042876303,1
emp_5182_cleaned,2019,1.6,1502.1795123029315,-1342.5597156483668,1450.1737521335926,5448.143368681001,1
emp_5182_cleaned,2019,1.65,1431.4868047848304,-1485.1485850757222,1746.2235721091838,6403.8773775140435,1
emp_5182_cleaned,2019,1.7,1353.6646537953602,-1627.7374545030784,2091.5642846021365,7419.779069375436,1
emp_5182_cleaned,2020,0.0,0.0,2823.201579930912,0.0,3831.0854528285245,29
emp_5182_cleaned,2020,0.05,139.02371827840724,2737.7471512053785,184.59762736599754,3554.698245379259,22
emp_5182_cleaned,2020,0.1,273.77471512053785,2652.292722479845,355.6576848947142,3289.5826593372863,19
emp_5182_cleaned,2020,0.15,404.2529905263918,2566.8382937543115,513.7437536565144,3035.738694702607,16
emp_5182_cleaned,2020,0.2,530.458544495969,2481.383865028778,659.419414721763,2793.1663514752204,15
emp_5182_cleaned,2020,0.25,652.3913770292696,2395.929436303245,793.2482491608247,2561.865629655126,15
emp_5182_cleaned,2020,0.3,770.0514881262935,2310.4750075777115,915.7938380440639,2341.836529242325,14
emp_5182_cleaned,2020,0.35,883.4388777870406,2225.020578852178,1027.6197624418453,2133.079050236817,13
emp_5182_cleaned,2020,0.4,992.5535460115112,2139.5661501266445,1129.2896034245337,1935.593192638601,11
emp_5182_cleaned,2020,0.45,1097.3954927997052,2054.111721401111,1221.3669420624938,1749.3789564476788,9
emp_5182_cleaned,2020,0.5,1197.9647181516225,1968.6572926755775,1304.4153594260897,1574.4363416640488,8
emp_5182_cleaned,2020,0.55,1294.2612220672631,1883.202863950044,1378.998436585687,1410.7653482877117,5
emp_5182_cleaned,2020,0.6,1386.2850045466269,1797.7484352245108,1445.6797546116493,1258.3659763186677,5
emp_5182_cleaned,2020,0.65,1474.0360655897139,1712.294006498977,1505.0228945743418,1117.2382257569163,5
emp_5182_cleaned,2020,0.7,1557.5144051965244,1626.8395777734438,1557.5914375441291,987.382096602458,4
emp_5182_cleaned,2020,0.75,1636.7200233670583,1541.3851490479103,1603.948964591376,868.7975888552921,3
emp_5182_cleaned,2020,0.8,1711.6529201013154,1455.9307203223768,1644.6590567864464,761.484702515419,3
emp_5182_cleaned,2020,0.85,1782.313095399296,1370.4762915968436,1680.2852951997058,665.4434375828389,3
emp_5182_cleaned,2020,0.9,1848.700549261,1285.0218628713098,1711.3912609015183,580.6737940575522,3
emp_5182_cleaned,2020,0.95,1910.8152816864272,1199.5674341457766,1738.5405349622488,507.175771939558,3
emp_5182_cleaned,2020,1.0,1968.6572926755775,1114.113005420243,1762.2966984522625,444.94937122885585,3
emp_5182_cleaned,2020,1.05,2022.2265822284512,1028.6585766947096,1783.2233324419235,393.99459192544646,3
emp_5182_cleaned,2020,1.1,2071.5231503450486,943.2041479691761,1801.8840180015957,354.3114340293314,3
emp_5182_cleaned,2020,1.15,2116.546997025369,857.7497192436429,1818.8423362016438,325.8998975405084,2
emp_5182_cleaned,2020,1.2,2157.298122269413,772.2952905181096,1834.6618681124344,308.7599824589779,2
emp_5182_cleaned,2020,1.25,2193.77652607718,686.8408617925761,1849.9061948043304,302.8916887847404,2
emp_5182_cleaned,2020,1.3,2225.9822084486705,601.3864330670422,1865.1388973476962,308.2950165177963,2
emp_5182_cleaned,2020,1.35,2253.915169383884,515.9320043415087,1880.923556812898,324.96996565814425,2
emp_5182_cleaned,2020,1.4,2277.575408882821,430.47757561597564,1897.823754270299,352.91653620578563,2
emp_5182_cleaned,2020,1.45,2296.9629269454817,345.02314689044215,1916.4030707902639,392.13472816071953,2
emp_5182_cleaned,2020,1.5,2312.0777235718656,259.56871816490866,1937.2250874431597,442.62454152294595,2
emp_5182_cleaned,2020,1.55,2322.9197987619727,174.11428943937517,1960.8533852993469,504.3859762924649,2
emp_5182_cleaned,2020,1.6,2329.4891525158023,88.65986071384168,1987.8515454291937,577.4190324692781,1
emp_5182_cleaned,2020,1.65,2331.7857848333574,3.2054319883086464,2018.783148903064,661.7237100533839,1
emp_5182_cleaned,2020,1.7,2329.8096957146336,-82.24899673722484,2054.2117767913205,757.3000090447804,1
emp_5182_cleaned,2020,1.75,2323.5608851596344,-167.7034254627588,2094.7010101643295,864.1479294434721,1
emp_5182_cleaned,2020,1.8,2313.039353168358,-253.15785418829228,2140.814430092455,982.2674712494563,1
emp_5182_cleaned,2020,1.85,2298.2450997408046,-338.61228291382577,2193.1156176460645,1111.6586344627312,1
emp_5182_cleaned,2020,1.9,2279.1781248769757,-424.0667116393588,2252.1681538955154,1252.3214190833023,1
emp_5182_cleaned,2020,1.95,2255.838428576869,-509.5211403648923,2318.535619911183,1404.2558251111632,1
emp_5182_cleaned,2020,2.0,2228.226010840486,-594.9755690904258,2392.7815967634215,1567.4618525463184,1
emp_5182_cleaned,2020,2.05,2196.3408716678264,-680.4299978159588,2475.4696655226,1741.9395013887652,1
emp_5182_cleaned,2021,0.0,0.0,2810.945153383584,0.0,4509.90652018893,31
emp_5182_cleaned,2021,0.05,138.88653725754324,2744.5163369181455,217.3977804144414,4187.907533667579,26
emp_5182_cleaned,2021,0.1,274.45163369181455,2678.087520452707,418.98103709464306,3877.325570819339,23
emp_5182_cleaned,2021,0.15,406.69528930281393,2611.658703987268,605.3206212242605,3578.160631644212,20
emp_5182_cleaned,2021,0.2,535.6175040905414,2545.2298875218294,776.9873839869495,3290.412716142197,20
emp_5182_cleaned,2021,0.25,661.2182780549969,2478.801071056391,934.5521765663655,3014.0818243132935,17
emp_5182_cleaned,2021,0.3,783.4976111961804,2412.3722545909523,1078.585850146164,2749.1679561575024,17
emp_5182_cleaned,2021,0.35,902.455503514092,2345.9434381255132,1209.6592559100009,2495.671111674823,16
emp_5182_cleaned,2021,0.4,1018.0919550087317,2279.5146216600747,1328.3432450415316,2253.591290865256,15
emp_5182_cleaned,2021,0.45,1130.4069656800996,2213.085805194636,1435.2086687244118,2022.9284937288007,13
emp_5182_cleaned,2021,0.5,1239.4005355281954,2146.6569887291976,1530.8263781422968,1803.6827202654572,13
emp_5182_cleaned,2021,0.55,1345.0726645530194,2080.228172263759,1615.7672244788428,1595.8539704752257,9
emp_5182_cleaned,2021,0.6,1447.4233527545712,2013.79935579832,1690.6020589177047,1399.4422443581066,7
emp_5182_cleaned,2021,0.65,1546.4526001328513,1947.3705393328814,1755.9017326425385,1214.4475419140986,7
emp_5182_cleaned,2021,0.7,1642.1604066878592,1880.9417228674429,1812.2370968369996,1040.8698631432035,7
emp_5182_cleaned,2021,0.75,1734.5467724195958,1814.512906402004,1860.179002684744,878.7092080454204,5
emp_5182_cleaned,2021,0.8,1823.6116973280598,1748.0840899365655,1900.2983013694268,727.9655766207486,5
emp_5182_cleaned,2021,0.85,1909.355181413252,1681.6552734711267,1933.1658440747042,588.6389688691891,4
emp_5182_cleaned,2021,0.9,1991.7772246751726,1615.2264570056882,1959.352481984231,460.7293847907422,4
emp_5182_cleaned,2021,0.95,2070.877827113821,1548.7976405402496,1979.429066281663,344.23682438540663,4
emp_5182_cleaned,2021,1.0,2146.6569887291976,1482.3688240748108,1993.966448150657,239.16128765318263,4
emp_5182_cleaned,2021,1.05,2219.1147095213023,1415.940007609372,2003.5354787748677,145.50277459407062,3
emp_5182_cleaned,2021,1.1,2288.250989490135,1349.5111911439335,2008.7070093379493,63.26128520807151,3
emp_5182_cleaned,2021,1.15,2354.065828635695,1283.082374678495,2010.051891023559,-7.563180504815591,3
emp_5182_cleaned,2021,1.2,2416.5592269579843,1216.6535582130562,2008.1409750153528,-66.9706225445916,3
emp_5182_cleaned,2021,1.25,2475.731184457001,1150.2247417476176,2003.5451124969857,-114.96104091125562,3
emp_5182_cleaned,2021,1.3,2531.5817011327463,1083.7959252821788,1996.8351546521124,-151.53443560480764,3
emp_5182_cleaned,2021,1.35,2584.1107769852188,1017.36710881674,1988.5819526643907,-176.6908066252472,3
emp_5182_cleaned,2021,1.4,2633.3184120144197,950.9382923513017,1979.3563577174727,-190.43015397257477,3
emp_5182_cleaned,2021,1.45,2679.204606220349,884.5094758858629,1969.729220995017,-192.75247764678898,3
emp_5182_cleaned,2021,1.5,2721.7693596030067,818.0806594204241,1960.2713936806795,-183.65777764789345,3
emp_5182_cleaned,2021,1.55,2761.0126721623915,751.6518429549856,1951.5537269581137,-163.14605397588548,3
emp_5182_cleaned,2021,1.6,2796.9345438985047,685.223026489547,1944.147072010975,-131.21730663076505,3
emp_5182_cleaned,2021,1.65,2829.5349748113463,618.7942100241085,1938.6222800229216,-87.87153561253308,3
emp_5182_cleaned,2021,1.7,2858.8139649009154,552.3653935586694,1935.5502021776078,-33.108740921189565,3
emp_5182_cleaned,2021,1.75,2884.7715141672124,485.9365770932309,1935.501689658688,33.071077443266404,3
emp_5182_cleaned,2021,1.8,2907.407622610239,419.5077606277923,1939.0475936498187,110.66791948083664,3
emp_5182_cleaned,2021,1.85,2926.7222902299923,353.0789441623533,1946.7587653346573,199.6817851915157,3
emp_5182_cleaned,2021,1.9,2942.7155170264737,286.6501276969152,1959.206055896855,300.1126745753081,2
emp_5182_cleaned,2021,1.95,2955.387302999684,220.2213112314762,1976.9603165200742,411.9605876322112,2
emp_5182_cleaned,2021,2.0,2964.7376481496217,153.79249476603763,2000.592398387963,535.2255243622276,2
emp_5182_cleaned,2021,2.05,2970.766552476288,87.36367830059908,2030.6731526841795,669.9074847653555,2
emp_5182_cleaned,2021,2.1,2973.474015979682,20.934861835160063,2067.773430592386,816.006468841595,2
emp_5182_cleaned,2021,2.15,2972.8600386598036,-45.49395463027804,2112.464083296227,973.5224765909461,2
emp_5182_cleaned,2021,2.2,2968.9246205166537,-111.92277109571705,2165.315961979365,1142.4555080134123,2
emp_5182_cleaned,2021,2.25,2961.667761550232,-178.3515875611556,2226.8999178254544,1322.8055631089883,2
emp_5182_cleaned,2021,2.3,2951.089461760538,-244.78040402659417,2297.786802018147,1514.5726418776758,2
emp_5182_cleaned,2021,2.35,2937.189721147572,-311.2092204920332,2378.547465741103,1717.7567443194766,2
emp_5182_cleaned,2021,2.4,2919.968539711335,-377.63803695747174,2469.7527601779802,1932.3578704343872,2
emp_5182_cleaned,2021,2.45,2899.425917451825,-444.06685342291075,2571.9735365124307,2158.376020222413,2
emp_5182_cleaned,2021,2.5,2875.5618543690434,-510.49566988834886,2685.7806459281073,2395.8111936835467,1
emp_5182_cleaned,2021,2.55,2848.3763504629906,-576.9244863537874,2811.7449396086668,2644.6633908177955,1
emp_5182_cleaned,2021,2.6,2817.869405733665,-643.3533028192264,2950.437268737771,2904.932611625154,1
emp_5182_cleaned,2021,2.65,2784.0410201810673,-709.782119284665,3102.428484499067,3176.618856105628,1
emp_5182_cleaned,2021,2.7,2746.891193805198,-776.210935750104,3268.2894380762227,3459.7221242592113,1
emp_5182_cleaned,2021,2.75,2706.4199266060577,-842.6397522155421,3448.590980652876,3754.2424160859064,1
emp_5182_cleaned,2022,0.0,0.0,3585.3886880060018,0.0,7078.169766907289,31
emp_5182_cleaned,2022,0.05,178.00572924256295,3534.840481696516,344.6410816409927,6708.920925152316,27
emp_5182_cleaned,2022,0.1,353.4840481696516,3484.29227538703,671.0368351572217,6348.356641916746,23
emp_5182_cleaned,2022,0.15,526.4349567812659,3433.744069077544,979.6214884746572,5996.476917200579,23
emp_5182_cleaned,2022,0.2,696.858455077406,3383.1958627680574,1270.8292695192697,5653.281751003814,22
emp_5182_cleaned,2022,0.25,864.7545430580717,3332.6476564585714,1545.0944062170288,5318.771143326452,20
emp_5182_cleaned,2022,0.3,1030.123220723263,3282.0994501490854,1802.8511264939048,4992.945094168493,19
emp_5182_cleaned,2022,0.35,1192.9644880729802,3231.5512438395995,2044.5336582758678,4675.8036035299365,18
emp_5182_cleaned,2022,0.4,1353.278345107223,3181.0030375301135,2270.576229488889,4367.346671410783,18
emp_5182_cleaned,2022,0.45,1511.0647918259915,3130.454831220627,2481.413068058937,4067.574297811032,16
emp_5182_cleaned,2022,0.5,1666.3238282292857,3079.906624911141,2677.478401911982,3776.4864827306837,16
emp_5182_cleaned,2022,0.55,1819.0554543171058,3029.358418601655,2859.2064589739953,3494.083226169738,15
emp_5182_cleaned,2022,0.6,1969.2596700894512,2978.810212292169,3027.0314671709452,3220.364528128195,14
emp_5182_cleaned,2022,0.65,2116.9364755463225,2928.262005982683,3181.3876544288046,2955.330388606055,10
emp_5182_cleaned,2022,0.7,2262.0858706877193,2877.713799673197,3322.709248673541,2698.9808076033173,9
emp_5182_cleaned,2022,0.75,2404.7078555136422,2827.165593363711,3451.430477831126,2451.315785119983,8
emp_5182_cleaned,2022,0.8,2544.802430024091,2776.6173870542248,3567.98556982753,2212.3353211560507,8
emp_5182_cleaned,2022,0.85,2682.3695942190648,2726.069180744739,3672.8087525887213,1982.0394157115213,6
emp_5182_cleaned,2022,0.9,2817.409348098565,2675.520974435253,3766.334254040672,1760.428068786395,6
emp_5182_cleaned,2022,0.95,2949.92169166259,2624.972768125767,3848.9963021093504,1547.501280380671,6
emp_5182_cleaned,2022,1.0,3079.906624911141,2574.424561816281,3921.229124720729,1343.25905049435,5
emp_5182_cleaned,2022,1.05,3207.364147844218,2523.8763555067944,3983.4669498007765,1147.7013791274317,5
emp_5182_cleaned,2022,1.1,3332.294260461821,2473.3281491973084,4036.1440052754624,960.8282662799165,5
emp_5182_cleaned,2022,1.15,3454.6969627639487,2422.7799428878225,4079.6945190707575,782.6397119518037,5
emp_5182_cleaned,2022,1.2,3574.572254750603,2372.2317365783365,4114.552719112631,613.1357161430928,4
emp_5182_cleaned,2022,1.25,3691.9201364217824,2321.6835302688505,4141.152833327056,452.3162788537861,4
emp_5182_cleaned,2022,1.3,3806.740607777488,2271.1353239593645,4159.929089640002,300.1814000838808,4
emp_5182_cleaned,2022,1.35,3919.0336688177194,2220.5871176498786,4171.3157159774355,156.73107983337786,4
emp_5182_cleaned,2022,1.4,4028.7993195424756,2170.0389113403926,4175.746940265328,21.965318102278616,4
emp_5182_cleaned,2022,1.45,4136.037559951758,2119.4907050309066,4173.656990429652,-104.11588510941647,3
emp_5182_cleaned,2022,1.5,4240.748390045566,2068.94249872142,4165.480094396378,-221.51252980171103,3
emp_5182_cleaned,2022,1.55,4342.9318098239,2018.3942924119342,4151.650480091473,-330.2246159746028,3
emp_5182_cleaned,2022,1.6,4442.58781928676,1967.846086102448,4132.602375440907,-430.2521436280904,3
emp_5182_cleaned,2022,1.65,4539.716418434145,1917.2978797929622,4108.770008370653,-521.5951127621765,3
emp_5182_cleaned,2022,1.7,4634.317607266056,1866.749673483476,4080.587606806679,-604.2535233768604,3
emp_5182_cleaned,2022,1.75,4726.391385782493,1816.20146717399,4048.4893986749576,-678.2273754721409,3
emp_5182_cleaned,2022,1.8,4815.937753983455,1765.6532608645039,4012.909611901457,-743.5166690480173,3
emp_5182_cleaned,2022,1.85,4902.956711868943,1715.105054555018,3974.2824744121463,-800.1214041044923,3
emp_5182_cleaned,2022,1.9,4987.4482594389565,1664.556848245532,3933.042214132995,-848.0415806415649,3
emp_5182_cleaned,2022,1.95,5069.412396693497,1614.008641936046,3889.6230589899797,-887.2771986592334,3
emp_5182_cleaned,2022,2.0,5148.849123632562,1563.4604356265597,3844.4592369090633,-917.8282581575004,3
emp_5182_cleaned,2022,2.05,5225.7584402561515,1512.912229317074,3797.984975816218,-939.6947591363642,3
emp_5182_cleaned,2022,2.1,5300.140346564269,1462.3640230075875,3750.6345036374178,-952.8767015958256,3
emp_5182_cleaned,2022,2.15,5371.994842556911,1411.8158166981016,3702.842048298625,-957.3740855358838,3
emp_5182_cleaned,2022,2.2,5441.32192823408,1361.2676103886151,3655.04183772582,-953.1869109565378,3
emp_5182_cleaned,2022,2.25,5508.121603595773,1310.7194040791296,3607.668099844962,-940.3151778577922,3
emp_5182_cleaned,2022,2.3,5572.3938686419915,1260.1711977696436,3561.155062582029,-918.7588862396424,2
emp_5182_cleaned,2022,2.35,5634.138723372736,1209.6229914601572,3515.936953862988,-888.5180361020903,2
emp_5182_cleaned,2022,2.4,5693.356167788008,1159.0747851506712,3472.4480016138077,-849.5926274451358,2
emp_5182_cleaned,2022,2.45,5750.046201887804,1108.5265788411853,3431.1224337604635,-801.982660268779,2
emp_5182_cleaned,2022,2.5,5804.208825672126,1057.9783725316993,3392.394478228922,-745.6881345730162,2
emp_5182_cleaned,2022,2.55,5855.844039140973,1007.4301662222133,3356.6983629451515,-680.7090503578529,2
emp_5182_cleaned,2022,2.6,5904.951842294347,956.8819599127269,3324.468315835127,-607.0454076232872,2
emp_5182_cleaned,2022,2.65,5951.532235132247,906.3337536032413,3296.1385648248124,-524.6972063693192,2
emp_5182_cleaned,2022,2.7,5995.585217654672,855.7855472937549,3272.1433378401853,-433.6644465959489,2
emp_5182_cleaned,2022,2.75,6037.110789861623,805.2373409842689,3252.9168628072093,-333.9471283031744,2
emp_5182_cleaned,2022,2.8,6076.108951753098,754.689134674783,3238.8933676518554,-225.54525149099936,2
emp_5182_cleaned,2022,2.85,6112.579703329101,704.140928365297,3230.5070803001017,-108.45881615941471,2
emp_5182_cleaned,2022,2.9,6146.523044589628,653.592722055811,3228.1922286779045,17.31217769156683,2
emp_5182_cleaned,2022,2.95,6177.938975534682,603.0445157463246,3232.383040711251,151.76773006195072,2
emp_5182_cleaned,2022,3.0,6206.827496164261,552.4963094368386,3243.5137443260937,294.90784095173876,2
emp_5182_cleaned,2022,3.05,6233.188606478366,501.9481031273526,3262.018567448413,446.73251036092734,2
emp_5182_cleaned,2022,3.1,6257.022306476996,451.39989681786665,3288.331738004177,607.2417382895219,2
emp_5182_cleaned,2022,3.15,6278.328596160152,400.85169050838067,3322.8874839193522,776.435524737517,2
emp_5182_cleaned,2022,3.2,6297.107475527834,350.30348419889424,3366.120033119918,954.313869704918,2
emp_5182_cleaned,2022,3.25,6313.358944580042,299.75527788940826,3418.463613531836,1140.8767731917178,2
emp_5182_cleaned,2022,3.3,6327.083003316775,249.20707157992274,3480.352453081079,1336.12423519792,2
emp_5182_cleaned,2022,3.35,6338.279651738034,198.6588652704363,3552.22077969362,1540.056255723528,1
emp_5182_cleaned,2022,3.4,6346.9488898438185,148.11065896095033,3634.5028212954203,1752.6728347685348,1
emp_5182_cleaned,2022,3.45,6353.090717634129,97.5624526514639,3727.6328058124636,1973.9739723329512,1
emp_5182_cleaned,2022,3.5,6356.705135108965,47.01424634197838,3832.044961170708,2203.9596684167627,1
emp_5182_cleaned,2022,3.55,6357.792142268327,-3.5339599675075988,3948.173515296123,2442.629923019984,1
emp_5182_cleaned,2022,3.6,6356.351739112214,-54.08216627699403,4076.452696114702,2689.9847361426037,1
emp_5182_cleaned,2022,3.65,6352.383925640627,-104.63037258648001,4217.316731552379,2946.024107784626,1
emp_5182_cleaned,2022,3.7,6345.888701853566,-155.17857889596598,4371.199849535151,3210.748037946054,1
emp_5182_cleaned,2022,3.75,6336.866067751031,-205.72678520545196,4538.536277988973,3484.156526626881,1
emp_5182_cleaned,2022,3.8,6325.316023333021,-256.27499151493794,4719.760244839821,3766.24957382711,1
emp_5182_cleaned,2022,3.85,6311.238568599537,-306.82319782442437,4915.3059780136755,4057.027179546749,1
emp_5182_cleaned,2022,3.9,6294.6337035505785,-357.3714041339099,5125.607705436494,4356.489343785783,1
emp_5182_cleaned,2022,3.95,6275.501428186146,-407.9196104433963,5351.099655034246,4664.636066544223,1
emp_5182_cleaned,2022,4.0,6253.841742506239,-458.4678167528823,5592.216054732904,4981.467347822065,1
emp_5182_cleaned,2022,4.05,6229.654646510857,-509.0160230623683,5849.391132458433,5306.983187619309,1
emp_5182_cleaned,2022,4.1,6202.940140200002,-559.5642293718538,6123.059116136821,5641.183585935956,1
emp_5182_cleaned,2022,4.15,6173.698223573672,-610.1124356813407,6413.654233694033,5984.068542772013,1
emp_5182_cleaned,2022,4.2,6141.928896631869,-660.6606419908267,6721.610713056019,6335.638058127461,1
emp_5182_cleaned,2022,4.25,6107.632159374589,-711.2088483003126,7047.362782148768,6695.892132002318,1
emp_5182_cleaned,2022,4.3,6070.808011801837,-761.7570546097986,7391.344668898229,7064.8307643965745,1
emp_5182_cleaned,2022,4.35,6031.45645391361,-812.3052609192846,7753.990601230413,7442.453955310233,1
emp_5182_cleaned,2022,4.4,5989.577485709908,-862.8534672287715,8135.734807071269,7828.761704743309,1
emp_5182_cleaned,2023,0.0,0.0,3810.036943028195,0.0,7149.599032088228,31
emp_5182_cleaned,2023,0.05,189.28525364414142,3761.373202737462,349.79264105997663,6843.0733832544165,27
emp_5182_cleaned,2023,0.1,376.13732027374624,3712.7094624467295,684.4040156197999,6542.348372082091,23
emp_5182_cleaned,2023,0.15,560.5561998888143,3664.0457221559964,1004.1241555625438,6247.423998571251,23
emp_5182_cleaned,2023,0.2,742.5418924893459,3615.3819818652637,1309.243092771283,5958.300262721896,23
emp_5182_cleaned,2023,0.25,922.0943980753408,3566.718241574531,1600.0508591290914,5674.977164534026,22
emp_5182_cleaned,2023,0.3,1099.2137166467987,3518.0545012837983,1876.8374865190435,5397.454704007641,22
emp_5182_cleaned,2023,0.35,1273.8998482037205,3469.3907609930657,2139.8930068242134,5125.732881142742,18
emp_5182_cleaned,2023,0.4,1446.1527927461057,3420.727020702333,2389.507451927676,4859.811695939327,17
emp_5182_cleaned,2023,0.45,1615.9725502739539,3372.0632804116003,2625.9708537125043,4599.691148397399,17
emp_5182_cleaned,2023,0.5,1783.3591207872655,3323.399540120867,2849.573244061774,4345.371238516956,17
emp_5182_cleaned,2023,0.55,1948.3125042860406,3274.7357998301345,3060.604654858558,4096.851966297997,17
emp_5182_cleaned,2023,0.6,2110.8327007702787,3226.072059539402,3259.3551179859314,3854.133331740525,16
emp_5182_cleaned,2023,0.65,2270.9197102399808,3177.408319248669,3446.1146653269684,3617.215334844537,15
emp_5182_cleaned,2023,0.7,2428.573532695146,3128.7445789579365,3621.1733287647435,3386.097975610035,13
emp_5182_cleaned,2023,0.75,2583.7941681357743,3080.0808386672034,3784.821140182331,3160.781254037018,13
emp_5182_cleaned,2023,0.8,2736.581616561866,3031.4170983764707,3937.348131462804,2941.265170125486,12
emp_5182_cleaned,2023,0.85,2886.935877973421,2982.753358085738,4079.0443344892374,2727.5497238754406,11
emp_5182_cleaned,2023,0.9,3034.85695237044,2934.0896177950053,4210.199781144705,2519.6349152868793,10
emp_5182_cleaned,2023,0.95,3180.344839752922,2885.4258775042726,4331.104503312283,2317.5207443598038,8
emp_5182_cleaned,2023,1.0,3323.399540120867,2836.76213721354,4442.048532875044,2121.207211094213,6
emp_5182_cleaned,2023,1.05,3464.0210534742764,2788.0983969228073,4543.321901716063,1930.6943154901076,6
emp_5182_cleaned,2023,1.1,3602.209379813148,2739.434656632074,4635.214641718413,1745.9820575474873,6
emp_5182_cleaned,2023,1.15,3737.9645191374834,2690.770916341342,4718.01678476517,1567.0704372663538,6
emp_5182_cleaned,2023,1.2,3871.2864714472817,2642.107176050609,4792.018362739406,1393.9594546467051,5
emp_5182_cleaned,2023,1.25,4002.1752367425443,2593.443435759876,4857.509407524198,1226.6491096885409,5
emp_5182_cleaned,2023,1.3,4130.63081502327,2544.779695469143,4914.779951002618,1065.139402391862,5
emp_5182_cleaned,2023,1.35,4256.653206289459,2496.1159551784103,4964.120025057743,909.4303327566681,5
emp_5182_cleaned,2023,1.4,4380.24241054111,2447.4522148876777,5005.819661572644,759.521900782961,5
emp_5182_cleaned,2023,1.45,4501.3984277782265,2398.788474596945,5040.168892430395,615.4141064707378,5
emp_5182_cleaned,2023,1.5,4620.121258000805,2350.1247343062123,5067.457749514077,477.10694981999995,4
emp_5182_cleaned,2023,1.55,4736.410901208848,2301.4609940154796,5087.976264706755,344.6004308307479,4
emp_5182_cleaned,2023,1.6,4850.267357402354,2252.797253724747,5102.014469891508,217.89454950298068,3
emp_5182_cleaned,2023,1.65,4961.690626581322,2204.1335134340143,5109.86239695141,96.98930583669971,3
emp_5182_cleaned,2023,1.7,5070.680708745755,2155.4697731432816,5111.810077769537,-18.115300168095473,3
emp_5182_cleaned,2023,1.75,5177.237603895651,2106.806032852549,5108.147544228959,-127.41926851140624,3
emp_5182_cleaned,2023,1.8,5281.361312031009,2058.142292561816,5099.1648282127535,-230.92259919323214,3
emp_5182_cleaned,2023,1.85,5383.051833151832,2009.4785522710831,5085.151961603993,-328.6252922135727,3
emp_5182_cleaned,2023,1.9,5482.309167258118,1960.8148119803504,5066.3989762857545,-420.52734757242706,3
emp_5182_cleaned,2023,1.95,5579.133314349868,1912.1510716896178,5043.19590414111,-506.62876526979744,3
emp_5182_cleaned,2023,2.0,5673.52427442708,1863.4873313988849,5015.832777053133,-586.929545305682,3
emp_5182_cleaned,2023,2.05,5765.482047489755,1814.8235911081522,4984.599626904897,-661.42968768008,3
emp_5182_cleaned,2023,2.1,5855.006633537895,1766.1598508174193,4949.786485579483,-730.1291923929957,3
emp_5182_cleaned,2023,2.15,5942.098032571497,1717.4961105266866,4911.683384959959,-793.0280594444239,3
emp_5182_cleaned,2023,2.2,6026.756244590563,1668.8323702359535,4870.5803569293985,-850.1262888343681,3
emp_5182_cleaned,2023,2.25,6108.981269595093,1620.1686299452213,4826.76743337088,-901.4238805628256,3
emp_5182_cleaned,2023,2.3,6188.773107585086,1571.5048896544886,4780.534646167476,-946.9208346297974,3
emp_5182_cleaned,2023,2.35,6266.131758560541,1522.8411493637554,4732.172027202257,-986.6171510352833,3
emp_5182_cleaned,2023,2.4,6341.05722252146,1474.1774090730228,4681.969608358304,-1020.5128297792853,3
emp_5182_cleaned,2023,2.45,6413.549499467845,1425.51366878229,4630.217421518687,-1048.6078708618024,3
emp_5182_cleaned,2023,2.5,6483.608589399691,1376.8499284915574,4577.20549856648,-1070.9022742828338,3
emp_5182_cleaned,2023,2.55,6551.2344923169985,1328.1861882008247,4523.223871384762,-1087.3960400423794,3
emp_5182_cleaned,2023,2.6,6616.427208219772,1279.5224479100916,4468.562571856601,-1098.089168140441,3
emp_5182_cleaned,2023,2.65,6679.18673710801,1230.8587076193594,4413.511631865074,-1102.9816585770159,3
emp_5182_cleaned,2023,2.7,6739.513078981709,1182.1949673286263,4358.361083293259,-1102.0735113521077,3
emp_5182_cleaned,2023,2.75,6797.406233840871,1133.5312270378936,4303.400958024221,-1095.364726465712,3
emp_5182_cleaned,2023,2.8,6852.866201685498,1084.867486747161,4248.921287941046,-1082.8553039178314,3
emp_5182_cleaned,2023,2.85,6905.892982515588,1036.2037464564282,4195.212104926799,-1064.545243708466,3
emp_5182_cleaned,2023,2.9,6956.486576331141,987.5400061656956,4142.563440864555,-1040.4345458376156,3
emp_5182_cleaned,2023,2.95,7004.646983132157,938.8762658749624,4091.2653276373967,-1010.5232103052804,3
emp_5182_cleaned,2023,3.0,7050.374202918637,890.2125255842298,4041.6077971283885,-974.8112371114585,3
emp_5182_cleaned,2023,3.05,7093.668235690581,841.5487852934971,3993.88088122061,-933.2986262561517,3
emp_5182_cleaned,2023,3.1,7134.529081447987,792.8850450027644,3948.3746117971314,-885.9853777393582,2
emp_5182_cleaned,2023,3.15,7172.956740190857,744.2213047120317,3905.3790207410293,-832.8714915610817,2
emp_5182_cleaned,2023,3.2,7208.9512119191895,695.5575644212986,3865.1841399353816,-773.9569677213185,2
emp_5182_cleaned,2023,3.25,7242.512496632986,646.8938241305659,3828.080001263257,-709.2418062200704,2
emp_5182_cleaned,2023,3.3,7273.640594332247,598.2300838398337,3794.3566366077284,-638.7260070573375,2
emp_5182_cleaned,2023,3.35,7302.33550501697,549.5663435491006,3764.3040778518825,-562.409570233116,2
emp_5182_cleaned,2023,3.4,7328.5972286871565,500.9026032583679,3738.2123568787792,-480.29249574741334,2
emp_5182_cleaned,2023,3.45,7352.425765342806,452.23886296763476,3716.3715055714983,-392.37478360022214,2
emp_5182_cleaned,2023,3.5,7373.821114983921,403.57512267690254,3699.0715558131124,-298.6564337915479,2
emp_5182_cleaned,2023,3.55,7392.783277610497,354.91138238616986,3686.602539486703,-199.13744632138878,2
emp_5182_cleaned,2023,3.6,7409.312253222537,306.24764209543673,3679.2544884753333,-93.81782118974297,2
emp_5182_cleaned,2023,3.65,7423.40804182004,257.58390180470406,3677.317434662091,17.302441603387706,2
emp_5182_cleaned,2023,3.7,7435.070643403008,208.92016151397138,3681.081409930026,134.22334205800325,2
emp_5182_cleaned,2023,3.75,7444.300057971438,160.2564212232387,3690.8364461622405,256.9448801741037,2
emp_5182_cleaned,2023,3.8,7451.096285525331,111.59268093250603,3706.872575241796,385.4670559516908,2
emp_5182_cleaned,2023,3.85,7455.459326064687,62.9289406417729,3729.4798290517647,519.7898693907591,2
emp_5182_cleaned,2023,3.9,7457.38917958951,14.265200351040676,3758.948239475234,659.913320491316,2
emp_5182_cleaned,2023,3.95,7456.8858460997935,-34.398539939692455,3795.567838395258,805.8374092533631,2
emp_5182_cleaned,2023,4.0,7453.949325595539,-83.06228023042513,3839.628657694928,957.5621356768897,2
emp_5182_cleaned,2023,4.05,7448.579618076748,-131.7260205211578,3891.420729257301,1115.087499761903,2
emp_5182_cleaned,2023,4.1,7440.776723543424,-180.38976081189048,3951.2340849654647,1278.413501508403,2
emp_5182_cleaned,2023,4.15,7430.540641995562,-229.0535011026236,4019.358756702506,1447.540140916386,2
emp_5182_cleaned,2023,4.2,7417.871373433161,-277.7172413933563,4096.084776351472,1622.467417985852,2
emp_5182_cleaned,2023,4.25,7402.768917856225,-326.38098168408897,4181.70217579545,1803.1953327168048,2
emp_5182_cleaned,2023,4.3,7385.233275264753,-375.04472197482164,4276.500986917512,1989.7238851092443,2
emp_5182_cleaned,2023,4.35,7365.264445658742,-423.7084622655543,4380.771241600731,2182.053075163167,2
emp_5182_cleaned,2023,4.4,7342.862429038196,-472.3722025562879,4494.802971728186,2380.1829028785796,2
emp_5182_cleaned,2023,4.45,7318.027225403115,-521.0359428470197,4618.886209182943,2584.1133682554755,2
emp_5182_cleaned,2023,4.5,7290.758834753497,-569.6996831377523,4753.310985848097,2793.8444712938544,1
emp_5182_cleaned,2023,4.55,7261.05725708934,-618.363423428485,4898.367333606697,3009.37621199372,1
emp_5182_cleaned,2023,4.6,7228.9224924106475,-667.0271637192177,5054.345284341827,3230.7085903550724,1
emp_5182_cleaned,2023,4.65,7194.354540717417,-715.6909040099513,5221.534869936557,3457.8416063779077,1
emp_5182_cleaned,2023,4.7,7157.35340200965,-764.354644300684,5400.226122273969,3690.7752600622334,1
emp_5182_cleaned,2023,4.75,7117.919076287348,-813.0183845914166,5590.7090732371435,3929.5095514080385,1
emp_5182_cleaned,2023,4.8,7076.051563550507,-861.6821248821493,5793.273754709131,4174.04448041533,1
emp_5182_cleaned,2023,4.85,7031.750863799136,-910.345865172882,6008.210198573019,4424.380047084109,1
emp_5182_cleaned,2023,4.9,6985.016977033221,-959.0096054636147,6235.808436711901,4680.516251414374,1
emp_5182_cleaned,2023,4.95,6935.849903252774,-1007.6733457543473,6476.358501008828,4942.453093406119,1
emp_5182_cleaned,2023,5.0,6884.249642457788,-1056.33708604508,6730.150423346866,5210.1905730593535,1
emp_5182_cleaned,2023,5.05,6830.216194648265,-1105.0008263358127,6997.47423560913,5483.728690374071,1
emp_5182_cleaned,2023,5.1,6773.749559824204,-1153.6645666265454,7278.619969678635,5763.067445350276,1
emp_5182_cleaned,2023,5.15,6714.849737985609,-1202.328306917279,7573.877657438512,6048.206837987967,1
emp_5182_cleaned,2023,5.2,6653.516729132476,-1250.9920472080116,7883.537330771789,6339.146868287142,1
emp_5182_cleaned,2023,5.25,6589.750533264807,-1299.6557874987443,8207.889021561576,6635.887536247799,1
emp_5182_cleaned,2023,5.3,6523.551150382604,-1348.319527789476,8547.222761690922,6938.428841869947,1
emp_5182_cleaned,2023,5.35,6454.918580485863,-1396.9832680802087,8901.828583042916,7246.770785153574,1
emp_5182_cleaned,2023,5.4,6383.852823574583,-1445.6470083709423,9271.996517500651,7560.913366098692,1
emp_5182_cleaned,2024,0.0,0.0,2797.7176678983888,0.0,5284.767918999835,31
emp_5182_cleaned,2024,0.05,139.19658304317983,2770.1456538288044,259.3642819242426,5090.322258114033,31
emp_5182_cleaned,2024,0.1,277.01456538288045,2742.57363975922,509.0841158258197,4898.989998093214,28
emp_5182_cleaned,2024,0.15,413.45394701910186,2715.0016256896356,749.3151717479803,4710.771138937382,24
emp_5182_cleaned,2024,0.2,548.514727951844,2687.4296116200517,980.2131197339744,4525.665680646535,23
emp_5182_cleaned,2024,0.25,682.196908181107,2659.8575975504673,1201.9336298270503,4343.673623220675,23
emp_5182_cleaned,2024,0.3,814.5004877068908,2632.285583480883,1414.6323720704581,4164.7949666598,23
emp_5182_cleaned,2024,0.35,945.4254665291952,2604.7135694112985,1618.4650165074468,3989.0297109639096,23
emp_5182_cleaned,2024,0.4,1074.9718446480206,2577.141555341714,1813.5872331812657,3816.3778561330055,20
emp_5182_cleaned,2024,0.45,1203.1396220633667,2549.5695412721298,2000.154692135164,3646.839402167087,20
emp_5182_cleaned,2024,0.5,1329.9287987752336,2521.997527202546,2178.323063412391,3480.4143490661545,18
emp_5182_cleaned,2024,0.55,1455.3393747836215,2494.4255131329614,2348.2480170561957,3317.102696830207,18
emp_5182_cleaned,2024,0.6,1579.3713500885297,2466.853499063377,2510.085223109828,3156.9044454592454,17
emp_5182_cleaned,2024,0.65,1702.024724689959,2439.2814849937927,2663.9903516165364,2999.8195949532696,16
emp_5182_cleaned,2024,0.7,1823.2994985879088,2411.7094709242083,2810.119072619571,2845.848145312279,15
emp_5182_cleaned,2024,0.75,1943.1956717823798,2384.137456854624,2948.627056162181,2694.990096536274,15
emp_5182_cleaned,2024,0.8,2061.7132442733714,2356.5654427850395,3079.6699722876156,2547.245448625255,14
emp_5182_cleaned,2024,0.85,2178.8522160608836,2328.9934287154556,3203.403491039123,2402.6142015792216,14
emp_5182_cleaned,2024,0.9,2294.612587144917,2301.421414645871,3319.983282459954,2261.0963553981737,13
emp_5182_cleaned,2024,0.95,2408.994357525471,2273.849400576287,3429.565016593356,2122.691910082111,13
emp_5182_cleaned,2024,1.0,2521.997527202546,2246.2773865067024,3532.3043634825813,1987.4008656310343,13
emp_5182_cleaned,2024,1.05,2633.622096176141,2218.705372437118,3628.3569931708766,1855.2232220449428,13
emp_5182_cleaned,2024,1.1,2743.8680644462574,2191.1333583675337,3717.878575701492,1726.158979323838,12
emp_5182_cleaned,2024,1.15,2852.7354320128943,2163.5613442979493,3801.024781117676,1600.2081374677182,12
emp_5182_cleaned,2024,1.2,2960.2241988760525,2135.9893302283654,3877.95127946268,1477.3706964765836,11
emp_5182_cleaned,2024,1.25,3066.334365035731,2108.417316158781,3948.8137407797512,1357.6466563504346,9
emp_5182_cleaned,2024,1.3,3171.0659304919304,2080.8453020891966,4013.76783511214,1241.036017089272,9
emp_5182_cleaned,2024,1.35,3274.4188952446507,2053.273288019612,4072.969232503095,1127.5387786930942,9
emp_5182_cleaned,2024,1.4,3376.3932592938913,2025.7012739500278,4126.573602995866,1017.1549411619023,8
emp_5182_cleaned,2024,1.45,3476.9890226396537,1998.1292598804437,4174.7366166337015,909.8845044956968,7
emp_5182_cleaned,2024,1.5,3576.206185281936,1970.5572458108593,4217.613943459852,805.7274686944756,7
emp_5182_cleaned,2024,1.55,3674.0447472207397,1942.985231741275,4255.361253517565,704.6838337582403,7
emp_5182_cleaned,2024,1.6,3770.5047084560633,1915.4132176716907,4288.134216850093,606.7535996869915,5
emp_5182_cleaned,2024,1.65,3865.5860689879087,1887.8412036021064,4316.08850350068,511.9367664807278,4
emp_5182_cleaned,2024,1.7,3959.288828816274,1860.269189532522,4339.3797835125815,420.23333413944897,4
emp_5182_cleaned,2024,1.75,4051.6129879411606,1832.6971754629376,4358.163726929042,331.6433026631571,4
emp_5182_cleaned,2024,1.8,4142.558546362568,1805.1251613933532,4372.596003793315,246.1666720518499,4
emp_5182_cleaned,2024,1.85,4232.125504080495,1777.553147323769,4382.832284148643,163.80344230552828,4
emp_5182_cleaned,2024,1.9,4320.313861094945,1749.981133254185,4389.028238038282,84.55361342419246,4
emp_5182_cleaned,2024,1.95,4407.123617405914,1722.4091191846005,4391.339535505481,8.41718540784268,4
emp_5182_cleaned,2024,2.0,4492.554773013405,1694.8371051150161,4389.921846593484,-64.60584174352198,4
emp_5182_cleaned,2024,2.05,4576.607327917416,1667.265091045432,4384.930841345544,-134.5154680299006,4
emp_5182_cleaned,2024,2.1,4659.281282117948,1639.6930769758474,4376.522189804911,-201.311693451295,3
emp_5182_cleaned,2024,2.15,4740.576635615002,1612.1210629062632,4364.851562014831,-264.9945180077016,3
emp_5182_cleaned,2024,2.2,4820.493388408575,1584.5490488366788,4350.074628018556,-325.56394169912346,3
emp_5182_cleaned,2024,2.25,4899.031540498669,1556.9770347670947,4332.347057859336,-383.0199645255607,3
emp_5182_cleaned,2024,2.3,4976.191091885284,1529.4050206975103,4311.824521580416,-437.36258648701096,3
emp_5182_cleaned,2024,2.35,5051.972042568419,1501.833006627926,4288.66268922505,-488.59180758347566,3
emp_5182_cleaned,2024,2.4,5126.374392548077,1474.2609925583417,4263.017230836485,-536.7076278149561,3
emp_5182_cleaned,2024,2.45,5199.398141824254,1446.6889784887571,4235.04381645797,-581.7100471814497,3
emp_5182_cleaned,2024,2.5,5271.043290396952,1419.116964419173,4204.898116132757,-623.5990656829595,3
emp_5182_cleaned,2024,2.55,5341.309838266171,1391.5449503495888,4172.7357999040905,-662.3746833194814,3
emp_5182_cleaned,2024,2.6,5410.19778543191,1363.9729362800042,4138.712537815223,-698.0369000910177,3
emp_5182_cleaned,2024,2.65,5477.707131894172,1336.40092221042,4102.983999909406,-730.5857159975703,3
emp_5182_cleaned,2024,2.7,5543.8378776529535,1308.8289081408357,4065.705856229884,-760.021131039136,3
emp_5182_cleaned,2024,2.75,5608.590022708255,1281.2568940712513,4027.033776819909,-786.3431452157156,3
emp_5182_cleaned,2024,2.8,5671.963567060078,1253.6848800016671,3987.123431722731,-809.5517585273119,3
emp_5182_cleaned,2024,2.85,5733.958510708422,1226.1128659320827,3946.1304909815944,-829.6469709739204,3
emp_5182_cleaned,2024,2.9,5794.5748536532865,1198.5408518624986,3904.2106246397534,-846.6287825555428,3
emp_5182_cleaned,2024,2.95,5853.812595894671,1170.968837792914,3861.519502740457,-860.4971932721828,3
emp_5182_cleaned,2024,3.0,5911.671737432578,1143.3968237233298,3818.212795326952,-871.2522031238341,3
emp_5182_cleaned,2024,3.05,5968.152278267005,1115.8248096537457,3774.44617244249,-878.8938121105002,3
emp_5182_cleaned,2024,3.1,6023.254218397953,1088.252795584161,3730.375304130317,-883.4220202321821,3
emp_5182_cleaned,2024,3.15,6076.97755782542,1060.680781514577,3686.155860433688,-884.8368274888771,3
emp_5182_cleaned,2024,3.2,6129.32229654941,1033.1087674449925,3641.943511395848,-883.1382338805861,3
emp_5182_cleaned,2024,3.25,6180.28843456992,1005.5367533754084,3597.893927060046,-878.3262394073117,3
emp_5182_cleaned,2024,3.3,6229.875971886951,977.964739305824,3554.1627774695326,-870.4008440690495,3
emp_5182_cleaned,2024,3.35,6278.084908500503,950.3927252362396,3510.905732667561,-859.3620478658022,3
emp_5182_cleaned,2024,3.4,6324.915244410575,922.8207111666554,3468.278462697369,-845.2098507975716,3
emp_5182_cleaned,2024,3.45,6370.366979617167,895.2486970970708,3426.436637602217,-827.9442528643503,3
emp_5182_cleaned,2024,3.5,6414.440114120282,867.6766830274867,3385.5359274253497,-807.5652540661486,3
emp_5182_cleaned,2024,3.55,6457.134647919917,840.1046689579025,3345.7320022100193,-784.0728544029598,3
emp_5182_cleaned,2024,3.6,6498.450581016073,812.5326548883179,3307.180531999471,-757.4670538747841,3
emp_5182_cleaned,2024,3.65,6538.387913408747,784.9606408187337,3270.037186836953,-727.7478524816252,3
emp_5182_cleaned,2024,3.7,6576.946645097945,757.3886267491494,3234.457636765723,-694.9152502234774,3
emp_5182_cleaned,2024,3.75,6614.126776083664,729.816612679565,3200.597551829025,-658.9692471003436,3
emp_5182_cleaned,2024,3.8,6649.928306365902,702.244598609981,3168.612602070103,-619.9098431122275,3
emp_5182_cleaned,2024,3.85,6684.351235944661,674.6725845403962,3138.658457532214,-577.7370382591234,3
emp_5182_cleaned,2024,3.9,6717.395564819942,647.1005704708123,3110.890788258612,-532.450832541037,3
emp_5182_cleaned,2024,3.95,6749.061292991742,619.5285564012279,3085.465264292534,-484.0512259579609,2
emp_5182_cleaned,2024,4.0,6779.3484204600645,591.9565423316435,3062.5375556772306,-432.53821850990244,2
emp_5182_cleaned,2024,4.05,6808.256947224908,564.3845282620591,3042.263332455952,-377.9118101968543,2
emp_5182_cleaned,2024,4.1,6835.78687328627,536.8125141924752,3024.7982646719574,-320.1720010188237,2
emp_5182_cleaned,2024,4.15,6861.938198644155,509.24050012289035,3010.2980223684954,-259.31879097580895,2
emp_5182_cleaned,2024,4.2,6886.710923298559,481.66848605330597,2998.9182755887996,-195.35218006780815,2
emp_5182_cleaned,2024,4.25,6910.105047249485,454.09647198372204,2990.8146943761258,-128.27216829481767,2
emp_5182_cleaned,2024,4.3,6932.1205704969325,426.52445791413766,2986.1429487737296,-58.078755656844805,2
emp_5182_cleaned,2024,4.35,6952.757493040899,398.9524438445533,2985.0587088248576,15.228057846112279,2
emp_5182_cleaned,2024,4.4,6972.015814881387,371.3804297749689,2987.71764457276,91.64827221406085,2
emp_5182_cleaned,2024,4.45,6989.8955360183945,343.8084157053845,2994.275426060678,171.18188744699,2
emp_5182_cleaned,2024,4.5,7006.396656451925,316.2364016358006,3004.887723331878,253.8289035449052,2
emp_5182_cleaned,2024,4.55,7021.519176181977,288.6643875662162,3019.710206429594,339.5893205078082,2
emp_5182_cleaned,2024,4.6,7035.263095208547,261.0923734966318,3038.898545397071,428.46313833569366,2
emp_5182_cleaned,2024,4.65,7047.628413531639,233.52035942704742,3062.6084102775785,520.4503570285669,2
emp_5182_cleaned,2024,4.7,7058.61513115125,205.94834535746304,3090.9954711143437,615.5509765864281,2
emp_5182_cleaned,2024,4.75,7068.223248067386,178.37633128787866,3124.2153979506293,713.7649970092698,2
emp_5182_cleaned,2024,4.8,7076.45276428004,150.80431721829473,3162.4238608296873,815.0924182970994,2
emp_5182_cleaned,2024,4.85,7083.303679789215,123.23230314871034,3205.776529794759,919.5332404499168,2
emp_5182_cleaned,2024,4.9,7088.77599459491,95.6602890791255,3254.4290748890926,1027.0874634677184,2
emp_5182_cleaned,2024,4.95,7092.869708697127,68.08827500954158,3308.537166155951,1137.7550873505024,2
emp_5182_cleaned,2024,5.0,7095.584822095865,40.51626093995719,3368.256473638565,1251.5361120982725,2
emp_5182_cleaned,2024,5.05,7096.9213347911245,12.944246870372808,3433.742667380193,1368.4305377110322,2
emp_5182_cleaned,2024,5.1,7096.879246782902,-14.627767199211121,3505.15141742408,1488.4383641887744,2
emp_5182_cleaned,2024,5.15,7095.458558071202,-42.19978126879596,3582.6383938134895,1611.5595915315025,2
emp_5182_cleaned,2024,5.2,7092.659268656022,-69.77179533838034,3666.359266591644,1737.7942197392222,2
emp_5182_cleaned,2024,5.25,7088.4813785373635,-97.34380940796427,3756.4697058018282,1867.1422488119206,2
emp_5182_cleaned,2024,5.3,7082.924887715227,-124.91582347754866,3853.1253814872543,1999.603678749605,2
emp_5182_cleaned,2024,5.35,7075.9897961896095,-152.48783754713304,3956.4819636912,2135.1785095522755,2
emp_5182_cleaned,2024,5.4,7067.676103960513,-180.05985161671742,4066.695122456902,2273.8667412199356,2
emp_5182_cleaned,2024,5.45,7057.983811027937,-207.6318656863018,4183.920527827617,2415.6683737525746,2
emp_5182_cleaned,2024,5.5,7046.912917391883,-235.2038797558862,4308.313849846574,2560.5834071502068,2
emp_5182_cleaned,2024,5.55,7034.46342305235,-262.7758938254701,4440.030758557048,2708.6118414128177,2
emp_5182_cleaned,2024,5.6,7020.635328009335,-290.3479078950545,4579.22692400228,2859.7536765404147,2
emp_5182_cleaned,2024,5.65,7005.428632262843,-317.9199219646389,4726.058016225499,3014.008912533005,2
emp_5182_cleaned,2024,5.7,6988.843335812871,-345.4919360342233,4880.679705269991,3171.377549390574,2
emp_5182_cleaned,2024,5.75,6970.879438659422,-373.06395010380766,5043.2476611789825,3331.8595871131292,2
emp_5182_cleaned,2024,5.8,6951.536940802491,-400.6359641733916,5213.917553995714,3495.455025700674,2
emp_5182_cleaned,2024,5.85,6930.815842242082,-428.20797824297597,5392.8450537634635,3662.1638651531975,2
emp_5182_cleaned,2024,5.9,6908.716142978192,-455.7799923125608,5580.185830525457,3831.9861054707108,2
emp_5182_cleaned,2024,5.95,6885.237843010824,-483.35200638214474,5776.095554324951,4004.9217466532136,2
emp_5182_cleaned,2024,6.0,6860.38094233998,-510.9240204517291,5980.729895205193,4180.970788700695,2
emp_5182_cleaned,2024,6.05,6834.145440965653,-538.4960345213135,6194.24452320944,4360.133231613163,2
emp_5182_cleaned,2024,6.1,6806.531338887849,-566.0680485908974,6416.795108380931,4542.40907539062,2
emp_5182_cleaned,2024,6.15,6777.538636106563,-593.6400626604823,6648.537320762924,4727.798320033064,2
emp_5182_cleaned,2024,6.2,6747.167332621799,-621.2120767300667,6889.626830398651,4916.300965540489,2
emp_5182_cleaned,2024,6.25,6715.417428433559,-648.7840907996506,7140.219307331383,5107.917011912905,1
emp_5182_cleaned,2024,6.3,6682.288923541833,-676.356104869235,7400.470421604354,5302.646459150299,1
emp_5182_cleaned,2024,6.35,6647.781817946632,-703.9281189388194,7670.535843260834,5500.489307252683,1
emp_5182_cleaned,2024,6.4,6611.8961116479495,-731.5001330084037,7950.571242344049,5701.4455562200565,1
emp_517,2017,0.0,0.0,1037.3235729313335,0.0,-1966.8238059999449,21
emp_517,2017,0.05,37.87495337340071,477.67456200469474,-63.25777564077448,-635.2873839382224,11
emp_517,2017,0.1,47.767456200469475,-81.97444892194403,-70.70875482454102,265.44805228037296,8
emp_517,2017,0.15,29.677508481206303,-641.6234598485828,-43.89298684345597,735.3825026558413,6
emp_517,2017,0.2,-16.394889784388823,-1201.2724707752216,-4.350520989675601,774.5159671881825,3
emp_517,2017,0.25,-90.44973859631585,-1760.9214817018603,26.378593444643514,382.84844587739735,2
emp_517,2017,0.3,-192.48703795457482,-2320.570492628499,26.75430716734536,-439.6200612765151,2
emp_517,2017,0.35,-322.50678785916574,-2880.2195035551376,-24.763429113726716,-1692.8895542735536,2
emp_517,2017,0.4,-480.50898831008874,-3439.8685144817764,-149.71466469072902,-3376.9600331137244,2
emp_517,2017,0.45,-666.4936393073435,-3999.517525408415,-369.6394488558176,-5491.831497797015,1
emp_517,2017,0.5,-880.4607408509302,-4559.166536335054,-706.0778309011494,-8037.503948323436,1
emp_517,2017,0.55,-1122.410292940849,-5118.815547261694,-1180.5698601188815,-11013.97738469299,1
emp_517,2018,0.0,0.0,-8566.596171291145,0.0,-3267.914912422392,26
emp_517,2018,0.05,-408.78135158486987,-7784.657892103649,-194.72657971898474,-4480.15236756176,16
emp_517,2018,0.1,-778.4657892103648,-7002.719612916153,-443.9156458786524,-5446.414370049707,14
emp_517,2018,0.15,-1109.053312876485,-6220.781333728657,-735.2684258464317,-6166.7009198862315,11
emp_517,2018,0.2,-1400.5439225832306,-5438.843054541161,-1056.4861469897517,-6641.0120170713335,9
emp_517,2018,0.25,-1652.9376183306013,-4656.904775353665,-1395.2700366760412,-6869.347661605014,5
emp_517,2018,0.3,-1866.234400118597,-3874.9664961661692,-1739.3213222727295,-6851.707853487273,5
emp_517,2018,0.35,-2040.4342679472184,-3093.0282169786733,-2076.341231147245,-6588.09259271811,3
emp_517,2018,0.4,-2175.5372218164644,-2311.0899377911774,-2394.0309906670172,-6078.501879297523,3
emp_517,2018,0.45,-2271.543261726336,-1529.1516586036814,-2680.0918281994736,-5322.935713225517,2
emp_517,2018,0.5,-2328.4523876768326,-747.2133794161855,-2922.2249711120444,-4321.394094502088,2
emp_517,2018,0.55,-2346.2645996679544,34.72489977131045,-3108.1316467721585,-3073.8770231272356,2
emp_517,2018,0.6,-2324.9798976997013,816.6631789588064,-3225.513082547245,-1580.3844991009646,2
emp_517,2018,0.65,-2264.598281772074,1598.6014581463023,-3262.0705058047306,159.08347757673255,2
emp_517,2018,0.7,-2165.1197518850718,2380.5397373337983,-3205.505143912049,2144.526906905845,2
emp_517,2018,0.75,-2026.544308038694,3162.478016521294,-3043.5182242366227,4375.945788886387,1
emp_517,2018,0.8,-1848.8719502329413,3944.41629570879,-2763.8109741458848,6853.340123518352,1
emp_517,2018,0.85,-1632.1026784678152,4726.354574896286,-2354.084621007263,9576.709910801725,1
emp_517,2018,0.9,-1376.2364927433136,5508.292854083782,-1802.040392188188,12546.055150736534,1
emp_517,2018,0.95,-1081.2733930594368,6290.231133271278,-1095.379515056089,15761.375843322763,1
emp_517,2018,1.0,-747.2133794161855,7072.169412458774,-221.80321697838735,19222.67198856041,1
emp_517,2019,0.0,0.0,-5035.797664887168,0.0,-2170.2142796461158,27
emp_517,2019,0.05,-246.98873172808766,-4843.751604236338,-121.28033206410855,-2672.5792265836003,19
emp_517,2019,0.1,-484.37516042363376,-4651.705543585507,-266.4159450248974,-3124.425515513328,17
emp_517,2019,0.15,-712.1592860866384,-4459.659482934678,-432.8809059819787,-3525.753146435298,15
emp_517,2019,0.2,-930.3411087171015,-4267.613422283847,-618.1492820349647,-3876.562119349512,15
emp_517,2019,0.25,-1138.9206283150231,-4075.567361633017,-819.6951402834673,-4176.852434255969,12
emp_517,2019,0.3,-1337.8978448804032,-3883.5213009821864,-1034.9925478270989,-4426.624091154667,12
emp_517,2019,0.35,-1527.2727584132417,-3691.475240331356,-1261.5155717654713,-4625.877090045611,10
emp_517,2019,0.4,-1707.0453689135388,-3499.4291796805255,-1496.7382791981975,-4774.611430928795,6
emp_517,2019,0.45,-1877.2156763812943,-3307.3831190296955,-1738.1347372248883,-4872.827113804225,6
emp_517,2019,0.5,-2037.7836808165084,-3115.3370583788655,-1983.179012945157,-4920.524138671895,5
emp_517,2019,0.55,-2188.749382219181,-2923.2909977280347,-2229.345173458615,-4917.70250553181,4
emp_517,2019,0.6,-2330.112780589312,-2731.2449370772047,-2474.1072858648754,-4864.3622143839675,3
emp_517,2019,0.65,-2461.8738759269013,-2539.198876426374,-2714.9394172635493,-4760.503265228368,3
emp_517,2019,0.7,-2584.032668231949,-2347.1528157755442,-2949.315634754249,-4606.125658065013,3
emp_517,2019,0.75,-2696.5891575044557,-2155.106755124714,-3174.7100054365883,-4401.229392893898,2
emp_517,2019,0.8,-2799.543343744421,-1963.0606944738834,-3388.5965964101774,-4145.8144697150265,2
emp_517,2019,0.85,-2892.895226951844,-1771.0146338230534,-3588.449474774628,-3839.8808885284016,2
emp_517,2019,0.9,-2976.644807126726,-1578.968573172223,-3771.7427076295544,-3483.428649334017,2
emp_517,2019,0.95,-3050.792084269066,-1386.922512521393,-3935.9503620745672,-3076.457752131875,2
emp_517,2019,1.0,-3115.3370583788655,-1194.8764518705625,-4078.546505209279,-2618.9681969219764,2
emp_517,2019,1.05,-3170.2797294561233,-1002.8303912197321,-4197.005204133302,-2110.9599837043206,2
emp_517,2019,1.1,-3215.6200975008383,-810.7843305689012,-4288.800525946248,-1552.4331124789078,2
emp_517,2019,1.15,-3251.3581625130128,-618.7382699180716,-4351.406537747729,-943.3875832457416,2
emp_517,2019,1.2,-3277.493924492646,-426.6922092672412,-4382.297306637361,-283.8233960048128,2
emp_517,2019,1.25,-3294.0273834397376,-234.64614861641076,-4378.94689971475,426.2594492438693,2
emp_517,2019,1.3,-3300.9585393542866,-42.600087965580315,-4338.82938407951,1186.8609525003121,2
emp_517,2019,1.35,-3298.287392236295,149.44597268525013,-4259.418826831257,1997.9811137645083,2
emp_517,2019,1.4,-3286.013942085762,341.49203333607966,-4138.189295069598,2859.6199330364616,1
emp_517,2019,1.45,-3264.1381889026866,533.5380939869101,-3972.6148558941477,3771.7774103161755,1
emp_517,2019,1.5,-3232.6601326870705,725.5841546377405,-3760.169576404516,4734.453545603639,1
emp_517,2019,1.55,-3191.5797734389125,917.630215288571,-3498.32752370032,5747.648338898871,1
emp_517,2019,1.6,-3140.897111158213,1109.6762759394014,-3184.562764881168,6811.361790201856,1
emp_517,2019,1.65,-3080.6121458449743,1301.722336590231,-2816.3493670466687,7925.593899512587,1
emp_517,2019,1.7,-3010.7248774991904,1493.7683972410614,-2391.161397296444,9090.344666831083,1
emp_517,2020,0.0,0.0,-5371.146092783046,0.0,-8191.026663261858,29
emp_517,2020,0.05,-263.33882072492435,-5162.4067362139285,-390.84654677613656,-7448.091207847851,22
emp_517,2020,0.1,-516.2406736213928,-4953.66737964481,-745.3347207912099,-6736.691752819325,19
emp_517,2020,0.15,-758.7055586894054,-4744.928023075693,-1065.0413220644937,-6056.828298176279,16
emp_517,2020,0.2,-990.7334759289621,-4536.188666506575,-1351.5431506152627,-5408.500843918712,15
emp_517,2020,0.25,-1212.324425340063,-4327.449309937458,-1606.4170064627897,-4791.709390046626,15
emp_517,2020,0.3,-1423.478406922708,-4118.70995336834,-1831.23968962635,-4206.45393656002,14
emp_517,2020,0.35,-1624.195420676897,-3909.970596799222,-2027.5880001252165,-3652.734483458893,13
emp_517,2020,0.4,-1814.47546660263,-3701.231240230105,-2197.038737978664,-3130.551030743246,11
emp_517,2020,0.45,-1994.3185446999073,-3492.491883660987,-2341.168703205966,-2639.903578413079,9
emp_517,2020,0.5,-2163.724654968729,-3283.7525270918695,-2461.5546958263963,-2180.7921264683923,8
emp_517,2020,0.55,-2322.6937974090943,-3075.013170522752,-2559.7735158592295,-1753.2166749091853,5
emp_517,2020,0.6,-2471.225972021004,-2866.2738139536345,-2637.4019633237394,-1357.1772237354594,5
emp_517,2020,0.65,-2609.3211788044578,-2657.5344573845164,-2696.0168382391994,-992.6737729472102,5
emp_517,2020,0.7,-2736.979417759456,-2448.795100815399,-2737.1949406248855,-659.706322544444,4
emp_517,2020,0.75,-2854.200688885998,-2240.0557442462814,-2762.513070500069,-358.27487252715673,3
emp_517,2020,0.8,-2960.9849921840832,-2031.3163876771637,-2773.548027884026,-88.37942289534976,3
emp_517,2020,0.85,-3057.332327653715,-1822.5770311080464,-2771.8766127960284,149.98002635097782,3
emp_517,2020,0.9,-3143.242695294888,-1613.8376745389282,-2759.075625255353,356.8034752118265,3
emp_517,2020,0.95,-3218.7160951076066,-1405.098317969811,-2736.7218652812703,532.090923687193,3
emp_517,2020,1.0,-3283.7525270918695,-1196.3589614006933,-2706.392132893058,675.8423717770811,3
emp_517,2020,1.05,-3338.351991247677,-987.6196048315751,-2669.6632281099874,788.0578194814889,3
emp_517,2020,1.1,-3382.5144875750266,-778.8802482624578,-2628.1119509513333,868.7372668004155,3
emp_517,2020,1.15,-3416.240016073922,-570.1408916933406,-2583.3151014363702,917.8807137338645,2
emp_517,2020,1.2,-3439.5285767443615,-361.4015351242233,-2536.849479584372,935.4881602818296,2
emp_517,2020,1.25,-3452.380169586344,-152.66217855510513,-2490.291885414611,921.5596064443198,2
emp_517,2020,1.3,-3454.7947945998717,56.07717801401304,-2445.219118946363,876.0950522213298,2
emp_517,2020,1.35,-3446.7724517849433,264.8165345831303,-2403.207980198905,799.0944976128558,2
emp_517,2020,1.4,-3428.313141141559,473.55589115224757,-2365.8352691915043,690.5579426189051,2
emp_517,2020,1.45,-3399.4168626697183,682.2952477213648,-2334.677785943436,550.4853872394706,2
emp_517,2020,1.5,-3360.083616369422,891.034604290483,-2311.31233047398,378.8768314745612,2
emp_517,2020,1.55,-3310.3134022406703,1099.7739608596012,-2297.315702802407,175.73227532416968,2
emp_517,2020,1.6,-3250.106220283461,1308.5133174287184,-2294.2647029479904,-58.94828121170394,1
emp_517,2020,1.65,-3179.462070497799,1517.2526739978357,-2303.7361309300013,-325.1648381330524,1
emp_517,2020,1.7,-3098.38095288368,1725.992030566953,-2327.306786767718,-622.917395439883,1
emp_517,2020,1.75,-3006.862867441102,1934.7313871360711,-2366.553470480416,-952.2059531321938,1
emp_517,2020,1.8,-2904.907814170071,2143.4707437051893,-2423.0529820873635,-1313.030511209985,1
emp_517,2020,1.85,-2792.5157930705836,2352.2101002743066,-2498.3821216078377,-1705.3910696732564,1
emp_517,2020,1.9,-2669.6868041426396,2560.949456843424,-2594.1176890611114,-2129.287628522008,1
emp_517,2020,1.95,-2536.420847386242,2769.688813412541,-2711.836484466463,-2584.72018775624,1
emp_517,2020,2.0,-2392.7179228013865,2978.4281699816593,-2853.1153078431616,-3071.688747375949,1
emp_517,2020,2.05,-2238.5780303880747,3187.1675265507756,-3019.5309592104786,-3590.193307381138,1
emp_517,2021,0.0,0.0,-3553.8009206019815,0.0,-7474.044484201912,31
emp_517,2021,0.05,-175.0506017154517,-3448.223148016086,-356.21022174542423,-6778.7550596708315,26
emp_517,2021,0.1,-344.8223148016086,-3342.64537543019,-678.3145733726609,-6109.809679474405,23
emp_517,2021,0.15,-509.31513925847065,-3237.0676028442945,-967.6302570984421,-5467.208343612634,20
emp_517,2021,0.2,-668.5290750860381,-3131.489830258399,-1225.474475139502,-4850.9510520855165,20
emp_517,2021,0.25,-822.4641222843105,-3025.912057672503,-1453.1644297125715,-4261.037804893053,17
emp_517,2021,0.3,-971.1202808532883,-2920.3342850866075,-1652.0173230343844,-3697.468602035246,17
emp_517,2021,0.35,-1114.4975507929712,-2814.756512500712,-1823.3503573216735,-3160.243443512092,16
emp_517,2021,0.4,-1252.5959321033597,-2709.178739914816,-1968.4807347911715,-2649.362329323592,15
emp_517,2021,0.45,-1385.415424784453,-2603.60096732892,-2088.7256576596105,-2164.8252594697474,13
emp_517,2021,0.5,-1512.9560288362516,-2498.0231947430248,-2185.402328143724,-1706.6322339505575,13
emp_517,2021,0.55,-1635.2177442587554,-2392.4454221571286,-2259.8279484602444,-1274.7832527660214,9
emp_517,2021,0.6,-1752.2005710519643,-2286.8676495712334,-2313.319720825903,-869.2783159161411,7
emp_517,2021,0.65,-1863.9045092158788,-2181.2898769853373,-2347.1948474574356,-490.11742340091314,7
emp_517,2021,0.7,-1970.3295587504979,-2075.712104399442,-2362.770530571572,-137.30057522034258,7
emp_517,2021,0.75,-2071.475719655823,-1970.134331813546,-2361.363972385047,189.17222862557628,5
emp_517,2021,0.8,-2167.3429919318532,-1864.5565592276503,-2344.2923751145922,489.30098813684026,5
emp_517,2021,0.85,-2257.931375578588,-1758.9787866417548,-2312.872940976941,763.085703313448,4
emp_517,2021,0.9,-2343.2408705960283,-1653.401014055859,-2268.422872188825,1010.5263741554036,4
emp_517,2021,0.95,-2423.271476984173,-1547.8232414699635,-2212.259370966978,1231.623000662701,4
emp_517,2021,1.0,-2498.0231947430248,-1442.2454688840676,-2145.699639528132,1426.3755828353478,4
emp_517,2021,1.05,-2567.4960238725807,-1336.667696298172,-2070.0608800890213,1594.78412067334,3
emp_517,2021,1.1,-2631.689964372842,-1231.0899237122758,-1986.6602948663772,1736.8486141766753,3
emp_517,2021,1.15,-2690.6050162438078,-1125.5121511263806,-1896.8150860769315,1852.5690633453578,3
emp_517,2021,1.2,-2744.2411794854797,-1019.9343785404849,-1801.842455937417,1941.9454681793823,3
emp_517,2021,1.25,-2792.5984540978566,-914.3566059545892,-1703.059606664569,2004.9778286787569,3
emp_517,2021,1.3,-2835.6768400809387,-808.7788333686931,-1601.7837404751194,2041.6661448434752,3
emp_517,2021,1.35,-2873.4763374347267,-703.2010607827974,-1499.3320595858004,2052.01041667354,3
emp_517,2021,1.4,-2905.996946159218,-597.6232881969022,-1397.0217662133427,2036.0106441689459,3
emp_517,2021,1.45,-2933.238666254416,-492.0455156110065,-1296.1700625744825,1993.6668273297,3
emp_517,2021,1.5,-2955.201497720319,-386.4677430251104,-1198.0941508859505,1924.9789661558025,3
emp_517,2021,1.55,-2971.8854405569273,-280.8899704392147,-1104.1112333644796,1829.9470606472478,3
emp_517,2021,1.6,-2983.290494764241,-175.31219785331905,-1015.5385122268026,1708.5711108040396,3
emp_517,2021,1.65,-2989.4166603422586,-69.73442526742383,-933.6931896896558,1560.851116626176,3
emp_517,2021,1.7,-2990.263937290983,35.84334731847184,-859.8924679697648,1386.787078113659,3
emp_517,2021,1.75,-2985.8323256104118,141.42111990436797,-795.4535492838659,1186.3789952664865,3
emp_517,2021,1.8,-2976.1218253005463,246.99889249026364,-741.6936358486928,959.6268680846624,3
emp_517,2021,1.85,-2961.1324363613858,352.5766650761593,-699.9299298809747,706.5306965681812,3
emp_517,2021,1.9,-2940.8641587929296,458.15443766205453,-671.4796335974497,427.0904807170409,2
emp_517,2021,1.95,-2915.31699259518,563.7322102479502,-657.6599492148489,121.30622053125262,2
emp_517,2021,2.0,-2884.490937768135,669.3099828338463,-659.7880789499031,-210.82208398919101,2
emp_517,2021,2.05,-2848.385994311795,774.8877554197416,-679.1812250193416,-569.29443284429,2
emp_517,2021,2.1,-2807.002162226161,880.4655280056377,-717.1565896399115,-954.1108260340407,2
emp_517,2021,2.15,-2760.3394415112316,986.0433005915329,-775.0313750283276,-1365.271263558454,2
emp_517,2021,2.2,-2708.3978321670074,1091.62107317743,-854.1227834013371,-1802.7757454175153,2
emp_517,2021,2.25,-2651.1773341934886,1197.1988457633252,-955.7480169756564,-2266.624271611232,2
emp_517,2021,2.3,-2588.677947590675,1302.7766183492204,-1081.2242779680346,-2756.8168421396003,2
emp_517,2021,2.35,-2520.899672358566,1408.3543909351165,-1231.8687685951918,-3273.353457002635,2
emp_517,2021,2.4,-2447.842508497163,1513.9321635210117,-1408.9986910738698,-3816.2341162003104,2
emp_517,2021,2.45,-2369.5064560064648,1619.5099361069078,-1613.9312476208033,-4385.458819732648,2
emp_517,2021,2.5,-2285.8915148864726,1725.087708692803,-1847.9836404527123,-4981.027567599631,1
emp_517,2021,2.55,-2196.997685137185,1830.6654812786983,-2112.473071786342,-5602.94035980128,1
emp_517,2021,2.6,-2102.8249667586033,1936.2432538645953,-2408.7167438384167,-6251.197196337576,1
emp_517,2021,2.65,-2003.3733597507262,2041.8210264504905,-2738.031858825674,-6925.798077208528,1
emp_517,2021,2.7,-1898.6428641135544,2147.3987990363867,-3101.7356189648526,-7626.743002414136,1
emp_517,2021,2.75,-1788.633479847088,2252.976571622282,-3501.1452264726613,-8354.031971954406,1
emp_517,2022,0.0,0.0,-2872.3349293568385,0.0,-3353.249794666795,31
emp_517,2022,0.05,-141.9896361778257,-2807.2505177561898,-164.9333638963051,-3244.2840547758324,27
emp_517,2022,0.1,-280.72505177561897,-2742.166106155541,-324.44833483662546,-3136.514076427402,23
emp_517,2022,0.15,-416.2062467933798,-2677.081694554892,-478.6047008980875,-3029.939859621504,23
emp_517,2022,0.2,-548.4332212311082,-2611.997282954243,-627.4622501578181,-2924.5614043581386,22
emp_517,2022,0.25,-677.4059750888041,-2546.9128713535943,-771.0807706929437,-2820.3787106373056,20
emp_517,2022,0.3,-803.1245083664676,-2481.8284597529455,-909.5200505805908,-2717.3917784590053,19
emp_517,2022,0.35,-925.5888210640986,-2416.7440481522967,-1042.8398778978863,-2615.6006078232367,18
emp_517,2022,0.4,-1044.7989131816971,-2351.6596365516475,-1171.1000407219567,-2515.005198730001,18
emp_517,2022,0.45,-1160.7547847192634,-2286.5752249509987,-1294.3603271299285,-2415.6055511792974,16
emp_517,2022,0.5,-1273.4564356767971,-2221.49081335035,-1412.6805251989285,-2317.4016651711263,16
emp_517,2022,0.55,-1382.9038660542983,-2156.406401749701,-1526.1204230060837,-2220.393540705488,15
emp_517,2022,0.6,-1489.0970758517674,-2091.3219901490525,-1634.7398086285195,-2124.5811777823815,14
emp_517,2022,0.65,-1592.0360650692037,-2026.2375785484032,-1738.5984701433638,-2029.9645764018076,10
emp_517,2022,0.7,-1691.7208337066074,-1961.1531669477545,-1837.7561956277423,-1936.5437365637663,9
emp_517,2022,0.75,-1788.1513817639789,-1896.0687553471057,-1932.2727731587825,-1844.3186582682572,8
emp_517,2022,0.8,-1881.327709241318,-1830.9843437464567,-2022.2079908136106,-1753.2893415152805,8
emp_517,2022,0.85,-1971.2498161386247,-1765.899932145808,-2107.621636669353,-1663.4557863048365,6
emp_517,2022,0.9,-2057.917702455899,-1700.8155205451592,-2188.5734988031363,-1574.8179926369244,6
emp_517,2022,0.95,-2141.3313681931404,-1635.7311089445104,-2265.1233652920873,-1487.3759605115451,6
emp_517,2022,1.0,-2221.49081335035,-1570.6466973438614,-2337.331024213333,-1401.129689928698,5
emp_517,2022,1.05,-2298.396037927527,-1505.5622857432124,-2405.256263644,-1316.0791808883835,5
emp_517,2022,1.1,-2372.0470419246712,-1440.4778741425637,-2468.958871661214,-1232.2244333906012,5
emp_517,2022,1.15,-2442.443825341783,-1375.393462541915,-2528.4986363421017,-1149.5654474353516,5
emp_517,2022,1.2,-2509.5863881788628,-1310.3090509412662,-2583.935345763791,-1068.1022230226342,4
emp_517,2022,1.25,-2573.47473043591,-1245.2246393406172,-2635.3287880034077,-987.8347601524492,4
emp_517,2022,1.3,-2634.1088521129245,-1180.1402277399682,-2682.7387511380775,-908.7630588247962,4
emp_517,2022,1.35,-2691.4887532099065,-1115.0558161393194,-2726.22502324493,-830.8871190396759,4
emp_517,2022,1.4,-2745.614433726856,-1049.9714045386706,-2765.8473924010873,-754.2069407970885,4
emp_517,2022,1.45,-2796.4858936637734,-984.8869929380219,-2801.6656466836803,-678.7225240970331,3
emp_517,2022,1.5,-2844.1031330206583,-919.8025813373729,-2833.7395741698333,-604.4338689395099,3
emp_517,2022,1.55,-2888.4661517975105,-854.7181697367239,-2862.128962936674,-531.3409753245194,3
emp_517,2022,1.6,-2929.5749499943304,-789.6337581360749,-2886.8936010613274,-459.44384325206124,3
emp_517,2022,1.65,-2967.429527611119,-724.5493465354266,-2908.0932766209226,-388.74247272213563,3
emp_517,2022,1.7,-3002.0298846478736,-659.4649349347774,-2925.7877776925834,-319.2368637347422,3
emp_517,2022,1.75,-3033.376021104596,-594.3805233341286,-2940.036892353439,-250.92701628988073,3
emp_517,2022,1.8,-3061.467936981286,-529.2961117334798,-2950.9004086806135,-183.81293038755223,3
emp_517,2022,1.85,-3086.305632277944,-464.21170013283063,-2958.4381147512363,-117.89460602775603,3
emp_517,2022,1.9,-3107.8891069945694,-399.1272885321823,-2962.709798642431,-53.172043210492575,3
emp_517,2022,1.95,-3126.2183611311625,-334.0428769315331,-2963.775248431328,10.354758064238467,3
emp_517,2022,2.0,-3141.293394687723,-268.95846533088434,-2961.6942521950496,72.6857977964379,3
emp_517,2022,2.05,-3153.11420766425,-203.87405373023557,-2956.526598010725,133.82107598610412,3
emp_517,2022,2.1,-3161.680800060746,-138.78964212958635,-2948.332073955482,193.76059263323873,3
emp_517,2022,2.15,-3166.99317187721,-73.70523052893805,-2937.170468106444,252.50434773784013,3
emp_517,2022,2.2,-3169.0513231136397,-8.620818928288827,-2923.10156854074,310.0523412999098,3
emp_517,2022,2.25,-3167.8552537700384,56.46359267235994,-2906.185163335495,366.4045733194466,3
emp_517,2022,2.3,-3163.404963846404,121.5480042730087,-2886.481040567837,421.5610437964508,2
emp_517,2022,2.35,-3155.700453342737,186.63241587365792,-2864.048988314891,475.521752730923,2
emp_517,2022,2.4,-3144.741722259039,251.71682747430623,-2838.948794653787,528.2867001228628,2
emp_517,2022,2.45,-3130.5287705953065,316.80123907495545,-2811.240247661648,579.8558859722702,2
emp_517,2022,2.5,-3113.061598351543,381.8856506756042,-2780.983135415602,630.229310279145,2
emp_517,2022,2.55,-3092.3402055277465,446.970062276253,-2748.2372459927747,679.4069730434883,2
emp_517,2022,2.6,-3068.3645921239176,512.0544738769022,-2713.0623674702942,727.3888742652987,2
emp_517,2022,2.65,-3041.134758140056,577.1388854775505,-2675.518287925289,774.1750139445762,2
emp_517,2022,2.7,-3010.6507035761624,642.2232970781997,-2635.6647954348805,819.7653920813218,2
emp_517,2022,2.75,-2976.912428432237,707.3077086788485,-2593.5616780761984,864.1600086755345,2
emp_517,2022,2.8,-2939.919932708278,772.3921202794972,-2549.2687239263682,907.3588637272148,2
emp_517,2022,2.85,-2899.673216404287,837.4765318801465,-2502.8457210625197,949.3619572363632,2
emp_517,2022,2.9,-2856.1722795202622,902.5609434807948,-2454.352457561775,990.1692892029785,2
emp_517,2022,2.95,-2809.4171220562084,967.645355081444,-2403.8487215012647,1029.7808596270625,2
emp_517,2022,3.0,-2759.407744012118,1032.7297666820928,-2351.3943009581108,1068.1966685086131,2
emp_517,2022,3.05,-2706.144145387999,1097.8141782827415,-2297.048984009447,1105.4167158476316,2
emp_517,2022,3.1,-2649.626326183843,1162.8985898833907,-2240.8725587323906,1141.4410016441175,2
emp_517,2022,3.15,-2589.854286399659,1227.9830014840395,-2182.9248132040752,1176.2695258980712,2
emp_517,2022,3.2,-2526.8280260354386,1293.0674130846887,-2123.265535501624,1209.9022886094922,2
emp_517,2022,3.25,-2460.54754509119,1358.151824685337,-2061.954513702167,1242.3392897783815,2
emp_517,2022,3.3,-2391.0128435669076,1423.2362362859853,-1999.0515358828306,1273.5805294047377,2
emp_517,2022,3.35,-2318.2239214625906,1488.3206478866346,-1934.6163901207374,1303.6260074885622,1
emp_517,2022,3.4,-2242.1807787782436,1553.4050594872838,-1868.7088644930163,1332.4757240298532,1
emp_517,2022,3.45,-2162.883415513862,1618.489471087933,-1801.3887470767922,1360.1296790286124,1
emp_517,2022,3.5,-2080.3318316694495,1683.5738826885813,-1732.715825949197,1386.5878724848403,1
emp_517,2022,3.55,-1994.526027245005,1748.6582942892296,-1662.7498891873506,1411.8503043985352,1
emp_517,2022,3.6,-1905.466002240526,1813.7427058898788,-1591.5507248683843,1435.9169747696974,1
emp_517,2022,3.65,-1813.1517566560178,1878.827117490528,-1519.1781210694235,1458.787883598326,1
emp_517,2022,3.7,-1717.5832904914732,1943.9115290911773,-1445.691865867595,1480.4630308844235,1
emp_517,2022,3.75,-1618.7606037468995,2008.9959406918256,-1371.1517473400245,1500.9424166279873,1
emp_517,2022,3.8,-1516.6836964222912,2074.080352292474,-1295.6175535638367,1520.2260408290203,1
emp_517,2022,3.85,-1411.35256851765,2139.164763893123,-1219.149072616162,1538.3139034875207,1
emp_517,2022,3.9,-1302.7672200329798,2204.2491754937723,-1141.8060925741283,1555.2060046034876,1
emp_517,2022,3.95,-1190.9276509682732,2269.3335870944215,-1063.6484015148571,1570.9023441769232,1
emp_517,2022,4.0,-1075.8338613235373,2334.41799869507,-984.7357875154776,1585.4029222078266,1
emp_517,2022,4.05,-957.485851098767,2399.502410295718,-905.1280386531162,1598.7077386961978,1
emp_517,2022,4.1,-835.8836202939638,2464.5868218963674,-824.8849430048977,1610.8167936420346,1
emp_517,2022,4.15,-711.0271689091296,2529.6712334970166,-744.0662886479558,1621.7300870453419,1
emp_517,2022,4.2,-582.9164969442627,2594.755645097666,-662.7318636594082,1631.4476189061143,1
emp_517,2022,4.25,-451.5516043993648,2659.840056698314,-580.9414561163858,1639.9693892243558,1
emp_517,2022,4.3,-316.93249127443414,2724.9244682989624,-498.75485409601424,1647.295398000063,1
emp_517,2022,4.35,-179.05915756946888,2790.0088798996117,-416.23184567542285,1653.4256452332402,1
emp_517,2022,4.4,-37.93160328446902,2855.093291500261,-333.4322189317345,1658.360130923883,1
emp_517,2023,0.0,0.0,-3125.1217692235955,0.0,-3736.6402027667173,31
emp_517,2023,0.05,-154.72915036504946,-3064.044245378382,-184.12019730685287,-3628.3447185490154,27
emp_517,2023,0.1,-306.4044245378382,-3002.9667215331688,-362.85217475906336,-3521.111408581022,23
emp_517,2023,0.15,-455.0258225183663,-2941.8891976879554,-536.2490410691169,-3414.9402728627374,23
emp_517,2023,0.2,-600.5933443066338,-2880.8116738427416,-704.363904949499,-3309.8313113941613,23
emp_517,2023,0.25,-743.1069899026405,-2819.734149997528,-867.2498751126948,-3205.7845241752943,22
emp_517,2023,0.3,-882.5667593063865,-2758.656626152315,-1024.96006027119,-3102.799911206135,22
emp_517,2023,0.35,-1018.972652517872,-2697.5791023071015,-1177.5475691374702,-3000.8774724866853,18
emp_517,2023,0.4,-1152.3246695370967,-2636.501578461888,-1325.0655104240204,-2900.0172080169436,17
emp_517,2023,0.45,-1282.6228103640608,-2575.4240546166748,-1467.5669928433265,-2800.2191177969107,17
emp_517,2023,0.5,-1409.867074998764,-2514.3465307714614,-1605.1051251078734,-2701.4832018265865,17
emp_517,2023,0.55,-1534.057463441207,-2453.2690069262476,-1737.7330159301468,-2603.809460105971,17
emp_517,2023,0.6,-1655.193975691389,-2392.191483081034,-1865.5037740226321,-2507.197892635064,16
emp_517,2023,0.65,-1773.2766117493102,-2331.113959235821,-1988.4705080978151,-2411.6484994138655,15
emp_517,2023,0.7,-1888.3053716149711,-2270.0364353906075,-2106.6863268681805,-2317.1612804423753,13
emp_517,2023,0.75,-2000.280255288371,-2208.958911545394,-2220.2043390462145,-2223.7362357205943,13
emp_517,2023,0.8,-2109.2012627695103,-2147.8813877001803,-2329.077653344402,-2131.3733652485216,12
emp_517,2023,0.85,-2215.068394058389,-2086.803863854967,-2433.3593784752284,-2040.0726690261577,11
emp_517,2023,0.9,-2317.881649155007,-2025.7263400097536,-2533.1026231511796,-1949.8341470535022,10
emp_517,2023,0.95,-2417.6410280593645,-1964.6488161645404,-2628.3604960847406,-1860.6577993305557,8
emp_517,2023,1.0,-2514.3465307714614,-1903.5712923193269,-2719.186105988397,-1772.5436258573175,6
emp_517,2023,1.05,-2607.9981572912975,-1842.4937684741133,-2805.632561574634,-1685.491626633788,6
emp_517,2023,1.1,-2698.5959076188724,-1781.4162446289,-2887.7529715559376,-1599.501801659967,6
emp_517,2023,1.15,-2786.139781754187,-1720.3387207836868,-2965.6004446447923,-1514.574150935855,6
emp_517,2023,1.2,-2870.6297796972412,-1659.2611969384732,-3039.228089553684,-1430.7086744614512,5
emp_517,2023,1.25,-2952.0659014480343,-1598.1836730932596,-3108.6890149950996,-1347.9053722367562,5
emp_517,2023,1.3,-3030.448147006567,-1537.1061492480462,-3174.036329681522,-1266.16424426177,5
emp_517,2023,1.35,-3105.7765163728395,-1476.0286254028326,-3235.3231423254388,-1185.485290536492,5
emp_517,2023,1.4,-3178.0510095468508,-1414.9511015576195,-3292.602561639333,-1105.868511060923,5
emp_517,2023,1.45,-3247.271626528601,-1353.8735777124061,-3345.927696335692,-1027.3139058350625,5
emp_517,2023,1.5,-3313.438367318091,-1292.7960538671925,-3395.351655127001,-949.82147485891,4
emp_517,2023,1.55,-3376.55123191532,-1231.718530021979,-3440.927546725745,-873.3912181324667,4
emp_517,2023,1.6,-3436.610220320289,-1170.6410061767656,-3482.70847984441,-798.023135655732,3
emp_517,2023,1.65,-3493.615332532997,-1109.5634823315524,-3520.74756319548,-723.717227428706,3
emp_517,2023,1.7,-3547.566568553444,-1048.4859584863389,-3555.0979054914424,-650.4734934513885,3
emp_517,2023,1.75,-3598.463928381631,-987.4084346411255,-3585.812615444781,-578.2919337237796,3
emp_517,2023,1.8,-3646.307412017556,-926.3309107959117,-3612.9448017679815,-507.1725482458794,3
emp_517,2023,1.85,-3691.097019461222,-865.2533869506983,-3636.547573173531,-437.1153370176877,3
emp_517,2023,1.9,-3732.8327507126264,-804.1758631054854,-3656.6740383739125,-368.12030003920506,3
emp_517,2023,1.95,-3771.51460577177,-743.0983392602716,-3673.377306081613,-300.1874373104305,3
emp_517,2023,2.0,-3807.1425846386537,-682.0208154150582,-3686.7104850091173,-233.31674883136475,3
emp_517,2023,2.05,-3839.716687313276,-620.9432915698449,-3696.72668386891,-167.50823460200832,3
emp_517,2023,2.1,-3869.2369137956384,-559.865767724631,-3703.4790113734807,-102.76189462235891,3
emp_517,2023,2.15,-3895.703264085739,-498.78824387941813,-3707.0205762353094,-39.07772889241892,3
emp_517,2023,2.2,-3919.1157381835797,-437.7107200342043,-3707.404487166884,23.544262587812227,3
emp_517,2023,2.25,-3939.47433608916,-376.63319618899095,-3704.68385288069,85.1040798183351,3
emp_517,2023,2.3,-3956.779057802479,-315.55567234377804,-3698.9117820892116,145.60172279914855,3
emp_517,2023,2.35,-3971.029903323537,-254.47814849856422,-3690.141383504935,205.03719153025463,3
emp_517,2023,2.4,-3982.2268726523353,-193.40062465335086,-3678.4257658403485,263.41048601165085,3
emp_517,2023,2.45,-3990.369965788872,-132.32310080813704,-3663.8180378079323,320.7216062433397,3
emp_517,2023,2.5,-3995.459182733149,-71.24557696292368,-3646.371308120176,376.97055222531867,3
emp_517,2023,2.55,-3997.494523485165,-10.16805311771077,-3626.1386854895636,432.1573239575898,3
emp_517,2023,2.6,-3996.47598804492,50.90947072750305,-3603.1732786285784,486.281921440152,3
emp_517,2023,2.65,-3992.4035764124146,111.98699457271641,-3577.52819624971,539.3443446730059,3
emp_517,2023,2.7,-3985.2772885876493,173.06451841793023,-3549.2565470654404,591.3445936561509,3
emp_517,2023,2.75,-3975.0971245706223,234.14204226314314,-3518.411439788255,642.2826683895878,3
emp_517,2023,2.8,-3961.8630843613355,295.2195661083565,-3485.0459831306443,692.1585688733151,3
emp_517,2023,2.85,-3945.575167959786,356.2970899535703,-3449.2132858050854,740.972295107335,3
emp_517,2023,2.9,-3926.233375365977,417.37461379878323,-3410.9664565240705,788.7238470916448,3
emp_517,2023,2.95,-3903.8377065799086,478.45213764399705,-3370.3586040000837,835.4132248262476,3
emp_517,2023,3.0,-3878.388161601578,539.5296614892104,-3327.442836945608,881.0404283111413,3
emp_517,2023,3.05,-3849.884740430988,600.6071853344238,-3282.2722640731326,925.6054575463256,3
emp_517,2023,3.1,-3818.327443068134,661.6847091796376,-3234.899994095137,969.1083125318021,2
emp_517,2023,3.15,-3783.716269513023,722.7622330248505,-3185.3791357241134,1011.5489932675691,2
emp_517,2023,3.2,-3746.05121976565,783.8397568700643,-3133.7627976725425,1052.9274997536286,2
emp_517,2023,3.25,-3705.332293826017,844.9172807152777,-3080.1040886529127,1093.2438319899784,2
emp_517,2023,3.3,-3661.5594916941227,905.9948045604906,-3024.456117377707,1132.4979899766208,2
emp_517,2023,3.35,-3614.7328133699666,967.0723284057044,-2966.8719925594114,1170.6899737135536,2
emp_517,2023,3.4,-3564.8522588535516,1028.1498522509178,-2907.4048229105138,1207.8197832007781,2
emp_517,2023,3.45,-3511.917828144876,1089.2273760961311,-2846.107717143494,1243.8874184382935,2
emp_517,2023,3.5,-3455.9295212439392,1150.3048999413445,-2783.033783970846,1278.8928794261014,2
emp_517,2023,3.55,-3396.887338150742,1211.3824237865579,-2718.236132105049,1312.8361661641993,2
emp_517,2023,3.6,-3334.791278865282,1272.4599476317721,-2651.7678702585868,1345.7172786525898,2
emp_517,2023,3.65,-3269.641343387563,1333.5374714769846,-2583.6821071439504,1377.5362168912707,2
emp_517,2023,3.7,-3201.4375317175836,1394.6149953221989,-2514.0319514736225,1408.2929808802442,2
emp_517,2023,3.75,-3130.179843855345,1455.6925191674122,-2442.870511960087,1437.9875706195076,2
emp_517,2023,3.8,-3055.868279800843,1516.7700430126247,-2370.250897315833,1466.6199861090631,2
emp_517,2023,3.85,-2978.502839554081,1577.847566857839,-2296.22621625334,1494.1902273489109,2
emp_517,2023,3.9,-2898.0835231150595,1638.9250907030523,-2220.8495774851053,1520.698294339049,2
emp_517,2023,3.95,-2814.610330483776,1700.0026145482657,-2144.1740897235986,1546.1441870794788,2
emp_517,2023,4.0,-2728.083261660233,1761.080138393479,-2066.252861681318,1570.5279055701994,2
emp_517,2023,4.05,-2638.502316644428,1822.1576622386924,-1987.1390020707422,1593.849449811211,2
emp_517,2023,4.1,-2545.8674954363632,1883.2351860839058,-1906.8856196043562,1616.1088198025145,2
emp_517,2023,4.15,-2450.178798036037,1944.31270992912,-1825.5458229946498,1637.3060155441112,2
emp_517,2023,4.2,-2351.4362244434524,2005.3902337743334,-1743.1727209541114,1657.4410370359979,2
emp_517,2023,4.25,-2249.6397746586044,2066.467757619546,-1659.8194221952162,1676.5138842781748,2
emp_517,2023,4.3,-2144.7894486814967,2127.5452814647592,-1575.5390354304554,1694.5245572706453,2
emp_517,2023,4.35,-2036.8852465121308,2188.6228053099726,-1490.3846693723144,1711.4730560134062,2
emp_517,2023,4.4,-1925.927168150498,2249.700329155187,-1404.409432733276,1727.3593805064575,2
emp_517,2023,4.45,-1811.9152135966087,2310.7778530004002,-1317.6664342258264,1742.1835307498004,2
emp_517,2023,4.5,-1694.8493828504597,2371.8553768456136,-1230.2087825624567,1755.9455067434365,1
emp_517,2023,4.55,-1574.7296759120509,2432.932900690827,-1142.089586455646,1768.6453084873629,1
emp_517,2023,4.6,-1451.5560927813785,2494.0104245360394,-1053.3619546178816,1780.2829359815796,1
emp_517,2023,4.65,-1325.3286334584445,2555.0879483812537,-964.0789957616507,1790.8583892260885,1
emp_517,2023,4.7,-1196.0472979432489,2616.165472226467,-874.2938185994317,1800.3716682208897,1
emp_517,2023,4.75,-1063.712086235797,2677.2429960716804,-784.0595318437227,1808.8227729659811,1
emp_517,2023,4.8,-928.3229983360834,2738.3205199168938,-693.4292442069991,1816.2117034613639,1
emp_517,2023,4.85,-789.88003424411,2799.398043762107,-602.4560644017492,1822.5384597070379,1
emp_517,2023,4.9,-648.3831939598695,2860.4755676073214,-511.193101140454,1827.803041703005,1
emp_517,2023,4.95,-503.83247748337635,2921.5530914525348,-419.6934631356089,1832.0054494492624,1
emp_517,2023,5.0,-356.22788481461976,2982.630615297748,-328.0102590996921,1835.1456829458102,1
emp_517,2023,5.05,-205.5694159536015,3043.7081391429606,-236.19659774519278,1837.2237421926502,1
emp_517,2023,5.1,-51.85707090032338,3104.785662988174,-144.30558778458908,1838.2396271897824,1
emp_517,2023,5.15,104.90915034521822,3165.863186833388,-52.39033793037379,1838.193337937205,1
emp_517,2023,5.2,264.72924778301604,3226.9407106786016,39.49604310497307,1837.0848744349187,1
emp_517,2023,5.25,427.6032214130755,3288.018234523815,131.30044660895692,1834.9142366829255,1
emp_517,2023,5.3,593.5310712353967,3349.0957583690283,222.96976386909955,1831.6814246812219,1
emp_517,2023,5.35,762.5127972499758,3410.1732822142417,314.4508861729173,1827.3864384298104,1
emp_517,2023,5.4,934.5483994568203,3471.250806059456,405.69070480791925,1822.0292779286892,1
emp_517,2024,0.0,0.0,-2975.0691005750323,0.0,-4787.187289702474,31
emp_517,2024,0.05,-147.68286502047062,-2932.245500243792,-235.23962942099854,-4622.7759689189525,31
emp_517,2024,0.1,-293.22455002437925,-2889.421899912552,-462.3154050700439,-4460.633138824347,28
emp_517,2024,0.15,-436.62505501172575,-2846.5982995813115,-681.3407514815817,-4300.758799418654,24
emp_517,2024,0.2,-577.8843799825104,-2803.774699250071,-892.4290931900578,-4143.152950701875,23
emp_517,2024,0.25,-717.0025249367329,-2760.9510989188307,-1095.6938547299178,-3987.815592674012,23
emp_517,2024,0.3,-853.9794898743934,-2718.1274985875907,-1291.2484606356074,-3834.746725335062,23
emp_517,2024,0.35,-988.8152747954919,-2675.3038982563503,-1479.2063354415727,-3683.946348685027,23
emp_517,2024,0.4,-1121.5098797000285,-2632.48029792511,-1659.6809036822588,-3535.4144627239057,20
emp_517,2024,0.45,-1252.063304588003,-2589.65669759387,-1832.785589892112,-3389.1510674516985,20
emp_517,2024,0.5,-1380.4755494594153,-2546.8330972626295,-1998.6338186055773,-3245.1561628684058,18
emp_517,2024,0.55,-1506.746614314266,-2504.009496931389,-2157.339014357101,-3103.4297489740275,18
emp_517,2024,0.6,-1630.8764991525543,-2461.185896600149,-2309.0146016811286,-2963.971825768563,17
emp_517,2024,0.65,-1752.865203974281,-2418.3622962689087,-2453.774005112106,-2826.782393252013,16
emp_517,2024,0.7,-1872.712728779445,-2375.5386959376683,-2591.7306491844784,-2691.8614514243777,15
emp_517,2024,0.75,-1990.4190735680477,-2332.715095606428,-2722.9979584326925,-2559.2090002856557,15
emp_517,2024,0.8,-2105.9842383400883,-2289.8914952751875,-2847.6893573911925,-2428.825039835849,14
emp_517,2024,0.85,-2219.4082230955664,-2247.0678949439475,-2965.9182705944254,-2300.709570074956,14
emp_517,2024,0.9,-2330.6910278344826,-2204.244294612707,-3077.798122576837,-2174.8625910029773,13
emp_517,2024,0.95,-2439.832652556837,-2161.420694281467,-3183.4423378728725,-2051.284102619913,13
emp_517,2024,1.0,-2546.8330972626295,-2118.5970939502267,-3282.9643410169765,-1929.9741049257627,13
emp_517,2024,1.05,-2651.69236195186,-2075.7734936189863,-3376.4775565435966,-1810.9325979205266,13
emp_517,2024,1.1,-2754.410446624528,-2032.949893287746,-3464.095408987178,-1694.1595816042052,12
emp_517,2024,1.15,-2854.9873512806344,-1990.126292956506,-3545.9313228821657,-1579.6550559767982,12
emp_517,2024,1.2,-2953.4230759201782,-1947.3026926252655,-3622.098722763006,-1467.419021038305,11
emp_517,2024,1.25,-3049.717620543161,-1904.4790922940251,-3692.7110331641447,-1357.451476788726,9
emp_517,2024,1.3,-3143.8709851495814,-1861.655491962785,-3757.8816786200277,-1249.7524232280612,9
emp_517,2024,1.35,-3235.8831697394394,-1818.8318916315445,-3817.7240836650994,-1144.3218603563105,9
emp_517,2024,1.4,-3325.7541743127354,-1776.0082913003043,-3872.3516728338072,-1041.1597881734747,8
emp_517,2024,1.45,-3413.4839988694694,-1733.1846909690641,-3921.8778706605954,-940.2662066795526,7
emp_517,2024,1.5,-3499.0726434096423,-1690.3610906378237,-3966.4161016799117,-841.6411158745447,7
emp_517,2024,1.55,-3582.5201079332523,-1647.5374903065835,-4006.0797904261985,-745.284515758452,7
emp_517,2024,1.6,-3663.826392440301,-1604.7138899753431,-4040.982361433904,-651.1964063312728,5
emp_517,2024,1.65,-3742.9914969307865,-1561.890289644103,-4071.237239237475,-559.376787593008,4
emp_517,2024,1.7,-3820.015421404711,-1519.0666893128628,-4096.957848371354,-469.82565954365714,4
emp_517,2024,1.75,-3894.8981658620723,-1476.2430889816223,-4118.257613369989,-382.5430221832205,4
emp_517,2024,1.8,-3967.6397303028725,-1433.4194886503822,-4135.249958767826,-297.5288755116983,4
emp_517,2024,1.85,-4038.240114727111,-1390.5958883191417,-4148.048309099307,-214.78321952909096,4
emp_517,2024,1.9,-4106.6993191347865,-1347.7722879879016,-4156.766088898883,-134.30605423539782,4
emp_517,2024,1.95,-4173.017343525901,-1304.9486876566614,-4161.516722700995,-56.09737963061821,4
emp_517,2024,2.0,-4237.1941879004535,-1262.125087325421,-4162.413635040093,19.84280428524721,4
emp_517,2024,2.05,-4299.229852258442,-1219.3014869941808,-4159.570250450618,93.51449751219752,4
emp_517,2024,2.1,-4359.124336599872,-1176.4778866629404,-4153.099993467021,164.91770005023523,3
emp_517,2024,2.15,-4416.8776409247375,-1133.6542863317002,-4143.116288623745,234.05241189935714,3
emp_517,2024,2.2,-4472.489765233041,-1090.8306860004598,-4129.732560455234,300.91863305956485,3
emp_517,2024,2.25,-4525.960709524784,-1048.0070856692196,-4113.062233495936,365.5163635308586,3
emp_517,2024,2.3,-4577.290473799963,-1005.1834853379794,-4093.2187322802965,427.8456033132379,3
emp_517,2024,2.35,-4626.479058058581,-962.359885006739,-4070.315481342761,487.9063524067037,3
emp_517,2024,2.4,-4673.526462300637,-919.5362846754988,-4044.4659052177753,545.6986108112546,3
emp_517,2024,2.45,-4718.432686526132,-876.7126843442584,-4015.7834284397827,601.2223785268911,3
emp_517,2024,2.5,-4761.197730735063,-833.889084013018,-3984.3814755432345,654.4776555536137,3
emp_517,2024,2.55,-4801.821594927433,-791.065483681778,-3950.3734710625695,705.4644418914218,3
emp_517,2024,2.6,-4840.304279103241,-748.2418833505376,-3913.872839532241,754.1827375403163,3
emp_517,2024,2.65,-4876.6457832624865,-705.4182830192972,-3874.9930054866877,800.632542500296,3
emp_517,2024,2.7,-4910.84610740517,-662.5946826880568,-3833.8473934603594,844.8138567713622,3
emp_517,2024,2.75,-4942.905251531292,-619.7710823568168,-3790.5494279877003,886.7266803535135,3
emp_517,2024,2.8,-4972.823215640852,-576.9474820255764,-3745.2125336031577,926.3710132467504,3
emp_517,2024,2.85,-5000.5999997338495,-534.123881694336,-3697.9501348411745,963.7468554510738,3
emp_517,2024,2.9,-5026.235603810285,-491.300281363096,-3648.8756562361978,998.8542069664818,3
emp_517,2024,2.95,-5049.7300278701605,-448.4766810318556,-3598.1025223226743,1031.6930677929754,3
emp_517,2024,3.0,-5071.083271913471,-405.6530807006152,-3545.7441576350507,1062.2634379305568,3
emp_517,2024,3.05,-5090.295335940222,-362.82948036937523,-3491.9139867077693,1090.5653173792225,3
emp_517,2024,3.1,-5107.366219950409,-320.0058800381348,-3436.7254340752743,1116.5987061389724,3
emp_517,2024,3.15,-5122.295923944035,-277.1822797068944,-3380.29192427202,1140.3636042098096,3
emp_517,2024,3.2,-5135.084447921098,-234.358679375654,-3322.72688183244,1161.8600115917325,3
emp_517,2024,3.25,-5145.731791881601,-191.53507904441403,-3264.1437312909948,1181.0879282847418,3
emp_517,2024,3.3,-5154.23795582554,-148.71147871317362,-3204.6558971821205,1198.0473542888367,3
emp_517,2024,3.35,-5160.602939752918,-105.8878783819332,-3144.3768040402592,1212.7382896040172,3
emp_517,2024,3.4,-5164.826743663734,-63.06427805069325,-3083.4198763998647,1225.1607342302832,3
emp_517,2024,3.45,-5166.909367557986,-20.240677719452833,-3021.898538795378,1235.3146881676348,3
emp_517,2024,3.5,-5166.850811435677,22.58292261178758,-2959.9262157612493,1243.200151416073,3
emp_517,2024,3.55,-5164.651075296809,65.40652294302754,-2897.6163318319186,1248.8171239755957,3
emp_517,2024,3.6,-5160.310159141375,108.23012327426795,-2835.0823115418407,1252.165605846205,3
emp_517,2024,3.65,-5153.82806296938,151.05372360550837,-2772.4375794254483,1253.2455970278997,3
emp_517,2024,3.7,-5145.204786780824,193.87732393674878,-2709.7955600171954,1252.0570975206792,3
emp_517,2024,3.75,-5134.440330575706,236.70092426798874,-2647.2696778515283,1248.6001073245452,3
emp_517,2024,3.8,-5121.534694354025,279.52452459922915,-2584.9733574628935,1242.8746264394968,3
emp_517,2024,3.85,-5106.487878115783,322.34812493046957,-2523.0200233857286,1234.8806548655348,3
emp_517,2024,3.9,-5089.2998818609785,365.1717252617095,-2461.5231001544853,1224.6181926026584,3
emp_517,2024,3.95,-5069.970705589612,407.9953255929504,-2400.5960123036093,1212.0872396508694,2
emp_517,2024,4.0,-5048.500349301684,450.81892592419035,-2340.352184367548,1197.2877960101641,2
emp_517,2024,4.05,-5024.888812997193,493.6425262554303,-2280.9050408807416,1180.2198616805445,2
emp_517,2024,4.1,-4999.13609667614,536.4661265866707,-2222.3680063776374,1160.8834366620104,2
emp_517,2024,4.15,-4971.242200338526,579.2897269179116,-2164.85450539269,1139.2785209545636,2
emp_517,2024,4.2,-4941.207123984351,622.1133272491516,-2108.4779624603343,1115.4051145582025,2
emp_517,2024,4.25,-4909.030867613612,664.936927580392,-2053.3518021150194,1089.263217472926,2
emp_517,2024,4.3,-4874.713431226311,707.7605279116319,-1999.5894488911908,1060.8528296987351,2
emp_517,2024,4.35,-4838.254814822449,750.5841282428719,-1947.304327323296,1030.1739512356307,2
emp_517,2024,4.4,-4799.655018402022,793.4077285741128,-1896.6098619457753,997.2265820836074,2
emp_517,2024,4.45,-4758.914041965036,836.2313289053532,-1847.6194772930794,962.0107222426741,2
emp_517,2024,4.5,-4716.031885511489,879.0549292365931,-1800.446597899656,924.5263717128273,2
emp_517,2024,4.55,-4671.0085490413785,921.8785295678335,-1755.2046482999522,884.773530494067,2
emp_517,2024,4.6,-4623.844032554705,964.7021298990735,-1712.0070530283992,842.7521985863896,2
emp_517,2024,4.65,-4574.53833605147,1007.5257302303144,-1670.9672366194573,798.4623759898004,2
emp_517,2024,4.7,-4523.091459531672,1050.3493305615543,-1632.1986236075645,751.9040627042941,2
emp_517,2024,4.75,-4469.503402995315,1093.1729308927947,-1595.8146385271739,703.0772587298761,2
emp_517,2024,4.8,-4413.774166442394,1135.9965312240347,-1561.9287059127273,651.9819640665428,2
emp_517,2024,4.85,-4355.90374987291,1178.820131555275,-1530.6542502986704,598.6181787142959,2
emp_517,2024,4.9,-4295.892153286866,1221.6437318865155,-1502.1046962194414,542.9859026731338,2
emp_517,2024,4.95,-4233.73937668426,1264.467332217756,-1476.3934682095096,485.08513594305987,2
emp_517,2024,5.0,-4169.445420065091,1307.2909325489964,-1453.6339908032896,424.91587852406883,2
emp_517,2024,5.05,-4103.010283429359,1350.1145328802359,-1433.9396885352508,362.4781304161661,2
emp_517,2024,5.1,-4034.4339667770673,1392.9381332114763,-1417.4239859398149,297.7718916193462,2
emp_517,2024,5.15,-3963.716470108213,1435.7617335427176,-1404.2003075514622,230.7971621336128,2
emp_517,2024,5.2,-3890.857793422796,1478.585333873957,-1394.3820779046073,161.55394195896588,2
emp_517,2024,5.25,-3815.8579367208167,1521.4089342051975,-1388.0827215337085,90.04223109540544,2
emp_517,2024,5.3,-3738.716900002275,1564.232534536438,-1385.4156629732133,16.262029542929668,2
emp_517,2024,5.35,-3659.4346832671745,1607.0561348676774,-1386.4943267575654,-59.78666269845962,2
emp_517,2024,5.4,-3578.011286515506,1649.8797351989188,-1391.4321374212122,-138.10384562876425,2
emp_517,2024,5.45,-3494.4467097472807,1692.7033355301583,-1400.3425194986012,-218.68951924798057,2
emp_517,2024,5.5,-3408.740952962491,1735.5269358613987,-1413.3388975241578,-301.54368355611405,2
emp_517,2024,5.55,-3320.8940161611426,1778.350536192639,-1430.5346960323513,-386.66633855316104,2
emp_517,2024,5.6,-3230.905899343228,1821.1741365238795,-1452.043339557622,-474.05748423912155,2
emp_517,2024,5.65,-3138.776602508755,1863.99773685512,-1477.978252634417,-563.7171206139974,2
emp_517,2024,5.7,-3044.5061256577155,1906.8213371863603,-1508.452859797173,-655.6452476777868,2
emp_517,2024,5.75,-2948.094468790119,1949.6449375175998,-1543.580585580341,-749.8418654304915,2
emp_517,2024,5.8,-2849.541631905955,1992.4685378488402,-1583.4748545183684,-846.3069738721097,2
emp_517,2024,5.85,-2748.847615005234,2035.2921381800807,-1628.249091145699,-945.0405730026414,2
emp_517,2024,5.9,-2646.0124180879484,2078.115738511321,-1678.0167199967836,-1046.0426628220903,2
emp_517,2024,5.95,-2541.0360411540987,2120.9393388425615,-1732.8911656060518,-1149.3132433304527,2
emp_517,2024,6.0,-2433.918484203692,2163.762939173802,-1792.9858525079799,-1254.8523145277231,2
emp_517,2024,6.05,-2324.659747236723,2206.5865395050414,-1858.414205236979,-1362.6598764139126,2
emp_517,2024,6.1,-2213.2598302531896,2249.410139836282,-1929.2896483275217,-1472.7359289890155,2
emp_517,2024,6.15,-2099.7187332530902,2292.233740167523,-2005.7256063140303,-1585.0804722530374,2
emp_517,2024,6.2,-1984.0364562364339,2335.0573404987626,-2087.8355037309593,-1699.693506205971,2
emp_517,2024,6.25,-1866.2129992032133,2377.880940830003,-2175.732765112778,-1816.5750308478164,1
emp_517,2024,6.3,-1746.2483621534375,2420.7045411612435,-2269.530814993901,-1935.725046178577,1
emp_517,2024,6.35,-1624.1425450870884,2463.528141492483,-2369.3430779087794,-2057.143552198253,1
emp_517,2024,6.4,-1499.895548004184,2506.3517418237243,-2475.282978391864,-2180.8305489068443,1
