state_abbr,state_name,state_fips,year,census_region,census_division,n_neighbors,dc_count,dc_mw,dc_gw,dc_gw_lag1,d_dc_gw,log_dc_gw_p1,us_dc_gw,us_dc_gw_lag1,us_d_dc_gw,share2016,share2019,emp_5182,emp_517,emp_5415,emp_51,emp_23,emp_2362,earn_5182,earn_517,earn_5415,earn_51,earn_23,earn_2362,empend_5182,empend_517,empend_5415,empend_51,empend_23,empend_2362,log_emp_5182,log_emp_517,log_emp_5415,log_emp_51,log_emp_23,log_emp_2362,local_share,local_multiplier,spillover_rate,li_multiplier_local,gdp_multiplier_local,pwc_emp_direct_avg,pwc_emp_spillover_avg,pwc_emp_direct_2223,pwc_emp_total_local_2223,emp_5182_cleaned,emp_5182_cleaned_mult,emp_5182_raw_multiplied,emp_5182_state_total,log_emp_5182_cleaned,log_emp_5182_cleaned_mult,gdp_pc_2024,subsidy_musd,subsidy_observed,us_gdp_price_index,us_cpi,us_rdpi_nominal,quarters_available_min,partial_year,emp_available
AK,Alaska,02,2016,West,Pacific,0,2,0.45,0.00045,,,0.0004498987803648136,19.188207,,,2.3451904599528242e-05,1.6100620721863817e-05,65.5,4271.0,1122.0,6309.0,15154.5,2690.0,3863.5,5651.5,5759.5,4754.0,5079.0,5464.5,64.0,4268.0,1136.0,6327.0,15141.0,2637.0,4.182050142641207,8.359603270841466,7.022868086082641,8.74973246437081,9.626052796535896,7.897296472595885,0.4053567353074868,3.92,0.0049,2.83,2.13,355,2830,355.0,1395.0,26.550866162640386,104.07939535755031,1730.722875,143.02852919490994,3.2790623709840654,4.645154024786437,95147,,0,,,,2.0,1,1
AK,Alaska,02,2017,West,Pacific,0,2,0.45,0.00045,0.00045,0.0,0.0004498987803648136,21.661993,19.188207,2.4737860000000005,2.3451904599528242e-05,1.6100620721863817e-05,,,,,,,,,,,,,,,,,,,,,,,,,0.4053567353074868,3.92,0.0049,2.83,2.13,355,2830,355.0,1395.0,,,,,,,95147,,0,,,,,0,0
AK,Alaska,02,2018,West,Pacific,0,2,0.45,0.00045,0.00045,0.0,0.0004498987803648136,23.91222,21.661993,2.2502270000000024,2.3451904599528242e-05,1.6100620721863817e-05,,,,,,,,,,,,,,,,,,,,,,,,,0.4053567353074868,3.92,0.0049,2.83,2.13,355,2830,355.0,1395.0,,,,,,,95147,,0,,,,,0,0
AK,Alaska,02,2019,West,Pacific,0,2,0.45,0.00045,0.00045,0.0,0.0004498987803648136,27.949233,23.91222,4.037012999999998,2.3451904599528242e-05,1.6100620721863817e-05,,,,,,,,,,,,,,,,,,,,,,,,,0.4053567353074868,3.92,0.0049,2.83,2.13,355,2830,355.0,1395.0,,,,,,,95147,,0,,,,,0,0
AK,Alaska,02,2020,West,Pacific,0,2,0.45,0.00045,0.00045,0.0,0.0004498987803648136,30.331256,27.949233,2.3820230000000002,2.3451904599528242e-05,1.6100620721863817e-05,,,,,,,,,,,,,,,,,,,,,,,,,0.4053567353074868,3.92,0.0049,2.83,2.13,355,2830,355.0,1395.0,,,,,,,95147,,0,,,,,0,0
AK,Alaska,02,2021,West,Pacific,0,2,0.45,0.00045,0.00045,0.0,0.0004498987803648136,35.872858,30.331256,5.541602000000001,2.3451904599528242e-05,1.6100620721863817e-05,,,,,,,,,,,,,,,,,,,,,,,,,0.4053567353074868,3.92,0.0049,2.83,2.13,355,2830,355.0,1395.0,,,,,,,95147,,0,,,,,0,0
AK,Alaska,02,2022,West,Pacific,0,2,0.45,0.00045,0.00045,0.0,0.0004498987803648136,42.06341,35.872858,6.190551999999997,2.3451904599528242e-05,1.6100620721863817e-05,,,,,,,,,,,,,,,,,,,,,,,,,0.4053567353074868,3.92,0.0049,2.83,2.13,355,2830,355.0,1395.0,,,,,,,95147,,0,1.2692,2.928036,19242.95845,,0,0
AK,Alaska,02,2023,West,Pacific,0,2,0.45,0.00045,0.00045,0.0,0.0004498987803648136,47.661771,42.06341,5.598361000000004,2.3451904599528242e-05,1.6100620721863817e-05,,,,,,,,,,,,,,,,,,,,,,,,,0.4053567353074868,3.92,0.0049,2.83,2.13,355,2830,355.0,1395.0,,,,,,,95147,,0,1.321666,3.055209,20745.10057,,0,0
AK,Alaska,02,2024,West,Pacific,0,2,0.45,0.00045,0.00045,0.0,0.0004498987803648136,56.613435,47.661771,8.951664000000001,2.3451904599528242e-05,1.6100620721863817e-05,,,,,,,,,,,,,,,,,,,,,,,,,0.4053567353074868,3.92,0.0049,2.83,2.13,355,2830,355.0,1395.0,,,,,,,95147,,0,1.343117,3.133236,22334.67948,,0,0
AK,Alaska,02,2025,West,Pacific,0,2,0.45,0.00045,0.00045,0.0,0.0004498987803648136,68.846515,56.613435,12.233079999999994,2.3451904599528242e-05,1.6100620721863817e-05,,,,,,,,,,,,,,,,,,,,,,,,,0.4053567353074868,3.92,0.0049,2.83,2.13,355,2830,355.0,1395.0,,,,,,,95147,,0,1.370672,3.187575,23421.66031,,0,0
AL,Alabama,01,2016,South,East South Central,4,4,1.046,0.001046,,,0.0010454533231828587,19.188207,,,5.451264935801454e-05,0.00219311921726081,1058.25,10039.25,23254.75,21533.5,83302.5,13039.0,4208.0,5505.5,6458.25,4557.5,3851.75,4583.5,1086.0,9924.75,23432.5,21393.75,83671.5,12900.75,6.964371879401033,9.214257689260227,10.054264691224148,9.977365141010711,11.330233839709384,9.475700145423472,0.5788226490325865,5.07,0.0319,3.43,2.96,4585,18130,4585.0,23230.0,612.5390683387346,3105.573076477385,14929.457900000001,3551.2840081386503,6.417612725427535,8.040953543030627,61846,,0,,,,4.0,0,1
AL,Alabama,01,2017,South,East South Central,4,4,1.046,0.001046,0.001046,0.0,0.0010454533231828587,21.661993,19.188207,2.4737860000000005,5.451264935801454e-05,0.00219311921726081,1555.5,9393.0,23811.25,21280.5,84528.5,12794.75,4535.0,5483.25,6595.0,4596.25,3963.25,4643.75,1737.75,9269.75,23837.5,21289.25,84946.5,12642.25,7.349552316337692,9.147720009994515,10.077913437052908,9.96554643942015,11.3448440345863,9.456790209520626,0.5788226490325865,5.07,0.0319,3.43,2.96,4585,18130,4585.0,23230.0,900.3586305701883,4564.818256990855,17878.1987,5219.959626420667,6.8027931623641935,8.426133979967286,61846,,0,,,,4.0,0,1
AL,Alabama,01,2018,South,East South Central,4,6,3.746,0.003746,0.001046,0.0027,0.0037390012148541965,23.91222,21.661993,2.2502270000000024,5.451264935801454e-05,0.00219311921726081,2390.75,8879.25,24652.5,21567.5,88019.0,13118.25,4167.25,5620.75,6780.25,4662.25,4083.0,4786.75,2576.75,8651.75,24727.25,21561.0,89054.25,13357.75,7.779362403229652,9.091472372959855,10.112633594206484,9.978942830950734,11.385307979246239,9.481759669455283,0.5788226490325865,5.07,0.0319,3.43,2.96,4585,18130,4585.0,23230.0,1383.8202481746562,7015.968658245507,22676.995925,8022.898410070851,7.232603249256154,8.855944066859246,61846,,0,,,,4.0,0,1
AL,Alabama,01,2019,South,East South Central,4,8,61.296,0.061295999999999996,0.003746,0.05755,0.05949080281594417,27.949233,23.91222,4.037012999999998,5.451264935801454e-05,0.00219311921726081,2069.0,8000.75,24784.25,21631.25,92554.5,14396.0,5361.5,5710.25,7069.25,4680.5,4296.25,5100.25,2086.5,7926.5,24883.5,21541.75,93505.5,14671.75,7.634820677745543,8.987290566267717,10.117963649758776,9.981894307383655,11.435552939185904,9.574705669198922,0.5788226490325865,5.07,0.0319,3.43,2.96,4585,18130,4585.0,23230.0,1197.5840608484216,6071.751188501497,21328.596675,6943.167127653076,7.088061523772045,8.711402341375136,61846,,0,,,,4.0,0,1
AL,Alabama,01,2020,South,East South Central,4,9,113.296,0.11329600000000001,0.061295999999999996,0.05200000000000001,0.10732498482412628,30.331256,27.949233,2.3820230000000002,5.451264935801454e-05,0.00219311921726081,2098.25,7631.5,25029.25,19865.25,92585.0,14248.0,6059.5,6162.25,7734.25,5392.0,4583.0,5530.25,2121.75,7513.75,25037.25,19381.75,92533.0,13993.25,7.648858942962937,8.940039697355177,10.12780041993374,9.896727253117911,11.435882420471916,9.564371824969498,0.5788226490325865,5.07,0.0319,3.43,2.96,4585,18130,4585.0,23230.0,1214.5146233326248,6157.589140296408,22090.458775,7041.324516963783,7.102099788989439,8.72544060659253,61846,,0,,,,4.0,0,1
AL,Alabama,01,2021,South,East South Central,4,12,217.746,0.21774600000000002,0.11329600000000001,0.10445000000000002,0.19700160895266156,35.872858,30.331256,5.541602000000001,5.451264935801454e-05,0.00219311921726081,2338.25,7387.5,25106.0,19938.75,94506.75,13722.75,6846.25,5895.75,7834.25,5788.5,4723.75,5736.0,2383.25,7481.75,25273.5,20442.75,95120.0,13759.25,7.757158065314661,8.907544661714354,10.130862140378154,9.900420353486657,11.456426539502363,9.526810318512785,0.5788226490325865,5.07,0.0319,3.43,2.96,4585,18130,4585.0,23230.0,1353.4320591004455,6861.900539639259,23988.714549999997,7846.718480538813,7.210398911341162,8.833739728944254,61846,,0,,,,4.0,0,1
AL,Alabama,01,2022,South,East South Central,4,13,222.246,0.222246,0.21774600000000002,0.004499999999999976,0.20069014981836844,42.06341,35.872858,6.190551999999997,5.451264935801454e-05,0.00219311921726081,2684.5,7932.25,25329.75,22986.75,98615.5,14056.0,7610.25,6082.5,8267.25,6027.25,5046.0,6067.5,2886.75,7969.0,25360.5,23453.0,99087.75,14135.75,7.895249769862624,8.978692007045176,10.139734873227315,10.042673241952917,11.498983729047334,9.550804629866933,0.5788226490325865,5.07,0.0319,3.43,2.96,4585,18130,4585.0,23230.0,1553.8494013279785,7878.016464732851,27784.757325,9008.667063404873,7.348490615889126,8.971831433492218,61846,,0,1.2692,2.928036,19242.95845,4.0,0,1
AL,Alabama,01,2023,South,East South Central,4,14,326.246,0.326246,0.222246,0.10399999999999998,0.2823523949188875,47.661771,42.06341,5.598361000000004,5.451264935801454e-05,0.00219311921726081,3605.5,7828.75,26047.75,23738.75,99376.5,14155.5,7484.25,6255.75,8644.5,6333.5,5370.75,6524.75,3705.25,7804.25,26208.5,23609.0,99923.0,14111.5,8.190215736356814,8.965558133839622,10.167686671090362,10.074864013028455,11.506670946182338,9.557858520129498,0.5788226490325865,5.07,0.0319,3.43,2.96,4585,18130,4585.0,23230.0,2086.945061086991,10580.811459711043,33132.31765,12099.366398624054,7.643456582383316,9.266797399986407,61846,,0,1.321666,3.055209,20745.10057,4.0,0,1
AL,Alabama,01,2024,South,East South Central,4,18,482.772,0.482772,0.326246,0.156526,0.393913308922193,56.613435,47.661771,8.951664000000001,5.451264935801454e-05,0.00219311921726081,3770.25,7619.0,25959.0,23099.75,104027.0,15677.0,7790.0,6313.5,9009.5,6612.25,5680.5,6779.0,3786.75,7511.0,25994.25,22977.0,105257.25,16073.5,8.234896591240794,8.93840040647301,10.164273649274849,10.047577073940499,11.552405759813883,9.659949949068531,0.5788226490325865,5.07,0.0319,3.43,2.96,4585,18130,4585.0,23230.0,2182.3060925151094,11064.291889051605,33826.955708333335,12652.235796536495,7.688137437267296,9.311478254870387,61846,,0,1.343117,3.133236,22334.67948,4.0,0,1
AL,Alabama,01,2025,South,East South Central,4,20,690.772,0.690772,0.482772,0.20800000000000007,0.5251852293651905,68.846515,56.613435,12.233079999999994,5.451264935801454e-05,0.00219311921726081,,,,,,,,,,,,,,,,,,,,,,,,,0.5788226490325865,5.07,0.0319,3.43,2.96,4585,18130,4585.0,23230.0,,,,,,,61846,,0,1.370672,3.187575,23421.66031,,0,0
AR,Arkansas,05,2016,South,West South Central,6,3,2.184,0.002184,,,0.00218161853877717,19.188207,,,0.00011381991032304375,7.814167923677907e-05,1292.25,5824.25,10632.25,13626.25,50135.0,7589.75,5741.5,5822.75,6221.0,4460.5,3539.25,4184.25,1324.75,5754.25,10681.5,13568.5,50282.0,7312.25,7.164140164076149,8.669785514779411,9.271647114036874,9.519753358442568,10.822474645958026,8.93455393177079,0.7225985656863811,4.5,0.0194,2.52,2.15,5280,11015,5280.0,23735.0,933.777996508226,4202.000984287017,11627.015800000001,4560.472987778791,6.839238718871152,8.343316115647426,60276,,0,,,,4.0,0,1
AR,Arkansas,05,2017,South,West South Central,6,3,2.184,0.002184,0.002184,0.0,0.00218161853877717,21.661993,19.188207,2.4737860000000005,0.00011381991032304375,7.814167923677907e-05,1392.25,5185.75,9842.75,12918.75,51327.75,7126.75,5775.5,6053.5,6518.75,4533.0,3643.0,4259.0,1396.5,5076.0,9722.0,12741.0,51424.75,7238.25,7.238676422469778,8.553669758226254,9.194490422546117,9.466435023430078,10.845986820578414,8.87161058901375,0.7225985656863811,4.5,0.0194,2.52,2.15,5280,11015,5280.0,23735.0,1006.0378530768642,4527.170338845889,12344.81825,4913.382485769024,6.913774977264781,8.417852374041056,60276,,0,,,,4.0,0,1
AR,Arkansas,05,2018,South,West South Central,6,3,2.184,0.002184,0.002184,0.0,0.00218161853877717,23.91222,21.661993,2.2502270000000024,0.00011381991032304375,7.814167923677907e-05,1382.25,3608.5,9898.5,11257.25,51391.0,7428.75,6478.25,5588.25,6902.5,4275.25,3702.5,4488.5,1431.25,3547.0,9901.75,11211.0,51689.5,7484.75,7.231467885218042,8.191047452512327,9.200138509491586,9.328767644511862,10.847218338835674,8.91311288668087,0.7225985656863811,4.5,0.0194,2.52,2.15,5280,11015,5280.0,23735.0,998.8118674200003,4494.653403390002,12659.26145,4878.091535970001,6.906566440013045,8.410643836789319,60276,,0,,,,4.0,0,1
AR,Arkansas,05,2019,South,West South Central,6,3,2.184,0.002184,0.002184,0.0,0.00218161853877717,27.949233,23.91222,4.037012999999998,0.00011381991032304375,7.814167923677907e-05,1616.25,3422.0,9767.5,11174.5,52766.75,7477.75,6661.5,5842.0,6731.75,4507.75,3857.75,4698.5,1663.25,3386.5,9810.5,11069.75,53234.25,7521.0,7.387863930086067,8.137980454452139,9.186815826929225,9.321389675751478,10.873636536479594,8.919687223579448,0.7225985656863811,4.5,0.0194,2.52,2.15,5280,11015,5280.0,23735.0,1167.8999317906134,5255.54969305776,13873.509399999999,5703.899761267147,7.06296248488107,8.567039881657344,60276,,0,,,,4.0,0,1
AR,Arkansas,05,2020,South,West South Central,6,3,2.184,0.002184,0.002184,0.0,0.00218161853877717,30.331256,27.949233,2.3820230000000002,0.00011381991032304375,7.814167923677907e-05,3430.25,3500.0,8751.25,11993.0,53615.75,7469.0,7593.75,6196.0,6818.5,5397.25,4047.0,4833.75,3467.25,3480.75,8761.75,11726.0,53824.0,7355.25,8.140388423801285,8.160518247477505,9.076951826291408,9.392078425231722,10.889598147178994,8.918516400357067,0.7225985656863811,4.5,0.0194,2.52,2.15,5280,11015,5280.0,23735.0,2478.693729945709,11154.12178475569,22375.02485,12105.678054809981,7.8154869785962875,9.319564375372561,60276,,0,,,,4.0,0,1
AR,Arkansas,05,2021,South,West South Central,6,3,2.184,0.002184,0.002184,0.0,0.00218161853877717,35.872858,30.331256,5.541602000000001,0.00011381991032304375,7.814167923677907e-05,3765.75,3979.75,8682.0,12327.75,55740.75,6996.5,7923.5,6270.0,7283.5,5788.0,4194.75,5072.75,3887.0,4020.25,8656.25,12603.0,56149.25,6974.75,8.233702323582925,8.288974282235245,9.06900719585954,9.419608097754745,10.928466756273727,8.853165302995768,0.7225985656863811,4.5,0.0194,2.52,2.15,5280,11015,5280.0,23735.0,2721.1255487334897,12245.064969300704,24297.3498,13289.689420567214,7.908800878377928,9.412878275154203,60276,,0,,,,4.0,0,1
AR,Arkansas,05,2022,South,West South Central,6,3,2.184,0.002184,0.002184,0.0,0.00218161853877717,42.06341,35.872858,6.190551999999997,0.00011381991032304375,7.814167923677907e-05,4499.0,3274.5,8926.75,12652.75,57879.25,7350.0,8050.75,6442.75,7672.75,5981.25,4520.75,5527.0,4652.0,3322.25,9138.5,12892.5,58859.0,7560.75,8.411610428841172,8.093920464658108,9.09680766585835,9.445629861833948,10.966114222817652,8.902455592206882,0.7225985656863811,4.5,0.0194,2.52,2.15,5280,11015,5280.0,23735.0,3250.9709470230287,14629.36926160363,28830.43165,15877.398314580601,8.086708983636175,9.59078638041245,60276,,0,1.2692,2.928036,19242.95845,4.0,0,1
AR,Arkansas,05,2023,South,West South Central,6,3,2.184,0.002184,0.002184,0.0,0.00218161853877717,47.661771,42.06341,5.598361000000004,0.00011381991032304375,7.814167923677907e-05,4652.5,3386.5,9889.75,13017.0,62696.25,8656.25,8330.25,6713.75,7993.5,6238.0,4869.5,6115.25,4598.75,3370.75,9934.75,12926.5,63909.25,8945.0,8.445159988516405,8.127552218654959,9.199254146238617,9.47401147446646,11.046056916219966,9.06603688236975,0.7225985656863811,4.5,0.0194,2.52,2.15,5280,11015,5280.0,23735.0,3361.8898268558883,15128.504220851497,29948.452100000002,16419.11439399561,8.12025854331141,9.624335940087683,60276,,0,1.321666,3.055209,20745.10057,4.0,0,1
AR,Arkansas,05,2024,South,West South Central,6,3,2.184,0.002184,0.002184,0.0,0.00218161853877717,56.613435,47.661771,8.951664000000001,0.00011381991032304375,7.814167923677907e-05,4300.5,3333.25,10468.0,12548.25,67191.5,9566.0,8972.0,7005.75,8353.5,6593.0,5162.75,6306.75,4277.75,3328.0,10485.25,12499.0,67545.5,9584.75,8.366486573991534,8.111703082995568,9.256078263650036,9.437336492605882,11.115302030415709,9.165970424240243,0.7225985656863811,4.5,0.0194,2.52,2.15,5280,11015,5280.0,23735.0,3107.535131734282,13983.90809280427,28288.944066666667,15176.872961069988,8.041585128786537,9.545662525562811,60276,,0,1.343117,3.133236,22334.67948,4.0,0,1
AR,Arkansas,05,2025,South,West South Central,6,3,2.184,0.002184,0.002184,0.0,0.00218161853877717,68.846515,56.613435,12.233079999999994,0.00011381991032304375,7.814167923677907e-05,,,,,,,,,,,,,,,,,,,,,,,,,0.7225985656863811,4.5,0.0194,2.52,2.15,5280,11015,5280.0,23735.0,,,,,,,60276,,0,1.370672,3.187575,23421.66031,,0,0
AZ,Arizona,04,2016,West,Mountain,5,49,825.499,0.825499,,,0.6018533743182798,19.188207,,,0.04302116398890214,0.0373628142138999,8529.25,15105.5,34321.5,45130.5,136689.0,12933.25,6880.75,5691.75,7069.5,5327.0,3894.75,5205.25,8566.75,15503.5,34655.75,45775.75,138646.75,13213.0,9.051256711649406,9.622814194894906,10.443527258940513,10.717313571864482,11.82546355129581,9.467556793623528,0.750258306303893,5.61,0.0472,3.23,2.91,14575,26365,14575.0,81700.0,6399.1406590424795,35899.17909722831,61647.77650000001,38029.28843818584,8.763918988307855,10.48846970784246,73203,,0,,,,4.0,0,1
AZ,Arizona,04,2017,West,Mountain,5,56,934.714,0.934714,0.825499,0.10921500000000006,0.659959511940143,21.661993,19.188207,2.4737860000000005,0.04302116398890214,0.0373628142138999,8998.25,15963.75,35685.5,46442.0,147096.0,14319.25,7140.25,5824.75,7170.75,5549.5,4108.25,5457.5,9133.25,15968.25,35790.5,46756.0,150014.75,14664.0,9.10478539296714,9.678075805810472,10.48249972279643,10.745959501206636,11.898840713833678,9.569360064841378,0.750258306303893,5.61,0.0472,3.23,2.91,14575,26365,14575.0,81700.0,6751.011804699006,37873.17622436142,64913.0103,40120.41441966242,8.817447669625588,10.541998389160193,73203,,0,,,,4.0,0,1
AZ,Arizona,04,2018,West,Mountain,5,50,938.286,0.938286,0.934714,0.0035719999999999086,0.6618040773998835,23.91222,21.661993,2.2502270000000024,0.04302116398890214,0.0373628142138999,9473.75,16396.5,36572.75,48123.5,158183.75,15662.0,7409.75,5968.25,7307.75,5806.75,4313.5,5600.25,9484.5,16210.25,37129.5,48167.75,161298.0,15993.0,9.156280095126238,9.704823176402,10.507058706566111,10.781525902273158,11.971512610961446,9.658992675310882,0.750258306303893,5.61,0.0472,3.23,2.91,14575,26365,14575.0,81700.0,7107.759629346507,39874.53152063391,68432.1713,42240.5218912874,8.868942371784687,10.593493091319292,73203,,0,,,,4.0,0,1
AZ,Arizona,04,2019,West,Mountain,5,54,1044.262,1.044262,0.938286,0.10597600000000007,0.7150368441662376,27.949233,23.91222,4.037012999999998,0.04302116398890214,0.0373628142138999,9851.0,16073.75,38786.5,49423.5,171023.75,17055.75,7245.25,6105.5,7587.25,5968.75,4534.5,5922.25,10015.0,15908.5,38874.0,49575.75,173921.75,17341.0,9.19532825185568,9.68494278558465,10.565827526922515,10.80818129856462,12.049557714729517,9.744242669259648,0.750258306303893,5.61,0.0472,3.23,2.91,14575,26365,14575.0,81700.0,7390.79457539965,41462.35756799204,70934.097,43922.56299259239,8.907990528514128,10.632541248048733,73203,,0,,,,4.0,0,1
AZ,Arizona,04,2020,West,Mountain,5,58,1078.026,1.0780260000000002,1.044262,0.03376400000000013,0.7314184046295599,30.331256,27.949233,2.3820230000000002,0.04302116398890214,0.0373628142138999,9956.75,15472.25,37993.75,47135.75,175917.0,17628.5,7873.75,6441.0,8072.5,6815.5,4843.0,6307.25,10241.25,15336.75,37758.0,46191.25,175995.0,17489.0,9.206005992108627,9.646803375783836,10.545176951497032,10.760787015446526,12.077767571877233,9.777272189526045,0.750258306303893,5.61,0.0472,3.23,2.91,14575,26365,14575.0,81700.0,7470.134391291287,41907.45393514412,72431.5885,44394.069543852835,8.918668268767076,10.643218988301681,73203,0.018,1,,,,4.0,0,1
AZ,Arizona,04,2021,West,Mountain,5,63,1223.629,1.2236289999999999,1.0780260000000002,0.1456029999999997,0.7991405459261456,35.872858,30.331256,5.541602000000001,0.04302116398890214,0.0373628142138999,11760.25,14236.5,37889.25,48059.5,179617.5,17539.75,8635.0,6577.5,8594.0,7557.0,5035.0,6536.75,12034.5,13978.5,38371.25,49004.25,182004.75,17842.0,9.372480479730061,9.563564368238657,10.542422709675806,10.780195105574252,12.098584868856173,9.772225012688907,0.750258306303893,5.61,0.0472,3.23,2.91,14575,26365,14575.0,81700.0,8823.225246710357,49498.293634045105,83483.7245,52435.31838733476,9.08514275638851,10.809693475923114,73203,0.0,1,,,,4.0,0,1
AZ,Arizona,04,2022,West,Mountain,5,70,1460.249,1.4602490000000001,1.2236289999999999,0.23662000000000027,0.9002625643341174,42.06341,35.872858,6.190551999999997,0.04302116398890214,0.0373628142138999,12901.75,13268.25,39726.25,51826.5,194101.0,19458.5,8732.0,7214.75,9089.75,7962.75,5437.25,6971.0,12996.0,13159.0,40452.25,52260.0,198357.75,20127.0,9.465118240063653,9.493129242216833,10.589767457240887,10.855656880445181,12.176133921127343,9.876039271576898,0.750258306303893,5.61,0.0472,3.23,2.91,14575,26365,14575.0,81700.0,9679.645103356252,54302.809029828575,92869.2579,57524.91392647233,9.177780516722104,10.902331236256707,73203,0.0,1,1.2692,2.928036,19242.95845,4.0,0,1
AZ,Arizona,04,2023,West,Mountain,5,76,1758.632,1.758632,1.4602490000000001,0.29838299999999984,1.0147349046790026,47.661771,42.06341,5.598361000000004,0.04302116398890214,0.0373628142138999,12743.0,12240.75,39909.5,52109.25,213657.0,22532.0,9748.25,7757.5,9490.75,8578.0,5785.0,7260.5,12446.0,12078.75,39482.5,51452.0,217249.5,23218.5,9.452737380212278,9.412525828698914,10.594369669775878,10.861097755168712,12.272127204401583,10.022691800014604,0.750258306303893,5.61,0.0472,3.23,2.91,14575,26365,14575.0,81700.0,9560.541597230509,53634.638360463156,93032.95320000002,56817.09676323265,9.165399656870727,10.889950376405332,73203,0.255,1,1.321666,3.055209,20745.10057,4.0,0,1
AZ,Arizona,04,2024,West,Mountain,5,88,2392.509,2.392509,1.758632,0.633877,1.2215697656342008,56.613435,47.661771,8.951664000000001,0.04302116398890214,0.0373628142138999,11946.5,11782.75,38413.5,50194.75,223983.75,25270.0,11338.75,8005.0,9958.5,9305.75,6133.5,7760.0,11806.75,11740.25,38381.75,49950.25,224905.75,25735.25,9.388193627430585,9.374391876480704,10.556164239292203,10.82366571853747,12.31932878356283,10.13737320038224,0.750258306303893,5.61,0.0472,3.23,2.91,14575,26365,14575.0,81700.0,8962.960856259459,50282.210403615565,88401.85833333334,53265.74954735611,9.100855904089034,10.825406623623639,73203,0.7649999999999999,1,1.343117,3.133236,22334.67948,4.0,0,1
AZ,Arizona,04,2025,West,Mountain,5,110,3167.433,3.167433,2.392509,0.774924,1.427300258728936,68.846515,56.613435,12.233079999999994,0.04302116398890214,0.0373628142138999,,,,,,,,,,,,,,,,,,,,,,,,,0.750258306303893,5.61,0.0472,3.23,2.91,14575,26365,14575.0,81700.0,,,,,,,73203,,0,1.370672,3.187575,23421.66031,,0,0
CA,California,06,2016,West,Pacific,3,210,2117.979,2.1179789999999996,,,1.1371850355263098,19.188207,,,0.1103792032262316,0.08930903399030665,38885.5,76721.0,293489.25,671800.5,788020.0,71483.0,12283.0,7976.0,11378.5,9122.75,4820.5,6642.75,39665.25,76187.25,295641.75,676964.75,794900.0,72012.5,10.568376709475075,11.247930743883217,12.589596290662982,13.41771670042918,13.577278749228592,11.177214938174416,0.7559506192912943,5.64,0.335,2.52,2.16,91930,161280,91930.0,518795.0,29395.517806451622,165790.72042838714,307080.45125000004,175280.70262193552,10.288597486141372,12.01848155165134,104916,,0,,,,4.0,0,1
CA,California,06,2017,West,Pacific,3,216,2297.327,2.297327,2.1179789999999996,0.1793480000000005,1.1931121402451799,21.661993,19.188207,2.4737860000000005,0.1103792032262316,0.08930903399030665,43195.0,71865.75,303246.5,679598.75,822043.0,75993.25,14418.75,8235.75,12218.5,10313.25,5047.75,6944.5,43988.0,71316.25,305670.5,687660.0,835565.0,77496.75,10.673480026792985,11.182555074165482,12.622301285107374,13.429257829460978,13.619547984105644,11.238399799534639,0.7559506192912943,5.64,0.335,2.52,2.16,91930,161280,91930.0,518795.0,32653.287000287455,184164.53868162123,334600.27249999996,194706.2516813338,10.393700803459282,12.12358486896925,104916,,0,,,,4.0,0,1
CA,California,06,2018,West,Pacific,3,220,2460.302,2.460302,2.297327,0.16297499999999987,1.241355868497667,23.91222,21.661993,2.2502270000000024,0.1103792032262316,0.08930903399030665,48080.25,67811.5,313416.75,705676.75,870092.5,81087.75,17066.75,8423.75,12939.75,11158.75,5257.75,7185.75,49284.75,66938.75,316884.75,711628.5,877864.5,81559.5,10.780626768862792,11.124487076064405,12.65528905355117,13.466912550435136,13.67635480681808,11.303287180605814,0.7559506192912943,5.64,0.335,2.52,2.16,91930,161280,91930.0,518795.0,36346.29476318025,204993.1024643366,366720.05374999996,216727.05770115633,10.50084754552909,12.230731611039058,104916,,0,,,,4.0,0,1
CA,California,06,2019,West,Pacific,3,225,2496.119,2.496119,2.460302,0.03581700000000021,1.2516534961155807,27.949233,23.91222,4.037012999999998,0.1103792032262316,0.08930903399030665,51296.75,63919.0,329861.5,734265.75,899802.5,83771.0,16981.5,9392.5,13671.25,11236.25,5498.0,7515.25,52548.25,62908.75,332675.25,739360.0,904934.5,83857.0,10.845382676325475,11.065371935762084,12.706428148375542,13.506626299290462,13.709930573780548,11.335842164524378,0.7559506192912943,5.64,0.335,2.52,2.16,91930,161280,91930.0,518795.0,38777.8099301307,218706.84800593715,386646.4125,231225.78807580643,10.565603452991773,12.29548751850174,104916,,0,,,,4.0,0,1
CA,California,06,2020,West,Pacific,3,233,2574.047,2.574047,2.496119,0.077928,1.2736985671823862,30.331256,27.949233,2.3820230000000002,0.1103792032262316,0.08930903399030665,54064.75,59045.5,330047.75,696680.0,881133.75,80517.0,17334.75,10863.25,15279.5,13121.75,5724.25,7807.75,54184.0,58126.0,328582.0,690889.5,875898.25,79140.75,10.897937681305319,10.986063612117064,12.706992619944764,13.45408147384572,13.688964709513463,11.296223621235495,0.7559506192912943,5.64,0.335,2.52,2.16,91930,161280,91930.0,518795.0,40870.281244329,230508.38621801557,407783.84125,243702.85497368654,10.618158457971617,12.348042523481585,104916,6.657999999999999,1,,,,4.0,0,1
CA,California,06,2021,West,Pacific,3,245,2702.303,2.7023029999999997,2.574047,0.12825599999999948,1.3089550584518885,35.872858,30.331256,5.541602000000001,0.1103792032262316,0.08930903399030665,54887.75,58098.25,330592.0,739907.5,901027.5,79145.0,21724.0,11655.25,18131.5,15392.0,6057.5,8091.5,56068.5,57956.25,334486.0,754722.25,906698.25,79536.0,10.913045469630722,10.969890821904444,12.708640265649173,13.514280457367201,13.711291057767319,11.279036892119839,0.7559506192912943,5.64,0.335,2.52,2.16,91930,161280,91930.0,518795.0,41492.428604005734,234017.29732659232,419386.61,247412.6187225866,10.63326624629702,12.363150311806988,104916,56.28,1,,,,4.0,0,1
CA,California,06,2022,West,Pacific,3,256,2938.265,2.938265,2.7023029999999997,0.23596200000000023,1.370740270995012,42.06341,35.872858,6.190551999999997,0.1103792032262316,0.08930903399030665,70387.75,55342.0,338773.25,788877.5,927267.5,84076.5,20048.5,11893.25,16112.25,13458.0,6241.5,8453.75,71639.5,54972.75,339574.5,792984.25,928150.75,84758.75,11.16177452132357,10.921287392911944,12.733086283507141,13.578366327951397,13.739997368185337,11.33948237766252,0.7559506192912943,5.64,0.335,2.52,2.16,91930,161280,91930.0,518795.0,53209.6632030208,300102.5004650373,523159.13249999995,317280.5872620165,10.881995297989867,12.611879363499837,104916,41.62,1,1.2692,2.928036,19242.95845,4.0,0,1
CA,California,06,2023,West,Pacific,3,269,3079.621,3.079621,2.938265,0.14135600000000004,1.4060040919444639,47.661771,42.06341,5.598361000000004,0.1103792032262316,0.08930903399030665,80032.25,53592.0,325973.5,762161.75,924424.75,85206.75,22677.75,14607.0,17050.5,15217.25,6452.25,8771.0,79087.5,52689.5,322458.0,742582.25,927833.25,84662.0,11.290184957422966,10.889155082188104,12.69457136870121,13.543914082483829,13.736926931147698,11.352835935031358,0.7559506192912943,5.64,0.335,2.52,2.16,91930,161280,91930.0,518795.0,60500.428950775684,341222.41928237485,581752.75125,360754.24033159914,11.010405734089264,12.740289799599232,104916,36.879,1,1.321666,3.055209,20745.10057,4.0,0,1
CA,California,06,2024,West,Pacific,3,285,3473.613,3.473613,3.079621,0.3939919999999999,1.4981963595501302,56.613435,47.661771,8.951664000000001,0.1103792032262316,0.08930903399030665,76245.75,50936.5,317271.25,730032.5,927477.0,83886.75,26954.5,13054.0,19101.5,17906.75,6730.5,9124.0,76042.75,50163.0,315876.5,726147.0,923142.75,83563.0,11.241716955211336,10.838335037888669,12.66751236520894,13.50084433268151,13.740223275312589,11.337222953881154,0.7559506192912943,5.64,0.335,2.52,2.16,91930,161280,91930.0,518795.0,57638.0219308292,325078.44368987664,560243.5729166666,343686.1717590474,10.961937731877635,12.691821797387602,104916,49.846,1,1.343117,3.133236,22334.67948,4.0,0,1
CA,California,06,2025,West,Pacific,3,296,3832.658,3.832658,3.473613,0.35904500000000006,1.5753966268581614,68.846515,56.613435,12.233079999999994,0.1103792032262316,0.08930903399030665,,,,,,,,,,,,,,,,,,,,,,,,,0.7559506192912943,5.64,0.335,2.52,2.16,91930,161280,91930.0,518795.0,,,,,,,104916,,0,1.370672,3.187575,23421.66031,,0,0
CO,Colorado,08,2016,West,Mountain,7,35,454.52,0.45452,,,0.3746759492882839,19.188207,,,0.023687465952394616,0.017358723225070257,10264.0,27031.75,55055.75,72490.5,151116.5,14242.75,7680.25,7859.25,8164.5,7137.0,4374.25,5670.0,10391.25,26964.75,55641.25,72573.25,153245.75,14445.5,9.236397906295473,10.204767380053047,10.916101587195799,11.19121079777424,11.925806341504856,9.564003284298618,0.804615729311153,5.44,0.0444,2.8,2.37,18680,24650,18680.0,101580.0,8258.575845649675,44926.65260033424,68739.25510000001,46932.07675468455,9.019007435868803,10.712786496736655,93026,,0,,,,4.0,0,1
CO,Colorado,08,2017,West,Mountain,7,37,466.028,0.466028,0.45452,0.011508000000000018,0.38255670287278803,21.661993,19.188207,2.4737860000000005,0.023687465952394616,0.017358723225070257,11401.75,26078.5,57737.0,73386.5,158221.0,15222.25,7978.75,8080.75,8416.5,7378.25,4504.0,5864.5,11669.0,26154.75,58307.0,73967.5,160038.25,15570.75,9.341522131373251,10.168866499049095,10.963653494818272,11.203495273980845,11.971748068868902,9.630513452289895,0.804615729311153,5.44,0.0444,2.8,2.37,18680,24650,18680.0,101580.0,9174.027391673439,49906.70901070351,75495.4477,52134.43161903007,9.124131660946581,10.817910721814433,93026,,0,,,,4.0,0,1
CO,Colorado,08,2018,West,Mountain,7,37,478.247,0.47824700000000003,0.466028,0.012219000000000035,0.39085692629005603,23.91222,21.661993,2.2502270000000024,0.023687465952394616,0.017358723225070257,12782.25,27038.5,60442.0,77308.75,167410.0,16428.25,8121.25,8124.75,8728.5,7533.75,4730.75,6112.25,13113.0,27148.0,61033.5,77781.75,168830.0,16381.0,9.455812768773455,10.205017055245415,11.009439506507624,11.255562423512224,12.02820117240983,9.70675769288128,0.804615729311153,5.44,0.0444,2.8,2.37,18680,24650,18680.0,101580.0,10284.799405987485,55949.30876857192,83766.2727,58446.75936258444,9.238422298346787,10.932201359214638,93026,,0,,,,4.0,0,1
CO,Colorado,08,2019,West,Mountain,7,41,485.163,0.485163,0.47824700000000003,0.006915999999999978,0.3955245305407662,27.949233,23.91222,4.037012999999998,0.023687465952394616,0.017358723225070257,13938.75,27068.75,63240.75,78638.0,174727.5,16746.75,8632.25,8516.0,9152.75,7972.75,4882.5,6360.0,14272.5,26896.5,64164.5,78908.25,176821.75,17074.5,9.542428010279572,10.206135204962937,11.054704150835626,11.272610322147692,12.070982896441567,9.725959488576239,0.804615729311153,5.44,0.0444,2.8,2.37,18680,24650,18680.0,101580.0,11215.337496935834,61011.43598333094,90385.7154,63734.8484863951,9.325037539852902,11.018816600720754,93026,,0,,,,4.0,0,1
CO,Colorado,08,2020,West,Mountain,7,45,487.058,0.487058,0.485163,0.00189499999999998,0.39679967142481887,30.331256,27.949233,2.3820230000000002,0.023687465952394616,0.017358723225070257,15322.75,26625.25,67067.5,77738.75,172039.75,16341.5,9558.75,9183.25,9953.5,8910.25,5175.5,6781.75,15544.75,26350.5,67963.0,76864.25,168583.0,15964.5,9.63709393110213,10.189615292639004,11.113454853909733,11.261109125038455,12.055480833746186,9.701463163466306,0.804615729311153,5.44,0.0444,2.8,2.37,18680,24650,18680.0,101580.0,12328.92566630247,67069.35562468544,98708.51410000001,70063.17995838297,9.419703460675462,11.113482521543313,93026,7.473592,1,,,,4.0,0,1
CO,Colorado,08,2021,West,Mountain,7,51,502.143,0.502143,0.487058,0.015085000000000015,0.4068927552015802,35.872858,30.331256,5.541602000000001,0.023687465952394616,0.017358723225070257,15541.0,25419.0,72671.5,78458.75,171853.0,15968.75,11748.25,10613.25,11890.75,10812.0,5544.0,7221.25,16046.25,25126.0,74853.5,79661.5,175105.25,16131.75,9.651236971915612,10.143252204866574,11.193704564652641,11.270328287951697,12.054394739210274,9.678388966386114,0.804615729311153,5.44,0.0444,2.8,2.37,18680,24650,18680.0,101580.0,12504.533049224628,68024.65978778199,100845.2437,71061.12673855736,9.433846501488942,11.127625562356794,93026,2.372212,1,,,,4.0,0,1
CO,Colorado,08,2022,West,Mountain,7,53,521.123,0.521123,0.502143,0.018979999999999997,0.4194488778576261,42.06341,35.872858,6.190551999999997,0.023687465952394616,0.017358723225070257,17025.25,24774.75,83304.0,81803.25,178234.5,16297.75,12289.25,10879.25,11694.75,11063.5,5894.5,7731.5,17079.0,24494.5,84984.5,81782.5,178760.5,16485.25,9.742452815197712,10.11758026832992,11.330251846209732,11.312072252852927,12.090855377973865,9.69878234045708,0.804615729311153,5.44,0.0444,2.8,2.37,18680,24650,18680.0,101580.0,13698.783945454708,74521.38466327362,111709.1824,77847.8507178189,9.525062344771042,11.218841405638894,93026,0.700641,1,1.2692,2.928036,19242.95845,4.0,0,1
CO,Colorado,08,2023,West,Mountain,7,54,522.041,0.5220410000000001,0.521123,0.0009180000000000854,0.4200521973158254,47.661771,42.06341,5.598361000000004,0.023687465952394616,0.017358723225070257,16268.5,23316.0,86611.5,78747.25,179343.5,16784.5,13038.25,11180.0,12442.0,11441.5,6400.25,7961.5,15844.0,22987.25,85900.0,77341.75,179346.5,16735.5,9.69698600174044,10.056895099165441,11.369187880191397,11.273998635443219,12.097058240318727,9.72821112046881,0.804615729311153,5.44,0.0444,2.8,2.37,18680,24650,18680.0,101580.0,13089.890992298493,71209.00699810381,108610.7542,74387.6160058053,9.47959553131377,11.173374592181622,93026,2.25658,1,1.321666,3.055209,20745.10057,4.0,0,1
CO,Colorado,08,2024,West,Mountain,7,55,524.141,0.524141,0.5220410000000001,0.0020999999999998797,0.4214309726698118,56.613435,47.661771,8.951664000000001,0.023687465952394616,0.017358723225070257,15572.5,22277.0,86183.5,75826.5,181274.0,16247.75,14419.75,11800.75,13607.75,12670.5,6476.0,8508.5,15593.5,22034.0,86429.5,75459.25,181881.25,16079.75,9.6532618171283,10.011310035064874,11.36423402301631,11.236203114754783,12.107764977744091,9.695709716632738,0.804615729311153,5.44,0.0444,2.8,2.37,18680,24650,18680.0,101580.0,12529.87844469793,68162.53873915675,104666.9756,71205.16029445881,9.435871346701632,11.129650407569482,93026,3.135028,1,1.343117,3.133236,22334.67948,4.0,0,1
CO,Colorado,08,2025,West,Mountain,7,56,528.288,0.528288,0.524141,0.004147000000000012,0.424148154659282,68.846515,56.613435,12.233079999999994,0.023687465952394616,0.017358723225070257,,,,,,,,,,,,,,,,,,,,,,,,,0.804615729311153,5.44,0.0444,2.8,2.37,18680,24650,18680.0,101580.0,,,,,,,93026,,0,1.370672,3.187575,23421.66031,,0,0
CT,Connecticut,09,2016,Northeast,New England,3,7,42.696,0.042696,,,0.04180966661155718,19.188207,,,0.00222511670840324,0.001651959465220387,1525.0,9485.75,24545.5,33835.75,59220.25,5294.0,7309.5,7951.5,9162.25,7890.75,5095.0,6839.75,1538.5,9288.0,24478.0,33595.5,58770.25,5175.75,7.329749689041512,9.157545951462366,10.108283817032278,10.4292732148164,10.989018823193446,8.574329382787047,0.6444581054210188,4.97,0.0267,3.03,2.52,5060,15170,5060.0,25170.0,982.7986107670537,4884.509095512257,15571.874975,5426.710484745203,6.890404227100088,8.493824067208626,100235,,0,,,,4.0,0,1
CT,Connecticut,09,2017,Northeast,New England,3,10,46.171,0.046171,0.042696,0.003474999999999999,0.04513683220486278,21.661993,19.188207,2.4737860000000005,0.00222511670840324,0.001651959465220387,1547.5,7793.25,24035.25,32745.5,57823.5,5017.5,7494.75,8196.0,9554.5,7838.5,5262.0,7244.25,1540.75,7642.5,23950.0,32771.25,57613.5,5000.0,7.344396004558751,8.961013253400866,10.08727678177178,10.396520827042371,10.96515054642596,8.520687080670493,0.6444581054210188,4.97,0.0267,3.03,2.52,5060,15170,5060.0,25170.0,997.2989181390266,4956.575623150962,16054.342700000001,5506.7767050119355,6.905050542617328,8.508470382725864,100235,,0,,,,4.0,0,1
CT,Connecticut,09,2018,Northeast,New England,3,10,46.171,0.046171,0.046171,0.0,0.04513683220486278,23.91222,21.661993,2.2502270000000024,0.00222511670840324,0.001651959465220387,1913.0,7632.5,23792.0,32815.75,57689.5,4883.0,8430.25,8892.75,9583.0,8561.5,5398.75,7455.0,1920.0,7623.25,23779.5,32878.75,58219.5,4911.75,7.556427969440253,8.940170724609033,10.077104668699937,10.398663862048135,10.96283046020003,8.49351506406166,0.6444581054210188,4.97,0.0267,3.03,2.52,5060,15170,5060.0,25170.0,1232.8483556704089,6127.256327681932,18355.54945,6807.407972011523,7.1170825074988295,8.720502347607367,100235,,0,,,,4.0,0,1
CT,Connecticut,09,2019,Northeast,New England,3,10,46.171,0.046171,0.046171,0.0,0.04513683220486278,27.949233,23.91222,4.037012999999998,0.00222511670840324,0.001651959465220387,2049.5,7399.75,22063.75,33190.5,59137.5,4902.0,9494.25,9277.75,9924.5,9054.5,5588.25,7686.25,2104.25,7247.5,22043.5,33127.75,59159.25,4917.5,7.625351139944392,8.909201494837793,10.001691269294488,10.410018969379095,10.987620519939403,8.497398564088058,0.6444581054210188,4.97,0.0267,3.03,2.52,5060,15170,5060.0,25170.0,1320.816887060378,6564.4599286900775,19258.481424999998,7293.143041629701,7.186005678002969,8.789425518111505,100235,,0,,,,4.0,0,1
CT,Connecticut,09,2020,Northeast,New England,3,11,46.621,0.046621,0.046171,0.00045000000000000595,0.04556687972696277,30.331256,27.949233,2.3820230000000002,0.00222511670840324,0.001651959465220387,2421.75,6770.25,21788.25,30031.75,57270.5,4780.75,10254.5,14176.0,10204.75,10074.75,5761.75,7860.0,2501.0,6662.25,21547.0,28729.75,57082.25,4693.25,7.792245698306495,8.820293292846374,9.989126112643723,10.310010434337725,10.955540935924263,8.472352716943083,0.6444581054210188,4.97,0.0267,3.03,2.52,5060,15170,5060.0,25170.0,1560.7164168033523,7756.7605915126605,21612.953625000002,8617.794174709308,7.352900236365071,8.956320076473608,100235,1.356173,1,,,,4.0,0,1
CT,Connecticut,09,2021,Northeast,New England,3,12,48.648,0.048648000000000004,0.046621,0.002027000000000001,0.047501715428111,35.872858,30.331256,5.541602000000001,0.00222511670840324,0.001651959465220387,3175.25,6292.5,21060.75,30424.75,58597.0,4797.75,10446.75,16642.5,10926.5,11536.5,5967.25,8053.25,3321.0,6284.25,21202.5,31568.0,59132.0,4857.75,8.063141648384429,8.74711372700947,9.955166397589467,10.3230117008951,10.97843877971537,8.475902336998356,0.6444581054210188,4.97,0.0267,3.03,2.52,5060,15170,5060.0,25170.0,2046.3155992380898,10170.188528213306,25914.51025,11299.122928975217,7.6237961864430055,9.227216026551543,100235,1.271185,1,,,,4.0,0,1
CT,Connecticut,09,2022,Northeast,New England,3,12,48.648,0.048648000000000004,0.048648000000000004,0.0,0.047501715428111,42.06341,35.872858,6.190551999999997,0.00222511670840324,0.001651959465220387,3803.25,6272.5,21790.75,32956.0,60405.5,5076.25,12442.5,13455.0,11668.0,11074.75,6175.5,8227.75,3844.75,6273.25,21818.5,33084.25,60617.75,5140.25,8.243611243343238,8.743930278240578,9.989240846804798,10.40292861743548,11.008835439379881,8.532328079000507,0.6444581054210188,4.97,0.0267,3.03,2.52,5060,15170,5060.0,25170.0,2451.0352894424896,12181.645388529172,30736.0731,13533.860099086683,7.804265781401814,9.407685621510351,100235,1.199971,1,1.2692,2.928036,19242.95845,4.0,0,1
CT,Connecticut,09,2023,Northeast,New England,3,12,48.648,0.048648000000000004,0.048648000000000004,0.0,0.047501715428111,47.661771,42.06341,5.598361000000004,0.00222511670840324,0.001651959465220387,3889.0,6315.0,20952.5,32998.5,61187.75,5235.75,13052.0,13360.5,11690.5,11637.5,6495.75,8586.25,3882.75,6283.0,20827.5,32720.5,61555.0,5228.75,8.265907334155747,8.750683034784592,9.950013249973061,10.404217384870073,11.021702285066358,8.56326537951862,0.6444581054210188,4.97,0.0267,3.03,2.52,5060,15170,5060.0,25170.0,2506.297571982342,12456.29893275224,31752.106999999996,13839.001360769898,7.826561872214324,9.429981712322862,100235,3.293309,1,1.321666,3.055209,20745.10057,4.0,0,1
CT,Connecticut,09,2024,Northeast,New England,3,12,48.648,0.048648000000000004,0.048648000000000004,0.0,0.047501715428111,56.613435,47.661771,8.951664000000001,0.00222511670840324,0.001651959465220387,4339.75,6154.5,20787.25,32441.0,62885.5,5202.5,14149.5,12842.0,12060.25,12213.0,6755.75,9076.75,4324.75,6094.0,20633.75,32324.75,63293.0,5255.75,8.375572021748658,8.724938800550351,9.942095096970657,10.3871783338948,11.049070891471352,8.556894558267789,0.6444581054210188,4.97,0.0267,3.03,2.52,5060,15170,5060.0,25170.0,2796.787063000866,13900.031703114304,33866.980225,15442.994640113438,7.936226559807235,9.539646399915773,100235,2.480696,1,1.343117,3.133236,22334.67948,4.0,0,1
CT,Connecticut,09,2025,Northeast,New England,3,12,48.648,0.048648000000000004,0.048648000000000004,0.0,0.047501715428111,68.846515,56.613435,12.233079999999994,0.00222511670840324,0.001651959465220387,,,,,,,,,,,,,,,,,,,,,,,,,0.6444581054210188,4.97,0.0267,3.03,2.52,5060,15170,5060.0,25170.0,,,,,,,100235,,0,1.370672,3.187575,23421.66031,,0,0
DC,District of Columbia,11,2016,South,South Atlantic,2,8,34.556,0.034555999999999996,,,0.03397234916947967,19.188207,,,0.0018008978118695508,0.0024676526901471676,612.25,1406.75,23278.75,17382.75,15210.75,2887.0,7289.5,15393.5,8173.0,9916.25,4903.5,6514.25,631.5,1369.5,23491.5,17380.25,15281.75,2835.75,6.417140695832277,7.249037358313388,10.055296206245716,9.763233614150778,9.629757693702352,7.967973179662935,0.6517012127511631,3.41,0.0106,2.45,2.02,2090,6070,2090.0,7135.0,399.0040675068996,1360.6038701985278,5270.5497,1573.8498026916282,5.988971611090784,7.21568390238621,263220,,0,,,,4.0,0,1
DC,District of Columbia,11,2017,South,South Atlantic,2,9,35.356,0.035356,0.034555999999999996,0.0008000000000000021,0.03474532892884441,21.661993,19.188207,2.4737860000000005,0.0018008978118695508,0.0024676526901471676,564.25,1417.75,23389.75,18219.0,16136.0,2950.25,7684.0,14523.0,8384.75,10415.75,5110.5,6724.25,583.0,1461.0,23527.0,18484.75,16280.5,2973.25,6.335497415697645,7.256826386894137,10.06005317119276,9.810220284565686,9.688808079634049,7.989645191505858,0.6517012127511631,3.41,0.0106,2.45,2.02,2090,6070,2090.0,7135.0,367.72240929484377,1253.9334156954174,5254.76355,1450.4610064005738,5.907328330956152,7.134040622251577,263220,,0,,,,4.0,0,1
DC,District of Columbia,11,2018,South,South Atlantic,2,9,35.356,0.035356,0.035356,0.0,0.03474532892884441,23.91222,21.661993,2.2502270000000024,0.0018008978118695508,0.0024676526901471676,883.25,1496.75,23460.0,19643.0,16342.25,3042.0,8825.75,13390.25,8743.75,10648.25,5256.75,6761.75,926.5,1492.25,23591.5,19893.5,16250.0,3036.0,6.783608286239255,7.311051369805462,10.063052122207466,9.885476319734277,9.70150905783278,8.020270472819238,0.6517012127511631,3.41,0.0106,2.45,2.02,2090,6070,2090.0,7135.0,575.6150961624649,1962.8474779140051,6535.46295,2270.4823817515403,6.355439201497761,7.582151492793186,263220,,0,,,,4.0,0,1
DC,District of Columbia,11,2019,South,South Atlantic,2,11,68.969,0.06896899999999999,0.035356,0.03361299999999999,0.06669463255788093,27.949233,23.91222,4.037012999999998,0.0018008978118695508,0.0024676526901471676,1092.5,1458.0,23768.25,20321.0,15471.75,2955.5,9043.5,14938.25,9003.5,11092.5,5394.25,7071.0,1180.25,1449.75,24098.5,20626.0,15297.25,2924.5,6.996223926969745,7.284820912568604,10.076105935431118,9.919410113079943,9.646771059341226,7.991423120264424,0.6517012127511631,3.41,0.0106,2.45,2.02,2090,6070,2090.0,7135.0,711.9835749306457,2427.863990513502,7337.37235,2808.3804155828566,6.568054842228252,7.794767133523677,263220,,0,,,,4.0,0,1
DC,District of Columbia,11,2020,South,South Atlantic,2,11,68.969,0.06896899999999999,0.06896899999999999,0.0,0.06669463255788093,30.331256,27.949233,2.3820230000000002,0.0018008978118695508,0.0024676526901471676,1332.0,1555.0,25431.75,20531.25,15340.75,2917.5,10520.5,16372.5,9382.25,13006.0,5847.5,7295.25,1325.0,1555.25,25609.5,20269.75,15420.5,2939.0,7.194436851100335,7.349230824613334,10.14375367240706,9.92970339466702,9.638267965512263,7.978482364160711,0.6517012127511631,3.41,0.0106,2.45,2.02,2090,6070,2090.0,7135.0,868.0660153845492,2960.105112461313,8355.7191,3424.039097076764,6.766267766358841,7.9929800576542664,263220,,0,,,,4.0,0,1
DC,District of Columbia,11,2021,South,South Atlantic,2,11,68.969,0.06896899999999999,0.06896899999999999,0.0,0.06669463255788093,35.872858,30.331256,5.541602000000001,0.0018008978118695508,0.0024676526901471676,1545.0,1531.5,25353.75,19983.5,15768.25,3134.75,11229.75,15857.5,10061.25,14870.0,6060.5,7083.25,1612.0,1523.5,24925.25,20128.25,15904.25,3183.5,7.3427791893318455,7.33400292627283,10.140681927072997,9.90266221203634,9.66575370360286,8.050304705070648,0.6517012127511631,3.41,0.0106,2.45,2.02,2090,6070,2090.0,7135.0,1006.878373700547,3433.455254318865,9308.77515,3971.5768806183187,6.914610104590352,8.141322395885778,263220,,0,,,,4.0,0,1
DC,District of Columbia,11,2022,South,South Atlantic,2,11,68.969,0.06896899999999999,0.06896899999999999,0.0,0.06669463255788093,42.06341,35.872858,6.190551999999997,0.0018008978118695508,0.0024676526901471676,1700.5,1615.75,23995.5,21091.25,15970.25,3256.0,12389.75,15831.75,10317.5,13431.75,6284.5,7519.75,1694.5,1594.5,23628.75,21157.75,15877.25,3279.75,7.43867760444725,7.387554524143005,10.08562159174976,9.956613541512548,9.67848289543844,8.08825472712243,0.6517012127511631,3.41,0.0106,2.45,2.02,2090,6070,2090.0,7135.0,1108.217912283353,3779.0230808862334,10519.10495,4371.305168602881,7.010508519705756,8.237220811001182,263220,,0,1.2692,2.928036,19242.95845,4.0,0,1
DC,District of Columbia,11,2023,South,South Atlantic,2,11,68.969,0.06896899999999999,0.06896899999999999,0.0,0.06669463255788093,47.661771,42.06341,5.598361000000004,0.0018008978118695508,0.0024676526901471676,1676.0,1561.0,22563.0,20194.5,15410.0,3077.0,14025.5,17029.0,11352.75,14429.25,6725.0,8009.0,1671.25,1554.75,22166.75,19929.25,15207.75,3046.25,7.424165281042028,7.353081920515432,10.024066675494513,9.913165569087399,9.642771928314161,8.031710375322042,0.6517012127511631,3.41,0.0106,2.45,2.02,2090,6070,2090.0,7135.0,1092.2512325709495,3724.5767030669376,10670.9038,4308.325470495988,6.995996196300535,8.22270848759596,263220,,0,1.321666,3.055209,20745.10057,4.0,0,1
DC,District of Columbia,11,2024,South,South Atlantic,2,11,45.304,0.045304000000000004,0.06896899999999999,-0.023664999999999985,0.04430775220183841,56.613435,47.661771,8.951664000000001,0.0018008978118695508,0.0024676526901471676,1604.25,1493.5,21948.75,18782.0,14865.0,2938.25,16384.25,17287.25,12185.0,17685.0,7037.25,8325.0,1578.5,1476.5,21928.75,18594.5,14722.0,2888.25,7.380411636630624,7.308877637656164,9.99646546927354,9.84065424336456,9.606764735432199,7.985569445012963,0.6517012127511631,3.41,0.0106,2.45,2.02,2090,6070,2090.0,7135.0,1045.4916705560534,3565.126596596142,10382.008683333333,4123.884926040089,6.952242551889131,8.178954843184556,263220,,0,1.343117,3.133236,22334.67948,4.0,0,1
DC,District of Columbia,11,2025,South,South Atlantic,2,11,45.304,0.045304000000000004,0.045304000000000004,0.0,0.04430775220183841,68.846515,56.613435,12.233079999999994,0.0018008978118695508,0.0024676526901471676,,,,,,,,,,,,,,,,,,,,,,,,,0.6517012127511631,3.41,0.0106,2.45,2.02,2090,6070,2090.0,7135.0,,,,,,,263220,,0,1.370672,3.187575,23421.66031,,0,0
DE,Delaware,10,2016,South,South Atlantic,3,2,15.0,0.015,,,0.014888612493750559,19.188207,,,0.0007817301533176081,0.0005366873573954606,850.5,1991.5,4974.75,4800.25,20644.5,2142.25,7109.25,5295.75,7404.0,4974.75,4286.75,4939.5,824.25,2020.25,5010.75,4799.5,20703.25,2101.75,6.745824411835916,7.596643402621699,8.512130397073776,8.476423278873026,9.935204219087696,7.669611957549228,0.5425968690996279,4.7,0.0072,3.08,2.44,895,4100,895.0,4205.0,461.47863716923354,2168.9495946953975,6157.521000000001,2557.970957526164,6.134435762880665,7.681998271596679,98055,,0,,,,4.0,0,1
DE,Delaware,10,2017,South,South Atlantic,3,2,15.0,0.015,0.015,0.0,0.014888612493750559,21.661993,19.188207,2.4737860000000005,0.0007817301533176081,0.0005366873573954606,749.0,2044.0,5004.25,4716.25,21575.75,2206.25,7145.25,5279.75,7476.75,4964.25,4398.75,5119.75,742.0,2028.5,5049.0,4698.75,21872.5,2231.5,6.618738983517219,7.622663951323595,8.518042830370815,8.45876927127852,9.979325277803975,7.699049520681607,0.5425968690996279,4.7,0.0072,3.08,2.44,895,4100,895.0,4205.0,406.4050549556213,1910.1037582914203,5781.312400000001,2252.698703335799,6.007350334561969,7.5549128432779815,98055,,0,,,,4.0,0,1
DE,Delaware,10,2018,South,South Atlantic,3,2,15.0,0.015,0.015,0.0,0.014888612493750559,23.91222,21.661993,2.2502270000000024,0.0007817301533176081,0.0005366873573954606,451.5,1907.0,5515.0,4285.0,22121.0,2065.0,7032.25,5545.5,7715.5,4915.0,4568.5,5207.0,418.0,1864.25,5553.5,4200.5,22443.0,2038.25,6.11257537285704,7.553286605600419,8.615226931687603,8.36287583103188,10.004282662571022,7.632885505395133,0.5425968690996279,4.7,0.0072,3.08,2.44,895,4100,895.0,4205.0,244.982486398482,1151.4176860728655,4518.534,1357.9351996743835,5.501186723901789,7.048749232617802,98055,,0,,,,4.0,0,1
DE,Delaware,10,2019,South,South Atlantic,3,2,15.0,0.015,0.015,0.0,0.014888612493750559,27.949233,23.91222,4.037012999999998,0.0007817301533176081,0.0005366873573954606,384.75,1808.25,5492.25,4063.0,23458.75,2357.0,7736.25,5788.5,7676.5,5144.0,4710.0,5382.25,387.0,1818.75,5455.75,4029.0,23590.0,2433.75,5.952593772718989,7.50011480572939,8.61109328660929,8.309676895987726,10.062998838605482,7.7651449029361315,0.5425968690996279,4.7,0.0072,3.08,2.44,895,4100,895.0,4205.0,208.76414538608182,981.1914833145846,4266.819,1157.1773379285028,5.3412051237637375,6.888767632479751,98055,,0,,,,4.0,0,1
DE,Delaware,10,2020,South,South Atlantic,3,2,15.0,0.015,0.015,0.0,0.014888612493750559,30.331256,27.949233,2.3820230000000002,0.0007817301533176081,0.0005366873573954606,452.25,1947.25,4905.0,3886.75,22346.25,2065.0,8163.25,6034.5,8202.5,5763.5,4919.75,5526.0,464.75,1937.0,4749.75,3819.5,21840.25,1959.75,6.114235124275405,7.574173399800058,8.498010371999463,8.265328611829851,10.014413800729299,7.632885505395133,0.5425968690996279,4.7,0.0072,3.08,2.44,895,4100,895.0,4205.0,245.3894340503067,1153.3303400364416,4722.2784,1360.190905986135,5.502846475320154,7.050408984036166,98055,,0,,,,4.0,0,1
DE,Delaware,10,2021,South,South Atlantic,3,2,15.0,0.015,0.015,0.0,0.014888612493750559,35.872858,30.331256,5.541602000000001,0.0007817301533176081,0.0005366873573954606,443.25,1886.5,4632.25,3823.0,21757.75,1704.75,8141.0,6285.25,8504.25,6032.75,5362.0,6067.25,465.25,1850.75,4781.5,3890.5,22093.0,1717.25,6.094133944954318,7.542478539404365,8.440797990162524,8.248790733696413,9.98772529488836,7.441173751400762,0.5425968690996279,4.7,0.0072,3.08,2.44,895,4100,895.0,4205.0,240.50606222841006,1130.3784924735273,4835.5794000000005,1333.1224302451174,5.482745295999067,7.030307804715079,98055,,0,,,,4.0,0,1
DE,Delaware,10,2022,South,South Atlantic,3,2,15.0,0.015,0.015,0.0,0.014888612493750559,42.06341,35.872858,6.190551999999997,0.0007817301533176081,0.0005366873573954606,493.5,1677.25,5169.25,3988.0,23807.75,2080.25,9019.5,6705.25,8801.0,6499.25,5333.0,6338.5,503.5,1638.25,5262.75,3996.0,24085.5,2108.25,6.2015228588735365,7.424910826442997,8.550482889280879,8.291045131081729,10.077766436905643,7.640243357780539,0.5425968690996279,4.7,0.0072,3.08,2.44,895,4100,895.0,4205.0,267.7715549006664,1258.5263080331322,5534.4498,1484.2547531324656,5.590134209918285,7.137696718634299,98055,,0,1.2692,2.928036,19242.95845,4.0,0,1
DE,Delaware,10,2023,South,South Atlantic,3,2,15.0,0.015,0.015,0.0,0.014888612493750559,47.661771,42.06341,5.598361000000004,0.0007817301533176081,0.0005366873573954606,515.0,1555.0,5452.75,3958.5,24188.25,2068.5,9684.0,7267.0,9051.75,6924.0,5674.0,6698.0,515.25,1511.75,5475.0,3921.5,24250.75,2087.25,6.244166900663736,7.349230824613334,8.603875347551963,8.283620444611488,10.093622257043345,7.6345789859014666,0.5425968690996279,4.7,0.0072,3.08,2.44,895,4100,895.0,4205.0,279.4373875863084,1313.3557216556494,5795.024799999999,1548.918334069341,5.632778251708485,7.180340760424499,98055,,0,1.321666,3.055209,20745.10057,4.0,0,1
DE,Delaware,10,2024,South,South Atlantic,3,2,15.0,0.015,0.015,0.0,0.014888612493750559,56.613435,47.661771,8.951664000000001,0.0007817301533176081,0.0005366873573954606,501.0,1439.0,5612.75,3813.25,24534.5,2026.25,10491.0,7821.25,9394.0,7441.5,6000.75,7123.75,501.0,1420.75,5751.75,3785.25,24849.0,2007.25,6.2166061010848646,7.271703706887368,8.632796074488324,8.246237122880043,10.107835569266012,7.613942073049886,0.5425968690996279,4.7,0.0072,3.08,2.44,895,4100,895.0,4205.0,271.8410314189136,1277.6528476688939,5698.7676,1506.8118162499802,5.605217452129614,7.152779960845627,98055,,0,1.343117,3.133236,22334.67948,4.0,0,1
DE,Delaware,10,2025,South,South Atlantic,3,2,15.0,0.015,0.015,0.0,0.014888612493750559,68.846515,56.613435,12.233079999999994,0.0007817301533176081,0.0005366873573954606,,,,,,,,,,,,,,,,,,,,,,,,,0.5425968690996279,4.7,0.0072,3.08,2.44,895,4100,895.0,4205.0,,,,,,,98055,,0,1.370672,3.187575,23421.66031,,0,0
FL,Florida,12,2016,South,South Atlantic,2,66,378.304,0.378304,,,0.3208537578398521,19.188207,,,0.019715442928044294,0.01405609234428723,16343.0,52511.75,82461.75,142021.5,468546.0,40486.25,7445.0,5807.0,7246.75,5837.25,3665.75,5167.25,16791.75,51494.0,81974.75,141385.25,477927.25,40914.0,9.701554950093058,10.86879223306191,11.320089828446564,11.863733733573,13.057389561539754,10.608717689276522,0.7038417827070031,6.03,0.1682,3.13,2.71,39290,89840,39290.0,237010.0,11502.886254780553,69362.40411632674,146406.44625,74202.51786154619,9.350353261538032,11.147100272277125,73784,,0,,,,4.0,0,1
FL,Florida,12,2017,South,South Atlantic,2,68,385.804,0.385804,0.378304,0.007500000000000007,0.32628047662637494,21.661993,19.188207,2.4737860000000005,0.019715442928044294,0.01405609234428723,18516.5,47931.0,87298.0,140239.5,503694.5,42473.0,7956.5,5962.0,7510.0,6140.0,3784.25,5358.5,18704.5,48259.25,88533.5,140560.0,509798.5,43414.75,9.826417505459068,10.777517755695682,11.377082832057821,11.85110695427216,13.129725212476192,10.656623858910045,0.7038417827070031,6.03,0.1682,3.13,2.71,39290,89840,39290.0,237010.0,13032.686369494224,78587.09880805017,161485.7634,84070.91243855596,9.475215816904042,11.271962827643137,73784,,0,,,,4.0,0,1
FL,Florida,12,2018,South,South Atlantic,2,71,375.104,0.375104,0.385804,-0.010699999999999987,0.31852936462188536,23.91222,21.661993,2.2502270000000024,0.019715442928044294,0.01405609234428723,19502.0,50942.25,94310.0,144224.75,536887.75,46589.75,7935.75,5825.5,7762.0,6179.75,3946.0,5585.25,19607.75,50227.25,95593.75,143717.75,545322.5,46685.5,9.878272303395065,10.838447917169306,11.45434250753793,11.879128125720918,13.193544319983484,10.749135838838086,0.7038417827070031,6.03,0.1682,3.13,2.71,39290,89840,39290.0,237010.0,13726.322446351975,82769.72435150242,170377.29489999998,88545.40190515046,9.527070614840039,11.323817625579132,73784,,0,,,,4.0,0,1
FL,Florida,12,2019,South,South Atlantic,2,76,392.857,0.392857,0.375104,0.01775300000000002,0.3313570333903347,27.949233,23.91222,4.037012999999998,0.019715442928044294,0.01405609234428723,20160.0,48670.75,100849.75,142515.0,563898.5,46439.75,8573.0,6066.5,8055.75,6542.5,4080.75,5735.75,20291.0,48612.5,102481.25,142374.5,568688.5,46841.0,9.911455722185305,10.7928335126122,11.521387064450183,11.867202536308959,13.242629549745628,10.74591105250707,0.7038417827070031,6.03,0.1682,3.13,2.71,39290,89840,39290.0,237010.0,14189.450339373183,85562.3855464203,175671.75445,91532.93520704714,9.56025403363028,11.357001044369373,73784,,0,,,,4.0,0,1
FL,Florida,12,2020,South,South Atlantic,2,76,392.857,0.392857,0.392857,0.0,0.3313570333903347,30.331256,27.949233,2.3820230000000002,0.019715442928044294,0.01405609234428723,20654.5,46687.5,105225.75,133788.0,573520.5,45664.75,8848.5,6368.0,8309.75,7090.5,4306.0,6070.25,20861.0,46190.0,106167.5,131117.75,573298.25,44796.75,9.935688492324116,10.751231741875173,11.56386332119712,11.804011736555571,13.259548960335552,10.729081944458434,0.7038417827070031,6.03,0.1682,3.13,2.71,39290,89840,39290.0,237010.0,14537.500100921796,87661.12560855843,181810.4932,93778.12550763665,9.58448680376909,11.381233814508183,73784,0.056,1,,,,4.0,0,1
FL,Florida,12,2021,South,South Atlantic,2,81,398.384,0.398384,0.392857,0.005527000000000004,0.3353172842060806,35.872858,30.331256,5.541602000000001,0.019715442928044294,0.01405609234428723,22582.75,46286.75,112971.75,136293.75,587904.5,45721.0,10035.0,6594.25,9017.5,7880.25,4571.25,6340.0,23507.0,46454.5,116662.0,139618.75,591937.25,46559.75,10.024941619481929,10.742611022012012,11.634893066439268,11.822567761901055,13.284319798724038,10.73031298993552,0.7038417827070031,6.03,0.1682,3.13,2.71,39290,89840,39290.0,237010.0,15894.683018426575,95844.93860111226,196747.0075,102533.0055826857,9.673739930926903,11.470486941665996,73784,0.0,1,,,,4.0,0,1
FL,Florida,12,2022,South,South Atlantic,2,86,410.233,0.410233,0.398384,0.011848999999999998,0.343754938965043,42.06341,35.872858,6.190551999999997,0.019715442928044294,0.01405609234428723,28093.75,46934.5,127916.75,153208.25,610435.25,49158.5,10811.25,7160.0,9608.25,8392.75,4883.75,6661.5,28628.25,47145.25,130923.0,155668.25,617848.5,49827.25,10.243302410654032,10.756508291683561,11.75913494068102,11.93955338601364,13.321927506302012,10.802805050602572,0.7038417827070031,6.03,0.1682,3.13,2.71,39290,89840,39290.0,237010.0,19773.55508292487,119234.53715003698,239868.918,127554.73206711211,9.892100722099006,11.688847732838099,73784,0.0,1,1.2692,2.928036,19242.95845,4.0,0,1
FL,Florida,12,2023,South,South Atlantic,2,89,415.454,0.415454,0.410233,0.005220999999999976,0.3474503276910074,47.661771,42.06341,5.598361000000004,0.019715442928044294,0.01405609234428723,29564.75,46768.5,136203.0,157868.25,636694.0,51841.75,11220.5,7496.75,10304.5,8883.75,5210.25,7090.25,29414.75,46364.75,136932.25,157304.0,641551.75,52608.5,10.29433805227465,10.752965178364695,11.82190169888669,11.969516103394339,13.364044442370327,10.855951088172427,0.7038417827070031,6.03,0.1682,3.13,2.71,39290,89840,39290.0,237010.0,20808.906345286872,125477.70526207985,252221.92335,134233.548916793,9.943136363719624,11.739883374458717,73784,0.0,1,1.321666,3.055209,20745.10057,4.0,0,1
FL,Florida,12,2024,South,South Atlantic,2,93,420.768,0.420768,0.415454,0.005313999999999985,0.35119757047961025,56.613435,47.661771,8.951664000000001,0.019715442928044294,0.01405609234428723,29463.75,45304.25,136818.25,155739.0,654433.75,54315.0,12874.0,8318.5,11171.25,9761.75,5506.5,7452.75,29036.75,44901.25,137003.5,154995.25,657210.25,54487.5,10.29091597315814,10.721156126054947,11.82640868170549,11.955936808152355,13.391525636901664,10.902555710867851,0.7038417827070031,6.03,0.1682,3.13,2.71,39290,89840,39290.0,237010.0,20737.818325233464,125049.0445011578,250916.01271666668,133774.97617592436,9.939714284603115,11.73646129534221,73784,0.0,1,1.343117,3.133236,22334.67948,4.0,0,1
FL,Florida,12,2025,South,South Atlantic,2,94,420.968,0.420968,0.420768,0.00020000000000003348,0.35133832950883054,68.846515,56.613435,12.233079999999994,0.019715442928044294,0.01405609234428723,,,,,,,,,,,,,,,,,,,,,,,,,0.7038417827070031,6.03,0.1682,3.13,2.71,39290,89840,39290.0,237010.0,,,,,,,73784,,0,1.370672,3.187575,23421.66031,,0,0
GA,Georgia,13,2016,South,South Atlantic,5,61,912.936,0.9129360000000001,,,0.6486392345926723,19.188207,,,0.0475779732832776,0.05370419288429131,9064.75,47632.5,64828.25,115357.5,175315.25,21944.0,7997.75,7373.75,7650.25,6774.0,4339.25,5652.0,9165.5,47614.0,65682.5,116943.0,178152.25,22029.25,9.112148544209647,10.77127058034524,11.079496744128939,11.655791280994075,12.074341060850633,9.99624903261744,0.78437228119683,5.85,0.0799,2.95,2.57,29095,43465,29095.0,170135.0,7110.138635978965,41594.31102047694,76344.36655,43548.92238449798,8.869277021338407,10.635718682582173,78754,,0,,,,4.0,0,1
GA,Georgia,13,2017,South,South Atlantic,5,63,926.011,0.9260109999999999,0.9129360000000001,0.013074999999999837,0.6554510246784196,21.661993,19.188207,2.4737860000000005,0.0475779732832776,0.05370419288429131,10911.5,45902.75,66873.75,121798.25,183295.75,22250.0,9335.5,7953.75,7694.0,7106.5,4504.75,5916.0,10671.25,45367.5,67558.0,121668.0,184904.0,22560.25,9.297572557919054,10.734280307107964,11.110561792434833,11.710121266338623,12.118856247525171,10.010097287594386,0.78437228119683,5.85,0.0799,2.95,2.57,29095,43465,29095.0,170135.0,8558.678146279211,50068.26715573338,88111.24829999999,52421.089009454176,9.054701035047815,10.821142696291579,78754,,0,,,,4.0,0,1
GA,Georgia,13,2018,South,South Atlantic,5,67,1153.411,1.153411,0.9260109999999999,0.22740000000000005,0.7670530965874173,23.91222,21.661993,2.2502270000000024,0.0475779732832776,0.05370419288429131,11826.75,43783.25,70092.75,122387.5,198113.25,23661.0,9416.25,7859.5,7948.5,6987.75,4764.75,6153.0,12303.25,42821.25,70752.25,122023.0,201369.0,23909.0,9.378119193953806,10.687006603132003,11.157574643993627,11.714947519662326,12.196594115861322,10.0715834020661,0.78437228119683,5.85,0.0799,2.95,2.57,29095,43465,29095.0,170135.0,9276.574876644609,54267.963028370956,94871.920525,56818.13815172636,9.135247671082565,10.901689332326331,78754,,0,,,,4.0,0,1
GA,Georgia,13,2019,South,South Atlantic,5,70,1500.991,1.500991,1.153411,0.34758,0.9166870533284314,27.949233,23.91222,4.037012999999998,0.0475779732832776,0.05370419288429131,12587.0,40880.0,71575.75,121740.5,207259.5,25265.0,10566.25,8277.25,8130.25,7432.25,5035.25,6265.25,12900.0,40601.25,71271.25,121704.75,208224.0,25542.25,9.440419814291506,10.618396224877586,11.178511608430453,11.709647009153002,12.241726910306465,10.137175317726008,0.78437228119683,5.85,0.0799,2.95,2.57,29095,43465,29095.0,170135.0,9872.8939034245,57756.42933503332,99941.444475,60470.53543160883,9.197548291420265,10.96398995266403,78754,,0,,,,4.0,0,1
GA,Georgia,13,2020,South,South Atlantic,5,70,1563.88,1.5638800000000002,1.500991,0.0628890000000002,0.941521736091107,30.331256,27.949233,2.3820230000000002,0.0475779732832776,0.05370419288429131,15097.25,38734.25,71648.5,114851.75,204182.0,25294.75,10200.5,8732.25,8437.5,7998.0,5181.25,6535.5,15411.25,38176.0,71359.5,113221.5,203920.75,24990.0,9.622267887012,10.564479500544744,11.17952749793599,11.651397445267158,12.226767031953708,10.138352143301034,0.78437228119683,5.85,0.0799,2.95,2.57,29095,43465,29095.0,170135.0,11841.864422298842,69274.90687044822,115964.971675,72530.29244814938,9.379396364140762,11.145838025384526,78754,15.0,1,,,,4.0,0,1
GA,Georgia,13,2021,South,South Atlantic,5,71,1631.626,1.631626,1.5638800000000002,0.06774599999999986,0.9676019061018603,35.872858,30.331256,5.541602000000001,0.0475779732832776,0.05370419288429131,18416.75,38233.75,72607.0,124045.75,208467.75,25475.5,11372.25,8506.5,8762.0,8426.5,5383.75,6789.75,18937.75,38406.25,73757.0,125532.25,209372.0,25626.25,9.82101585558853,10.551473912384738,11.192816614897682,11.728405728154167,12.247539631998395,10.145472484983694,0.78437228119683,5.85,0.0799,2.95,2.57,29095,43465,29095.0,170135.0,14445.588209731719,84506.69102693055,136844.83839999998,88477.85281719884,9.57814433271729,11.344585993961054,78754,15.0,1,,,,4.0,0,1
GA,Georgia,13,2022,South,South Atlantic,5,79,2081.954,2.081954,1.631626,0.45032800000000006,1.1255638114134052,42.06341,35.872858,6.190551999999997,0.0475779732832776,0.05370419288429131,21791.5,39138.25,77962.75,137027.5,213007.75,25663.25,10987.25,9512.75,9277.75,8750.0,5785.0,7302.0,22842.25,39038.25,79902.5,140417.75,214337.25,25737.0,9.989275264486311,10.574855528657693,11.26398642749911,11.827936914593714,12.26908382900617,10.152815286423756,0.78437228119683,5.85,0.0799,2.95,2.57,29095,43465,29095.0,170135.0,17092.64856570072,99991.99410934921,161456.132025,104690.8455436485,9.74640374161507,11.512845402858835,78754,12.0,1,1.2692,2.928036,19242.95845,4.0,0,1
GA,Georgia,13,2023,South,South Atlantic,5,85,2373.645,2.373645,2.081954,0.2916909999999997,1.215993762227744,47.661771,42.06341,5.598361000000004,0.0475779732832776,0.05370419288429131,24943.0,36492.5,80991.25,130510.5,220678.25,27098.5,12293.0,9903.5,9455.5,9335.75,6052.0,7761.25,24888.5,35897.0,80616.75,126520.75,223745.5,27860.0,10.124348500692786,10.504862039004733,11.30209640312813,11.779208962278286,12.304461037320484,10.207233654782389,0.78437228119683,5.85,0.0799,2.95,2.57,29095,43465,29095.0,170135.0,19564.59780989253,114452.89718787129,181412.60439999998,119831.29937797878,9.881476977821546,11.64791863906531,78754,13.0,1,1.321666,3.055209,20745.10057,4.0,0,1
GA,Georgia,13,2024,South,South Atlantic,5,91,2559.25,2.55925,2.373645,0.18560500000000024,1.269549848511718,56.613435,47.661771,8.951664000000001,0.0475779732832776,0.05370419288429131,23823.0,34363.0,80546.25,128801.75,229044.0,28989.0,13494.0,10183.5,9890.25,9734.5,6263.0,8138.5,23799.75,33936.5,80316.0,128495.25,230479.0,29027.5,10.07840677956332,10.444735683113366,11.296586832586582,11.76602967951661,12.341669403817892,10.274671726667417,0.78437228119683,5.85,0.0799,2.95,2.57,29095,43465,29095.0,170135.0,18686.10085495208,109313.69000146967,174610.98348333332,114450.5891465176,9.835535256692081,11.601976917935845,78754,15.0,1,1.343117,3.133236,22334.67948,4.0,0,1
GA,Georgia,13,2025,South,South Atlantic,5,104,3349.658,3.349658,2.55925,0.7904079999999998,1.470097221320169,68.846515,56.613435,12.233079999999994,0.0475779732832776,0.05370419288429131,,,,,,,,,,,,,,,,,,,,,,,,,0.78437228119683,5.85,0.0799,2.95,2.57,29095,43465,29095.0,170135.0,,,,,,,78754,,0,1.370672,3.187575,23421.66031,,0,0
HI,Hawaii,15,2016,West,Pacific,0,2,15.68,0.01568,,,0.015558338915852427,19.188207,,,0.000817168586934673,0.0005610171842640548,376.25,3942.0,4706.75,10726.75,38234.5,6216.5,5628.75,6151.5,6850.75,4058.5,5656.0,6663.0,372.75,3624.75,4733.75,10528.0,38030.5,6205.0,5.930253816063085,8.279443487712665,8.456752927604821,9.280495900648585,10.551493528369152,8.734962326392992,0.4752603610584051,4.75,0.0105,3.0,2.47,1005,6030,1005.0,4775.0,178.81671084822491,849.3793765290684,4942.4165,1046.8126656808433,5.186361319492022,6.744505937538571,80325,,0,,,,4.0,0,1
HI,Hawaii,15,2017,West,Pacific,0,2,15.68,0.01568,0.01568,0.0,0.015558338915852427,21.661993,19.188207,2.4737860000000005,0.000817168586934673,0.0005610171842640548,375.0,2983.75,4893.25,10544.75,37174.5,6202.5,5753.0,6383.25,7095.25,3813.25,5664.75,6899.5,378.75,3332.25,4874.25,10967.75,36961.75,6228.5,5.926926025970411,8.00093617765304,8.495611983382632,9.263383384713393,10.523378321338779,8.732707715565956,0.4752603610584051,4.75,0.0105,3.0,2.47,1005,6030,1005.0,4775.0,178.2226353969019,846.557518135284,5082.48675,1043.3348827383822,5.183033529399347,6.741178147445897,80325,,0,,,,4.0,0,1
HI,Hawaii,15,2018,West,Pacific,0,2,15.68,0.01568,0.01568,0.0,0.015558338915852427,23.91222,21.661993,2.2502270000000024,0.000817168586934673,0.0005610171842640548,380.0,3983.25,4771.75,11781.25,36870.0,6231.0,5984.75,6979.25,7366.5,4322.75,5755.75,6900.25,375.0,3908.75,4746.0,11854.5,36912.5,6217.75,5.940171252720432,8.289853347970618,8.470468392910002,9.37426456363042,10.51515349122819,8.737292112544221,0.4752603610584051,4.75,0.0105,3.0,2.47,1005,6030,1005.0,4775.0,180.59893720219392,857.8449517104211,5300.623250000001,1057.2460145082273,5.1962787561493675,6.754423374195917,80325,,0,,,,4.0,0,1
HI,Hawaii,15,2019,West,Pacific,0,2,15.68,0.01568,0.01568,0.0,0.015558338915852427,27.949233,23.91222,4.037012999999998,0.000817168586934673,0.0005610171842640548,326.0,3659.25,4577.5,11752.75,38410.75,6120.5,6920.5,7058.0,7566.5,4206.5,5853.75,7044.75,303.75,3595.75,4506.0,11740.25,38592.0,6074.25,5.786897381366708,8.205013487364056,8.428908276548666,9.37184253474181,10.55609264731438,8.719399071515568,0.4752603610584051,4.75,0.0105,3.0,2.47,1005,6030,1005.0,4775.0,154.93487770504007,735.9406690989404,5134.420625000001,907.0057913939003,5.043004884795644,6.601149502842194,80325,,0,,,,4.0,0,1
HI,Hawaii,15,2020,West,Pacific,0,2,15.68,0.01568,0.01568,0.0,0.015558338915852427,30.331256,27.949233,2.3820230000000002,0.000817168586934673,0.0005610171842640548,360.75,3478.0,4379.0,10204.75,37828.25,5975.75,8045.0,7481.75,8169.0,4428.75,6071.0,7353.0,400.25,3503.0,4399.75,9635.25,37456.5,5828.75,5.88818519765398,8.154212694914229,8.384575666801398,9.23060857714867,10.540811456974726,8.69546489193491,0.4752603610584051,4.75,0.0105,3.0,2.47,1005,6030,1005.0,4775.0,171.45017525181964,814.3883324461433,5501.382375,1003.6881571943236,5.144292701082916,6.702437319129467,80325,,0,,,,4.0,0,1
HI,Hawaii,15,2021,West,Pacific,0,2,15.68,0.01568,0.01568,0.0,0.015558338915852427,35.872858,30.331256,5.541602000000001,0.000817168586934673,0.0005610171842640548,467.0,3577.0,4661.75,10555.5,37657.25,5325.75,13888.0,7064.5,9464.75,5049.25,6015.5,6997.5,491.75,3552.75,4788.0,10956.75,37776.5,5328.25,6.1463292576688975,8.182279739259018,8.447146193104203,9.264402330074713,10.53628077777116,8.580308825730313,0.4752603610584051,4.75,0.0105,3.0,2.47,1005,6030,1005.0,4775.0,221.94658861427519,1054.2462959178072,6231.777875,1299.299707303532,5.402436761097833,6.960581379144383,80325,,0,,,,4.0,0,1
HI,Hawaii,15,2022,West,Pacific,0,3,17.28,0.01728,0.01568,0.0016000000000000007,0.017132398740300793,42.06341,35.872858,6.190551999999997,0.000817168586934673,0.0005610171842640548,617.0,3550.0,5065.5,11536.5,38258.25,5402.5,11027.75,7095.5,9564.25,5094.75,6075.25,7067.0,628.75,3553.0,5128.25,11736.75,38544.5,5438.0,6.424869023905388,8.174702882469461,8.530208128493731,9.353271201165219,10.552114502272252,8.59461708838104,0.4752603610584051,4.75,0.0105,3.0,2.47,1005,6030,1005.0,4775.0,293.2356427730359,1392.8693031719206,7617.994625,1716.6336603988848,5.680976527334324,7.2391211453808735,80325,,0,1.2692,2.928036,19242.95845,4.0,0,1
HI,Hawaii,15,2023,West,Pacific,0,3,17.28,0.01728,0.01728,0.0,0.017132398740300793,47.661771,42.06341,5.598361000000004,0.000817168586934673,0.0005610171842640548,619.25,3536.0,5113.75,11553.5,38863.25,5595.5,12453.75,7316.5,9828.25,5458.5,6371.0,7404.75,612.0,3535.0,5116.75,11322.5,38896.25,5688.5,6.428509068369469,8.170751423757535,8.539688269243609,9.35474370034856,10.567804352990697,8.629717982258082,0.4752603610584051,4.75,0.0105,3.0,2.47,1005,6030,1005.0,4775.0,294.30497858541736,1397.9486482807324,7861.524875,1722.893669695315,5.684616571798405,7.242761189844955,80325,,0,1.321666,3.055209,20745.10057,4.0,0,1
HI,Hawaii,15,2024,West,Pacific,0,3,17.28,0.01728,0.01728,0.0,0.017132398740300793,56.613435,47.661771,8.951664000000001,0.000817168586934673,0.0005610171842640548,565.75,3456.5,5103.25,10922.5,39297.25,6083.5,15132.75,7680.5,10188.5,6116.75,6825.25,7784.0,565.75,3420.75,5072.5,10813.0,39501.0,6188.25,6.338152284513646,8.148011795385319,8.537632870653693,9.29858016082559,10.578909820854312,8.713335467227504,0.4752603610584051,4.75,0.0105,3.0,2.47,1005,6030,1005.0,4775.0,268.87854926879265,1277.1731090267651,7563.397875,1574.0445597579726,5.594259787942582,7.152404405989133,80325,,0,1.343117,3.133236,22334.67948,4.0,0,1
HI,Hawaii,15,2025,West,Pacific,0,3,17.28,0.01728,0.01728,0.0,0.017132398740300793,68.846515,56.613435,12.233079999999994,0.000817168586934673,0.0005610171842640548,,,,,,,,,,,,,,,,,,,,,,,,,0.4752603610584051,4.75,0.0105,3.0,2.47,1005,6030,1005.0,4775.0,,,,,,,80325,,0,1.370672,3.187575,23421.66031,,0,0
IA,Iowa,19,2016,Midwest,West North Central,6,27,822.34,0.8223400000000001,,,0.6001213895515785,19.188207,,,0.04285653161861346,0.04597507201718201,3091.25,6507.5,11052.0,22338.5,79923.75,10322.5,4827.75,4878.75,6406.5,4390.25,4397.0,4995.25,3072.75,6455.75,11118.5,22153.75,79721.0,10176.75,8.036330818835626,8.78071063686872,9.310366686043308,10.014066926232845,11.288828334143558,9.242081257760246,0.620383751005733,4.37,0.0241,2.64,2.13,4120,13700,4120.0,18005.0,1917.761270296472,8380.616751195583,20685.3328,9554.10548089911,7.55891377965513,9.033676788762628,79631,,0,,,,4.0,0,1
IA,Iowa,19,2017,Midwest,West North Central,6,32,1051.699,1.0516990000000002,0.8223400000000001,0.2293590000000001,0.7186682303892122,21.661993,19.188207,2.4737860000000005,0.04285653161861346,0.04597507201718201,3053.25,6248.0,11892.5,21605.0,76227.25,9520.0,4974.75,4905.0,6853.25,4583.5,4223.5,4939.75,3079.25,6208.75,11956.5,21429.25,75559.0,9491.5,8.023961876051198,8.740016691519521,9.383663228306437,9.980680048366034,11.241474289295525,9.161150127785412,0.620383751005733,4.37,0.0241,2.64,2.13,4120,13700,4120.0,18005.0,1894.186687758254,8277.595825503571,20855.281025,9436.659137745317,7.5465448368707015,9.021307845978201,79631,,0,,,,4.0,0,1
IA,Iowa,19,2018,Midwest,West North Central,6,36,1142.7,1.1427,1.0516990000000002,0.09100099999999989,0.7620667160245431,23.91222,21.661993,2.2502270000000024,0.04285653161861346,0.04597507201718201,3543.5,6168.0,12094.0,21428.5,76880.25,9700.5,6112.25,5188.25,6899.0,4840.25,4373.0,5176.75,3572.0,6070.0,12186.0,21289.0,77263.5,9666.5,8.17287021825031,8.727129915243166,9.400464740833158,9.97247709068419,11.250004295459906,9.179932709554757,0.620383751005733,4.37,0.0241,2.64,2.13,4120,13700,4120.0,18005.0,2198.3298216888147,9606.701320780121,23432.1423,10951.871499091305,7.695453179069815,9.170216188177314,79631,,0,,,,4.0,0,1
IA,Iowa,19,2019,Midwest,West North Central,6,42,1284.968,1.284968,1.1427,0.14226800000000006,0.8263520198717382,27.949233,23.91222,4.037012999999998,0.04285653161861346,0.04597507201718201,3459.25,5687.75,12230.25,20899.5,77504.75,9398.75,6518.75,5407.25,7307.75,4998.75,4519.25,5377.25,3416.5,5598.5,12296.75,20647.0,77886.0,9386.0,8.148807081549494,8.646070018337124,9.411667670009496,9.947480514221755,11.258094503785843,9.148331980692237,0.620383751005733,4.37,0.0241,2.64,2.13,4120,13700,4120.0,18005.0,2146.0624906665817,9378.293084212963,23271.9528,10691.48059354638,7.671390042368998,9.146153051476496,79631,,0,,,,4.0,0,1
IA,Iowa,19,2020,Midwest,West North Central,6,46,1330.798,1.330798,1.284968,0.045829999999999815,0.846210698211933,30.331256,27.949233,2.3820230000000002,0.04285653161861346,0.04597507201718201,3277.5,5429.0,11863.5,18801.0,77297.25,8672.0,7187.0,5611.5,7539.75,5399.25,4703.5,5457.25,3255.25,5350.75,11730.75,18318.75,76970.75,8610.0,8.094836215637855,8.599510233905452,9.381221738627582,9.841665338892785,11.255413658263512,9.067854723679428,0.620383751005733,4.37,0.0241,2.64,2.13,4120,13700,4120.0,18005.0,2033.3077439212898,8885.554840936036,22946.3298,10129.747097014746,7.617419176457359,9.092182185564857,79631,,0,,,,4.0,0,1
IA,Iowa,19,2021,Midwest,West North Central,6,47,1331.023,1.3310229999999998,1.330798,0.0002249999999999197,0.8463072270148085,35.872858,30.331256,5.541602000000001,0.04285653161861346,0.04597507201718201,3296.5,4965.25,11570.75,18030.25,78345.75,8771.5,7655.75,5584.75,8207.5,5773.75,4805.5,5469.5,3313.25,4880.25,11723.75,17847.25,79073.0,8833.5,8.100616578553355,8.5102189276789,9.356235640904446,9.799806181880491,11.268887002535001,9.07926310836924,0.620383751005733,4.37,0.0241,2.64,2.13,4120,13700,4120.0,18005.0,2045.0950351903987,8937.065303782043,23549.516125000002,10188.470268591644,7.623199539372858,9.097962548480357,79631,,0,,,,4.0,0,1
IA,Iowa,19,2022,Midwest,West North Central,6,52,1409.713,1.409713,1.3310229999999998,0.07869000000000015,0.8795076532741981,42.06341,35.872858,6.190551999999997,0.04285653161861346,0.04597507201718201,3422.75,4993.75,12246.0,17894.75,81225.75,9180.25,8028.75,6123.75,8431.25,6037.25,5075.75,5919.0,3455.0,5067.0,12350.0,18245.75,81779.0,9279.25,8.138199600513865,8.515942409514585,9.4129546320379,9.792262652719751,11.304987594105013,9.12480971635919,0.620383751005733,4.37,0.0241,2.64,2.13,4120,13700,4120.0,18005.0,2123.4184837548723,9279.338774008793,25648.141349999998,10578.67029025392,7.660782561333369,9.135545570440868,79631,,0,1.2692,2.928036,19242.95845,4.0,0,1
IA,Iowa,19,2023,Midwest,West North Central,6,60,1812.809,1.812809,1.409713,0.4030959999999999,1.034183628162305,47.661771,42.06341,5.598361000000004,0.04285653161861346,0.04597507201718201,3239.75,5114.0,12523.75,18067.25,83646.5,9476.25,8758.75,6312.75,8893.0,6214.0,5368.75,6178.5,3265.25,5100.0,12444.75,17980.75,84564.5,9630.0,8.083251445315524,8.539737155851132,9.435382120573474,9.801856186061265,11.334354864535428,9.156543947370514,0.620383751005733,4.37,0.0241,2.64,2.13,4120,13700,4120.0,18005.0,2009.8882573208234,8783.211684491998,25387.325425000003,10013.073427171174,7.605834406135028,9.080597415242528,79631,,0,1.321666,3.055209,20745.10057,4.0,0,1
IA,Iowa,19,2024,Midwest,West North Central,6,72,2237.543,2.237543,1.812809,0.42473400000000017,1.174814708790735,56.613435,47.661771,8.951664000000001,0.04285653161861346,0.04597507201718201,3348.5,5047.0,12210.75,17900.5,85603.25,9869.0,9794.5,6570.5,9339.25,6842.5,5615.75,6581.75,3444.0,5023.25,12109.5,17953.75,85277.5,9759.5,8.116267763350105,8.526549286340263,9.410071990279734,9.792583924399622,11.357478528698813,9.197153810172008,0.620383751005733,4.37,0.0241,2.64,2.13,4120,13700,4120.0,18005.0,2077.3549902426967,9078.041307360585,25757.657633333332,10349.186317117888,7.638850724169608,9.113613733277107,79631,,0,1.343117,3.133236,22334.67948,4.0,0,1
IA,Iowa,19,2025,Midwest,West North Central,6,75,2337.477,2.337477,2.237543,0.09993399999999975,1.2052151323168543,68.846515,56.613435,12.233079999999994,0.04285653161861346,0.04597507201718201,,,,,,,,,,,,,,,,,,,,,,,,,0.620383751005733,4.37,0.0241,2.64,2.13,4120,13700,4120.0,18005.0,,,,,,,79631,,0,1.370672,3.187575,23421.66031,,0,0
ID,Idaho,16,2016,West,Mountain,6,8,11.5,0.0115,,,0.01143437762566317,19.188207,,,0.0005993264508768329,0.0006585511666813898,549.5,2829.25,4454.5,8817.75,38914.25,4246.5,5758.75,4850.0,6075.0,3986.5,3177.0,3960.75,564.5,2821.0,4520.5,8854.5,39726.75,4363.5,6.309008773843676,7.947766937846051,8.401670100160699,9.08452201441596,10.569115786433771,8.353850393220064,0.5562483217200134,5.17,0.0135,3.18,2.37,1775,7695,1775.0,9180.0,305.65845278514735,1580.2542008992118,6895.299125,1824.0957481140645,5.722468311204877,7.365340999725215,63991,,0,,,,4.0,0,1
ID,Idaho,16,2017,West,Mountain,6,8,11.5,0.0115,0.0115,0.0,0.01143437762566317,21.661993,19.188207,2.4737860000000005,0.0005993264508768329,0.0006585511666813898,561.25,2785.0,4826.5,8892.25,41946.5,4594.25,5618.0,4828.0,6659.25,4060.75,3299.5,4097.75,570.5,2782.25,4898.5,8874.0,42841.25,4672.25,6.330166439056464,7.932003152361385,8.48187684628867,9.092935389848558,10.644150275756727,8.432560800575533,0.5562483217200134,5.17,0.0135,3.18,2.37,1775,7695,1775.0,9180.0,312.19437056535753,1614.0448958228985,7143.595374999999,1863.1005252575408,5.743625976417666,7.386498664938003,63991,,0,,,,4.0,0,1
ID,Idaho,16,2018,West,Mountain,6,9,18.406,0.018406,0.0115,0.006905999999999999,0.018238659838362547,23.91222,21.661993,2.2502270000000024,0.0005993264508768329,0.0006585511666813898,557.25,2732.75,5573.0,8742.0,45848.75,5085.5,5885.5,4999.75,6731.0,4249.25,3409.75,4287.75,587.25,2718.75,5709.25,8751.0,46919.5,5200.75,6.323013972265978,7.9130637071739445,8.625688787569537,9.07589427542326,10.733103214499451,8.534148632065651,0.5562483217200134,5.17,0.0135,3.18,2.37,1775,7695,1775.0,9180.0,309.96937727847745,1602.5416805297284,7372.962375,1849.822303251251,5.73647350962718,7.379346198147517,63991,,0,,,,4.0,0,1
ID,Idaho,16,2019,West,Mountain,6,9,18.406,0.018406,0.018406,0.0,0.018238659838362547,27.949233,23.91222,4.037012999999998,0.0005993264508768329,0.0006585511666813898,648.25,2724.25,6338.25,8789.25,49623.5,5180.75,6175.5,5097.75,7021.25,4474.0,3556.75,4434.75,669.25,2739.0,6409.25,8830.75,50493.75,5235.0,6.474276424418774,7.909948439856995,8.754357984092701,9.081284662806821,10.812219790832403,8.552705112417597,0.5562483217200134,5.17,0.0135,3.18,2.37,1775,7695,1775.0,9180.0,360.58797455499865,1864.239828449343,7957.5715,2151.9018538943446,5.887735961779975,7.530608650300312,63991,,0,,,,4.0,0,1
ID,Idaho,16,2020,West,Mountain,6,11,27.406,0.027406,0.018406,0.009000000000000001,0.027037179018404536,30.331256,27.949233,2.3820230000000002,0.0005993264508768329,0.0006585511666813898,634.0,1957.5,6580.75,7585.0,52850.5,5411.5,7506.0,4997.75,7542.0,4910.5,3719.5,4488.5,661.25,1995.0,6741.0,7450.0,53810.0,5358.0,6.452048954437226,7.579423427864958,8.791903999586854,8.933927891782632,10.875222451991569,8.596281597735201,0.5562483217200134,5.17,0.0135,3.18,2.37,1775,7695,1775.0,9180.0,352.66143597048847,1823.2596239674253,8144.14525,2104.598187996937,5.865508491798427,7.508381180318764,63991,,0,,,,4.0,0,1
ID,Idaho,16,2021,West,Mountain,6,10,20.5,0.0205,0.027406,-0.006905999999999999,0.020292703267762394,35.872858,30.331256,5.541602000000001,0.0005993264508768329,0.0006585511666813898,687.75,2102.0,7491.5,7828.0,57487.0,5359.75,8951.0,5356.5,9278.0,6285.0,4014.0,4824.75,749.5,2156.5,7788.75,8101.5,58591.75,5477.0,6.533425399804684,7.650644551436897,8.9215243234832,8.965462328515967,10.95931411426741,8.58667261118604,0.5562483217200134,5.17,0.0135,3.18,2.37,1775,7695,1775.0,9180.0,382.5597832629392,1977.8340794693956,8712.9375,2283.0242962064567,5.946884937165885,7.5897576256862225,63991,,0,,,,4.0,0,1
ID,Idaho,16,2022,West,Mountain,6,10,20.5,0.0205,0.0205,0.0,0.020292703267762394,42.06341,35.872858,6.190551999999997,0.0005993264508768329,0.0006585511666813898,934.5,2142.0,8562.0,9064.0,62792.75,5875.0,10127.5,5890.75,8962.5,6576.25,4318.5,5337.75,969.0,2146.25,8687.25,9250.5,63680.25,6103.0,6.840011626895618,7.669495251007694,9.055089086704891,9.112065802707843,11.047594899932031,8.67846133901236,0.5562483217200134,5.17,0.0135,3.18,2.37,1775,7695,1775.0,9180.0,519.8140566473525,2687.4386728668123,10853.536124999999,3102.1246162194598,6.253471164256818,7.896343852777156,63991,,0,1.2692,2.928036,19242.95845,4.0,0,1
ID,Idaho,16,2023,West,Mountain,6,10,20.5,0.0205,0.0205,0.0,0.020292703267762394,47.661771,42.06341,5.598361000000004,0.0005993264508768329,0.0006585511666813898,1121.5,2212.25,8755.0,9516.5,65270.0,6634.5,10191.75,6750.75,9285.5,7489.75,4607.5,5731.25,1158.75,2207.75,8708.75,9510.5,66169.75,6760.5,7.022422353960263,7.70176537614746,9.077380244719953,9.160782413127839,11.086287791629264,8.800038585976491,0.5562483217200134,5.17,0.0135,3.18,2.37,1775,7695,1775.0,9180.0,623.832492808995,3225.213987822504,12117.20125,3722.8814950135093,6.435881891321464,8.078754579841801,63991,,0,1.321666,3.055209,20745.10057,4.0,0,1
ID,Idaho,16,2024,West,Mountain,6,11,135.629,0.135629,0.0205,0.115129,0.1271866824515835,56.613435,47.661771,8.951664000000001,0.0005993264508768329,0.0006585511666813898,1254.5,2217.5,8345.0,9275.5,68814.75,7023.0,11696.25,6443.0,9925.5,7944.5,4945.0,6164.75,1262.0,2160.75,8242.75,9203.5,69720.25,7036.25,7.134492365806477,7.704135714183734,9.029417836095936,9.135131794378427,11.139173390478167,8.856945756159021,0.5562483217200134,5.17,0.0135,3.18,2.37,1775,7695,1775.0,9180.0,697.8135195977568,3607.6958963204024,12745.7195,4164.382376722646,6.547951903167678,8.190824591688015,63991,,0,1.343117,3.133236,22334.67948,4.0,0,1
ID,Idaho,16,2025,West,Mountain,6,12,250.829,0.250829,0.135629,0.11520000000000002,0.22380653149427407,68.846515,56.613435,12.233079999999994,0.0005993264508768329,0.0006585511666813898,,,,,,,,,,,,,,,,,,,,,,,,,0.5562483217200134,5.17,0.0135,3.18,2.37,1775,7695,1775.0,9180.0,,,,,,,63991,,0,1.370672,3.187575,23421.66031,,0,0
IL,Illinois,17,2016,Midwest,East North Central,5,66,1250.438,1.2504380000000002,,,0.8111248639378985,19.188207,,,0.06516700596361089,0.057222929874318915,9607.25,31955.25,80298.25,102705.5,221073.75,21315.0,8909.25,6429.75,8366.0,6270.5,5218.0,6189.5,9617.5,31332.25,80919.0,102479.5,221246.0,21340.5,9.170273300762942,10.372091765555577,11.293503106422158,11.539620948523579,12.306251635238196,9.96716632919931,0.6630368543823968,5.7,0.0971,3.12,2.59,19475,53785,19475.0,110995.0,6369.960819265281,36308.776669812105,83043.35070000001,39546.065850546824,8.759348597725516,10.49981477256602,90449,,0,,,,4.0,0,1
IL,Illinois,17,2017,Midwest,East North Central,5,70,1337.793,1.3377929999999998,1.2504380000000002,0.08735499999999963,0.8492073219189346,21.661993,19.188207,2.4737860000000005,0.06516700596361089,0.057222929874318915,9653.5,28459.75,82289.0,97428.25,222094.5,21823.5,9031.25,7004.0,8736.0,6534.0,5390.0,6408.25,9755.25,28167.75,82902.5,97160.75,222727.75,21936.25,9.175075822875872,10.256246087346653,11.317992720381067,11.48687148864461,12.310858245955904,9.990742649823552,0.6630368543823968,5.7,0.0971,3.12,2.59,19475,53785,19475.0,110995.0,6400.626273780467,36483.569760548664,84652.58750000001,39736.4434867682,8.764151119838445,10.504617294678951,90449,,0,,,,4.0,0,1
IL,Illinois,17,2018,Midwest,East North Central,5,77,1455.307,1.455307,1.3377929999999998,0.11751400000000012,0.8982518043447667,23.91222,21.661993,2.2502270000000024,0.06516700596361089,0.057222929874318915,10267.5,26679.5,84175.5,96082.75,227212.5,22904.75,9788.5,7323.5,8885.75,6989.75,5501.5,6566.25,10360.25,26046.0,84385.75,95911.75,228030.0,23121.5,9.236738845830713,10.191650759224267,11.340659184017573,11.472965078325945,12.333640981921354,10.039099591613821,0.6630368543823968,5.7,0.0971,3.12,2.59,19475,53785,19475.0,110995.0,6807.730902371259,38804.066143516175,89890.8659,42263.835241144916,8.825814142793288,10.566280317633792,90449,,0,,,,4.0,0,1
IL,Illinois,17,2019,Midwest,East North Central,5,83,1599.337,1.599337,1.455307,0.1440300000000001,0.9552564125094083,27.949233,23.91222,4.037012999999998,0.06516700596361089,0.057222929874318915,10552.75,25112.25,84063.75,97058.5,229279.0,23586.5,9885.5,7775.5,9240.75,7415.75,5628.75,6759.0,10659.75,24836.5,84143.5,97075.5,229351.25,23591.25,9.264141768444492,10.131111053872043,11.339330718556216,11.483069168481657,12.342694881573074,10.068429793441585,0.6630368543823968,5.7,0.0971,3.12,2.59,19475,53785,19475.0,110995.0,6996.862165083838,39882.114340977874,92318.88545,43438.002175894035,8.853217065407067,10.593683240247572,90449,,0,,,,4.0,0,1
IL,Illinois,17,2020,Midwest,East North Central,5,88,1682.581,1.6825809999999999,1.599337,0.08324399999999987,0.9867793907797894,30.331256,27.949233,2.3820230000000002,0.06516700596361089,0.057222929874318915,10947.75,23157.75,82871.0,89376.75,220467.0,23666.75,11454.0,8186.0,10092.25,8430.75,5789.5,6917.0,11025.0,22713.0,82691.5,87101.25,218548.25,23550.0,9.300889234678797,10.050084776708472,11.325040460863319,11.400615860224196,12.303503302804938,10.071826388475904,0.6630368543823968,5.7,0.0971,3.12,2.59,19475,53785,19475.0,110995.0,7258.761722564885,41374.941818619845,96402.49252500001,45063.93009605496,8.889964531641372,10.630430706481876,90449,10.387,1,,,,4.0,0,1
IL,Illinois,17,2021,Midwest,East North Central,5,91,1752.716,1.752716,1.6825809999999999,0.07013500000000006,1.0125880606502071,35.872858,30.331256,5.541602000000001,0.06516700596361089,0.057222929874318915,11923.5,21370.25,84683.75,88267.75,222814.0,24241.5,12771.75,8176.75,10454.75,9502.25,5997.25,7334.25,12207.75,21190.25,85607.75,89905.0,224386.5,24420.25,9.386266521681277,9.969755046887721,11.346679008632945,11.38813008771546,12.314092621685903,10.095821319456808,0.6630368543823968,5.7,0.0971,3.12,2.59,19475,53785,19475.0,110995.0,7905.719933228508,45062.6036194025,103967.100675,49080.38368617399,8.975341818643852,10.715807993484356,90449,33.407,1,,,,4.0,0,1
IL,Illinois,17,2022,Midwest,East North Central,5,94,1869.585,1.869585,1.752716,0.11686900000000011,1.0541674200129068,42.06341,35.872858,6.190551999999997,0.06516700596361089,0.057222929874318915,14183.0,21078.5,91843.5,95712.75,230843.0,25735.25,12478.25,8413.0,10557.75,9468.25,6229.75,7539.5,14337.0,20905.75,92304.25,96436.75,232456.0,26195.5,9.559799343294607,9.956008842628227,11.427841320583333,11.469106797406997,12.34949310475501,10.155616926436407,0.6630368543823968,5.7,0.0971,3.12,2.59,19475,53785,19475.0,110995.0,9403.851705705534,53601.95472252155,122871.694075,58381.10301681601,9.148874640257182,10.889340815097686,90449,50.929,1,1.2692,2.928036,19242.95845,4.0,0,1
IL,Illinois,17,2023,Midwest,East North Central,5,100,2132.535,2.132535,1.869585,0.2629499999999998,1.1418425809100243,47.661771,42.06341,5.598361000000004,0.06516700596361089,0.057222929874318915,15248.25,19850.0,89101.0,94024.0,235862.0,26547.5,13618.75,8829.5,10797.25,10109.0,6576.75,8076.75,15032.0,19415.5,88364.5,92323.75,236527.0,26496.5,9.632220021352442,9.895959286115337,11.397525836740476,11.45130534781269,12.371002167214556,10.186690860278,0.6630368543823968,5.7,0.0971,3.12,2.59,19475,53785,19475.0,110995.0,10110.151714836382,57627.86477456738,130993.64282500002,62765.963059730995,9.221295318315017,10.961761493155521,90449,370.60900000000004,1,1.321666,3.055209,20745.10057,4.0,0,1
IL,Illinois,17,2024,Midwest,East North Central,5,109,2805.081,2.805081,2.132535,0.6725460000000001,1.3363372788663055,56.613435,47.661771,8.951664000000001,0.06516700596361089,0.057222929874318915,15356.0,18228.5,85237.0,89958.75,236809.0,27111.25,14829.0,9225.25,11331.75,11241.5,6965.0,8474.75,15361.25,17903.0,84419.0,89396.25,236879.75,27220.5,9.639261556120688,9.810741582334538,11.353190890848952,11.407106510912241,12.375009188026507,10.207704049876817,0.6630368543823968,5.7,0.0971,3.12,2.59,19475,53785,19475.0,110995.0,10181.593935896086,58035.08543460769,131185.24671666668,63209.4914987116,9.228336853083263,10.968803027923768,90449,235.1601225114855,1,1.343117,3.133236,22334.67948,4.0,0,1
IL,Illinois,17,2025,Midwest,East North Central,5,122,3399.528,3.3995279999999997,2.805081,0.5944469999999997,1.4814972624428122,68.846515,56.613435,12.233079999999994,0.06516700596361089,0.057222929874318915,,,,,,,,,,,,,,,,,,,,,,,,,0.6630368543823968,5.7,0.0971,3.12,2.59,19475,53785,19475.0,110995.0,,,,,,,90449,,0,1.370672,3.187575,23421.66031,,0,0
IN,Indiana,18,2016,Midwest,East North Central,4,20,151.22,0.15122,,,0.1408222496159256,19.188207,,,0.00788088225231258,0.006107502127160341,3177.5,10205.75,25453.75,31931.5,131373.0,18678.5,5365.5,5510.25,6932.0,4613.5,4214.75,4926.0,3142.5,9380.0,25522.0,30883.25,132766.0,18807.5,8.063850003063608,9.230706565929033,10.144618358864724,10.371348262369265,11.785795884466797,9.835128408772766,0.5074694044599223,5.34,0.0493,4.1,3.38,5305,27980,5305.0,28355.0,1612.4840326714032,8610.664734465292,31644.299775,10175.680701793888,7.385531146401616,9.060756799373719,76004,,0,,,,4.0,0,1
IN,Indiana,18,2017,Midwest,East North Central,4,20,151.22,0.15122,0.15122,0.0,0.1408222496159256,21.661993,19.188207,2.4737860000000005,0.00788088225231258,0.006107502127160341,3104.25,10463.0,26057.75,31499.75,137775.5,19182.5,5601.5,5713.5,7024.25,4863.25,4362.0,5064.5,3101.25,11017.5,26195.25,31876.25,138723.0,19289.0,8.040527419296952,9.255600503381046,10.1680705077342,10.357734888274294,11.833380827850277,9.86175368405182,0.5074694044599223,5.34,0.0493,4.1,3.38,5305,27980,5305.0,28355.0,1575.3118987947137,8412.16553956377,31942.235524999996,9941.103640769057,7.362208562634958,9.03743421560706,76004,,0,,,,4.0,0,1
IN,Indiana,18,2018,Midwest,East North Central,4,22,161.72,0.16172,0.15122,0.01050000000000001,0.14990166553784348,23.91222,21.661993,2.2502270000000024,0.00788088225231258,0.006107502127160341,2891.25,10563.75,27405.25,30652.0,141025.5,19950.5,5735.25,5948.75,7228.5,4922.5,4472.0,5211.25,2836.75,10403.75,27780.25,30254.5,142260.75,20133.0,7.969444213545649,9.265183607858692,10.218489879861524,10.330453192090294,11.856696004072553,9.901009484660587,0.5074694044599223,5.34,0.0493,4.1,3.38,5305,27980,5305.0,28355.0,1467.2209156447502,7834.959689542966,31728.253825,9258.988773898216,7.291125356883655,8.966351009855758,76004,,0,,,,4.0,0,1
IN,Indiana,18,2019,Midwest,East North Central,4,25,170.7,0.1707,0.16172,0.008979999999999988,0.15760186050348976,27.949233,23.91222,4.037012999999998,0.00788088225231258,0.006107502127160341,2887.25,9965.25,29416.5,29817.5,145606.25,20263.5,6008.25,6103.75,7369.5,5047.75,4626.25,5441.5,2845.5,9808.5,29827.75,29457.75,146450.5,20272.5,7.968059770995197,9.206859320139527,10.289311020389004,10.302850748452824,11.888661339647612,9.916576517077846,0.5074694044599223,5.34,0.0493,4.1,3.38,5305,27980,5305.0,28355.0,1465.1910380269105,7824.120143063702,32128.396499999995,9246.179105036792,7.289740914333203,8.964966567305307,76004,,0,,,,4.0,0,1
IN,Indiana,18,2020,Midwest,East North Central,4,26,170.763,0.170763,0.1707,6.30000000000075e-05,0.157655673013032,30.331256,27.949233,2.3820230000000002,0.00788088225231258,0.006107502127160341,2759.25,9259.75,29964.5,26683.5,145021.25,19260.5,6259.5,6368.25,7559.5,5379.5,4808.25,5579.5,2688.5,9005.5,30016.75,25618.25,144805.0,18917.75,7.922714182652993,9.133432329435603,10.307768626619248,10.191800675833434,11.884635562389194,9.865811645555127,0.5074694044599223,5.34,0.0493,4.1,3.38,5305,27980,5305.0,28355.0,1400.2349542560405,7477.254655727256,32400.865125,8836.269701471216,7.2443953259909994,8.919620978963103,76004,0.5,1,,,,4.0,0,1
IN,Indiana,18,2021,Midwest,East North Central,4,28,192.881,0.192881,0.170763,0.022118,0.17637138960745355,35.872858,30.331256,5.541602000000001,0.00788088225231258,0.006107502127160341,2568.0,9040.25,30691.0,25467.75,148190.75,18861.0,7387.5,6190.0,8214.25,5783.0,5060.0,5660.25,2774.25,8951.25,31331.75,25818.0,149598.0,18950.5,7.850882664809852,9.10944210787109,10.33172473098649,10.14516822484875,11.906255574241664,9.844851577051172,0.5074694044599223,5.34,0.0493,4.1,3.38,5305,27980,5305.0,28355.0,1303.1814306530805,6958.988839687449,32454.009674999998,8223.807409034369,7.172563808147858,8.847789461119962,76004,0.341775,1,,,,4.0,0,1
IN,Indiana,18,2022,Midwest,East North Central,4,31,359.381,0.35938099999999995,0.192881,0.16649999999999995,0.3070294490782745,42.06341,35.872858,6.190551999999997,0.00788088225231258,0.006107502127160341,3452.75,8931.0,33494.0,26721.5,153920.75,19580.0,7363.25,6428.75,8639.25,5922.5,5367.5,6062.0,3508.25,8837.25,33798.5,26703.0,155116.25,19687.0,8.146926293958039,9.097283649683886,10.419121597294424,10.19322376379947,11.944193138548785,9.8822639160845,0.5074694044599223,5.34,0.0493,4.1,3.38,5305,27980,5305.0,28355.0,1752.1649862489967,9356.561026569641,40305.612049999996,11057.146040320644,7.468607437296044,9.143833090268148,76004,9.174528,1,1.2692,2.928036,19242.95845,4.0,0,1
IN,Indiana,18,2023,Midwest,East North Central,4,32,360.506,0.360506,0.35938099999999995,0.0011250000000000426,0.30785668937476895,47.661771,42.06341,5.598361000000004,0.00788088225231258,0.006107502127160341,3725.5,8605.25,34169.0,26647.25,159391.75,21277.25,7791.5,6754.5,8912.75,6267.25,5704.0,6499.5,3707.5,8515.0,34049.25,26407.0,161124.75,21936.5,8.222956349993781,9.060127761099848,10.439074079243579,10.190441234776156,11.97912028741163,9.965393705781445,0.5074694044599223,5.34,0.0493,4.1,3.38,5305,27980,5305.0,28355.0,1890.5772663154405,10095.682602124452,42842.013549999996,11930.60533580901,7.544637493331789,9.219863146303892,76004,0.250173,1,1.321666,3.055209,20745.10057,4.0,0,1
IN,Indiana,18,2024,Midwest,East North Central,4,36,518.006,0.518006,0.360506,0.15749999999999997,0.41739763153479675,56.613435,47.661771,8.951664000000001,0.00788088225231258,0.006107502127160341,3709.5,8828.0,33969.0,26384.0,166884.0,23983.75,8404.75,6740.0,9402.25,6534.75,6047.75,6922.25,3667.75,8752.0,34049.75,26157.0,168917.5,24097.25,8.218652375629581,9.085683767376628,10.43320362298215,10.18051304479938,12.02505423926661,10.085131796672309,0.5074694044599223,5.34,0.0493,4.1,3.38,5305,27980,5305.0,28355.0,1882.4577558440817,10052.324416207395,42548.124933333325,11879.366660363314,7.540333518967587,9.21555917193969,76004,30.253386,1,1.343117,3.133236,22334.67948,4.0,0,1
IN,Indiana,18,2025,Midwest,East North Central,4,41,752.35,0.7523500000000001,0.518006,0.2343440000000001,0.5609577442519906,68.846515,56.613435,12.233079999999994,0.00788088225231258,0.006107502127160341,,,,,,,,,,,,,,,,,,,,,,,,,0.5074694044599223,5.34,0.0493,4.1,3.38,5305,27980,5305.0,28355.0,,,,,,,76004,,0,1.370672,3.187575,23421.66031,,0,0
KS,Kansas,20,2016,Midwest,West North Central,4,9,64.229,0.064229,,,0.06225059332566352,19.188207,,,0.003347316401162443,0.002072650795104109,1648.75,8674.0,18115.5,20530.75,61598.25,7370.25,5458.0,5886.5,6601.0,4854.0,3965.75,4853.5,1645.75,8444.0,18196.5,20243.0,61564.0,7292.75,7.407772704031524,9.068085324395312,9.804523204383539,9.929679041250235,11.028388740027156,8.905206905910646,0.5955447923286079,4.81,0.0217,3.06,2.75,3345,12345,3345.0,16095.0,981.9044763517923,4722.960531252121,14423.68085,5389.806054900328,6.889494029032143,8.460191113149813,79513,,0,,,,4.0,0,1
KS,Kansas,20,2017,Midwest,West North Central,4,8,57.929,0.057929,0.064229,-0.006299999999999993,0.05631322343380912,21.661993,19.188207,2.4737860000000005,0.003347316401162443,0.002072650795104109,1727.75,7804.25,17992.5,19372.75,60667.0,7114.5,5368.5,5961.5,6723.75,4939.75,4057.0,5027.5,1717.0,7701.5,18061.0,19131.75,60406.75,7074.5,7.454575262971503,8.962423736083817,9.79771028338196,9.871622718445792,11.013155171881223,8.869890233985746,0.5955447923286079,4.81,0.0217,3.06,2.75,3345,12345,3345.0,16095.0,1028.9525149457522,4949.261596889068,15103.678775,5648.0590819433155,6.936296587972122,8.506993672089791,79513,,0,,,,4.0,0,1
KS,Kansas,20,2018,Midwest,West North Central,4,8,57.929,0.057929,0.057929,0.0,0.05631322343380912,23.91222,21.661993,2.2502270000000024,0.003347316401162443,0.002072650795104109,1797.0,7357.75,18141.75,18451.0,60836.0,7095.0,6359.0,6039.75,6795.75,5156.75,4174.25,5174.0,1800.0,7243.0,18201.5,18291.25,61276.75,7196.5,7.493873886783559,8.903509458463418,9.805971190901351,9.822873848541882,11.01593699799226,8.867145589594143,0.5955447923286079,4.81,0.0217,3.06,2.75,3345,12345,3345.0,16095.0,1070.1939918145083,5147.633100627784,15837.10915,5874.439108813276,6.975595211784178,8.546292295901848,79513,,0,,,,4.0,0,1
KS,Kansas,20,2019,Midwest,West North Central,4,8,57.929,0.057929,0.057929,0.0,0.05631322343380912,27.949233,23.91222,4.037012999999998,0.003347316401162443,0.002072650795104109,1921.25,7298.25,15842.0,17950.5,63315.5,7816.75,6807.0,6309.5,7265.5,5380.0,4338.5,5352.0,1939.75,7242.75,15977.0,17928.25,63407.25,7841.75,7.560731294852806,8.895389872370208,9.670419920024225,9.795373248681681,11.05588544387635,8.964024146130297,0.5955447923286079,4.81,0.0217,3.06,2.75,3345,12345,3345.0,16095.0,1144.190432261338,5503.555979177035,16617.4982,6280.6155469156965,7.0424526198534245,8.613149703971095,79513,,0,,,,4.0,0,1
KS,Kansas,20,2020,Midwest,West North Central,4,8,57.929,0.057929,0.057929,0.0,0.05631322343380912,30.331256,27.949233,2.3820230000000002,0.003347316401162443,0.002072650795104109,1928.75,6486.75,16501.5,16706.0,63177.0,7635.25,7284.25,6496.5,7482.75,5691.5,4495.75,5492.25,1890.75,6328.75,16060.5,16111.5,63404.75,7581.25,7.56462740367737,8.77751691385473,9.7112065648476,9.723523215315852,11.053695589847887,8.940530961059032,0.5955447923286079,4.81,0.0217,3.06,2.75,3345,12345,3345.0,16095.0,1148.6570182038024,5525.040257560289,17071.422974999998,6305.133239356487,7.046348728677989,8.61704581279566,79513,0.005076,1,,,,4.0,0,1
KS,Kansas,20,2021,Midwest,West North Central,4,10,66.529,0.06652899999999999,0.057929,0.00859999999999999,0.06440945030829011,35.872858,30.331256,5.541602000000001,0.003347316401162443,0.002072650795104109,2051.75,6791.0,15132.75,16557.75,65111.25,7934.25,8380.0,6489.75,7934.0,6143.25,4628.5,5513.0,2141.0,6835.75,15245.5,16938.75,65274.5,7947.25,7.626448366509821,8.823353485113792,9.624616548362898,9.714609549142928,11.083852624326457,8.978944110534993,0.5955447923286079,4.81,0.0217,3.06,2.75,3345,12345,3345.0,16095.0,1221.9090276602212,5877.382423045664,18129.1527,6707.223395385442,7.10816969151044,8.67886677562811,79513,0.0,1,,,,4.0,0,1
KS,Kansas,20,2022,Midwest,West North Central,4,10,65.604,0.065604,0.06652899999999999,-0.0009249999999999953,0.06354177455069607,42.06341,35.872858,6.190551999999997,0.003347316401162443,0.002072650795104109,2529.5,6802.5,16066.0,18430.75,65369.25,7749.75,8651.0,6707.5,8665.25,6731.0,4908.75,5723.25,2583.5,6795.0,16529.75,18540.5,65728.75,7751.25,7.8357769337319905,8.825045470657402,9.684460516733758,9.821775744355675,11.087807243388136,8.955415863762575,0.5955447923286079,4.81,0.0217,3.06,2.75,3345,12345,3345.0,16095.0,1506.4305521952137,7245.930956058977,21812.365975,8269.000403863763,7.317498258732609,8.88819534285028,79513,0.0,1,1.2692,2.928036,19242.95845,4.0,0,1
KS,Kansas,20,2023,Midwest,West North Central,4,10,68.528,0.068528,0.065604,0.00292400000000001,0.06628200039394583,47.661771,42.06341,5.598361000000004,0.003347316401162443,0.002072650795104109,2458.5,6791.0,17026.75,18318.25,68097.5,8012.75,9177.5,6881.75,9080.5,6996.0,5275.0,6282.0,2442.5,6748.5,17014.25,18183.5,68916.5,8145.75,7.8073066868519945,8.823353485113792,9.742540915749865,9.815653109647945,11.128695780744218,8.988789301990227,0.5955447923286079,4.81,0.0217,3.06,2.75,3345,12345,3345.0,16095.0,1464.1468719398824,7042.546454030834,21953.65385,8036.899582090951,7.289028011852613,8.859725095970283,79513,0.0,1,1.321666,3.055209,20745.10057,4.0,0,1
KS,Kansas,20,2024,Midwest,West North Central,4,10,68.528,0.068528,0.068528,0.0,0.06628200039394583,56.613435,47.661771,8.951664000000001,0.003347316401162443,0.002072650795104109,2438.5,6832.5,16746.0,17561.75,70933.0,8600.75,10116.0,7246.75,9890.75,7302.25,5677.75,6775.25,2394.5,6819.25,16794.25,17428.75,71843.0,8749.0,7.7991383751501075,8.829445917802223,9.725914702764378,9.773478520537898,11.169491048522355,9.059604687741414,0.5955447923286079,4.81,0.0217,3.06,2.75,3345,12345,3345.0,16095.0,1452.2359760933105,6985.255045008823,21765.78943333333,7971.5190689155115,7.280859700150726,8.851556784268396,79513,0.0,1,1.343117,3.133236,22334.67948,4.0,0,1
KS,Kansas,20,2025,Midwest,West North Central,4,10,68.528,0.068528,0.068528,0.0,0.06628200039394583,68.846515,56.613435,12.233079999999994,0.003347316401162443,0.002072650795104109,,,,,,,,,,,,,,,,,,,,,,,,,0.5955447923286079,4.81,0.0217,3.06,2.75,3345,12345,3345.0,16095.0,,,,,,,79513,,0,1.370672,3.187575,23421.66031,,0,0
KY,Kentucky,21,2016,South,East South Central,7,11,297.503,0.29750299999999996,,,0.26044164819396187,19.188207,,,0.015504471053496555,0.023368369357398826,3859.0,9077.0,14479.5,23124.75,75459.0,10400.5,5079.25,5004.25,5644.0,4242.0,4027.25,4499.75,3930.25,9127.0,14560.25,23093.0,75773.0,10371.0,8.258163361537619,9.113499020526627,9.58048913495678,10.048658751511377,11.231344741376423,9.249609160896883,0.6146211423858913,4.99,0.0301,3.18,2.76,5020,17105,5020.0,25060.0,2371.8229884671546,11835.396712451102,28196.569024999997,13322.573723983947,7.771414131897568,9.378850041660995,64110,,0,,,,4.0,0,1
KY,Kentucky,21,2017,South,East South Central,7,11,303.128,0.303128,0.29750299999999996,0.005625000000000047,0.2647675281606527,21.661993,19.188207,2.4737860000000005,0.015504471053496555,0.023368369357398826,3987.75,9174.5,14347.75,22836.0,76384.25,10463.75,5179.25,4920.25,5960.75,4343.0,4111.5,4612.75,3947.25,9136.0,14357.25,22727.5,76402.5,10427.5,8.290982441052558,9.124183175525008,9.57134841446915,10.036093517084149,11.243531802069942,9.255672181974266,0.6146211423858913,4.99,0.0301,3.18,2.76,5020,17105,5020.0,25060.0,2450.955460549338,12230.267748141197,29253.674075000003,13767.06228759186,7.804233211412506,9.411669121175933,64110,,0,,,,4.0,0,1
KY,Kentucky,21,2018,South,East South Central,7,11,303.128,0.303128,0.303128,0.0,0.2647675281606527,23.91222,21.661993,2.2502270000000024,0.015504471053496555,0.023368369357398826,4064.75,8629.0,14384.75,22452.75,76903.75,10373.25,5131.75,4768.0,6198.25,4273.0,4185.0,4736.75,4098.75,8594.75,14440.25,22419.0,77571.5,10444.75,8.310107519475665,9.062883902508307,9.573923896620169,10.019168380100641,11.250309918934168,9.246985656172926,0.6146211423858913,4.99,0.0301,3.18,2.76,5020,17105,5020.0,25060.0,2498.2812885130515,12466.423629680128,30192.978175,14032.892341167077,7.823358289835613,9.43079419959904,64110,,0,,,,4.0,0,1
KY,Kentucky,21,2019,South,East South Central,7,12,653.128,0.653128,0.303128,0.35000000000000003,0.5026692508076821,27.949233,23.91222,4.037012999999998,0.015504471053496555,0.023368369357398826,4100.5,8352.0,14529.75,21928.25,78649.0,9957.25,6032.0,4879.0,6310.25,4598.5,4326.75,4978.5,4162.5,8280.25,14669.75,21881.75,79057.75,9915.75,8.318864196476467,9.03025631012242,9.583953550635165,9.99553103886619,11.272750193847424,9.20605620803713,0.6146211423858913,4.99,0.0301,3.18,2.76,5020,17105,5020.0,25060.0,2520.253994353347,12576.067431823201,30627.521675000004,14156.313437469857,7.832114966836414,9.439550876599842,64110,,0,,,,4.0,0,1
KY,Kentucky,21,2020,South,East South Central,7,15,681.706,0.681706,0.653128,0.028577999999999992,0.5198087543584817,30.331256,27.949233,2.3820230000000002,0.015504471053496555,0.023368369357398826,4525.75,8150.5,14815.0,20892.5,77529.25,9729.25,5456.0,5169.0,6588.5,4838.0,4583.5,5228.25,4552.0,8348.0,14690.5,20687.25,77076.25,9628.0,8.417538588256054,9.005834554046345,9.603395460007665,9.94714552187559,11.258410563491507,9.182892091016955,0.6146211423858913,4.99,0.0301,3.18,2.76,5020,17105,5020.0,25060.0,2781.6216351529474,13880.291959413209,33316.542975000004,15624.420324260262,7.930789358616002,9.53822526837943,64110,,0,,,,4.0,0,1
KY,Kentucky,21,2021,South,East South Central,7,20,874.493,0.8744930000000001,0.681706,0.19278700000000004,0.6283382228577027,35.872858,30.331256,5.541602000000001,0.015504471053496555,0.023368369357398826,4617.0,8935.5,15151.75,21702.0,78753.5,9482.0,5805.5,5357.5,6958.25,5147.25,4697.25,5582.25,4581.25,8897.75,15498.75,21899.5,79840.0,9532.5,8.43750042250699,9.097787385736853,9.625871315817724,9.985159701180153,11.2740780001447,9.157150543462064,0.6146211423858913,4.99,0.0301,3.18,2.76,5020,17105,5020.0,25060.0,2837.70581439566,14160.152013834344,34419.361575,15939.446199438684,7.950751192866938,9.558187102630365,64110,,0,,,,4.0,0,1
KY,Kentucky,21,2022,South,East South Central,7,23,929.865,0.929865,0.8744930000000001,0.05537199999999998,0.6574500522837772,42.06341,35.872858,6.190551999999997,0.015504471053496555,0.023368369357398826,4161.5,8878.5,16563.0,22030.0,82899.5,9987.25,6819.5,5621.75,7316.75,5538.0,5102.0,5926.0,4283.75,8949.5,16785.25,22428.0,83876.5,10207.75,8.33363086518615,9.091387902798889,9.714926570952155,10.000160439796389,11.325384309742109,9.20906455847213,0.6146211423858913,4.99,0.0301,3.18,2.76,5020,17105,5020.0,25060.0,2557.7458840388867,12763.151961354046,34095.963475,14366.906077315158,7.846881635546098,9.454317545309525,64110,,0,1.2692,2.928036,19242.95845,4.0,0,1
KY,Kentucky,21,2023,South,East South Central,7,25,916.366,0.916366,0.929865,-0.013499000000000039,0.6504306842706149,47.661771,42.06341,5.598361000000004,0.015504471053496555,0.023368369357398826,4146.25,8783.75,16380.0,23422.75,88238.75,11286.5,7260.75,5810.0,7907.25,5832.25,5418.75,6752.5,4122.0,8595.5,16238.5,23194.75,89731.0,11473.75,8.329959590261263,9.080658702506408,9.70381635740706,10.061463051266086,11.387801487915896,9.331362600223633,0.6146211423858913,4.99,0.0301,3.18,2.76,5020,17105,5020.0,25060.0,2548.372911617502,12716.380828971334,34687.875275,14314.257917353832,7.843210360621211,9.450646270384638,64110,,0,1.321666,3.055209,20745.10057,4.0,0,1
KY,Kentucky,21,2024,South,East South Central,7,25,916.366,0.916366,0.916366,0.0,0.6504306842706149,56.613435,47.661771,8.951664000000001,0.015504471053496555,0.023368369357398826,3925.0,8029.25,17807.75,21490.0,93238.75,11417.5,7764.75,5984.0,8022.75,6167.0,5744.75,7275.75,3868.0,7960.25,17810.0,21370.75,93371.75,11312.25,8.275121630216509,8.990846402827845,9.787389034782462,9.975342989636555,11.442918686796423,9.342902545059154,0.6146211423858913,4.99,0.0301,3.18,2.76,5020,17105,5020.0,25060.0,2412.387983864623,12037.816039484469,33462.747983333335,13550.428055619848,7.788372400576457,9.395808310339884,64110,,0,1.343117,3.133236,22334.67948,4.0,0,1
KY,Kentucky,21,2025,South,East South Central,7,25,916.366,0.916366,0.916366,0.0,0.6504306842706149,68.846515,56.613435,12.233079999999994,0.015504471053496555,0.023368369357398826,,,,,,,,,,,,,,,,,,,,,,,,,0.6146211423858913,4.99,0.0301,3.18,2.76,5020,17105,5020.0,25060.0,,,,,,,64110,,0,1.370672,3.187575,23421.66031,,0,0
LA,Louisiana,22,2016,South,West South Central,3,9,14.326,0.014326,,,0.014224352513064463,19.188207,,,0.0007466044117618703,0.0005125722054698245,1986.25,9146.25,9232.25,26332.0,134326.5,20081.25,5371.25,5505.0,5722.0,3810.25,4547.25,5095.25,2025.5,9033.0,9364.5,26052.0,135074.75,21540.75,7.594003717850926,9.121099238198239,9.130458068103936,10.178540208587767,11.808028682480513,9.907541822864168,0.5854621821721855,4.86,0.0298,3.39,2.84,4400,16930,4400.0,21370.0,1162.8742593395034,5651.568900389987,18560.0374,6474.944641050483,7.05865002916667,8.639688467079072,71642,,0,,,,4.0,0,1
LA,Louisiana,22,2017,South,West South Central,3,9,14.326,0.014326,0.014326,0.0,0.014224352513064463,21.661993,19.188207,2.4737860000000005,0.0007466044117618703,0.0005125722054698245,2304.5,9058.25,9747.0,25693.25,141135.5,26622.5,5370.0,5735.75,5846.25,4009.0,4699.5,5234.75,2164.75,9018.5,9936.0,25666.75,141904.5,27417.0,7.742619012160563,9.111431223646969,9.18471482433721,10.153983590471436,11.857475700810037,10.189512001889538,0.5854621821721855,4.86,0.0298,3.39,2.84,4400,16930,4400.0,21370.0,1349.1975988158015,6557.100330244795,20511.595200000003,7512.402731428993,7.207265323476307,8.78830376138871,71642,,0,,,,4.0,0,1
LA,Louisiana,22,2018,South,West South Central,3,9,14.326,0.014326,0.014326,0.0,0.014224352513064463,23.91222,21.661993,2.2502270000000024,0.0007466044117618703,0.0005125722054698245,1752.0,8682.25,10511.25,26379.25,146053.25,27726.75,5062.75,5805.75,5773.75,3890.0,4825.0,5554.0,1938.75,8534.0,10586.5,26505.75,147026.75,26777.5,7.468513271496337,9.069035990653441,9.260201391147108,10.180332995237883,11.891726560221501,10.230152930154452,0.5854621821721855,4.86,0.0298,3.39,2.84,4400,16930,4400.0,21370.0,1025.7297431656689,4985.046551785151,18394.7461,5711.316808619482,6.93315958281208,8.514198020724484,71642,,0,,,,4.0,0,1
LA,Louisiana,22,2019,South,West South Central,3,9,14.326,0.014326,0.014326,0.0,0.014224352513064463,27.949233,23.91222,4.037012999999998,0.0007466044117618703,0.0005125722054698245,2520.25,7978.25,10952.5,27280.75,139932.0,23498.5,5788.75,5993.5,6087.0,3970.75,4835.5,5694.0,2583.0,7761.0,11119.25,27050.0,136979.5,22669.75,7.832113381934051,8.984474368148865,9.301323019688054,10.213936604248104,11.848911869308333,10.06469186830781,0.5854621821721855,4.86,0.0298,3.39,2.84,4400,16930,4400.0,21370.0,1475.5110646194505,7170.98377405053,22360.2106,8215.722709431078,7.296759693249795,8.877798131162198,71642,,0,,,,4.0,0,1
LA,Louisiana,22,2020,South,West South Central,3,11,14.851,0.014851000000000001,0.014326,0.0005250000000000012,0.014741803688308613,30.331256,27.949233,2.3820230000000002,0.0007466044117618703,0.0005125722054698245,2686.25,7231.75,11153.25,23031.5,122628.25,19082.5,5867.0,6492.25,6119.75,4378.25,4793.0,5612.75,2715.0,7154.75,11134.0,22220.0,119477.0,18243.5,7.89590144795672,8.886236332890434,9.319486214236903,10.04461812312966,11.716912700084238,9.856526963672625,0.5854621821721855,4.86,0.0298,3.39,2.84,4400,16930,4400.0,21370.0,1572.6977868600331,7643.311244139762,23736.06865,8756.86345727973,7.360547759272464,8.941586197184867,71642,,0,,,,4.0,0,1
LA,Louisiana,22,2021,South,West South Central,3,12,14.926,0.014926,0.014851000000000001,7.499999999999868e-05,0.014815703432008715,35.872858,30.331256,5.541602000000001,0.0007466044117618703,0.0005125722054698245,2947.75,6937.75,12059.5,24102.75,125005.0,18498.5,6653.5,6487.0,6730.25,4824.0,4982.75,5733.25,3034.5,7052.75,12383.25,24993.25,126442.5,18546.0,7.988797446456783,8.844732793441443,9.397608010051895,10.090081220852754,11.736109015484459,9.825444926698086,0.5854621821721855,4.86,0.0298,3.39,2.84,4400,16930,4400.0,21370.0,1725.7961474980598,8387.36927684057,25642.913,9609.32312934251,7.4534437577725265,9.034482195684928,71642,,0,,,,4.0,0,1
LA,Louisiana,22,2022,South,West South Central,3,14,16.876,0.016876000000000002,0.014926,0.001950000000000002,0.016735182395721495,42.06341,35.872858,6.190551999999997,0.0007466044117618703,0.0005125722054698245,3329.5,6925.25,13119.75,27017.75,127145.25,17260.25,6760.5,6499.0,6482.75,4923.0,5195.0,5813.0,3391.0,6996.75,13327.5,26800.25,127425.0,16832.25,8.110577421550676,8.842929431486944,9.481874007438485,10.204249336396284,11.75308541270063,9.756161448889417,0.5854621821721855,4.86,0.0298,3.39,2.84,4400,16930,4400.0,21370.0,1949.2963355422917,9473.580190735538,29403.38415,10853.783855193245,7.575223732866421,9.156262170778824,71642,,0,1.2692,2.928036,19242.95845,4.0,0,1
LA,Louisiana,22,2023,South,West South Central,3,14,16.876,0.016876000000000002,0.016876000000000002,0.0,0.016735182395721495,47.661771,42.06341,5.598361000000004,0.0007466044117618703,0.0005125722054698245,3581.0,6831.5,13680.5,23225.5,131290.5,16140.75,6780.5,6587.5,6978.5,5019.25,5513.75,5755.5,3580.5,6782.5,13685.75,22598.25,131807.5,16210.25,8.183397369998433,8.829299547778543,9.523726740216219,10.0530060919756,11.78516770428407,9.689102409145804,0.5854621821721855,4.86,0.0298,3.39,2.84,4400,16930,4400.0,21370.0,2096.540074358596,10189.184761382778,31279.076399999998,11673.644687024182,7.648043681314176,9.229082119226579,71642,,0,1.321666,3.055209,20745.10057,4.0,0,1
LA,Louisiana,22,2024,South,West South Central,3,15,16.951,0.016951,0.016876000000000002,7.499999999999868e-05,0.016808934981397704,56.613435,47.661771,8.951664000000001,0.0007466044117618703,0.0005125722054698245,3531.5,6464.25,12474.5,22578.25,134436.5,17525.75,6803.5,6886.75,7391.0,5157.5,5894.0,6113.5,3496.25,6330.5,12445.25,22547.5,136761.0,17812.25,8.169477988848977,8.774042275195619,9.431441839656168,10.024742332485852,11.808847247581676,9.771426506992775,0.5854621821721855,4.86,0.0298,3.39,2.84,4400,16930,4400.0,21370.0,2067.559696341073,10048.340124217615,30913.505333333334,11512.280427876542,7.6341243001647205,9.215162738077122,71642,,0,1.343117,3.133236,22334.67948,4.0,0,1
LA,Louisiana,22,2025,South,West South Central,3,15,16.951,0.016951,0.016951,0.0,0.016808934981397704,68.846515,56.613435,12.233079999999994,0.0007466044117618703,0.0005125722054698245,,,,,,,,,,,,,,,,,,,,,,,,,0.5854621821721855,4.86,0.0298,3.39,2.84,4400,16930,4400.0,21370.0,,,,,,,71642,,0,1.370672,3.187575,23421.66031,,0,0
MA,Massachusetts,25,2016,Northeast,New England,5,51,363.776,0.363776,,,0.3102573230613175,19.188207,,,0.01895831121688441,0.01125386875553973,8722.0,17771.25,76580.75,91249.5,144158.25,14860.0,11672.0,6741.75,11162.75,8804.5,5625.25,7765.0,8818.25,17606.0,76938.0,91192.5,145247.75,15011.25,9.073603848402712,9.785337261949907,11.24610101866314,11.421352791977672,11.878666933478804,9.60642831827175,0.6787035876410769,5.16,0.0582,3.12,2.56,12680,32620,12680.0,65370.0,5919.652691405472,30545.407887652236,62008.78095,33347.75519624676,8.686033059164757,10.326969638658229,110561,,0,,,,4.0,0,1
MA,Massachusetts,25,2017,Northeast,New England,5,52,372.276,0.372276,0.363776,0.008500000000000008,0.31647067525324857,21.661993,19.188207,2.4737860000000005,0.01895831121688441,0.01125386875553973,8586.5,17763.5,78712.25,93161.0,149485.75,15357.5,11718.75,7524.0,11809.25,9214.75,5823.75,7918.75,8608.0,17660.75,79352.25,93610.25,151021.25,15568.25,9.057946481423917,9.784901069202084,11.273554076676344,11.44208445816136,11.914956349544102,9.639359233038082,0.6787035876410769,5.16,0.0582,3.12,2.56,12680,32620,12680.0,65370.0,5827.688355280106,30070.87191324535,62126.714400000004,32829.68355796524,8.670375692185962,10.311312271679434,110561,,0,,,,4.0,0,1
MA,Massachusetts,25,2018,Northeast,New England,5,48,333.18,0.33318000000000003,0.372276,-0.039095999999999964,0.28756706583877395,23.91222,21.661993,2.2502270000000024,0.01895831121688441,0.01125386875553973,8774.25,17398.75,80630.5,93814.5,155986.0,16435.0,13466.75,7606.75,12207.0,9754.75,6070.5,8210.75,8806.75,17219.0,81134.5,93819.0,157697.0,16554.25,9.079576574595821,9.76415364354161,11.29763226882566,11.449074707269155,11.957521538614733,9.70716848609832,0.6787035876410769,5.16,0.0582,3.12,2.56,12680,32620,12680.0,65370.0,5955.114953859718,30728.39316191615,64162.32495000001,33547.52820805643,8.692005785357866,10.332942364851338,110561,,0,,,,4.0,0,1
MA,Massachusetts,25,2019,Northeast,New England,5,43,314.537,0.31453699999999996,0.33318000000000003,-0.018643000000000076,0.273484512376296,27.949233,23.91222,4.037012999999998,0.01895831121688441,0.01125386875553973,7777.75,16405.75,82610.75,94209.25,161204.0,16703.0,12506.5,8124.0,12939.5,10088.0,6375.25,8657.25,8043.0,16143.0,83242.75,94765.25,162399.0,16795.0,8.959022372260328,9.70538716211915,11.321895096319357,11.453273651072696,11.990425922642586,9.723343622989947,0.6787035876410769,5.16,0.0582,3.12,2.56,12680,32620,12680.0,65370.0,5278.786828775385,27238.54003648099,59575.7439,29737.503207705602,8.571451583022373,10.212388162515845,110561,,0,,,,4.0,0,1
MA,Massachusetts,25,2020,Northeast,New England,5,42,316.362,0.31636200000000003,0.31453699999999996,0.0018250000000000766,0.2748718710645045,30.331256,27.949233,2.3820230000000002,0.01895831121688441,0.01125386875553973,8615.5,16029.0,83540.5,91851.25,156072.5,16192.0,12967.75,8429.0,13634.5,11526.5,6355.75,8829.0,8545.0,16148.5,83005.75,90818.25,155355.0,16142.0,9.061318185583154,9.68215486062588,11.333086823190067,11.427925699696013,11.958075921861564,9.692272572087193,0.6787035876410769,5.16,0.0582,3.12,2.56,12680,32620,12680.0,65370.0,5847.370759321698,30172.43311809996,64970.898,32940.56235877826,8.673747396345199,10.31468397583867,110561,0.8999999999999999,1,,,,4.0,0,1
MA,Massachusetts,25,2021,Northeast,New England,5,44,323.241,0.323241,0.31636200000000003,0.0068789999999999685,0.28008403029697126,35.872858,30.331256,5.541602000000001,0.01895831121688441,0.01125386875553973,8857.25,16704.25,82018.75,95736.75,163257.0,16753.25,14849.25,8360.25,15491.75,12491.5,6799.0,9483.0,8991.25,16458.75,82885.75,96708.5,164993.0,16838.0,9.088991611672943,9.723418457045465,11.314703158644598,11.469357516266287,12.003080925239306,9.726347548282602,0.6787035876410769,5.16,0.0582,3.12,2.56,12680,32620,12680.0,65370.0,6011.447351633928,31019.068334431067,67461.5091,33864.87098279714,8.701420822434988,10.34235740192846,110561,0.5,1,,,,4.0,0,1
MA,Massachusetts,25,2022,Northeast,New England,5,44,321.291,0.321291,0.323241,-0.0019500000000000073,0.27860928894128717,42.06341,35.872858,6.190551999999997,0.01895831121688441,0.01125386875553973,9850.5,15945.25,83997.5,98534.0,168445.25,17287.5,14273.25,9129.75,15017.25,12617.25,7093.25,10118.75,10073.0,15708.5,83893.75,99097.5,169191.25,17444.5,9.195277494299138,9.676916258217451,11.338542315477795,11.49815694526505,12.034366050158699,9.757738975973014,0.6787035876410769,5.16,0.0582,3.12,2.56,12680,32620,12680.0,65370.0,6685.569690058427,34497.539600701486,76271.91765,37662.469910643056,8.807706705061182,10.448643284554654,110561,1.0,1,1.2692,2.928036,19242.95845,4.0,0,1
MA,Massachusetts,25,2023,Northeast,New England,5,47,329.441,0.329441,0.321291,0.00814999999999999,0.28475855313066484,47.661771,42.06341,5.598361000000004,0.01895831121688441,0.01125386875553973,9967.0,15278.0,79085.25,97825.0,171669.5,17500.0,15579.75,9510.0,15859.75,13709.25,7430.5,10522.0,9963.25,15008.0,78242.25,96469.25,172143.0,17589.75,9.207034914967457,9.634169164101305,11.278281663548311,11.490935447078613,12.05332639569593,9.769956159911606,0.6787035876410769,5.16,0.0582,3.12,2.56,12680,32620,12680.0,65370.0,6764.638658018613,34905.53547537604,78157.0224,38107.896817357425,8.819464125729501,10.460400705222973,110561,0.0,1,1.321666,3.055209,20745.10057,4.0,0,1
MA,Massachusetts,25,2024,Northeast,New England,5,47,332.171,0.332171,0.329441,0.00273000000000001,0.286809942256777,56.613435,47.661771,8.951664000000001,0.01895831121688441,0.01125386875553973,9844.333333333334,14327.0,74370.66666666667,94476.0,170111.33333333334,17463.666666666668,17389.0,9910.666666666666,16445.666666666668,15261.666666666666,7525.0,10253.0,9832.0,14198.0,74111.5,94288.5,171693.5,17536.5,9.194651272511543,9.569901147893372,11.216816877845236,11.456101112972467,12.044208403638477,9.76787781116413,0.6787035876410769,5.16,0.0582,3.12,2.56,12680,32620,12680.0,65370.0,6681.384351267975,34475.943252542755,77284.1911,37638.8922346081,8.807080483273587,10.44801706276706,110561,0.0,1,1.343117,3.133236,22334.67948,3.0,1,1
MA,Massachusetts,25,2025,Northeast,New England,5,47,332.171,0.332171,0.332171,0.0,0.286809942256777,68.846515,56.613435,12.233079999999994,0.01895831121688441,0.01125386875553973,,,,,,,,,,,,,,,,,,,,,,,,,0.6787035876410769,5.16,0.0582,3.12,2.56,12680,32620,12680.0,65370.0,,,,,,,110561,,0,1.370672,3.187575,23421.66031,,0,0
MD,Maryland,24,2016,South,South Atlantic,5,15,148.818,0.148818,,,0.13873358771274943,19.188207,,,0.007755701197094654,0.005770176233458714,3966.0,15492.75,70403.75,40238.25,160324.0,16394.25,7963.0,7126.5,8988.25,6904.0,4803.25,6069.75,3901.0,15401.5,70813.75,39998.0,161051.25,16300.0,8.285513309079741,9.648127451546472,11.162001807772949,10.602573314762338,11.984952046667189,9.704685942578221,0.6325104218638187,5.15,0.0422,3.05,2.63,7565,23885,7565.0,38940.0,2508.5363331119047,12918.96211552631,32954.42815,14376.425782414408,7.82745472781858,9.466451442494225,87021,,0,,,,4.0,0,1
MD,Maryland,24,2017,South,South Atlantic,5,18,169.711,0.169711,0.148818,0.020892999999999995,0.1567567097510205,21.661993,19.188207,2.4737860000000005,0.007755701197094654,0.005770176233458714,3566.25,15343.75,71619.5,39539.5,162020.0,16181.75,8386.5,7197.0,9003.5,6989.5,5012.25,6458.75,3512.0,15149.75,71832.75,39063.75,162452.75,16243.5,8.17926990252771,9.638463503976931,11.179122662237912,10.585055451222297,11.995475063384482,9.691639342983828,0.6325104218638187,5.15,0.0422,3.05,2.63,7565,23885,7565.0,38940.0,2255.690291971843,11616.805003654994,31499.34445,12927.364711683153,7.721211321266549,9.360208035942193,87021,,0,,,,4.0,0,1
MD,Maryland,24,2018,South,South Atlantic,5,19,170.961,0.170961,0.169711,0.0012500000000000011,0.1578247791933263,23.91222,21.661993,2.2502270000000024,0.007755701197094654,0.005770176233458714,3381.5,14525.0,73339.75,38217.0,164972.5,17195.25,8649.75,7500.5,9222.0,7332.75,5100.25,6524.0,3346.5,14336.75,73858.25,38008.75,165660.75,17545.5,8.126074677014994,9.583626581720113,11.202858032838487,10.551035721777897,12.01353407232562,9.752388461870881,0.6325104218638187,5.15,0.0422,3.05,2.63,7565,23885,7565.0,38940.0,2138.8339915325028,11014.99505639239,31337.138000000003,12257.661064859889,7.668016095753834,9.307012810429478,87021,,0,,,,4.0,0,1
MD,Maryland,24,2019,South,South Atlantic,5,20,161.272,0.161272,0.170961,-0.009689000000000003,0.1495159560687156,27.949233,23.91222,4.037012999999998,0.007755701197094654,0.005770176233458714,3424.75,12966.5,77744.0,37285.5,167407.25,18537.5,8714.0,8074.75,9632.5,7700.75,5293.75,6567.5,3479.25,12621.25,78315.25,37013.75,168060.75,18598.5,8.138783755331499,9.470124387385384,11.261176656645684,10.526359790106566,12.028184745538155,9.827550986446187,0.6325104218638187,5.15,0.0422,3.05,2.63,7565,23885,7565.0,38940.0,2166.190067278113,11155.878846482283,31918.681000000004,12414.43877920417,7.680725174070338,9.319721888745983,87021,,0,,,,4.0,0,1
MD,Maryland,24,2020,South,South Atlantic,5,18,78.272,0.07827200000000001,0.161272,-0.08299999999999999,0.0753597597691546,30.331256,27.949233,2.3820230000000002,0.007755701197094654,0.005770176233458714,3584.0,12196.5,78734.5,35030.25,163387.75,18491.25,10582.75,8157.0,10019.75,8530.25,5472.0,6770.0,3499.5,11878.0,79580.25,33953.75,162007.75,18363.5,8.18423477409482,9.408904304316001,11.273836711918394,10.463967252906004,12.003881489197449,9.825052926206446,0.6325104218638187,5.15,0.0422,3.05,2.63,7565,23885,7565.0,38940.0,2266.9173519599262,11674.62436259362,33545.007300000005,12991.707010633696,7.72617619283366,9.365172907509304,87021,0.7042510000000001,1,,,,4.0,0,1
MD,Maryland,24,2021,South,South Atlantic,5,18,78.272,0.07827200000000001,0.07827200000000001,0.0,0.0753597597691546,35.872858,30.331256,5.541602000000001,0.007755701197094654,0.005770176233458714,3511.25,11027.25,84066.25,34399.0,163419.25,18949.0,12584.75,8476.75,10369.5,10830.75,5698.75,6879.0,3575.0,11007.5,84130.25,35073.5,163572.5,18902.5,8.163727378418454,9.308124761125876,11.339360457448741,10.445782773171514,12.004074263526626,9.849506438669614,0.6325104218638187,5.15,0.0422,3.05,2.63,7565,23885,7565.0,38940.0,2220.902218769333,11437.646426662066,34085.029800000004,12727.994207892736,7.705668797157292,9.344665511832938,87021,0.199853,1,,,,4.0,0,1
MD,Maryland,24,2022,South,South Atlantic,5,20,85.134,0.085134,0.07827200000000001,0.006861999999999993,0.08170348167078867,42.06341,35.872858,6.190551999999997,0.007755701197094654,0.005770176233458714,4044.25,11146.75,85712.0,36607.75,163477.75,17739.75,11387.5,9103.5,10538.75,9211.0,5993.0,7464.25,4371.5,10989.5,86661.5,36907.25,163272.0,17799.0,8.305051398209804,9.318903254579137,11.358748118120742,10.50801524560776,12.004432174432045,9.783563163317822,0.6325104218638187,5.15,0.0422,3.05,2.63,7565,23885,7565.0,38940.0,2558.0302736227486,13173.855909157157,39521.5169,14660.07563553441,7.846992816948642,9.485989531624288,87021,0.070972,1,1.2692,2.928036,19242.95845,4.0,0,1
MD,Maryland,24,2023,South,South Atlantic,5,22,92.424,0.092424,0.085134,0.007290000000000005,0.08839908035044496,47.661771,42.06341,5.598361000000004,0.007755701197094654,0.005770176233458714,4882.75,10453.25,87449.0,36763.0,161814.0,17645.0,13360.25,9581.75,11007.5,10001.0,6257.25,7548.5,4908.5,10310.25,87349.5,36417.25,160905.0,17454.0,8.493463864717,9.254668213825683,11.378811045275592,10.51224718358581,11.99420280643934,9.77820773610937,0.6325104218638187,5.15,0.0422,3.05,2.63,7565,23885,7565.0,38940.0,3088.3902623555605,15905.209851131138,44740.30825,17699.56958877558,8.03540528345584,9.674401998131485,87021,0.049908,1,1.321666,3.055209,20745.10057,4.0,0,1
MD,Maryland,24,2024,South,South Atlantic,5,22,92.424,0.092424,0.092424,0.0,0.08839908035044496,56.613435,47.661771,8.951664000000001,0.007755701197094654,0.005770176233458714,5241.75,9794.75,85428.5,35529.25,161048.0,16841.75,15735.5,10988.0,11741.75,11177.25,6528.75,7919.25,5312.75,9708.0,84991.25,35437.25,162547.5,17028.0,8.564410691025348,9.189601806826783,11.355435047756705,10.478111579870239,11.989457736178665,9.731616201636992,0.6325104218638187,5.15,0.0422,3.05,2.63,7565,23885,7565.0,38940.0,3315.4615038046713,17074.626744594058,46394.90461666667,19000.91524078939,8.106352109764186,9.745348824439832,87021,0.0,1,1.343117,3.133236,22334.67948,4.0,0,1
MD,Maryland,24,2025,South,South Atlantic,5,22,92.424,0.092424,0.092424,0.0,0.08839908035044496,68.846515,56.613435,12.233079999999994,0.007755701197094654,0.005770176233458714,,,,,,,,,,,,,,,,,,,,,,,,,0.6325104218638187,5.15,0.0422,3.05,2.63,7565,23885,7565.0,38940.0,,,,,,,87021,,0,1.370672,3.187575,23421.66031,,0,0
ME,Maine,23,2016,Northeast,New England,1,2,0.126,0.000126,,,0.0001259920626667995,19.188207,,,6.566533287867908e-06,1.1664005234061344e-05,474.5,2032.0,4416.75,7540.75,27183.5,2178.25,4920.75,5843.5,6801.75,4025.0,3607.5,4379.0,482.25,1997.5,4509.25,7510.25,27321.0,2202.5,6.162261618049983,7.616775808698373,8.39315941049279,8.928076925551261,10.210365450570102,7.686277081111396,0.5297301556015733,5.12,0.0101,3.42,2.93,1195,5765,1195.0,6125.0,251.35695883294653,1286.9476292246864,5463.477475,1510.0906703917399,5.526874075583652,7.160028514635068,69803,,0,,,,4.0,0,1
ME,Maine,23,2017,Northeast,New England,1,2,0.126,0.000126,0.000126,0.0,0.0001259920626667995,21.661993,19.188207,2.4737860000000005,6.566533287867908e-06,1.1664005234061344e-05,533.5,1831.25,4729.25,7320.25,28140.25,2294.75,5499.75,6045.0,7061.75,4135.25,3715.25,4587.25,533.75,1752.75,4762.75,7238.0,28551.5,2325.75,6.279459070741808,7.512754072765378,8.461521906545773,8.898399759377622,10.244956214779592,7.7383791840992,0.5297301556015733,5.12,0.0101,3.42,2.93,1195,5765,1195.0,6125.0,282.6110380134394,1446.9685146288098,5905.3945,1697.8574766153704,5.644071528275478,7.277225967326894,69803,,0,,,,4.0,0,1
ME,Maine,23,2018,Northeast,New England,1,3,0.326,0.000326,0.000126,0.0002,0.0003259468735458842,23.91222,21.661993,2.2502270000000024,6.566533287867908e-06,1.1664005234061344e-05,537.5,2178.75,5524.5,7497.25,29328.75,2388.75,5823.5,6414.0,7514.25,4343.75,3814.5,4782.5,537.5,2176.0,5557.25,7463.25,29429.0,2390.0,6.2869287600018176,7.6865065968342305,8.61694802455323,8.922291565619076,10.286323542583931,7.778525495554483,0.5297301556015733,5.12,0.0101,3.42,2.93,1195,5765,1195.0,6125.0,284.72995863584566,1457.8173882155297,6112.8659,1710.587429579684,5.651541217535487,7.284695656586904,69803,,0,,,,4.0,0,1
ME,Maine,23,2019,Northeast,New England,1,3,0.326,0.000326,0.000326,0.0,0.0003259468735458842,27.949233,23.91222,4.037012999999998,6.566533287867908e-06,1.1664005234061344e-05,561.75,2152.5,5693.75,7421.75,29863.75,2423.0,6079.25,6612.0,7569.5,4532.75,3980.75,5053.0,561.75,2113.0,5743.25,7362.75,30066.25,2447.25,6.331056911065438,7.674385236301886,8.647124361008268,8.912170157410014,10.30440064927623,7.792761720816526,0.5297301556015733,5.12,0.0101,3.42,2.93,1195,5765,1195.0,6125.0,297.57591490918384,1523.5886843350213,6323.0930499999995,1787.7627694258374,5.695669368599108,7.328823807650525,69803,,0,,,,4.0,0,1
ME,Maine,23,2020,Northeast,New England,1,3,0.326,0.000326,0.000326,0.0,0.0003259468735458842,30.331256,27.949233,2.3820230000000002,6.566533287867908e-06,1.1664005234061344e-05,592.5,1997.0,5888.75,6662.0,30302.0,2394.25,6324.5,6889.25,8695.75,5069.0,4268.25,5365.25,616.75,1993.5,5994.5,6496.5,30673.5,2383.25,6.384350873009287,7.599401333415815,8.680799030014251,8.804175018753625,10.31896899591978,7.780825308401728,0.5297301556015733,5.12,0.0101,3.42,2.93,1195,5765,1195.0,6125.0,313.8651171939322,1606.9894000329327,6674.7813,1885.6242828390007,5.7489633305429555,7.382117769594372,69803,0.0,1,,,,4.0,0,1
ME,Maine,23,2021,Northeast,New England,1,3,0.326,0.000326,0.000326,0.0,0.0003259468735458842,35.872858,30.331256,5.541602000000001,6.566533287867908e-06,1.1664005234061344e-05,736.75,2778.0,6467.5,7556.75,32407.25,2466.5,7157.25,6244.25,9144.0,5527.0,4445.5,5597.5,763.25,2815.25,6606.0,7734.0,32645.0,2489.0,6.602248621617804,7.9294865233142895,8.774544914060185,8.93019648256269,10.38613744218077,7.810555420673793,0.5297301556015733,5.12,0.0101,3.42,2.93,1195,5765,1195.0,6125.0,390.27869213945917,1998.226903754031,7630.0671,2344.698211614572,5.966861079151474,7.60001551820289,69803,0.053096,1,,,,4.0,0,1
ME,Maine,23,2022,Northeast,New England,1,3,0.326,0.000326,0.000326,0.0,0.0003259468735458842,42.06341,35.872858,6.190551999999997,6.566533287867908e-06,1.1664005234061344e-05,1284.75,2917.0,6539.25,8790.75,33184.0,2597.0,9308.0,6300.25,9036.25,6150.75,4734.75,6035.75,1320.0,2909.0,6606.0,8898.75,33441.5,2624.75,7.158319425872339,7.978310969867722,8.785577758976034,9.0814553112714,10.409823111029255,7.862112211662748,0.5297301556015733,5.12,0.0101,3.42,2.93,1195,5765,1195.0,6125.0,680.5708174091213,3484.5225851347013,11079.85865,4088.70176772558,6.522931883406009,8.156086322457424,69803,0.0,1,1.2692,2.928036,19242.95845,4.0,0,1
ME,Maine,23,2023,Northeast,New England,1,3,0.326,0.000326,0.000326,0.0,0.0003259468735458842,47.661771,42.06341,5.598361000000004,6.566533287867908e-06,1.1664005234061344e-05,1335.0,2915.25,6615.25,9132.25,34437.5,2615.25,10220.5,6523.25,9887.5,6805.5,5120.25,6382.5,1310.25,2905.75,6627.25,9103.5,34789.0,2612.5,7.19668657083435,7.977710858400442,8.79713286872986,9.119567383534271,10.44690136589527,7.86911497422387,0.5297301556015733,5.12,0.0101,3.42,2.93,1195,5765,1195.0,6125.0,707.1897577281004,3620.811559567874,11560.6264,4248.621801839774,6.561299028368019,8.194453467419436,69803,0.043637,1,1.321666,3.055209,20745.10057,4.0,0,1
ME,Maine,23,2024,Northeast,New England,1,3,0.326,0.000326,0.000326,0.0,0.0003259468735458842,56.613435,47.661771,8.951664000000001,6.566533287867908e-06,1.1664005234061344e-05,701.75,2742.0,7140.75,8498.75,35817.5,2621.5,10856.25,6773.0,11029.0,7226.0,5648.5,8778.25,727.0,2699.0,7121.0,8463.25,35960.25,2663.75,6.553577215241992,7.91644286012226,8.87357309183391,9.04767437284067,10.486191879767528,7.871501952012587,0.5297301556015733,5.12,0.0101,3.42,2.93,1195,5765,1195.0,6125.0,371.7381366934041,1903.299259870229,8281.916141666667,2233.311123176825,5.918189672775662,7.551344111827078,69803,0.0,1,1.343117,3.133236,22334.67948,4.0,0,1
ME,Maine,23,2025,Northeast,New England,1,3,0.326,0.000326,0.000326,0.0,0.0003259468735458842,68.846515,56.613435,12.233079999999994,6.566533287867908e-06,1.1664005234061344e-05,,,,,,,,,,,,,,,,,,,,,,,,,0.5297301556015733,5.12,0.0101,3.42,2.93,1195,5765,1195.0,6125.0,,,,,,,69803,,0,1.370672,3.187575,23421.66031,,0,0
MI,Michigan,26,2016,Midwest,East North Central,3,27,71.08,0.07108,,,0.0686674852212485,19.188207,,,0.0037043586198543727,0.005065613070669954,6360.75,16340.0,48788.75,54851.0,158454.25,17626.25,6225.25,5539.0,7391.75,5366.75,4457.25,5289.5,6468.0,14629.0,49058.25,53281.5,160093.5,17943.0,8.757901573909919,9.701371368413994,10.795255032477586,10.91237569707775,11.973221187100787,9.77714454715144,0.6584337418893697,5.48,0.0663,3.25,2.67,13180,37155,13180.0,72255.0,4188.132423722808,22950.96568200099,54383.15505,25123.583258278184,8.340010191290629,10.041115292250554,71083,,0,,,,4.0,0,1
MI,Michigan,26,2017,Midwest,East North Central,3,29,125.58,0.12558,0.07108,0.05449999999999999,0.11829845835883375,21.661993,19.188207,2.4737860000000005,0.0037043586198543727,0.005065613070669954,6130.25,16847.75,50350.5,55267.5,165284.0,19085.75,6602.75,5804.25,7502.25,5584.75,4637.0,5411.75,6181.5,18235.25,50220.75,56602.25,166606.5,19288.25,8.720990811132909,9.731972395707158,10.826763828583996,10.919940311309263,12.015420485415893,9.856697262285103,0.6584337418893697,5.48,0.0663,3.25,2.67,13180,37155,13180.0,72255.0,4036.363446217308,22119.27168527085,54057.148975000004,24213.158239053544,8.30309942851362,10.004204529473544,71083,,0,,,,4.0,0,1
MI,Michigan,26,2018,Midwest,East North Central,3,29,125.58,0.12558,0.12558,0.0,0.11829845835883375,23.91222,21.661993,2.2502270000000024,0.0037043586198543727,0.005065613070669954,7315.25,18053.0,48461.75,57870.75,171374.0,20078.5,7213.75,5953.75,7724.0,5861.0,4715.5,5450.5,7203.5,17678.25,48388.25,57552.75,172733.25,20328.5,8.897716489220192,9.801067154936659,10.788530105976017,10.965967354566848,12.05160358169077,9.907404869820173,0.6584337418893697,5.48,0.0663,3.25,2.67,13180,37155,13180.0,72255.0,4816.607430356211,26395.008718352037,61700.126875,28893.65128799583,8.479825106600902,10.180930207560827,71083,,0,,,,4.0,0,1
MI,Michigan,26,2019,Midwest,East North Central,3,30,141.58,0.14158,0.12558,0.016000000000000014,0.1324132677558271,27.949233,23.91222,4.037012999999998,0.0037043586198543727,0.005065613070669954,7864.0,16698.75,47548.25,56839.5,175515.5,21029.25,7497.25,6246.5,7836.5,6158.5,4826.5,5600.0,8158.0,16457.25,47688.25,56921.25,176228.75,21262.75,8.970050661827003,9.723089145304021,10.769500263931397,10.947986785550249,12.075482637076476,9.953669604722705,0.6584337418893697,5.48,0.0663,3.25,2.67,13180,37155,13180.0,72255.0,5177.922946218003,28375.017745274657,65237.477975,31061.09479905666,8.552159279207713,10.253264380167638,71083,,0,,,,4.0,0,1
MI,Michigan,26,2020,Midwest,East North Central,3,30,141.58,0.14158,0.14158,0.0,0.1324132677558271,30.331256,27.949233,2.3820230000000002,0.0037043586198543727,0.005065613070669954,8106.0,15779.75,46799.25,52389.5,169050.75,20277.75,8334.25,6610.75,8109.25,6911.75,4953.25,5687.25,8086.5,15518.75,46611.5,51047.0,168047.75,19961.25,9.000359807188254,9.66648275143533,10.7536224561363,10.866461468550654,12.037954244683423,9.917279504804512,0.6584337418893697,5.48,0.0663,3.25,2.67,13180,37155,13180.0,72255.0,5337.263911755231,29248.206236418668,67824.74685,32016.94232466344,8.582468424568964,10.283573525528888,71083,,0,,,,4.0,0,1
MI,Michigan,26,2021,Midwest,East North Central,3,32,175.48,0.17548,0.14158,0.033899999999999986,0.16167657481666667,35.872858,30.331256,5.541602000000001,0.0037043586198543727,0.005065613070669954,8569.75,14994.5,47570.25,52968.5,177029.0,21375.25,8708.5,6866.25,8600.25,7396.0,5355.25,6115.25,8725.333333333334,14969.0,47732.0,53598.0,181336.66666666663,21841.333333333332,9.05599383963774,9.615438746179022,10.769962844825592,10.877452676221811,12.084068839943273,9.969988989642998,0.6584337418893697,5.48,0.0663,3.25,2.67,13180,37155,13180.0,72255.0,5642.612559556425,30921.516826369214,71767.5794,33848.654266812795,8.63810245701845,10.339207557978375,71083,,0,,,,4.0,0,1
MI,Michigan,26,2022,Midwest,East North Central,3,35,178.094,0.178094,0.17548,0.002614000000000005,0.16389787831069805,42.06341,35.872858,6.190551999999997,0.0037043586198543727,0.005065613070669954,,,,,,,,,,,,,,,,,,,,,,,,,0.6584337418893697,5.48,0.0663,3.25,2.67,13180,37155,13180.0,72255.0,,,,,,,71083,,0,1.2692,2.928036,19242.95845,,0,0
MI,Michigan,26,2023,Midwest,East North Central,3,35,178.094,0.178094,0.178094,0.0,0.16389787831069805,47.661771,42.06341,5.598361000000004,0.0037043586198543727,0.005065613070669954,,,,,,,,,,,,,,,,,,,,,,,,,0.6584337418893697,5.48,0.0663,3.25,2.67,13180,37155,13180.0,72255.0,,,,,,,71083,,0,1.321666,3.055209,20745.10057,,0,0
MI,Michigan,26,2024,Midwest,East North Central,3,36,178.814,0.178814,0.178094,0.0007199999999999984,0.16450884829543833,56.613435,47.661771,8.951664000000001,0.0037043586198543727,0.005065613070669954,,,,,,,,,,,,,,,,,,,,,,,,,0.6584337418893697,5.48,0.0663,3.25,2.67,13180,37155,13180.0,72255.0,,,,,,,71083,,0,1.343117,3.133236,22334.67948,,0,0
MI,Michigan,26,2025,Midwest,East North Central,3,36,178.814,0.178814,0.178814,0.0,0.16450884829543833,68.846515,56.613435,12.233079999999994,0.0037043586198543727,0.005065613070669954,,,,,,,,,,,,,,,,,,,,,,,,,0.6584337418893697,5.48,0.0663,3.25,2.67,13180,37155,13180.0,72255.0,,,,,,,71083,,0,1.370672,3.187575,23421.66031,,0,0
MN,Minnesota,27,2016,Midwest,West North Central,4,29,175.643,0.175643,,,0.16181523196073022,19.188207,,,0.009153695287944309,0.004811294821578825,8627.25,10696.5,36079.5,50993.25,123445.0,15084.25,8013.0,6144.0,8127.0,6053.75,4865.0,6404.0,8617.5,10098.0,36786.25,50191.5,124580.0,15126.5,9.06268107744423,9.277671864136469,10.49348011598741,10.839448550005862,11.723550991725466,9.621406432093993,0.6543476775195195,5.55,0.0446,3.08,2.64,8770,25175,8770.0,48690.0,5645.221000880275,31330.976554885525,60915.4537,34313.00555400524,8.638564625663356,10.3523625534217,86371,,0,,,,4.0,0,1
MN,Minnesota,27,2017,Midwest,West North Central,4,29,175.643,0.175643,0.175643,0.0,0.16181523196073022,21.661993,19.188207,2.4737860000000005,0.009153695287944309,0.004811294821578825,8780.5,9672.75,36503.5,49875.75,127772.25,15466.25,8243.0,6165.75,8221.75,6363.25,5007.5,6592.25,8859.75,9612.0,36536.25,50053.25,128094.0,15642.75,9.08028863261591,9.17706793271261,10.50516342538435,10.817290191673086,11.75800466119787,9.646415509528186,0.6543476775195195,5.55,0.0446,3.08,2.64,8770,25175,8770.0,48690.0,5745.4997824601405,31887.523792653777,62379.2858,34922.524010193636,8.656172180835037,10.36997010859338,86371,,0,,,,4.0,0,1
MN,Minnesota,27,2018,Midwest,West North Central,4,29,130.613,0.130613,0.175643,-0.04502999999999999,0.12275996351242467,23.91222,21.661993,2.2502270000000024,0.009153695287944309,0.004811294821578825,9029.25,9150.5,37122.0,48477.25,130541.0,16030.0,9187.5,6407.75,8454.5,6727.25,5136.0,6747.5,8982.5,9016.75,37149.25,48080.5,131652.0,16165.25,9.108224586483246,9.121563801585337,10.521965064759044,10.788849894711863,11.779442632647074,9.6822172456036,0.6543476775195195,5.55,0.0446,3.08,2.64,8770,25175,8770.0,48690.0,5908.268767243121,32790.89165819932,64574.65685,35911.8728909562,8.684108134702374,10.397906062460716,86371,,0,,,,4.0,0,1
MN,Minnesota,27,2019,Midwest,West North Central,4,31,134.472,0.134472,0.130613,0.0038590000000000013,0.12616734445721073,27.949233,23.91222,4.037012999999998,0.009153695287944309,0.004811294821578825,5390.25,8537.0,36483.0,44428.75,136497.5,16819.25,10974.25,6768.0,8871.75,7051.0,5337.75,6946.25,5426.0,8343.25,36412.75,44163.75,137384.0,16989.0,8.592347045016663,9.052164937010307,10.50460167764911,10.701642061390585,11.824061578421114,9.730279342758706,0.6543476775195195,5.55,0.0446,3.08,2.64,8770,25175,8770.0,48690.0,3527.0975687495898,19575.391506560223,44921.6467,21438.54393781063,8.168230593235789,9.882028520994133,86371,,0,,,,4.0,0,1
MN,Minnesota,27,2020,Midwest,West North Central,4,34,135.426,0.135426,0.134472,0.0009539999999999826,0.12700791091100821,30.331256,27.949233,2.3820230000000002,0.009153695287944309,0.004811294821578825,5533.5,7778.0,35406.75,41229.25,135040.5,15934.25,11510.25,7083.25,9331.25,7698.0,5517.25,7134.5,5563.25,7634.0,35196.5,40360.75,135076.75,15550.0,8.61857580570484,8.959054514715692,10.474657758911235,10.62690323489761,11.813330012429564,9.676226159537324,0.6543476775195195,5.55,0.0446,3.08,2.64,8770,25175,8770.0,48690.0,3620.8328735542614,20095.62244822615,46569.4362,22008.289574671882,8.194459353923968,9.90825728168231,86371,100.3,1,,,,4.0,0,1
MN,Minnesota,27,2021,Midwest,West North Central,4,41,219.055,0.219055,0.135426,0.08362900000000001,0.19807596843126424,35.872858,30.331256,5.541602000000001,0.009153695287944309,0.004811294821578825,6206.5,7336.75,37085.75,40468.75,141726.75,15531.75,11899.0,6856.25,10053.5,8293.75,5905.5,7683.75,6393.0,7265.75,37449.5,40566.75,142695.75,15711.0,8.733352408956003,8.900651244261311,10.520988077776325,10.608285350316049,11.861656186973034,9.650641594919804,0.6543476775195195,5.55,0.0446,3.08,2.64,8770,25175,8770.0,48690.0,4061.208860524898,22539.709175913184,51238.03075,24685.00031538828,8.30923595717513,10.023033884933474,86371,101.1,1,,,,4.0,0,1
MN,Minnesota,27,2022,Midwest,West North Central,4,41,200.945,0.20094499999999998,0.219055,-0.018110000000000015,0.1831087468785245,42.06341,35.872858,6.190551999999997,0.009153695287944309,0.004811294821578825,7180.75,7249.25,38846.25,42975.75,144864.0,16179.25,12727.0,7092.5,10538.5,8630.0,6155.75,8207.0,7254.75,7127.5,38940.75,43615.75,145777.75,16321.0,8.879159113411548,8.888653294221717,10.567366826040422,10.668391282105746,11.883550650235685,9.691484836015258,0.6543476775195195,5.55,0.0446,3.08,2.64,8770,25175,8770.0,48690.0,4698.70708534829,26077.82432368301,59470.048800000004,28559.86723833471,8.455042661630676,10.168840589389019,86371,112.3,1,1.2692,2.928036,19242.95845,4.0,0,1
MN,Minnesota,27,2023,Midwest,West North Central,4,43,210.233,0.210233,0.20094499999999998,0.009288000000000018,0.19081290305444187,47.661771,42.06341,5.598361000000004,0.009153695287944309,0.004811294821578825,7321.75,6861.5,38430.25,43299.5,148867.5,17150.5,14346.25,7243.25,10855.75,9173.0,6435.75,8525.0,7363.75,6821.25,38051.25,43039.25,149443.25,17242.25,8.898604649420681,8.833681355709688,10.556600188872105,10.6758963665798,11.910811927554843,9.749782606688052,0.6543476775195195,5.55,0.0446,3.08,2.64,8770,25175,8770.0,48690.0,4790.970107878542,26589.884098725906,61235.43785,29120.66399084736,8.47448819763981,10.188286125398152,86371,110.33,1,1.321666,3.055209,20745.10057,4.0,0,1
MN,Minnesota,27,2024,Midwest,West North Central,4,47,226.785,0.226785,0.210233,0.016551999999999983,0.20439692625135467,56.613435,47.661771,8.951664000000001,0.009153695287944309,0.004811294821578825,7975.75,6585.5,37180.25,42703.75,149969.5,17386.75,15253.25,7712.0,11419.25,9855.75,6821.5,8861.0,7998.75,6411.0,36871.0,42314.5,150168.75,17468.0,8.984160967118344,8.7926255414391,10.523532985298015,10.66204201737464,11.918187219070035,9.763463700865724,0.6543476775195195,5.55,0.0446,3.08,2.64,8770,25175,8770.0,48690.0,5218.913488976307,28964.969863818504,64646.67961666666,31721.806374842192,8.560044515337472,10.273842443095814,86371,109.2,1,1.343117,3.133236,22334.67948,4.0,0,1
MN,Minnesota,27,2025,Midwest,West North Central,4,49,434.285,0.43428500000000003,0.226785,0.20750000000000005,0.3606664672001777,68.846515,56.613435,12.233079999999994,0.009153695287944309,0.004811294821578825,,,,,,,,,,,,,,,,,,,,,,,,,0.6543476775195195,5.55,0.0446,3.08,2.64,8770,25175,8770.0,48690.0,,,,,,,86371,,0,1.370672,3.187575,23421.66031,,0,0
MO,Missouri,29,2016,Midwest,West North Central,8,28,172.606,0.17260599999999998,,,0.15922862236927188,19.188207,,,0.00899542098956927,0.006016766184603348,9996.25,22051.75,36473.25,52390.75,120989.75,15506.75,9412.25,5597.25,6991.75,5684.75,4410.5,5477.75,9934.5,21690.5,37069.75,51761.5,121849.25,15546.25,9.2099653016461,10.001147242805116,10.504334394172833,10.8664853280089,11.703461110246918,9.649030691982725,0.7808163902786921,5.06,0.0433,2.49,2.23,15815,24125,15815.0,79975.0,7805.235841323376,39494.49335709628,63176.04239999999,41685.50751577291,8.962550049190439,10.583916532489813,72108,,0,,,,4.0,0,1
MO,Missouri,29,2017,Midwest,West North Central,8,28,170.804,0.170804,0.17260599999999998,-0.0018019999999999703,0.1576906922971303,21.661993,19.188207,2.4737860000000005,0.00899542098956927,0.006016766184603348,10601.5,17718.25,39000.5,48961.25,123502.25,15731.0,10456.25,5680.25,7193.25,6075.5,4492.25,5655.25,10792.0,17793.25,39583.0,49374.0,123607.75,15843.5,9.268750779522605,9.782350460817122,10.571329745542421,10.798784447906048,11.724014653507693,9.663388566822505,0.7808163902786921,5.06,0.0433,2.49,2.23,15815,24125,15815.0,79975.0,8277.824961539554,41885.79430539014,66814.4541,44209.46934385059,9.021335527066945,10.64270201036632,72108,,0,,,,4.0,0,1
MO,Missouri,29,2018,Midwest,West North Central,8,27,168.164,0.16816399999999998,0.170804,-0.002640000000000031,0.15543328550824337,23.91222,21.661993,2.2502270000000024,0.00899542098956927,0.006016766184603348,11000.0,16876.75,41524.25,48594.0,124105.25,16219.25,12283.5,5798.5,7371.0,6684.0,4554.5,5723.25,10921.0,16616.0,41918.25,48234.25,124694.75,16319.75,9.305650551780507,9.733692214067577,10.634032872909597,10.791255345477046,11.728885274890954,9.693954087389487,0.7808163902786921,5.06,0.0433,2.49,2.23,15815,24125,15815.0,79975.0,8588.980293065613,43460.240282912,69615.43844999999,45871.25998984639,9.058235299324847,10.679601782624221,72108,,0,,,,4.0,0,1
MO,Missouri,29,2019,Midwest,West North Central,8,27,168.164,0.16816399999999998,0.16816399999999998,0.0,0.15543328550824337,27.949233,23.91222,4.037012999999998,0.00899542098956927,0.006016766184603348,11078.5,15948.5,42544.25,47579.25,127347.0,16801.0,12583.5,6268.5,7583.5,7018.75,4739.0,5865.5,11240.5,15548.25,42794.5,47083.75,128441.5,16945.5,9.312761572075331,9.677120059903439,10.65829998973481,10.770152020807114,11.754670923004099,9.729193687429403,0.7808163902786921,5.06,0.0433,2.49,2.23,15815,24125,15815.0,79975.0,8650.27437970249,43770.3883612946,70379.280375,46198.61398159211,9.06534631961967,10.686712802919043,72108,,0,,,,4.0,0,1
MO,Missouri,29,2020,Midwest,West North Central,8,27,168.164,0.16816399999999998,0.16816399999999998,0.0,0.15543328550824337,30.331256,27.949233,2.3820230000000002,0.00899542098956927,0.006016766184603348,11877.5,15395.75,42734.25,44379.25,127726.5,16370.25,11122.75,6365.75,7654.25,7229.75,4945.5,6210.5,11865.5,15301.0,43118.25,43528.5,127916.75,16126.5,9.382401133061077,9.641846776287908,10.662755985428564,10.700527296839505,11.75764653811125,9.703220942087297,0.7808163902786921,5.06,0.0433,2.49,2.23,15815,24125,15815.0,79975.0,9274.146675535165,46927.18217820793,75221.7224,49530.53550267277,9.134985880605415,10.75635236390479,72108,4.148732,1,,,,4.0,0,1
MO,Missouri,29,2021,Midwest,West North Central,8,22,167.274,0.167274,0.16816399999999998,-0.0008899999999999741,0.1546711158055292,35.872858,30.331256,5.541602000000001,0.00899542098956927,0.006016766184603348,12093.0,14640.5,44835.0,43195.5,132269.25,16246.5,12630.25,6833.5,7671.0,8217.0,5177.5,6536.0,12214.25,14405.5,44940.0,43488.5,133785.5,16451.25,9.400382051785275,9.591546939937567,10.710744363386148,10.67349160213981,11.792594896784014,9.695632779943901,0.7808163902786921,5.06,0.0433,2.49,2.23,15815,24125,15815.0,79975.0,9442.412607640223,47778.607794659525,77238.19867499999,50429.19518701931,9.152966799329615,10.774333282628989,72108,9.567869,1,,,,4.0,0,1
MO,Missouri,29,2022,Midwest,West North Central,8,25,180.074,0.180074,0.167274,0.012800000000000006,0.16557714837567347,42.06341,35.872858,6.190551999999997,0.00899542098956927,0.006016766184603348,13118.0,13663.5,44105.25,45795.0,138290.75,17024.0,13971.5,7311.25,8520.25,8800.25,5404.5,6924.5,13532.75,13456.5,43750.75,46285.0,139467.25,17280.25,9.481740611853681,9.522483322852974,10.69433410196838,10.731930193837089,11.837113631829636,9.742379392141371,0.7808163902786921,5.06,0.0433,2.49,2.23,15815,24125,15815.0,79975.0,10242.749407675883,51828.312002839964,85165.090725,54703.56259516408,9.23432535939802,10.855691842697395,72108,5.75,1,1.2692,2.928036,19242.95845,4.0,0,1
MO,Missouri,29,2023,Midwest,West North Central,8,26,180.885,0.180885,0.180074,0.0008109999999999784,0.1662641573681193,47.661771,42.06341,5.598361000000004,0.00899542098956927,0.006016766184603348,14323.75,13043.25,42632.0,46837.75,142449.25,17701.0,13769.75,7599.5,9173.75,9073.5,5821.25,7509.75,14390.75,12882.5,41845.75,46665.5,143297.0,17671.25,9.569674277740658,9.476026037556062,10.660360423976618,10.754444780691115,11.86674107490693,9.781376414141157,0.7808163902786921,5.06,0.0433,2.49,2.23,15815,24125,15815.0,79975.0,11184.218770254416,56592.14697748734,92174.27332499999,59731.67820723293,9.322259025284998,10.943625508584372,72108,0.0,1,1.321666,3.055209,20745.10057,4.0,0,1
MO,Missouri,29,2024,Midwest,West North Central,8,29,343.54,0.34354,0.180885,0.16265500000000002,0.29530792161122216,56.613435,47.661771,8.951664000000001,0.00899542098956927,0.006016766184603348,14302.5,12183.5,40789.5,46033.0,142738.5,17372.5,14383.0,8624.5,9282.0,9833.5,5898.0,7935.5,14284.0,12102.0,40622.0,45868.0,144469.0,17486.0,9.568189626142685,9.407837856306807,10.616179974330127,10.73711380957344,11.868769563852776,9.762643775188483,0.7808163902786921,5.06,0.0433,2.49,2.23,15815,24125,15815.0,79975.0,11167.626421960993,56508.18969512262,91883.89603333332,59643.063273161635,9.320774373687023,10.942140856986397,72108,0.0,1,1.343117,3.133236,22334.67948,2.0,1,1
MO,Missouri,29,2025,Midwest,West North Central,8,31,351.74,0.35174,0.34354,0.008199999999999985,0.30139265143496935,68.846515,56.613435,12.233079999999994,0.00899542098956927,0.006016766184603348,,,,,,,,,,,,,,,,,,,,,,,,,0.7808163902786921,5.06,0.0433,2.49,2.23,15815,24125,15815.0,79975.0,,,,,,,72108,,0,1.370672,3.187575,23421.66031,,0,0
MS,Mississippi,28,2016,South,East South Central,4,4,1.075,0.001075,,,0.001074422601265315,19.188207,,,5.602399432109525e-05,4.1146030733651974e-05,941.5,6329.75,4741.75,12237.5,44689.5,7153.5,5202.0,4750.0,6380.0,3940.0,3641.0,4241.0,944.75,6232.25,4815.75,12143.75,44488.0,6822.25,6.847474348097207,8.75301601988752,8.464161544864432,9.412260286838766,10.707493853679633,8.87535702640639,0.43659259221895036,4.9,0.0193,3.54,2.87,1575,11045,1575.0,7705.0,411.05192557414176,2014.1544353132947,10402.052075,2544.602509739153,6.018719546112512,7.607954751229093,53061,,0,,,,4.0,0,1
MS,Mississippi,28,2017,South,East South Central,4,4,1.075,0.001075,0.001075,0.0,0.001074422601265315,21.661993,19.188207,2.4737860000000005,5.602399432109525e-05,4.1146030733651974e-05,985.0,5894.75,5155.0,11733.25,43851.25,6322.5,5068.0,4875.0,5786.75,3994.25,3711.5,4212.0,979.25,5758.75,5206.25,11547.5,43758.75,6373.25,6.892641641172089,8.681817403251157,8.54772239645106,9.37018197062013,10.688558503665412,8.75186997854412,0.43659259221895036,4.9,0.0193,3.54,2.87,1575,11045,1575.0,7705.0,430.0437033356661,2107.2141463447642,10882.71455,2662.170443009098,6.0638868391873935,7.6531220443039745,53061,,0,,,,4.0,0,1
MS,Mississippi,28,2018,South,East South Central,4,5,1.15,0.00115,0.001075,7.499999999999998e-05,0.001149339256521468,23.91222,21.661993,2.2502270000000024,5.602399432109525e-05,4.1146030733651974e-05,967.75,5492.5,5378.5,11230.25,43876.25,6414.5,5525.5,5017.75,5937.5,4075.0,3840.25,4362.5,977.0,5489.5,5440.0,11191.25,43993.25,6432.25,6.874973789457758,8.611138804258765,8.59016480387206,9.326366309283452,10.689128450390823,8.766316331689396,0.43659259221895036,4.9,0.0193,3.54,2.87,1575,11045,1575.0,7705.0,422.51248111988923,2070.3111574874574,11155.919875,2615.548676367568,6.046218987473062,7.635454192589643,53061,,0,,,,4.0,0,1
MS,Mississippi,28,2019,South,East South Central,4,5,1.15,0.00115,0.00115,0.0,0.001149339256521468,27.949233,23.91222,4.037012999999998,5.602399432109525e-05,4.1146030733651974e-05,962.75,5547.0,5436.25,11131.5,43998.0,6542.75,5390.75,5034.0,6149.0,4045.75,3904.75,4407.0,963.75,5458.0,5489.0,10973.75,44264.0,6630.25,6.869793772695019,8.621012520055235,8.600844763911848,9.317534206078298,10.691899457321854,8.78611284536703,0.43659259221895036,4.9,0.0193,3.54,2.87,1575,11045,1575.0,7705.0,420.3295181587945,2059.6146389780934,11296.44935,2602.0351208192988,6.041038970710323,7.630274175826904,53061,,0,,,,4.0,0,1
MS,Mississippi,28,2020,South,East South Central,4,5,1.15,0.00115,0.00115,0.0,0.001149339256521468,30.331256,27.949233,2.3820230000000002,5.602399432109525e-05,4.1146030733651974e-05,985.0,5339.5,5683.75,10208.0,43476.0,6330.5,5515.5,5388.75,6211.5,4384.5,4117.25,4501.0,984.5,5277.5,5745.5,9925.0,43449.0,6305.25,6.892641641172089,8.5828872946116,8.64536650513922,9.23092700558457,10.679964340683078,8.753134500960307,0.43659259221895036,4.9,0.0193,3.54,2.87,1575,11045,1575.0,7705.0,430.0437033356661,2107.2141463447642,11776.82565,2662.170443009098,6.0638868391873935,7.6531220443039745,53061,,0,,,,4.0,0,1
MS,Mississippi,28,2021,South,East South Central,4,5,1.15,0.00115,0.00115,0.0,0.001149339256521468,35.872858,30.331256,5.541602000000001,5.602399432109525e-05,4.1146030733651974e-05,1012.5,5166.25,6327.75,9891.75,44561.25,6627.75,5478.0,5518.75,6329.0,4638.75,4269.0,4624.25,1025.0,5189.75,6498.75,9983.0,45140.25,6804.25,6.920177798980694,8.549902365825941,8.752700001713846,9.199456355374103,10.704619926272345,8.799020659066224,0.43659259221895036,4.9,0.0193,3.54,2.87,1575,11045,1575.0,7705.0,442.0499996216872,2166.0449981462675,12327.968325000002,2736.4949985245808,6.091422996995999,7.68065820211258,53061,,0,,,,4.0,0,1
MS,Mississippi,28,2022,South,East South Central,4,5,1.15,0.00115,0.00115,0.0,0.001149339256521468,42.06341,35.872858,6.190551999999997,5.602399432109525e-05,4.1146030733651974e-05,1130.25,5159.75,6684.5,10528.5,45707.0,6628.75,5776.75,5675.25,6539.75,4863.5,4590.5,5006.75,1167.5,5149.5,6817.0,10603.25,45743.25,6454.5,7.030194126174715,8.548643407689484,8.807546692423177,9.261841144838586,10.730006738019052,8.799171528451339,0.43659259221895036,4.9,0.0193,3.54,2.87,1575,11045,1575.0,7705.0,493.45877735546867,2417.9480090417965,14143.921300000002,3054.739231686328,6.201439324190019,7.7906745293066,53061,,0,1.2692,2.928036,19242.95845,4.0,0,1
MS,Mississippi,28,2023,South,East South Central,4,5,1.15,0.00115,0.00115,0.0,0.001149339256521468,47.661771,42.06341,5.598361000000004,5.602399432109525e-05,4.1146030733651974e-05,1189.0,4893.75,6935.25,10534.5,47315.75,6479.0,6248.75,5781.5,6887.0,5064.0,4925.25,5390.0,1159.75,4782.5,6978.75,10361.25,47943.0,6629.75,7.080867896690782,8.495714159739114,8.844372381125858,9.262410864267185,10.764598500026679,8.776321456449958,0.43659259221895036,4.9,0.0193,3.54,2.87,1575,11045,1575.0,7705.0,519.1085921483319,2543.632101526827,14858.693000000001,3213.523509378495,6.252113094706086,7.841348299822668,53061,,0,1.321666,3.055209,20745.10057,4.0,0,1
MS,Mississippi,28,2024,South,East South Central,4,5,1.15,0.00115,0.00115,0.0,0.001149339256521468,56.613435,47.661771,8.951664000000001,5.602399432109525e-05,4.1146030733651974e-05,974.75,4533.5,7231.0,9839.75,49832.0,7432.5,6915.5,6066.75,7189.75,5318.75,5220.0,5904.75,1019.75,4475.5,7305.75,9788.75,50542.25,7604.75,6.882181027862707,8.41924954708611,8.886132618174951,9.194185583219483,10.816412626933982,8.913617554872253,0.43659259221895036,4.9,0.0193,3.54,2.87,1575,11045,1575.0,7705.0,425.56862926542186,2085.2862834005673,13731.090608333336,2634.4676541351455,6.053426225878011,7.642661430994592,53061,,0,1.343117,3.133236,22334.67948,4.0,0,1
MS,Mississippi,28,2025,South,East South Central,4,7,193.15,0.19315000000000002,0.00115,0.192,0.1765968686570883,68.846515,56.613435,12.233079999999994,5.602399432109525e-05,4.1146030733651974e-05,,,,,,,,,,,,,,,,,,,,,,,,,0.43659259221895036,4.9,0.0193,3.54,2.87,1575,11045,1575.0,7705.0,,,,,,,53061,,0,1.370672,3.187575,23421.66031,,0,0
MT,Montana,30,2016,West,Mountain,4,9,24.188,0.024187999999999998,,,0.02390010351604611,19.188207,,,0.0012605659298964202,0.0008654262533787599,414.0,2336.5,4494.25,6385.25,27102.5,2582.5,5236.75,5103.0,5571.75,3983.5,3596.25,4454.25,412.5,2335.25,4553.75,6388.0,27324.25,2629.75,6.025865973825314,7.756409362140481,8.410554080926525,8.761745921967947,10.207381253535447,7.856513200993794,0.4767859004563191,5.06,0.0085,3.56,2.64,820,4890,820.0,4155.0,197.3893627889161,998.7901757119154,4648.752125,1215.4008129229994,5.285178238966475,6.906544722265849,66379,,0,,,,4.0,0,1
MT,Montana,30,2017,West,Mountain,4,9,24.188,0.024187999999999998,0.024187999999999998,0.0,0.02390010351604611,21.661993,19.188207,2.4737860000000005,0.0012605659298964202,0.0008654262533787599,429.25,2354.75,4633.25,6449.5,28009.25,2537.75,5164.0,5187.75,5866.0,4091.0,3696.25,4760.0,432.0,2346.75,4639.0,6441.5,28080.0,2548.5,6.062039499777585,7.764189843702926,8.44101384467742,8.77175788740519,10.240290091744292,7.83903314066454,0.4767859004563191,5.06,0.0085,3.56,2.64,820,4890,820.0,4155.0,204.66034777087498,1035.5813597206272,4843.973625,1260.1710119497525,5.321351764918746,6.94271824821812,66379,,0,,,,4.0,0,1
MT,Montana,30,2018,West,Mountain,4,9,24.188,0.024187999999999998,0.024187999999999998,0.0,0.02390010351604611,23.91222,21.661993,2.2502270000000024,0.0012605659298964202,0.0008654262533787599,490.25,2240.5,4771.25,6441.75,28956.25,2644.5,5250.0,5398.5,6217.75,4285.75,3889.75,4875.0,484.75,2186.75,4850.25,6396.25,29493.25,2664.0,6.1949154650764555,7.714454334226198,8.47036360405944,8.770555521314444,10.273541349164958,7.8802372905060345,0.4767859004563191,5.06,0.0085,3.56,2.64,820,4890,820.0,4155.0,233.74428769871042,1182.7460957554747,5309.5181250000005,1439.2518080567645,5.4542277302176165,7.0755942135169905,66379,,0,,,,4.0,0,1
MT,Montana,30,2019,West,Mountain,4,9,24.188,0.024187999999999998,0.024187999999999998,0.0,0.02390010351604611,27.949233,23.91222,4.037012999999998,0.0012605659298964202,0.0008654262533787599,490.25,2095.75,4254.25,6332.5,30131.75,2677.0,5593.25,5552.75,6681.0,4474.5,4014.0,5113.5,490.0,2082.75,4330.5,6301.5,30290.25,2714.0,6.1949154650764555,7.647666763517967,8.355673762251547,8.75345038187583,10.313334712083874,7.892452043520352,0.4767859004563191,5.06,0.0085,3.56,2.64,820,4890,820.0,4155.0,233.74428769871042,1182.7460957554747,5382.157,1439.2518080567645,5.4542277302176165,7.0755942135169905,66379,,0,,,,4.0,0,1
MT,Montana,30,2020,West,Mountain,4,10,106.688,0.106688,0.024187999999999998,0.0825,0.10137177118292026,30.331256,27.949233,2.3820230000000002,0.0012605659298964202,0.0008654262533787599,486.5,1941.75,4454.25,5900.25,31067.5,2784.25,6062.25,5817.0,7260.25,4865.5,4161.25,5218.75,483.75,1922.0,4497.25,5800.75,31400.0,2764.0,6.1872369016260595,7.571344907299757,8.401613975564079,8.682750001877462,10.34391753568015,7.931733816273209,0.4767859004563191,5.06,0.0085,3.56,2.64,820,4890,820.0,4155.0,231.95634057199922,1173.6990832943159,5526.951499999999,1428.242742722317,5.446549166767221,7.0679156500665945,66379,,0,,,,4.0,0,1
MT,Montana,30,2021,West,Mountain,4,10,106.688,0.106688,0.106688,0.0,0.10137177118292026,35.872858,30.331256,5.541602000000001,0.0012605659298964202,0.0008654262533787599,465.75,1887.0,4802.0,5757.0,33078.75,3071.0,7132.0,6178.25,8665.0,6064.25,4361.5,5511.0,481.0,1875.5,4971.0,5811.5,33585.25,3093.5,6.143649009481698,7.54274354536855,8.4767877767812,8.65817178467581,10.406646361241087,8.029758520440822,0.4767859004563191,5.06,0.0085,3.56,2.64,820,4890,820.0,4155.0,222.06303313753062,1123.6389476759048,5605.752,1367.3259145383743,5.402961274622859,7.024327757922233,66379,,0,,,,4.0,0,1
MT,Montana,30,2022,West,Mountain,4,10,106.688,0.106688,0.106688,0.0,0.10137177118292026,42.06341,35.872858,6.190551999999997,0.0012605659298964202,0.0008654262533787599,406.5,1898.75,5438.75,6050.0,35786.25,3324.5,8266.0,6296.75,10043.25,5594.0,4804.5,6104.0,407.75,1901.75,5545.75,6087.75,36326.75,3405.0,6.007583928987866,7.548951053909983,8.60130453403489,8.707813551024888,10.485319020399574,8.10907456584251,0.4767859004563191,5.06,0.0085,3.56,2.64,820,4890,820.0,4155.0,193.8134685354937,980.696150789598,5853.115375,1193.3826822541046,5.266896194129026,6.8882626774284,66379,,0,1.2692,2.928036,19242.95845,4.0,0,1
MT,Montana,30,2023,West,Mountain,4,10,106.688,0.106688,0.106688,0.0,0.10137177118292026,47.661771,42.06341,5.598361000000004,0.0012605659298964202,0.0008654262533787599,416.0,1876.0,5686.5,5876.0,36735.75,3372.0,9575.5,6744.25,11721.0,6038.5,5059.75,6405.5,419.25,1866.25,5650.5,5846.25,36838.75,3353.0,6.030685260261263,7.53689712956617,8.6458502236245,8.678631537293768,10.511505674342493,8.123261319121745,0.4767859004563191,5.06,0.0085,3.56,2.64,820,4890,820.0,4155.0,198.34293458982873,1003.6152490245333,6089.6155,1221.2723144347046,5.289997525402424,6.911364008701798,66379,,0,1.321666,3.055209,20745.10057,4.0,0,1
MT,Montana,30,2024,West,Mountain,4,11,128.688,0.128688,0.106688,0.021999999999999992,0.12105589622274052,56.613435,47.661771,8.951664000000001,0.0012605659298964202,0.0008654262533787599,417.0,1827.0,5628.5,5828.75,37556.75,3365.0,11578.75,7177.0,13177.5,6376.25,5366.25,6956.5,414.25,1839.5,5628.5,5793.0,37628.75,3345.0,6.0330862217988015,7.510430556378006,8.635598255794859,8.670557848122531,10.533608401356904,8.121183242078828,0.4767859004563191,5.06,0.0085,3.56,2.64,820,4890,820.0,4155.0,198.81972049028505,1006.0277856808423,6058.591583333333,1224.2080651905574,5.2923984869399625,6.9137649702393364,66379,,0,1.343117,3.133236,22334.67948,4.0,0,1
MT,Montana,30,2025,West,Mountain,4,11,128.688,0.128688,0.128688,0.0,0.12105589622274052,68.846515,56.613435,12.233079999999994,0.0012605659298964202,0.0008654262533787599,,,,,,,,,,,,,,,,,,,,,,,,,0.4767859004563191,5.06,0.0085,3.56,2.64,820,4890,820.0,4155.0,,,,,,,66379,,0,1.370672,3.187575,23421.66031,,0,0
NC,North Carolina,37,2016,South,South Atlantic,4,64,833.237,0.833237,,,0.6060832567352094,19.188207,,,0.04342443251732692,0.05580052948143514,14147.75,26572.25,48694.75,79755.25,195769.0,17436.5,8607.25,5508.0,7111.25,6399.25,3925.0,5436.5,14283.25,26361.0,49380.0,79942.5,198522.5,17577.0,9.55731087982715,10.187622717140693,10.79332650038479,11.286717849201347,12.184690671722603,9.76632098924903,0.6590695957726078,5.65,0.0754,3.36,2.7,14980,42110,14980.0,84720.0,9324.351873591911,52682.588085794305,101553.9656,57505.9862122024,9.140384737924041,10.87204028308239,75876,,0,,,,4.0,0,1
NC,North Carolina,37,2017,South,South Atlantic,4,68,1405.837,1.405837,0.833237,0.5726,0.8778978679591146,21.661993,19.188207,2.4737860000000005,0.04342443251732692,0.05580052948143514,14806.5,24369.25,50721.5,76986.25,204580.75,17627.5,9277.25,5986.5,7304.75,6865.0,4064.5,5626.25,14853.5,24280.25,51079.25,77085.25,207134.25,17971.0,9.602821552526052,10.101077370601974,10.834105162806294,11.251382113461474,12.22871804205179,9.777215461593196,0.6590695957726078,5.65,0.0754,3.36,2.7,14980,42110,14980.0,84720.0,9758.513969807118,55135.60392941022,106274.6138,60183.58995960311,9.185895410622942,10.91755095578129,75876,,0,,,,4.0,0,1
NC,North Carolina,37,2018,South,South Atlantic,4,72,1554.587,1.554587,1.405837,0.14874999999999994,0.9378905667542784,23.91222,21.661993,2.2502270000000024,0.04342443251732692,0.05580052948143514,15338.25,23543.0,52700.0,77403.25,216511.25,19365.75,9638.0,6080.0,8504.5,7156.25,4213.0,5841.5,15456.0,23506.5,53258.5,77698.25,220201.75,20025.5,9.638104987579114,10.06658381534495,10.872370734529454,11.25678404836036,12.285397788123149,9.871261320865804,0.6590695957726078,5.65,0.0754,3.36,2.7,14980,42110,14980.0,84720.0,10108.974227359202,57115.7043845795,110635.16455,62344.9801572203,9.221178845676004,10.952834390834353,75876,,0,,,,4.0,0,1
NC,North Carolina,37,2019,South,South Atlantic,4,70,1559.582,1.559582,1.554587,0.004995000000000083,0.9398439639096365,27.949233,23.91222,4.037012999999998,0.04342443251732692,0.05580052948143514,10570.5,23721.5,54726.5,74603.25,228419.25,21368.25,8104.25,7585.25,8372.0,7726.0,4417.25,6133.25,10743.5,23386.0,55530.75,74705.0,229800.75,21289.25,9.265822381435187,10.074137088886268,10.910103331791577,11.219939350926541,12.338938035173939,9.969661454459281,0.6590695957726078,5.65,0.0754,3.36,2.7,14980,42110,14980.0,84720.0,6966.695162114351,39361.82766594608,84701.21495,42965.63250383174,8.848896239532076,10.580551784690426,75876,,0,,,,4.0,0,1
NC,North Carolina,37,2020,South,South Atlantic,4,73,1565.974,1.565974,1.559582,0.006391999999999953,0.9423381336401618,30.331256,27.949233,2.3820230000000002,0.04342443251732692,0.05580052948143514,10019.5,24499.5,56384.5,72188.5,228313.75,20350.5,8689.25,6815.25,9351.75,7835.0,4599.75,6377.5,10131.75,24155.5,56990.0,71282.25,228351.0,19895.25,9.2122884731942,10.106407988161303,10.939949577020437,11.187036032416152,12.338476058474745,9.920860760593474,0.6590695957726078,5.65,0.0754,3.36,2.7,14980,42110,14980.0,84720.0,6603.547814843644,37310.045153866595,83082.0594,40725.99733902295,8.795362331291088,10.527017876449438,75876,9.635755,1,,,,4.0,0,1
NC,North Carolina,37,2021,South,South Atlantic,4,74,1565.229,1.565229,1.565974,-0.0007449999999999957,0.9420477533900589,35.872858,30.331256,5.541602000000001,0.04342443251732692,0.05580052948143514,10799.0,24076.5,60653.75,74278.25,235009.0,19576.0,9081.0,6631.25,10135.75,8369.0,4839.75,6692.75,10835.5,24181.5,62657.25,75774.5,237127.5,19711.5,9.28720881623276,10.088991540021382,11.012936742633915,11.215573455684535,12.367379090265292,9.882059605122508,0.6590695957726078,5.65,0.0754,3.36,2.7,14980,42110,14980.0,84720.0,7117.292564748392,40212.70299082842,89056.26975,43894.41042608003,8.87028267432965,10.601938219487998,75876,5.824390999999999,1,,,,4.0,0,1
NC,North Carolina,37,2022,South,South Atlantic,4,74,1572.629,1.5726289999999998,1.565229,0.007399999999999851,0.9449283332414051,42.06341,35.872858,6.190551999999997,0.04342443251732692,0.05580052948143514,10986.0,23294.25,69565.0,78786.25,244473.0,20517.5,9821.0,6909.0,9939.0,8697.75,5207.0,7225.75,11309.75,23436.25,70806.0,80289.5,247109.75,20866.75,9.304377013902565,10.055961827982442,11.150016846275976,11.274493768234617,12.406860152351431,9.929033459503867,0.6590695957726078,5.65,0.0754,3.36,2.7,14980,42110,14980.0,84720.0,7240.538579157869,40909.042972241965,94947.95785,44654.5043930841,8.887450871999455,10.619106417157804,75876,8.205528,1,1.2692,2.928036,19242.95845,4.0,0,1
NC,North Carolina,37,2023,South,South Atlantic,4,76,1590.419,1.590419,1.5726289999999998,0.017790000000000195,0.9518196386888864,47.661771,42.06341,5.598361000000004,0.04342443251732692,0.05580052948143514,11534.75,23454.0,73349.75,83036.75,259290.0,22425.75,10572.5,7118.75,10151.25,9408.0,5575.75,7714.0,11311.25,22894.0,74271.0,82198.5,263291.75,22881.75,9.35311949720437,10.06279633502101,11.202994375249027,11.32703855986888,12.465702405414794,10.017965131183786,0.6590695957726078,5.65,0.0754,3.36,2.7,14980,42110,14980.0,84720.0,7602.203019838088,42952.4470620852,99679.22195,46884.99404224712,8.93619335530126,10.667848900459608,75876,15.21609,1,1.321666,3.055209,20745.10057,4.0,0,1
NC,North Carolina,37,2024,South,South Atlantic,4,79,1594.719,1.594719,1.590419,0.0042999999999999705,0.9534782255908139,56.613435,47.661771,8.951664000000001,0.04342443251732692,0.05580052948143514,11933.5,21836.75,75014.0,82062.0,270347.5,23608.5,12101.5,7313.75,10632.75,10352.25,5870.75,8118.75,11950.5,22162.25,75563.75,82419.75,271885.75,23603.25,9.387104850103599,9.991349609261796,11.22543004176506,11.315230338109606,12.50746344749534,10.069362095659764,0.6590695957726078,5.65,0.0754,3.36,2.7,14980,42110,14980.0,84720.0,7865.007021152415,44437.28966951115,101582.08353333334,48505.78264835874,8.970178708200487,10.701834253358838,75876,7.204741,1,1.343117,3.133236,22334.67948,4.0,0,1
NC,North Carolina,37,2025,South,South Atlantic,4,81,1629.969,1.629969,1.594719,0.035250000000000004,0.9669720590479618,68.846515,56.613435,12.233079999999994,0.04342443251732692,0.05580052948143514,,,,,,,,,,,,,,,,,,,,,,,,,0.6590695957726078,5.65,0.0754,3.36,2.7,14980,42110,14980.0,84720.0,,,,,,,75876,,0,1.370672,3.187575,23421.66031,,0,0
ND,North Dakota,38,2016,Midwest,West North Central,3,3,239.925,0.239925,,,0.21505089391675464,19.188207,,,0.012503773802315142,0.00858431428154039,518.0,1871.5,2599.5,6896.75,30576.75,4550.0,5381.75,5952.25,5303.0,5030.0,4495.0,5470.25,520.0,1860.25,2585.5,6904.75,30049.25,4537.5,6.249975242259483,7.534495527344483,7.8630743978237705,8.838805565130427,10.32799519522161,8.422882511944996,0.474914241159191,4.25,0.0063,3.29,2.55,600,3605,600.0,2530.0,246.00557692046095,1045.523701911959,4093.744375,1317.518124991498,5.505354206083771,6.952273189020096,95982,,0,,,,4.0,0,1
ND,North Dakota,38,2017,Midwest,West North Central,3,3,239.925,0.239925,0.239925,0.0,0.21505089391675464,21.661993,19.188207,2.4737860000000005,0.012503773802315142,0.00858431428154039,518.0,1803.75,2714.25,6822.0,26987.5,3858.75,5626.25,6091.0,5407.0,5191.5,4481.75,4980.5,519.0,1798.0,2744.5,6782.5,26453.25,3694.0,6.249975242259483,7.497623110088081,7.906270951111962,8.82790796297859,10.203129074823062,8.25809857581637,0.474914241159191,4.25,0.0063,3.29,2.55,600,3605,600.0,2530.0,246.00557692046095,1045.523701911959,4181.34115,1317.518124991498,5.505354206083771,6.952273189020096,95982,,0,,,,4.0,0,1
ND,North Dakota,38,2018,Midwest,West North Central,3,3,239.925,0.239925,0.239925,0.0,0.21505089391675464,23.91222,21.661993,2.2502270000000024,0.012503773802315142,0.00858431428154039,504.0,1778.5,2677.0,6553.25,25888.0,3859.75,5035.0,6298.5,5680.0,5567.5,4650.5,5242.25,502.5,1762.75,2714.5,6467.25,26238.5,3927.75,6.222576268071369,7.48352559138851,7.892452043520352,8.787716388777222,10.161534819858218,8.258357693522036,0.474914241159191,4.25,0.0063,3.29,2.55,600,3605,600.0,2530.0,239.35677754423227,1017.2663045629872,4238.59275,1281.909527018755,5.477955231895656,6.9248742148319815,95982,,0,,,,4.0,0,1
ND,North Dakota,38,2019,Midwest,West North Central,3,3,239.925,0.239925,0.239925,0.0,0.21505089391675464,27.949233,23.91222,4.037012999999998,0.012503773802315142,0.00858431428154039,487.25,1777.75,2617.25,6253.75,27503.5,3876.75,5210.0,6419.0,6118.75,5739.25,4888.5,5326.25,481.5,1796.75,2624.5,6241.5,27599.75,3794.75,6.18877733838767,7.4831037987636275,7.869879427199464,8.740936562802414,10.222068548283449,8.262752452744259,0.474914241159191,4.25,0.0063,3.29,2.55,600,3605,600.0,2530.0,231.40196400481582,983.4583470204673,4221.349,1239.3063830156514,5.444156302211958,6.8910752851482835,95982,,0,,,,4.0,0,1
ND,North Dakota,38,2020,Midwest,West North Central,3,3,239.925,0.239925,0.239925,0.0,0.21505089391675464,30.331256,27.949233,2.3820230000000002,0.012503773802315142,0.00858431428154039,456.0,1798.75,2957.5,5963.75,25839.75,3421.5,5714.75,6711.5,6137.75,6351.0,4755.0,5417.25,452.5,1810.75,2970.0,5890.0,25113.75,3274.25,6.1224928095143865,7.4948472582015775,7.992099595852542,8.693454756830317,10.159669282927135,8.137834330392552,0.474914241159191,4.25,0.0063,3.29,2.55,600,3605,600.0,2530.0,216.5608939685911,920.3837993665122,4210.09185,1159.822905397921,5.377871773338674,6.824790756274999,95982,,0,,,,4.0,0,1
ND,North Dakota,38,2021,Midwest,West North Central,3,4,349.925,0.349925,0.239925,0.10999999999999999,0.3000490353515155,35.872858,30.331256,5.541602000000001,0.012503773802315142,0.00858431428154039,462.25,1886.75,3061.5,5969.75,24585.75,2981.75,5377.5,6873.75,6625.0,6592.25,4880.5,5140.75,459.0,1899.0,3119.75,5989.75,24837.5,2992.75,6.136105870267234,7.542611051164978,8.02666027091801,8.69446032946292,10.109922285787075,8.000265655458778,0.474914241159191,4.25,0.0063,3.29,2.55,600,3605,600.0,2530.0,219.52910797583604,932.9987088973032,4372.709150000001,1175.7196009214672,5.391484834091522,6.838403817027848,95982,,0,,,,4.0,0,1
ND,North Dakota,38,2022,Midwest,West North Central,3,8,1232.125,1.232125,0.349925,0.8821999999999999,0.8029540465351517,42.06341,35.872858,6.190551999999997,0.012503773802315142,0.00858431428154039,462.5,2019.5,3029.0,6080.75,25493.5,3050.25,6346.0,6847.25,7178.75,6636.0,5241.5,5571.75,479.0,2032.25,2997.75,6068.5,25909.5,3108.0,6.1366465569524795,7.610605235003468,8.015987811027237,8.712883322615737,10.146178796692707,8.022978833455443,0.474914241159191,4.25,0.0063,3.29,2.55,600,3605,600.0,2530.0,219.64783653612585,933.5033052785349,4778.945125,1176.355468742409,5.392025520776768,6.838944503713093,95982,,0,1.2692,2.928036,19242.95845,4.0,0,1
ND,North Dakota,38,2023,Midwest,West North Central,3,10,1435.625,1.435625,1.232125,0.20350000000000001,0.8902033971108366,47.661771,42.06341,5.598361000000004,0.012503773802315142,0.00858431428154039,360.0,2034.75,2721.0,5842.25,27127.25,3170.0,7107.0,7179.0,8160.0,7111.75,5647.5,6155.0,356.5,2033.0,2716.25,5776.0,27414.0,3167.25,5.886104031450156,7.618128240207151,7.908754738783246,8.672871275595917,10.208294036711413,8.061486866871327,0.474914241159191,4.25,0.0063,3.29,2.55,600,3605,600.0,2530.0,170.96912681730876,726.6187889735622,4483.6857,915.6496621562535,5.141482995274443,6.588401978210769,95982,,0,1.321666,3.055209,20745.10057,4.0,0,1
ND,North Dakota,38,2024,Midwest,West North Central,3,11,1468.625,1.468625,1.435625,0.03300000000000014,0.9036613154740135,56.613435,47.661771,8.951664000000001,0.012503773802315142,0.00858431428154039,313.5,1985.5,2562.75,5539.0,29011.5,3190.75,7516.0,7455.75,8522.0,7425.0,5904.0,6434.25,310.25,1977.5,2522.5,5519.5,29249.25,3211.75,5.7477993600729755,7.593626050571306,7.848836179663511,8.619569258033104,10.275447582086894,8.0680112778628,0.474914241159191,4.25,0.0063,3.29,2.55,600,3605,600.0,2530.0,148.88561460340637,632.763862064477,4259.6154,797.3782474610707,5.003178323897263,6.450097306833588,95982,,0,1.343117,3.133236,22334.67948,4.0,0,1
ND,North Dakota,38,2025,Midwest,West North Central,3,12,1568.625,1.568625,1.468625,0.09999999999999987,0.9433707362778972,68.846515,56.613435,12.233079999999994,0.012503773802315142,0.00858431428154039,,,,,,,,,,,,,,,,,,,,,,,,,0.474914241159191,4.25,0.0063,3.29,2.55,600,3605,600.0,2530.0,,,,,,,95982,,0,1.370672,3.187575,23421.66031,,0,0
NE,Nebraska,31,2016,Midwest,West North Central,6,16,69.104,0.069104,,,0.0668209144951014,19.188207,,,0.003601378700990666,0.015710771025451754,4642.25,3551.25,11224.75,18448.75,50311.25,5910.75,6431.0,5044.5,6725.5,4848.75,3776.5,4593.5,4658.75,3554.0,11281.0,18416.0,50619.5,5914.0,8.442954441480705,8.175054933168397,9.325876440647514,9.822751896495985,10.825983989131787,8.68452800590187,0.6303439130985566,4.77,0.0157,2.86,2.29,2810,8955,2810.0,13390.0,2926.2140305817748,13958.040925875064,26794.374899999995,15674.076895293292,7.981464726745558,9.543811031645808,93145,,0,,,,4.0,0,1
NE,Nebraska,31,2017,Midwest,West North Central,6,16,69.104,0.069104,0.069104,0.0,0.0668209144951014,21.661993,19.188207,2.4737860000000005,0.003601378700990666,0.015710771025451754,4542.5,3768.75,11763.75,18220.5,50884.75,5857.5,6253.25,4865.5,7131.0,4883.25,3838.5,4630.0,4477.25,3751.0,11847.0,18072.75,51073.5,5911.5,8.421232800270326,8.234498660475495,9.372778048172998,9.810302612808435,10.837318550574757,8.67547817038195,0.6303439130985566,4.77,0.0157,2.86,2.29,2810,8955,2810.0,13390.0,2863.3372252501936,13658.118564443423,26538.4302,15337.28133919323,7.959743085535179,9.52208939043543,93145,,0,,,,4.0,0,1
NE,Nebraska,31,2018,Midwest,West North Central,6,17,173.104,0.173104,0.069104,0.10400000000000001,0.15965322729271245,23.91222,21.661993,2.2502270000000024,0.003601378700990666,0.015710771025451754,4279.25,3560.5,11943.25,17546.25,51877.75,6176.25,6686.25,5058.5,6956.5,5205.25,3970.75,4765.5,4215.75,3492.0,11989.5,17388.25,52083.0,6201.75,8.361533039575773,8.177656263422179,9.387921544213302,9.772595530848536,10.856645268176104,8.72846657015996,0.6303439130985566,4.77,0.0157,2.86,2.29,2810,8955,2810.0,13390.0,2697.3991901269983,12866.59413690578,25577.593324999998,14448.444946778785,7.9000433248406265,9.462389629740876,93145,,0,,,,4.0,0,1
NE,Nebraska,31,2019,Midwest,West North Central,6,21,439.104,0.439104,0.173104,0.266,0.36402069770510265,27.949233,23.91222,4.037012999999998,0.003601378700990666,0.015710771025451754,4020.5,3318.75,11866.5,17148.75,52793.25,6312.75,6758.0,5181.0,7168.75,5384.25,4171.75,4947.25,4039.5,3263.0,11929.0,17095.25,53370.0,6366.75,8.299161551988204,8.107343484990249,9.381474583129561,9.749680563640375,10.874138620612916,8.750326676759796,0.6303439130985566,4.77,0.0157,2.86,2.29,2810,8955,2810.0,13390.0,2534.297702612747,12088.600041462802,24481.586475,13574.802338850057,7.8376718372530565,9.400018142153307,93145,,0,,,,4.0,0,1
NE,Nebraska,31,2020,Midwest,West North Central,6,21,439.104,0.439104,0.439104,0.0,0.36402069770510265,30.331256,27.949233,2.3820230000000002,0.003601378700990666,0.015710771025451754,3595.5,3102.75,13073.75,16399.5,54563.5,6585.5,7763.75,5372.5,7185.75,6128.25,4399.75,5260.5,3489.5,3056.75,12975.25,16037.0,54688.0,6565.75,8.18743834254255,8.04004409400963,9.478361682068478,9.70500612554265,10.907120440019966,8.7926255414391,0.6303439130985566,4.77,0.0157,2.86,2.29,2810,8955,2810.0,13390.0,2266.4015395458605,10810.735343633754,22763.442,12139.833804087895,7.725948627807401,9.288294932707652,93145,0.0,1,,,,4.0,0,1
NE,Nebraska,31,2021,Midwest,West North Central,6,28,910.479,0.910479,0.439104,0.47137500000000004,0.6473539959574658,35.872858,30.331256,5.541602000000001,0.003601378700990666,0.015710771025451754,2246.0,2930.25,12998.5,17785.75,55435.75,6438.0,7407.0,5534.75,7610.0,6265.25,4515.25,5402.0,2264.75,2951.25,13035.5,18156.0,55623.5,6413.75,7.716906135298388,7.98284302260329,9.472589245170973,9.786152853861699,10.922979971473639,8.769973211858753,0.6303439130985566,4.77,0.0157,2.86,2.29,2810,8955,2810.0,13390.0,1415.752428819358,6753.139085468338,16686.669475,7583.386656648981,7.255416420563241,8.817762725463492,93145,0.0,1,,,,4.0,0,1
NE,Nebraska,31,2022,Midwest,West North Central,6,28,910.479,0.910479,0.910479,0.0,0.6473539959574658,42.06341,35.872858,6.190551999999997,0.003601378700990666,0.015710771025451754,2224.75,3056.0,13218.75,18493.75,57340.5,6715.75,7837.75,5554.25,8071.0,6507.75,4867.75,5915.25,2216.25,3097.25,13372.5,18552.0,58105.25,6859.25,7.707399828736972,8.024862150286411,9.48939155522869,9.825188116148519,10.956762459315632,8.812210792966166,0.6303439130985566,4.77,0.0157,2.86,2.29,2810,8955,2810.0,13390.0,1402.3576206660139,6689.2458505768855,17595.362549999998,7511.638229910873,7.245910114001824,8.808256418902074,93145,0.0,1,1.2692,2.928036,19242.95845,4.0,0,1
NE,Nebraska,31,2023,Midwest,West North Central,6,30,971.779,0.971779,0.910479,0.06129999999999991,0.6789361809347306,47.661771,42.06341,5.598361000000004,0.003601378700990666,0.015710771025451754,2062.0,3165.0,14410.75,17813.5,60179.5,7389.0,7930.25,5823.0,8291.0,6548.25,5142.75,6205.75,2024.75,3135.75,14419.0,17892.0,60627.75,7551.25,7.631431664576906,8.059908334578276,9.575729734828611,9.787711875786073,11.005087041741412,8.907747686788648,0.6303439130985566,4.77,0.0157,2.86,2.29,2810,8955,2810.0,13390.0,1299.7691488092237,6199.898839819996,17169.7909,6962.129691010775,7.169941949841758,8.732288254742008,93145,0.0,1,1.321666,3.055209,20745.10057,4.0,0,1
NE,Nebraska,31,2024,Midwest,West North Central,6,34,1256.079,1.256079,0.971779,0.2843,0.8136283507532024,56.613435,47.661771,8.951664000000001,0.003601378700990666,0.015710771025451754,1887.75,3071.25,12275.25,18053.0,61644.25,7409.0,8947.0,6153.0,8944.75,7023.5,5424.75,6556.75,1896.5,3070.5,12235.5,17905.25,61950.75,7270.0,7.543140922683535,8.02983992383539,9.415340319054103,9.801067154936659,11.029135235791784,8.910450756416656,0.6303439130985566,4.77,0.0157,2.86,2.29,2810,8955,2810.0,13390.0,1189.9317219518002,5675.974313710087,16274.72070833333,6373.792591758288,7.081651207948388,8.643997512848637,93145,120.776739,1,1.343117,3.133236,22334.67948,4.0,0,1
NE,Nebraska,31,2025,Midwest,West North Central,6,36,1419.879,1.419879,1.256079,0.16379999999999995,0.8837175389185533,68.846515,56.613435,12.233079999999994,0.003601378700990666,0.015710771025451754,,,,,,,,,,,,,,,,,,,,,,,,,0.6303439130985566,4.77,0.0157,2.86,2.29,2810,8955,2810.0,13390.0,,,,,,,93145,,0,1.370672,3.187575,23421.66031,,0,0
NH,New Hampshire,33,2016,Northeast,New England,3,3,1.436,0.001436,,,0.0014349699379947714,19.188207,,,7.483763334427235e-05,5.1378869681325424e-05,1574.75,3679.0,9136.5,12488.0,25682.5,2430.5,6979.5,6022.75,8660.25,6592.75,4503.5,5892.0,1577.0,3690.5,9201.75,12464.25,25903.75,2462.5,7.361851808502038,8.210396255104774,9.120032658944648,9.432523462195268,10.153565105090419,7.79585227648551,0.6606174734253794,4.82,0.0107,3.02,2.52,2185,6100,2185.0,10545.0,1040.3073662766162,5014.28150545329,10792.79965,5548.724139176675,6.947271492967493,8.520045421030002,85518,,0,,,,4.0,0,1
NH,New Hampshire,33,2017,Northeast,New England,3,3,1.436,0.001436,0.001436,0.0,0.0014349699379947714,21.661993,19.188207,2.4737860000000005,7.483763334427235e-05,5.1378869681325424e-05,1273.75,3682.75,11721.25,12289.0,26623.75,2332.5,8229.5,6244.75,9026.25,6896.75,4725.5,6816.25,1257.5,3668.0,11730.5,12254.75,26816.75,2324.75,7.149720584536935,8.211415034695047,9.369158712733835,9.416459832284596,10.18955895355281,7.754695932721499,0.6606174734253794,4.82,0.0107,3.02,2.52,2185,6100,2185.0,10545.0,841.4615067755769,4055.844462658281,9493.975825,4488.132955882705,6.735140269002389,8.307914197064898,85518,,0,,,,4.0,0,1
NH,New Hampshire,33,2018,Northeast,New England,3,3,1.436,0.001436,0.001436,0.0,0.0014349699379947714,23.91222,21.661993,2.2502270000000024,7.483763334427235e-05,5.1378869681325424e-05,1189.75,3549.25,11901.75,12087.5,27266.75,2323.25,8700.25,6729.0,9356.75,7363.0,4810.0,6627.25,1159.5,3541.75,11847.5,12069.0,27449.0,2311.5,7.08149848000122,8.174491592543683,9.38444072711106,9.39992713976155,10.213423290152777,7.750722346437449,0.6606174734253794,4.82,0.0107,3.02,2.52,2185,6100,2185.0,10545.0,785.9696390078451,3788.3736600178136,9288.137225,4192.154021009969,6.666918164466674,8.239692092529184,85518,,0,,,,4.0,0,1
NH,New Hampshire,33,2019,Northeast,New England,3,3,1.436,0.001436,0.001436,0.0,0.0014349699379947714,27.949233,23.91222,4.037012999999998,7.483763334427235e-05,5.1378869681325424e-05,1109.75,3583.25,11920.25,12191.25,28136.5,2304.5,8809.5,6998.75,9867.0,7616.75,4983.0,6982.25,1085.25,3582.25,11989.5,12151.0,28433.5,2298.25,7.0118900437141445,8.184025488803325,9.38599391355377,9.408473760286224,10.244822944823328,7.742619012160563,0.6606174734253794,4.82,0.0107,3.02,2.52,2185,6100,2185.0,10545.0,733.1202411338147,3533.639562264987,8994.83275,3910.2693211311735,6.597309728179599,8.170083656242108,85518,,0,,,,4.0,0,1
NH,New Hampshire,33,2020,Northeast,New England,3,3,1.436,0.001436,0.001436,0.0,0.0014349699379947714,30.331256,27.949233,2.3820230000000002,7.483763334427235e-05,5.1378869681325424e-05,1143.5,3551.5,12033.25,11701.75,28404.75,2261.75,8835.25,7258.5,10448.75,8212.5,5254.0,7134.25,1149.25,3495.0,12148.5,11443.25,28431.0,2235.5,7.041849013462836,8.175125328437865,9.395428930421128,9.367493682250547,10.254311663685113,7.723894128905851,0.6606174734253794,4.82,0.0107,3.02,2.52,2185,6100,2185.0,10545.0,755.4160808619213,3641.105509754461,9363.2634,4029.1894288925405,6.62726869792829,8.200042625990799,85518,0.0,1,,,,4.0,0,1
NH,New Hampshire,33,2021,Northeast,New England,3,5,4.136,0.004136,0.001436,0.0027,0.004127470263238919,35.872858,30.331256,5.541602000000001,7.483763334427235e-05,5.1378869681325424e-05,1248.25,3235.5,13155.0,11425.5,29370.75,2152.5,10775.25,7310.0,11463.25,8974.75,5454.0,7698.5,1301.25,3161.0,13520.5,11467.5,29670.0,2132.0,7.129497849380718,8.08193875449732,9.484557193474393,9.343602978480952,10.287754560128112,7.674385236301886,0.6606174734253794,4.82,0.0107,3.02,2.52,2185,6100,2185.0,10545.0,824.6157612032298,3974.6479689995676,10098.18165,4398.282207796339,6.714917533846173,8.287691461908683,85518,0.0,1,,,,4.0,0,1
NH,New Hampshire,33,2022,Northeast,New England,3,5,4.136,0.004136,0.004136,0.0,0.004127470263238919,42.06341,35.872858,6.190551999999997,7.483763334427235e-05,5.1378869681325424e-05,1471.0,2975.75,14717.0,11640.75,30117.25,2094.0,11134.75,7797.75,11871.0,9896.25,5769.75,8078.5,1520.75,2943.5,14890.25,11609.25,30362.0,2093.75,7.293697720601438,7.998251387047989,9.596758567164112,9.362267152199404,10.312853376284774,7.646831391430482,0.6606174734253794,4.82,0.0107,3.02,2.52,2185,6100,2185.0,10545.0,971.768303408733,4683.923222430093,11857.607675,5183.154919021362,6.879117405066892,8.451891333129401,85518,0.0,1,1.2692,2.928036,19242.95845,4.0,0,1
NH,New Hampshire,33,2023,Northeast,New England,3,6,5.089,0.005089000000000001,0.004136,0.0009530000000000007,0.005076094804010736,47.661771,42.06341,5.598361000000004,7.483763334427235e-05,5.1378869681325424e-05,1689.5,2906.75,14883.0,11470.5,31376.5,2185.5,13057.25,8255.0,12689.0,10367.75,6211.5,8800.5,1718.0,2871.25,14816.0,11422.25,31657.25,2215.0,7.432187906154344,7.974790897548718,9.60797490096916,9.34753380115239,10.353814484056223,7.689599914303369,0.6606174734253794,4.82,0.0107,3.02,2.52,2185,6100,2185.0,10545.0,1116.1132213521785,5379.6657269175,13145.74165,5953.052505565323,7.017607590619799,8.590381518682308,85518,0.0,1,1.321666,3.055209,20745.10057,4.0,0,1
NH,New Hampshire,33,2024,Northeast,New England,3,6,5.089,0.005089000000000001,0.005089000000000001,0.0,0.005076094804010736,56.613435,47.661771,8.951664000000001,7.483763334427235e-05,5.1378869681325424e-05,1707.25,2735.25,14621.75,10974.75,32327.25,2233.0,13959.25,8662.75,13061.5,11527.75,6528.25,9121.5,1726.0,2691.0,14552.75,10874.75,32439.5,2238.0,7.4426391678411985,7.9139781183569,9.59026542518282,9.303352458640646,10.383665806786148,7.711101251840158,0.6606174734253794,4.82,0.0107,3.02,2.52,2185,6100,2185.0,10545.0,1127.8391815054788,5436.1848548564085,13185.694141666667,6015.595673350931,7.028058852306653,8.600832780369162,85518,0.0,1,1.343117,3.133236,22334.67948,4.0,0,1
NH,New Hampshire,33,2025,Northeast,New England,3,6,5.089,0.005089000000000001,0.005089000000000001,0.0,0.005076094804010736,68.846515,56.613435,12.233079999999994,7.483763334427235e-05,5.1378869681325424e-05,,,,,,,,,,,,,,,,,,,,,,,,,0.6606174734253794,4.82,0.0107,3.02,2.52,2185,6100,2185.0,10545.0,,,,,,,85518,,0,1.370672,3.187575,23421.66031,,0,0
NJ,New Jersey,34,2016,Northeast,Middle Atlantic,3,70,903.327,0.903327,,,0.6436034074986513,19.188207,,,0.04707719694706233,0.033002766122419175,9393.25,28986.25,68151.0,75744.5,151257.25,11540.5,9344.5,8750.5,8899.0,7921.75,5299.75,7012.75,9492.25,28697.75,68339.75,75723.25,152088.5,11633.25,9.14774662520511,10.274576858598646,11.12948111053133,11.235121113474854,11.926737308628594,9.353617866679805,0.7233422551709636,5.16,0.0673,2.9,2.34,17975,37360,17975.0,92860.0,6794.534638384654,35059.79873406481,68085.8413,37658.51409568016,8.823873838351039,10.46481041784451,90272,,0,,,,4.0,0,1
NJ,New Jersey,34,2017,Northeast,Middle Atlantic,3,74,904.602,0.904602,0.903327,0.0012750000000000261,0.6442730628665149,21.661993,19.188207,2.4737860000000005,0.04707719694706233,0.033002766122419175,9484.0,25910.5,69027.0,73857.5,154113.5,12055.75,10040.75,8866.75,9023.75,8130.75,5661.5,7258.25,9503.5,25654.5,69165.75,73609.25,155109.25,12154.25,9.157361447185297,10.162403570938466,11.142253011387643,11.209892840013504,11.94544462292208,9.39729700352862,0.7233422551709636,5.16,0.0673,2.9,2.34,17975,37360,17975.0,92860.0,6860.177948041419,35398.51821189372,69483.75985,38022.34026385231,8.833488660331225,10.474425239824697,90272,,0,,,,4.0,0,1
NJ,New Jersey,34,2018,Northeast,Middle Atlantic,3,73,903.492,0.903492,0.904602,-0.0011100000000000554,0.6436900940472386,23.91222,21.661993,2.2502270000000024,0.04707719694706233,0.033002766122419175,9830.75,24966.0,69715.75,72875.0,155885.75,13066.75,10291.5,9328.25,9345.0,8556.25,5611.75,7258.5,9873.5,24703.75,69730.75,72637.0,156471.25,13021.0,9.193270507280587,10.125270178210997,11.152181539657748,11.196500923652794,11.956878646121567,9.477826114641129,0.7233422551709636,5.16,0.0673,2.9,2.34,17975,37360,17975.0,92860.0,7110.9968750219505,36692.743875113265,72495.91497499999,39412.497000091316,8.869397720426516,10.510334299919988,90272,,0,,,,4.0,0,1
NJ,New Jersey,34,2019,Northeast,Middle Atlantic,3,78,922.402,0.922402,0.903492,0.018910000000000093,0.6535754458057897,27.949233,23.91222,4.037012999999998,0.04707719694706233,0.033002766122419175,10167.75,22498.75,70739.25,70944.75,158575.25,13587.25,10362.0,9750.25,9635.0,8788.25,5783.75,7379.75,10448.0,22527.25,70749.75,71578.5,159436.75,13614.5,9.226976225627608,10.02121503109369,11.166755860498009,11.169656684078696,11.973984523041924,9.516887131996167,0.7233422551709636,5.16,0.0673,2.9,2.34,17975,37360,17975.0,92860.0,7354.7632150145655,37950.578189475156,74787.28385,40763.5649744606,8.903103438773538,10.544040018267008,90272,,0,,,,4.0,0,1
NJ,New Jersey,34,2020,Northeast,Middle Atlantic,3,78,921.057,0.921057,0.922402,-0.0013450000000000406,0.6528755553920227,30.331256,27.949233,2.3820230000000002,0.04707719694706233,0.033002766122419175,10641.75,23848.25,70466.25,71722.5,153029.25,13103.25,11230.75,10785.25,10036.25,9671.5,5992.25,7767.25,10740.25,23550.75,70779.75,70807.25,151698.5,12825.5,9.272540223055532,10.079466118362337,11.162889150771472,11.180559784891807,11.938384358573268,9.480615570022664,0.7233422551709636,5.16,0.0673,2.9,2.34,17975,37360,17975.0,92860.0,7697.627443965602,39719.75761086251,78497.640375,42663.88016689691,8.948667436201461,10.589604015694933,90272,0.0,1,,,,4.0,0,1
NJ,New Jersey,34,2021,Northeast,Middle Atlantic,3,81,991.455,0.9914550000000001,0.921057,0.07039800000000007,0.6888655273511269,35.872858,30.331256,5.541602000000001,0.04707719694706233,0.033002766122419175,11671.75,23053.5,72421.75,73291.0,157481.0,13019.25,11826.0,11940.5,10684.25,10744.25,6265.75,8071.75,11976.75,22850.75,73983.75,74578.5,159347.25,13177.25,9.364926671193249,10.045572880715476,11.190261947623089,11.202193097253064,11.967060095050213,9.474184310416769,0.7233422551709636,5.16,0.0673,2.9,2.34,17975,37360,17975.0,92860.0,8442.669966791695,43564.17702864514,85196.9528,46793.25706185346,9.04105388433918,10.68199046383265,90272,3.742406,1,,,,4.0,0,1
NJ,New Jersey,34,2022,Northeast,Middle Atlantic,3,81,978.543,0.978543,0.9914550000000001,-0.012912000000000035,0.6823607152437633,42.06341,35.872858,6.190551999999997,0.04707719694706233,0.033002766122419175,13474.75,21367.75,80167.5,77931.75,163248.5,13732.25,12774.25,12237.0,11030.5,10919.75,6430.5,8284.25,14139.5,21228.0,80693.75,79443.25,164052.75,13845.75,9.508572842729395,9.96963805498343,11.29187347481621,11.263588722635776,12.003028858735055,9.527502360062895,0.7233422551709636,5.16,0.0673,2.9,2.34,17975,37360,17975.0,92860.0,9746.856052864941,50293.7772327831,98707.38945,54021.671179918165,9.184700055875325,10.825636635368795,90272,11.937642,1,1.2692,2.928036,19242.95845,4.0,0,1
NJ,New Jersey,34,2023,Northeast,Middle Atlantic,3,77,931.632,0.9316319999999999,0.978543,-0.04691100000000015,0.6583652414569566,47.661771,42.06341,5.598361000000004,0.04707719694706233,0.033002766122419175,12924.75,20472.0,80738.75,79194.75,164367.0,14174.75,13383.5,12693.5,11602.25,11241.0,6767.25,8684.25,12352.5,20256.75,80178.5,78315.5,164223.5,14229.0,9.466899356829796,9.926813377839625,11.298973912493677,11.27966528772659,12.009857011528261,9.55921749175612,0.7233422551709636,5.16,0.0673,2.9,2.34,17975,37360,17975.0,92860.0,9349.017812520911,48240.931912607906,97398.967025,51816.664100087,9.143026569975724,10.783963149469196,90272,0.0,1,1.321666,3.055209,20745.10057,4.0,0,1
NJ,New Jersey,34,2024,Northeast,Middle Atlantic,3,82,936.671,0.936671,0.9316319999999999,0.005039000000000127,0.6609705197147215,56.613435,47.661771,8.951664000000001,0.04707719694706233,0.033002766122419175,15638.25,19519.25,76848.25,77943.0,164224.25,14389.5,15299.25,13315.0,12225.5,12614.0,7015.75,8978.75,16512.0,19363.0,76363.75,78765.0,164526.5,14320.5,9.657475115255739,9.879156437097787,11.249587977074412,11.26373306929897,12.008988150845084,9.574254052926111,0.7233422551709636,5.16,0.0673,2.9,2.34,17975,37360,17975.0,92860.0,11311.807021927321,58368.92423314498,110932.37605833332,62695.367211217665,9.33360232840167,10.97453890789514,90272,22.178945,1,1.343117,3.133236,22334.67948,4.0,0,1
NJ,New Jersey,34,2025,Northeast,Middle Atlantic,3,84,957.416,0.957416,0.936671,0.020745000000000013,0.6716252360846855,68.846515,56.613435,12.233079999999994,0.04707719694706233,0.033002766122419175,,,,,,,,,,,,,,,,,,,,,,,,,0.7233422551709636,5.16,0.0673,2.9,2.34,17975,37360,17975.0,92860.0,,,,,,,90272,,0,1.370672,3.187575,23421.66031,,0,0
NM,New Mexico,35,2016,West,Mountain,5,6,7.118,0.007118,,,0.007092786613222892,19.188207,,,0.0003709570154209823,0.004533863236962531,492.25,5888.5,4797.5,14918.75,42491.75,5667.5,3663.5,4545.75,5726.75,3480.75,3429.5,3945.75,491.5,5792.5,4819.75,15267.5,42414.25,5836.75,6.198986717519235,8.680756575281602,8.475850227881855,9.61037409008714,10.657065218422181,8.642503382381683,0.5511410229011915,4.18,0.0117,2.75,2.22,1515,6705,1515.0,6335.0,271.2991685231115,1134.030524426606,5572.0743999999995,1354.9813559034947,5.603222154872543,7.033533401409208,66229,,0,,,,4.0,0,1
NM,New Mexico,35,2017,West,Mountain,5,6,7.118,0.007118,0.007118,0.0,0.007092786613222892,21.661993,19.188207,2.4737860000000005,0.0003709570154209823,0.004533863236962531,500.0,5577.5,5026.25,15153.5,44272.5,6297.0,3968.0,4792.0,5846.0,3346.0,3584.0,4158.75,507.5,5571.75,5010.25,14796.25,44935.5,6304.0,6.214608098422191,8.626495926306687,8.522429458211484,9.625986807358098,10.698118995782954,8.747828608488742,0.5511410229011915,4.18,0.0117,2.75,2.22,1515,6705,1515.0,6335.0,275.57051145059575,1151.88473786349,5767.05845,1376.3142264128944,5.6188435357754996,7.049154782312165,66229,,0,,,,4.0,0,1
NM,New Mexico,35,2018,West,Mountain,5,7,66.918,0.066918,0.007118,0.059800000000000006,0.06477411838236069,23.91222,21.661993,2.2502270000000024,0.0003709570154209823,0.004533863236962531,561.25,5416.75,5400.25,14476.0,46278.0,5943.75,4917.5,4953.75,5978.0,3529.0,3758.75,4262.5,559.0,5348.5,5478.0,14851.75,46614.25,5852.0,6.330166439056464,8.597251283586816,8.594200527777021,9.580247384683632,10.742421965162054,8.6900955262937,0.5511410229011915,4.18,0.0117,2.75,2.22,1515,6705,1515.0,6335.0,309.3278991032937,1292.9906182517675,6239.027425,1544.912719148474,5.734401876409772,7.164713122946437,66229,,0,,,,4.0,0,1
NM,New Mexico,35,2019,West,Mountain,5,8,126.718,0.126718,0.066918,0.05979999999999999,0.11930898191907281,27.949233,23.91222,4.037012999999998,0.0003709570154209823,0.004533863236962531,408.5,4496.0,6032.25,14434.5,49149.5,6818.75,7291.25,5108.25,6321.75,3516.75,3989.5,4624.75,375.25,4438.25,6109.75,14197.0,50087.5,7203.5,6.012491914300058,8.410943391573527,8.704875354452287,9.577376453464565,10.802621952583587,8.82743144958138,0.5511410229011915,4.18,0.0117,2.75,2.22,1515,6705,1515.0,6335.0,225.14110785513674,941.0898308344715,5702.304875,1124.448722979335,5.416727351653366,6.84703859819003,66229,,0,,,,4.0,0,1
NM,New Mexico,35,2020,West,Mountain,5,9,186.518,0.186518,0.126718,0.05979999999999999,0.17102296744864565,30.331256,27.949233,2.3820230000000002,0.0003709570154209823,0.004533863236962531,434.75,4216.0,6136.0,11556.25,48402.75,6955.0,9210.75,5531.5,6680.0,3882.0,4108.25,4835.5,478.75,4173.5,6178.0,11048.0,47291.0,6547.5,6.074771153234392,8.346642090221199,8.721928343047091,9.354981695135434,10.78731190927245,8.847216104357543,0.5511410229011915,4.18,0.0117,2.75,2.22,1515,6705,1515.0,6335.0,239.608559706293,1001.5637795723046,6037.102775,1196.7052198660117,5.479006590587701,6.909317837124365,66229,,0,,,,4.0,0,1
NM,New Mexico,35,2021,West,Mountain,5,12,322.618,0.322618,0.186518,0.13610000000000003,0.2796131057227491,35.872858,30.331256,5.541602000000001,0.0003709570154209823,0.004533863236962531,612.75,4045.75,6229.25,12629.25,47163.75,5556.75,9002.0,5443.25,7199.0,4253.25,4240.25,4634.75,645.5,4011.75,6258.75,12965.5,47542.75,5564.75,6.417957022408222,8.305422226396995,8.73701121930187,9.443770831158528,10.761380868029475,8.622768683964877,0.5511410229011915,4.18,0.0117,2.75,2.22,1515,6705,1515.0,6335.0,337.7116617827051,1411.6347462517072,7031.806500000001,1686.673084469002,5.82219245976153,7.252503706298195,66229,,0,,,,4.0,0,1
NM,New Mexico,35,2022,West,Mountain,5,12,322.618,0.322618,0.322618,0.0,0.2796131057227491,42.06341,35.872858,6.190551999999997,0.0003709570154209823,0.004533863236962531,846.75,3905.5,6548.75,14366.75,48754.5,6173.0,9395.5,5852.0,7443.75,4336.75,4555.0,5316.0,884.0,3846.25,6650.25,14529.25,49386.75,6479.25,6.741405491697881,8.270141095050352,8.78702947072243,9.572671787870943,10.794552779858208,8.727940222393896,0.5511410229011915,4.18,0.0117,2.75,2.22,1515,6705,1515.0,6335.0,466.6786611415839,1950.7168035718207,8759.65665,2330.788142430237,6.145640929051189,7.5759521755878545,66229,,0,1.2692,2.928036,19242.95845,4.0,0,1
NM,New Mexico,35,2023,West,Mountain,5,13,323.068,0.32306799999999997,0.322618,0.00044999999999995044,0.27995328214908194,47.661771,42.06341,5.598361000000004,0.0003709570154209823,0.004533863236962531,935.25,3797.5,6680.75,13316.25,51757.75,7205.0,10247.75,5936.5,7616.0,4447.0,5070.5,6096.25,954.25,3797.5,6878.25,13361.25,52569.0,7334.25,6.840813873228256,8.242098234469928,8.806985535677377,9.496740372925407,10.854329458369044,8.882530508433623,0.5511410229011915,4.18,0.0117,2.75,2.22,1515,6705,1515.0,6335.0,515.4546416683394,2154.6004021736585,9388.030875,2574.3957605053192,6.245049310581564,7.675360557118228,66229,,0,1.321666,3.055209,20745.10057,4.0,0,1
NM,New Mexico,35,2024,West,Mountain,5,15,562.268,0.562268,0.32306799999999997,0.23920000000000002,0.44613861160417306,56.613435,47.661771,8.951664000000001,0.0003709570154209823,0.004533863236962531,980.25,3590.5,7357.5,14250.75,53024.5,7231.25,11705.75,5943.25,7811.5,4639.75,5319.75,6310.0,980.25,3515.0,7126.5,14208.75,53384.0,7159.0,6.887807641172441,8.186046747550373,8.903475480107629,9.564564815890751,10.878509349874045,8.886167190941986,0.5511410229011915,4.18,0.0117,2.75,2.22,1515,6705,1515.0,6335.0,540.2559876988929,2258.270028581372,9525.947625,2698.2640408824795,6.292043078525749,7.722354325062414,66229,,0,1.343117,3.133236,22334.67948,4.0,0,1
NM,New Mexico,35,2025,West,Mountain,5,15,562.268,0.562268,0.562268,0.0,0.44613861160417306,68.846515,56.613435,12.233079999999994,0.0003709570154209823,0.004533863236962531,,,,,,,,,,,,,,,,,,,,,,,,,0.5511410229011915,4.18,0.0117,2.75,2.22,1515,6705,1515.0,6335.0,,,,,,,66229,,0,1.370672,3.187575,23421.66031,,0,0
NV,Nevada,32,2016,West,Mountain,5,25,227.87,0.22787000000000002,,,0.20528096092886508,19.188207,,,0.011875523335765558,0.01970862670900486,1669.0,3973.25,6913.75,14868.5,77247.5,6289.0,6688.75,6027.75,7324.75,4817.25,4107.25,5540.75,1694.0,3981.75,6993.25,14905.5,78300.0,6291.0,7.419979923661835,8.287339678576929,8.841267461308888,9.60700016012261,11.25476983177677,8.746557354543503,0.6096926793111045,5.02,0.0275,2.9,2.21,4490,15620,4490.0,22550.0,1017.5770817702333,5108.236950486571,16606.524375,5759.659868716338,6.925179670486948,8.538609604190585,80880,,0,,,,4.0,0,1
NV,Nevada,32,2017,West,Mountain,5,27,395.088,0.395088,0.22787000000000002,0.16721799999999998,0.3329574957209916,21.661993,19.188207,2.4737860000000005,0.011875523335765558,0.01970862670900486,1799.25,4085.75,7290.0,15492.75,83709.75,6640.5,6914.75,6170.25,7386.25,4891.5,4342.5,5891.0,1843.0,4127.25,7365.75,15682.0,85394.25,6808.0,7.495125190387913,8.315260588973167,8.894258825002703,9.648127451546472,11.335110737148627,8.800942540840305,0.6096926793111045,5.02,0.0275,2.9,2.21,4490,15620,4490.0,22550.0,1096.9895532505047,5506.887557317534,17639.164375,6209.148004067029,7.000324937213026,8.613754870916663,80880,,0,,,,4.0,0,1
NV,Nevada,32,2018,West,Mountain,5,27,395.088,0.395088,0.395088,0.0,0.3329574957209916,23.91222,21.661993,2.2502270000000024,0.011875523335765558,0.01970862670900486,2373.25,4143.25,7745.75,16574.75,89720.5,7840.5,7019.75,6262.75,7712.5,5156.75,4595.5,6121.75,2371.0,4115.0,7909.75,16567.5,91578.75,8160.75,7.772015602761908,8.329235783003654,8.95489958483142,9.715635731984055,11.404454561512063,8.967057886821086,0.6096926793111045,5.02,0.0275,2.9,2.21,4490,15620,4490.0,22550.0,1446.9531511750788,7263.704818898895,21014.104375,8190.001667723816,7.277215349587021,8.890645283290658,80880,,0,,,,4.0,0,1
NV,Nevada,32,2019,West,Mountain,5,30,550.841,0.550841,0.395088,0.15575300000000003,0.4387973644326608,27.949233,23.91222,4.037012999999998,0.011875523335765558,0.01970862670900486,2342.5,4065.0,8270.25,16906.75,96869.5,9197.75,7269.5,6291.25,7986.5,5303.75,4823.0,6373.5,2329.25,4042.0,8401.5,16991.0,98176.75,9291.75,7.758974014112577,8.310169021981912,9.020420017306897,9.735468229452932,11.481119990850384,9.12671416790879,0.6096926793111045,5.02,0.0275,2.9,2.21,4490,15620,4490.0,22550.0,1428.2051012862623,7169.589608457036,21095.593125,8083.884507170775,7.26417376093769,8.877603694641328,80880,,0,,,,4.0,0,1
NV,Nevada,32,2020,West,Mountain,5,33,757.143,0.757143,0.550841,0.20630199999999999,0.5636891946238682,30.331256,27.949233,2.3820230000000002,0.011875523335765558,0.01970862670900486,2197.25,3860.75,8565.25,14973.25,96668.75,8770.0,8343.5,6606.25,8211.75,6255.0,5096.0,6599.25,2198.0,3838.25,8754.5,14446.75,95770.5,8487.0,7.6949618574447545,8.25861674410311,9.055468598890327,9.614020554719094,11.47904546478645,9.079092085366229,0.6096926793111045,5.02,0.0275,2.9,2.21,4490,15620,4490.0,22550.0,1339.6472396163244,6725.029142873948,20900.171875,7582.631903257624,7.2001616042698675,8.813591537973505,80880,4.05719,1,,,,4.0,0,1
NV,Nevada,32,2021,West,Mountain,5,35,760.924,0.7609239999999999,0.757143,0.0037809999999999233,0.5658386712857758,35.872858,30.331256,5.541602000000001,0.011875523335765558,0.01970862670900486,2481.5,3921.25,9756.75,16171.75,99472.5,8430.0,10063.0,6528.5,10730.25,7276.0,5244.5,6769.5,2555.0,3966.0,10114.5,17120.0,101081.75,8522.25,7.8166184950274955,8.274165759504887,9.185714632149779,9.691021171823463,11.507636503036618,9.039552050995901,0.6096926793111045,5.02,0.0275,2.9,2.21,4490,15620,4490.0,22550.0,1512.9523837105057,7595.020966226738,22913.351875,8563.568582516233,7.321818241852608,8.935248175556247,80880,3.071826,1,,,,4.0,0,1
NV,Nevada,32,2022,West,Mountain,5,35,768.7,0.7687,0.7609239999999999,0.007776000000000116,0.5702448134586109,42.06341,35.872858,6.190551999999997,0.011875523335765558,0.01970862670900486,2911.5,4039.0,11122.0,19745.25,107522.75,8916.5,15676.75,6869.25,10355.75,8129.5,5487.5,7120.75,2992.0,4002.75,11360.25,20410.5,109675.25,9130.5,7.976423691277175,8.303752415563412,9.316680407747508,9.89066823507387,11.585457732066805,9.095658771892568,0.6096926793111045,5.02,0.0275,2.9,2.21,4490,15620,4490.0,22550.0,1775.1202358142807,8911.103583787688,26828.748125,10047.483347973408,7.481623438102287,9.095053371805925,80880,2.746239,1,1.2692,2.928036,19242.95845,4.0,0,1
NV,Nevada,32,2023,West,Mountain,5,36,824.815,0.8248150000000001,0.7687,0.056115000000000026,0.6014786120331693,47.661771,42.06341,5.598361000000004,0.011875523335765558,0.01970862670900486,3065.75,3837.25,11518.0,21314.5,113305.5,9630.75,11879.75,7171.25,11058.75,8083.0,5877.75,7748.25,3069.0,3789.5,11435.0,21294.0,113105.5,9480.5,8.028047516642136,8.252511243193517,9.351666308066617,9.96714287126525,11.637842989527211,9.172716383379493,0.6096926793111045,5.02,0.0275,2.9,2.21,4490,15620,4490.0,22550.0,1869.1653315980186,9383.209964622052,28208.729375,10579.794633024034,7.533247263467248,9.146677197170886,80880,59.061859,1,1.321666,3.055209,20745.10057,4.0,0,1
NV,Nevada,32,2024,West,Mountain,5,42,1449.626,1.449626,0.8248150000000001,0.624811,0.8959353598427469,56.613435,47.661771,8.951664000000001,0.011875523335765558,0.01970862670900486,2935.25,3633.25,11165.5,21858.75,112257.25,8950.0,15374.25,7338.25,11900.75,9405.5,6023.0,7910.5,2946.75,3589.5,11152.75,21799.25,112550.25,9133.25,7.984547907510321,8.19788284350628,9.320583946074942,9.99235657802787,11.628548391492062,9.099408811268901,0.6096926793111045,5.02,0.0275,2.9,2.21,4490,15620,4490.0,22550.0,1789.6004369479194,8983.794193478554,27440.493541666663,10129.443756530636,7.489747654335433,9.103177588039072,80880,19.195786,1,1.343117,3.133236,22334.67948,4.0,0,1
NV,Nevada,32,2025,West,Mountain,5,50,1875.954,1.875954,1.449626,0.4263279999999998,1.0563844452941702,68.846515,56.613435,12.233079999999994,0.011875523335765558,0.01970862670900486,,,,,,,,,,,,,,,,,,,,,,,,,0.6096926793111045,5.02,0.0275,2.9,2.21,4490,15620,4490.0,22550.0,,,,,,,80880,,0,1.370672,3.187575,23421.66031,,0,0
NY,New York,36,2016,Northeast,Middle Atlantic,5,71,453.111,0.453111,,,0.3737067753385708,19.188207,,,0.023614035433326314,0.016651261950551558,15843.0,33177.5,111094.5,282548.5,369324.25,40598.5,10212.75,9944.5,9538.5,8292.0,5368.0,6963.75,15701.5,33433.0,111566.25,284280.0,371694.75,41005.0,9.670483041375043,10.409627214311405,11.618136469451816,12.551605496248994,12.819430263456006,10.611486399094503,0.684532813171616,4.92,0.1565,2.53,2.11,33735,84485,33735.0,165980.0,10845.053359077912,53357.66252666333,122554.950625,58355.60916758542,9.291464343403588,10.884772873907805,117332,,0,,,,4.0,0,1
NY,New York,36,2017,Northeast,Middle Atlantic,5,77,463.417,0.46341699999999997,0.453111,0.010305999999999982,0.3807741121831527,21.661993,19.188207,2.4737860000000005,0.023614035433326314,0.016651261950551558,16399.0,33328.5,111832.75,290870.0,376683.25,42455.5,10508.75,8478.0,9718.75,8315.75,5494.5,7262.25,16779.75,33062.5,112455.5,294046.25,378747.25,42585.25,9.704975636343447,10.414168165788602,11.62475973061678,12.580631710942455,12.839159927599946,10.656211747539947,0.684532813171616,4.92,0.1565,2.53,2.11,33735,84485,33735.0,165980.0,11225.65360320133,55230.21572775055,127379.47175,60403.56212454922,9.325956938371991,10.919265468876208,117332,,0,,,,4.0,0,1
NY,New York,36,2018,Northeast,Middle Atlantic,5,77,461.745,0.461745,0.46341699999999997,-0.0016719999999999513,0.37963092751024186,23.91222,21.661993,2.2502270000000024,0.023614035433326314,0.016651261950551558,18068.75,41063.25,109386.25,312938.0,387259.75,43266.25,11290.75,7911.75,10316.0,8828.75,5650.25,7486.25,18360.25,40713.5,110069.5,314827.5,390695.25,43256.75,9.801939205764656,10.622868839900349,11.60264047551334,12.653760366834156,12.866850935496059,10.675128164337337,0.684532813171616,4.92,0.1565,2.53,2.11,33735,84485,33735.0,165980.0,12368.652267994636,60853.76915853361,138231.392875,66553.86689053898,9.422920507793203,11.016229038297418,117332,,0,,,,4.0,0,1
NY,New York,36,2019,Northeast,Middle Atlantic,5,78,465.39,0.46538999999999997,0.461745,0.003644999999999954,0.3821214186451045,27.949233,23.91222,4.037012999999998,0.023614035433326314,0.016651261950551558,18710.75,37582.0,115913.0,324684.75,395406.0,43919.75,12367.0,8200.0,10748.25,9120.5,5810.5,7746.0,19049.75,36919.5,116313.0,326481.5,395511.0,43993.5,9.8368535039805,10.534280491349097,11.660595188697798,12.690609990557428,12.88766836411035,10.690119383999635,0.684532813171616,4.92,0.1565,2.53,2.11,33735,84485,33735.0,165980.0,12808.122334050813,63015.96188353,142626.96975,68918.58954947919,9.457834806009044,11.051143336513261,117332,,0,,,,4.0,0,1
NY,New York,36,2020,Northeast,Middle Atlantic,5,75,460.625,0.460625,0.46538999999999997,-0.004764999999999964,0.3788644263109854,30.331256,27.949233,2.3820230000000002,0.023614035433326314,0.016651261950551558,20024.0,36802.25,110716.0,297375.0,368346.5,40655.0,12906.25,8619.25,11754.75,10694.0,5787.25,7814.75,19835.5,36643.75,109742.0,285536.0,363457.25,39454.5,9.90468683311161,10.513314263592317,11.614723643031265,12.602749247605258,12.81677935023332,10.612877108641937,0.684532813171616,4.92,0.1565,2.53,2.11,33735,84485,33735.0,165980.0,13707.085050948437,67438.8584506663,151897.33475,73755.77339971789,9.525668135140156,11.118976665644372,117332,3.566919,1,,,,4.0,0,1
NY,New York,36,2021,Northeast,Middle Atlantic,5,74,679.939,0.679939,0.460625,0.21931399999999995,0.5187574832321513,35.872858,30.331256,5.541602000000001,0.023614035433326314,0.016651261950551558,20515.5,35444.0,113091.25,289746.5,374989.5,39366.0,13617.25,9350.75,13099.0,12183.25,6127.75,8230.5,20749.75,35087.25,115023.5,298195.5,376336.25,39352.25,9.928935976989715,10.475709265167193,11.6359502939478,12.576761681750266,12.83465330456054,10.580657778572933,0.684532813171616,4.92,0.1565,2.53,2.11,33735,84485,33735.0,165980.0,14043.532928622288,69094.18200882165,157619.347125,75566.14908019938,9.549917279018262,11.143225809522479,117332,3.840607,1,,,,4.0,0,1
NY,New York,36,2022,Northeast,Middle Atlantic,5,74,861.371,0.861371,0.679939,0.18143200000000004,0.6213133129768935,42.06341,35.872858,6.190551999999997,0.023614035433326314,0.016651261950551558,25660.5,34757.5,121003.75,323188.0,382249.75,39832.5,15799.25,9746.75,12318.25,11327.0,6305.75,8600.5,26052.25,34837.0,122352.0,323697.5,383252.5,39993.5,10.152708123560457,10.456150655043698,11.70357681583418,12.685989476226919,12.853829469768858,10.592438440964663,0.684532813171616,4.92,0.1565,2.53,2.11,33735,84485,33735.0,165980.0,17565.454252390253,86422.03492176005,192192.617375,94517.0806693698,9.773689425589001,11.366997956093218,117332,2.860798,1,1.2692,2.928036,19242.95845,4.0,0,1
NY,New York,36,2023,Northeast,Middle Atlantic,5,73,851.223,0.851223,0.861371,-0.010148000000000046,0.6158465017534727,47.661771,42.06341,5.598361000000004,0.023614035433326314,0.016651261950551558,26732.75,34652.25,122039.75,304621.5,384302.5,40461.5,15871.75,10333.5,13429.0,12177.0,6569.75,9007.75,26648.5,34216.5,121455.0,301401.5,384557.5,40398.25,10.19364468449955,10.453117937574794,11.712102090319823,12.626825301325187,12.85918528186615,10.608106183687516,0.684532813171616,4.92,0.1565,2.53,2.11,33735,84485,33735.0,165980.0,18299.444561313518,90033.2672416625,200771.09812500002,98466.572680349,9.814625986528094,11.407934517032311,117332,2.213108,1,1.321666,3.055209,20745.10057,4.0,0,1
NY,New York,36,2024,Northeast,Middle Atlantic,5,78,916.691,0.916691,0.851223,0.06546800000000008,0.6506002617127342,56.613435,47.661771,8.951664000000001,0.023614035433326314,0.016651261950551558,27848.0,32348.75,119092.5,306159.75,380522.0,40017.25,18463.75,10412.75,14997.75,13573.0,6865.5,9255.75,27988.0,31830.25,118961.75,306516.25,379490.0,39976.25,10.234516429491276,10.384330659306155,11.687655781068361,12.631862303532749,12.849299273272102,10.597065890134518,0.684532813171616,4.92,0.1565,2.53,2.11,33735,84485,33735.0,165980.0,19062.86978120316,93789.31932351955,205419.37941666666,102574.4495423164,9.85549773151982,11.448806262024037,117332,19.029258,1,1.343117,3.133236,22334.67948,4.0,0,1
NY,New York,36,2025,Northeast,Middle Atlantic,5,78,916.691,0.916691,0.916691,0.0,0.6506002617127342,68.846515,56.613435,12.233079999999994,0.023614035433326314,0.016651261950551558,,,,,,,,,,,,,,,,,,,,,,,,,0.684532813171616,4.92,0.1565,2.53,2.11,33735,84485,33735.0,165980.0,,,,,,,117332,,0,1.370672,3.187575,23421.66031,,0,0
OH,Ohio,39,2016,Midwest,East North Central,5,48,351.442,0.35144200000000003,,,0.30117217053415907,19.188207,,,0.018315520569483122,0.02104469199566228,6641.5,24497.5,58250.0,73169.75,208273.75,26212.75,5819.0,5628.5,6910.5,5280.0,4339.25,5112.75,6696.0,24425.25,58981.5,73096.75,209044.25,26410.0,8.801093120572558,10.106326350509974,10.972499371427947,11.200537363171405,12.24660859914463,10.174001212599125,0.6365229775530452,5.44,0.0849,3.4,3.01,15270,47385,15270.0,83090.0,4227.46735541855,22997.422413476914,61110.120475,25411.455058058364,8.349358358783974,10.043137419651824,78120,,0,,,,4.0,0,1
OH,Ohio,39,2017,Midwest,East North Central,5,57,470.912,0.470912,0.35144200000000003,0.11946999999999997,0.38588261658032835,21.661993,19.188207,2.4737860000000005,0.018315520569483122,0.02104469199566228,7076.75,25767.25,60502.5,74088.75,217089.25,27097.0,6061.75,5784.75,6932.25,5403.75,4593.25,5238.0,7093.0,25598.0,61022.75,73688.75,218677.0,27013.75,8.864570041748836,10.156859584719708,11.01043996547924,11.213018977895725,12.288063838288497,10.207178299632961,0.6365229775530452,5.44,0.0849,3.4,3.01,15270,47385,15270.0,83090.0,4504.513981398512,24504.55605880791,64621.39857500001,27076.7920774094,8.412835279960252,10.106614340828102,78120,,0,,,,4.0,0,1
OH,Ohio,39,2018,Midwest,East North Central,5,58,588.183,0.588183,0.470912,0.11727100000000001,0.46259059548011683,23.91222,21.661993,2.2502270000000024,0.018315520569483122,0.02104469199566228,7611.5,25263.0,62179.5,73321.5,220953.25,28403.0,6644.25,5720.25,7126.0,5573.5,4664.25,5496.25,7687.5,25031.75,62728.25,73042.75,222668.25,28730.5,8.937415540499309,10.137096153698101,11.03778064240962,11.202609160009512,12.305706419660936,10.254250052373257,0.6365229775530452,5.44,0.0849,3.4,3.01,15270,47385,15270.0,83090.0,4844.894643645003,26356.22686142882,69057.21650000001,29122.832217783816,8.485680778710725,10.179459839578575,78120,,0,,,,4.0,0,1
OH,Ohio,39,2019,Midwest,East North Central,5,58,588.183,0.588183,0.588183,0.0,0.46259059548011683,27.949233,23.91222,4.037012999999998,0.018315520569483122,0.02104469199566228,8350.0,24094.0,64376.25,72140.5,227247.5,29653.25,6884.5,5773.0,7370.0,5728.5,4771.25,5626.25,8466.25,23676.0,64766.25,71659.75,228681.5,29856.5,9.030016817844901,10.089718125826797,11.072500055253249,11.186370885401073,12.333795010879102,10.297327010560553,0.6365229775530452,5.44,0.0849,3.4,3.01,15270,47385,15270.0,83090.0,5314.966862567928,28913.41973236953,73737.492025,31948.4528698016,8.578282056056317,10.272061116924169,78120,,0,,,,4.0,0,1
OH,Ohio,39,2020,Midwest,East North Central,5,63,886.046,0.886046,0.588183,0.297863,0.634482574157731,30.331256,27.949233,2.3820230000000002,0.018315520569483122,0.02104469199566228,8732.0,22424.0,65024.0,67123.75,222383.0,28067.0,7278.75,6182.0,7696.75,6250.5,4967.75,5903.5,8678.75,22088.0,64981.75,65448.5,220154.5,27275.25,9.074749717669835,10.017887092844624,11.0825117114981,11.114293209663845,12.312156399588046,10.242349787976345,0.6365229775530452,5.44,0.0849,3.4,3.01,15270,47385,15270.0,83090.0,5558.118639993191,30236.16540156296,77418.59015,33410.04676156977,8.62301495588125,10.316794016749101,78120,70.2,1,,,,4.0,0,1
OH,Ohio,39,2021,Midwest,East North Central,5,73,1371.621,1.3716210000000002,0.886046,0.4855750000000002,0.8635736875934543,35.872858,30.331256,5.541602000000001,0.018315520569483122,0.02104469199566228,8915.5,21644.25,67553.25,66514.75,223635.25,27337.75,8447.25,6564.25,8181.0,6915.0,5182.0,6217.25,9082.0,21535.5,68406.75,67404.75,225803.75,27719.5,9.0955466139741,9.982495109241105,11.120671454740227,11.10517900656024,12.31777165542298,10.216023809890626,0.6365229775530452,5.44,0.0849,3.4,3.01,15270,47385,15270.0,83090.0,5674.920606374175,30871.568098675514,80235.28202500001,34112.14749230134,8.643811852185516,10.337590913053369,78120,69.1,1,,,,4.0,0,1
OH,Ohio,39,2022,Midwest,East North Central,5,82,1788.231,1.788231,1.3716210000000002,0.4166099999999997,1.0254073445592404,42.06341,35.872858,6.190551999999997,0.018315520569483122,0.02104469199566228,11418.5,21481.0,71271.75,70752.25,232579.25,29198.75,8375.0,6585.0,8644.75,7062.0,5445.25,6453.5,11582.75,21568.75,71644.0,71291.25,234097.75,29325.5,9.342990126071646,9.974924102473977,11.174255314705475,11.166939617119949,12.356986306144956,10.281881179120898,0.6365229775530452,5.44,0.0849,3.4,3.01,15270,47385,15270.0,83090.0,7268.137619189447,39538.668648390594,99099.313475,43689.03102920114,8.891255364283062,10.585034425150914,78120,117.6,1,1.2692,2.928036,19242.95845,4.0,0,1
OH,Ohio,39,2023,Midwest,East North Central,5,90,1925.207,1.9252070000000001,1.788231,0.1369760000000002,1.0733652474105653,47.661771,42.06341,5.598361000000004,0.018315520569483122,0.02104469199566228,11535.5,21398.25,71514.5,69683.75,237200.25,29410.0,8888.0,6850.0,9065.75,7391.0,5826.25,7336.5,11450.0,21205.25,71108.75,69282.5,238365.25,29581.75,9.353184516005664,9.971064421965194,11.177655505324323,11.151722427529483,12.376660000068053,10.28909003154804,0.6365229775530452,5.44,0.0849,3.4,3.01,15270,47385,15270.0,83090.0,7342.610807563153,39943.80279314356,101608.75115,44136.6919855804,8.90144975421708,10.59522881508493,78120,119.3,1,1.321666,3.055209,20745.10057,4.0,0,1
OH,Ohio,39,2024,Midwest,East North Central,5,102,2434.877,2.4348769999999997,1.9252070000000001,0.5096699999999996,1.2339811171729338,56.613435,47.661771,8.951664000000001,0.018315520569483122,0.02104469199566228,11627.0,20227.0,70495.25,67882.0,246818.5,30815.5,10073.25,7173.25,9495.0,8094.0,6150.0,7394.75,11639.5,19796.25,70272.75,67242.75,250560.25,31163.0,9.361085258668608,9.914773624553096,11.163300610643978,11.12552618267369,12.416408527685409,10.335773089128732,0.6365229775530452,5.44,0.0849,3.4,3.01,15270,47385,15270.0,83090.0,7400.852660009256,40260.63847045036,101738.41305,44486.7858104411,8.909350496880023,10.603129557747875,78120,122.9,1,1.343117,3.133236,22334.67948,4.0,0,1
OH,Ohio,39,2025,Midwest,East North Central,5,114,3204.531,3.204531,2.4348769999999997,0.7696540000000001,1.4361627533163164,68.846515,56.613435,12.233079999999994,0.018315520569483122,0.02104469199566228,,,,,,,,,,,,,,,,,,,,,,,,,0.6365229775530452,5.44,0.0849,3.4,3.01,15270,47385,15270.0,83090.0,,,,,,,78120,,0,1.370672,3.187575,23421.66031,,0,0
OK,Oklahoma,40,2016,South,West South Central,6,13,334.795,0.334795,,,0.2887777220085335,19.188207,,,0.01744795644533124,0.013027155342688654,1342.25,9619.5,8138.75,21696.25,77027.5,9796.5,5387.0,5102.5,5740.75,4420.75,3792.5,4534.0,1331.75,9563.5,8139.5,21578.25,76964.25,9806.5,7.202102589302679,9.171547567257027,9.004391884551072,9.984894713535091,11.251917779932635,9.189780458010821,0.5322737916352351,5.15,0.0257,4.22,3.3,3070,14660,3070.0,15820.0,714.4444968223944,3679.3891586353316,14610.5599,4307.194661812937,6.571505313208281,8.210502027883926,64719,,0,,,,4.0,0,1
OK,Oklahoma,40,2017,South,West South Central,6,15,373.995,0.373995,0.334795,0.03920000000000001,0.3177225547833472,21.661993,19.188207,2.4737860000000005,0.01744795644533124,0.013027155342688654,1273.5,9502.75,8608.25,21268.0,77340.5,9023.0,5576.0,5359.25,5868.25,4535.75,3856.25,4336.25,1260.0,9434.25,8712.5,21025.0,77658.5,8834.75,7.149524294419511,9.159336509383419,9.060476324730763,9.964958874624228,11.255973030100307,9.107532151994501,0.5322737916352351,5.15,0.0257,4.22,3.3,3070,14660,3070.0,15820.0,677.8506736474719,3490.930969284481,14615.603500000001,4086.580295637009,6.518927018325114,8.157923733000759,64719,,0,,,,4.0,0,1
OK,Oklahoma,40,2018,South,West South Central,6,17,376.699,0.376699,0.373995,0.002703999999999984,0.3196886047118325,23.91222,21.661993,2.2502270000000024,0.01744795644533124,0.013027155342688654,1352.25,9146.75,9508.75,20718.75,80415.0,8875.25,5830.5,5433.5,5932.75,4659.5,3985.25,4309.25,1395.75,9070.25,9694.25,20595.75,81278.5,9073.25,7.209525150751537,9.121153903917381,9.15996770631151,9.938794366368272,11.294956004929748,9.091021782960961,0.5322737916352351,5.15,0.0257,4.22,3.3,3070,14660,3070.0,15820.0,719.7672347387468,3706.801258904546,15495.054725000002,4339.2840241658,6.578927874657139,8.217924589332783,64719,,0,,,,4.0,0,1
OK,Oklahoma,40,2019,South,West South Central,6,16,364.099,0.364099,0.376699,-0.0126,0.310494137432584,27.949233,23.91222,4.037012999999998,0.01744795644533124,0.013027155342688654,1505.75,9013.0,10053.75,20274.5,83570.75,9744.0,5865.0,5697.5,5939.5,4796.25,4124.0,4529.5,1505.75,9023.25,10069.0,20177.25,83732.0,9738.5,7.317046391923831,9.10642325855641,9.215700978218278,9.917119217767075,11.333448857467596,9.184406989949679,0.5322737916352351,5.15,0.0257,4.22,3.3,3070,14660,3070.0,15820.0,801.4712617547553,4127.5769980369905,16501.26055,4831.855736282235,6.686449115829433,8.325445830505078,64719,,0,,,,4.0,0,1
OK,Oklahoma,40,2020,South,West South Central,6,17,365.899,0.365899,0.364099,0.0017999999999999683,0.3118128199084236,30.331256,27.949233,2.3820230000000002,0.01744795644533124,0.013027155342688654,1478.25,9222.5,9939.5,19241.5,80318.25,9729.5,5787.0,5675.75,6250.0,4978.5,4222.0,4725.25,1485.5,9260.5,10074.75,18737.75,79020.5,9623.5,7.298614234700939,9.12940142947083,9.204271996574576,9.864824683758735,11.293752146839592,9.18291778639821,0.5322737916352351,5.15,0.0257,4.22,3.3,3070,14660,3070.0,15820.0,786.8337324847863,4052.19372229665,16855.407825000002,4743.609989811864,6.668016958606541,8.307013673282187,64719,39.886662,1,,,,4.0,0,1
OK,Oklahoma,40,2021,South,West South Central,6,19,405.335,0.405335,0.365899,0.03943600000000003,0.34027570852850253,35.872858,30.331256,5.541602000000001,0.01744795644533124,0.013027155342688654,1634.5,9244.5,10640.75,18459.75,78925.75,9802.5,5864.75,5922.5,6738.75,5568.0,4337.75,4788.5,1653.75,9227.75,10780.25,18610.25,79246.5,9901.75,7.3990922261642655,9.131784059070407,9.272446249133226,9.823347965169905,11.276262816073471,9.190392734166487,0.5322737916352351,5.15,0.0257,4.22,3.3,3070,14660,3070.0,15820.0,870.0015124277918,4480.507789003128,18211.257525,5245.006276575336,6.768494950069868,8.407491664745512,64719,60.850948,1,,,,4.0,0,1
OK,Oklahoma,40,2022,South,West South Central,6,19,405.335,0.405335,0.405335,0.0,0.34027570852850253,42.06341,35.872858,6.190551999999997,0.01744795644533124,0.013027155342688654,1882.5,8663.0,11387.0,18444.0,79752.75,10061.5,6169.5,6556.5,7249.75,5817.75,4575.25,5170.5,1906.0,8716.0,11527.75,18583.75,80018.5,10130.25,7.540355959674049,9.06681636189014,9.340227632810604,9.822494393326597,11.286686502811195,9.216471537906424,0.5322737916352351,5.15,0.0257,4.22,3.3,3070,14660,3070.0,15820.0,1002.0054127533301,5160.327875679651,21134.940875,6040.82246292632,6.909758683579651,8.548755398255295,64719,57.83664,1,1.2692,2.928036,19242.95845,4.0,0,1
OK,Oklahoma,40,2023,South,West South Central,6,20,406.28,0.40628,0.405335,0.0009449999999999736,0.3409479200763742,47.661771,42.06341,5.598361000000004,0.01744795644533124,0.013027155342688654,2028.25,8666.75,11987.75,18936.25,82108.0,10357.0,6461.25,6505.0,7653.0,5924.5,4888.0,5454.5,2067.25,8588.25,12111.25,18919.5,83096.25,10416.75,7.614928631275174,9.067249143673898,9.391640574031582,9.848833353472534,11.315790732837069,9.24541789858888,0.5322737916352351,5.15,0.0257,4.22,3.3,3070,14660,3070.0,15820.0,1079.5843178841656,5559.859237103453,22451.775775000002,6508.524919219288,6.984331355180776,8.623328069856422,64719,65.308067,1,1.321666,3.055209,20745.10057,4.0,0,1
OK,Oklahoma,40,2024,South,West South Central,6,21,407.698,0.407698,0.40628,0.0014180000000000303,0.34195574609350965,56.613435,47.661771,8.951664000000001,0.01744795644533124,0.013027155342688654,1667.75,8141.0,12577.5,18051.25,85638.25,10652.25,7562.25,6754.0,7939.25,6267.25,5150.75,5734.0,1671.75,7959.5,12537.5,17892.0,86343.0,10780.25,7.4192306915896244,9.004668301573977,9.439664782365474,9.800970213440776,11.357887308118375,9.273526416429346,0.5322737916352351,5.15,0.0257,4.22,3.3,3070,14660,3070.0,15820.0,887.6996159996634,4571.653022398266,20495.390541666668,5351.703406398604,6.7886334154952275,8.427630130170872,64719,46.044703,1,1.343117,3.133236,22334.67948,4.0,0,1
OK,Oklahoma,40,2025,South,West South Central,6,23,408.453,0.40845299999999995,0.407698,0.0007549999999999502,0.3424919389454475,68.846515,56.613435,12.233079999999994,0.01744795644533124,0.013027155342688654,,,,,,,,,,,,,,,,,,,,,,,,,0.5322737916352351,5.15,0.0257,4.22,3.3,3070,14660,3070.0,15820.0,,,,,,,64719,,0,1.370672,3.187575,23421.66031,,0,0
OR,Oregon,41,2016,West,Pacific,4,41,686.925,0.686925,,,0.5229073449584903,19.188207,,,0.03579933237117986,0.043315034798987156,3948.75,5546.25,15327.25,34785.5,89911.25,9723.75,8194.0,5661.25,8137.0,5726.5,4314.0,5785.75,4030.0,5541.75,15488.5,34862.0,91946.75,9965.25,8.281154352116294,8.620877302693119,9.637387568950897,10.456955912266224,11.406578351673856,9.182326625520984,0.7441308596596774,5.07,0.0309,2.57,2.1,9320,17415,9320.0,47260.0,2938.386732081151,14897.620731651436,29195.160450000003,15907.98399957029,7.98561597914036,9.60895679674345,77916,,0,,,,4.0,0,1
OR,Oregon,41,2017,West,Pacific,4,42,869.087,0.8690869999999999,0.686925,0.18216199999999994,0.625450076346718,21.661993,19.188207,2.4737860000000005,0.03579933237117986,0.043315034798987156,4631.75,5920.25,15948.75,35821.75,97603.5,10646.75,8260.25,5425.75,8836.0,5967.75,4468.0,6035.75,4684.25,5857.0,15948.5,35828.25,99720.25,10721.75,8.440690045430122,8.686133956716132,9.677135735235954,10.48631052980937,11.488668632413944,9.273009960246217,0.7441308596596774,5.07,0.0309,2.57,2.1,9320,17415,9320.0,47260.0,3446.628109228711,17474.404513789566,33066.507075,18659.52640456086,8.145151672454187,9.768492490057278,77916,,0,,,,4.0,0,1
OR,Oregon,41,2018,West,Pacific,4,45,1122.037,1.122037,0.8690869999999999,0.25295,0.7523764764205522,23.91222,21.661993,2.2502270000000024,0.03579933237117986,0.043315034798987156,4987.75,5524.5,15946.0,35834.0,104988.25,11371.75,9227.25,5475.5,9051.25,6478.75,4670.25,6260.25,5072.5,5427.75,16049.5,35970.75,106396.25,11608.5,8.514740185255171,8.61694802455323,9.67696329306244,10.486652442359842,11.56160371811595,9.338887488709334,0.7441308596596774,5.07,0.0309,2.57,2.1,9320,17415,9320.0,47260.0,3711.538695267556,18817.50118500651,35432.632875,20093.71248973896,8.219201812279236,9.842542629882328,77916,,0,,,,4.0,0,1
OR,Oregon,41,2019,West,Pacific,4,47,1210.622,1.210622,1.122037,0.08858500000000014,0.793273923894414,27.949233,23.91222,4.037012999999998,0.03579933237117986,0.043315034798987156,5658.25,5179.25,16800.75,36636.25,109318.25,12264.0,9374.0,5628.75,9362.75,6706.25,4876.5,6608.0,5775.25,5133.25,16845.0,37060.0,110130.5,12499.5,8.640869936109835,8.552415537125999,9.72917880725203,10.508793466388667,11.602018631864112,9.41442342055165,0.7441308596596774,5.07,0.0309,2.57,2.1,9320,17415,9320.0,47260.0,4210.478436669369,21347.125673913702,39075.413100000005,22794.897237244342,8.3453315631339,9.968672380736992,77916,,0,,,,4.0,0,1
OR,Oregon,41,2020,West,Pacific,4,55,1787.222,1.787222,1.210622,0.5766,1.025045400871072,30.331256,27.949233,2.3820230000000002,0.03579933237117986,0.043315034798987156,6345.25,4895.0,16788.0,35255.25,108970.25,12618.75,10031.25,5967.75,9959.25,7432.0,5120.0,7030.25,6516.25,4810.25,16702.75,34939.25,109111.5,12399.5,8.755461780475516,8.49596955496461,9.728419624453482,10.470369733320737,11.598830188177715,9.442939082061148,0.7441308596596774,5.07,0.0309,2.57,2.1,9320,17415,9320.0,47260.0,4721.696337255568,23939.00042988573,43132.509225,25562.55409263017,8.45992340749958,10.083264225102672,77916,52.048524,1,,,,4.0,0,1
OR,Oregon,41,2021,West,Pacific,4,69,2573.272,2.573272,1.787222,0.7860499999999997,1.2734817026481355,35.872858,30.331256,5.541602000000001,0.03579933237117986,0.043315034798987156,7194.5,4645.5,17158.5,37081.0,112034.75,11899.75,11632.25,6107.5,10853.0,8520.5,5389.75,7250.25,7315.75,4596.5,17385.75,37745.25,113176.0,11886.5,8.881072124203472,8.443654288081367,9.750248956633838,10.52085998803243,11.626564370011257,9.38427267047558,0.7441308596596774,5.07,0.0309,2.57,2.1,9320,17415,9320.0,47260.0,5353.649469821549,27143.002811995255,48079.47442500001,28983.853342173712,8.585533751227537,10.208874568830629,77916,38.489605,1,,,,4.0,0,1
OR,Oregon,41,2022,West,Pacific,4,76,2956.222,2.9562220000000003,2.573272,0.38295000000000057,1.3752895294761416,42.06341,35.872858,6.190551999999997,0.03579933237117986,0.043315034798987156,8049.5,4321.75,18119.0,39219.0,117271.25,12129.5,12877.75,6507.25,11457.0,9118.5,5791.5,7766.25,8211.5,4273.75,18178.5,39584.25,118082.0,12117.5,8.993365256682349,8.371415691802897,9.804716390436107,10.57691660222997,11.672244906560918,9.403395780973106,0.7441308596596774,5.07,0.0309,2.57,2.1,9320,17415,9320.0,47260.0,5989.881354830573,30368.69846899101,54375.192075000006,32428.317114160443,8.697826883706414,10.321167701309506,77916,25.643913,1,1.2692,2.928036,19242.95845,4.0,0,1
OR,Oregon,41,2023,West,Pacific,4,89,3781.372,3.7813719999999997,2.9562220000000003,0.8251499999999994,1.5647275346070417,47.661771,42.06341,5.598361000000004,0.03579933237117986,0.043315034798987156,8278.75,4274.5,17662.25,39565.75,118657.25,12195.0,13869.5,6870.75,11613.75,9767.0,6028.0,8004.5,8133.5,4231.25,17511.75,39154.5,118271.0,12145.75,9.02144726979919,8.360422415466289,9.77918487261094,10.585719124011739,11.683994364084784,9.40878131065002,0.7441308596596774,5.07,0.0309,2.57,2.1,9320,17415,9320.0,47260.0,6160.473354407554,31233.599906846302,56215.698225,33351.876552438756,8.725908896823254,10.349249714426346,77916,13.885643,1,1.321666,3.055209,20745.10057,4.0,0,1
OR,Oregon,41,2024,West,Pacific,4,102,4588.372,4.588372000000001,3.7813719999999997,0.8070000000000008,1.7206880104030013,56.613435,47.661771,8.951664000000001,0.03579933237117986,0.043315034798987156,8055.0,3963.75,17186.75,37579.5,117603.5,11949.25,15662.25,7049.75,12148.5,10584.5,6320.5,8377.75,8073.5,3913.25,17076.75,37245.0,117230.25,11738.0,8.994048295611075,8.284945825852557,9.751894017093196,10.534213967929503,11.67507407590855,9.388423793883796,0.7441308596596774,5.07,0.0309,2.57,2.1,9320,17415,9320.0,47260.0,5993.974074558701,30389.448558012617,54957.05485000001,32450.474483453923,8.69850992263514,10.321850740238231,77916,0.0,1,1.343117,3.133236,22334.67948,4.0,0,1
OR,Oregon,41,2025,West,Pacific,4,112,5039.263,5.039263,4.588372000000001,0.4508909999999995,1.7982819846341442,68.846515,56.613435,12.233079999999994,0.03579933237117986,0.043315034798987156,,,,,,,,,,,,,,,,,,,,,,,,,0.7441308596596774,5.07,0.0309,2.57,2.1,9320,17415,9320.0,47260.0,,,,,,,77916,,0,1.370672,3.187575,23421.66031,,0,0
PA,Pennsylvania,42,2016,Northeast,Middle Atlantic,6,45,450.08,0.45008,,,0.37161872732433454,19.188207,,,0.0234560738270126,0.01747876229734104,8716.75,29335.5,69621.25,88182.75,241387.0,28986.5,6569.75,7623.25,8244.75,6076.5,4651.0,5503.0,8721.5,29278.5,69981.75,88092.75,241895.0,29146.0,9.073001741008706,10.286553665700813,11.150825115814992,11.387166644635673,12.394156733668542,10.274585483340442,0.6475752054143606,5.36,0.0963,3.45,2.75,18090,53500,18090.0,96945.0,5644.751171795629,30255.86628082457,74856.54725,33327.86510902894,8.638481396213766,10.317445371296476,78544,,0,,,,4.0,0,1
PA,Pennsylvania,42,2017,Northeast,Middle Atlantic,6,50,472.655,0.472655,0.45008,0.02257500000000001,0.387066894161722,21.661993,19.188207,2.4737860000000005,0.0234560738270126,0.01747876229734104,8952.0,29077.5,69284.75,87181.25,247874.0,29856.0,6693.5,7973.5,8503.5,6326.25,4885.5,5738.0,8919.0,29091.0,69575.5,86877.5,250945.5,30247.0,9.09963224999176,10.277719958213194,11.145980103241683,11.375744563840545,12.420675831522482,10.304141103647071,0.6475752054143606,5.36,0.0963,3.45,2.75,18090,53500,18090.0,96945.0,5797.093238869356,31072.41976033975,77433.81195,34227.32652147039,8.66511190519682,10.344075880279531,78544,,0,,,,4.0,0,1
PA,Pennsylvania,42,2018,Northeast,Middle Atlantic,6,51,477.305,0.477305,0.472655,0.0046499999999999875,0.39021948189259825,23.91222,21.661993,2.2502270000000024,0.0234560738270126,0.01747876229734104,9253.25,29211.5,69249.75,90058.25,255996.25,30629.25,7259.75,8736.5,8557.25,7052.25,5048.75,5953.0,9327.75,29134.5,69784.0,90186.25,257295.75,30915.0,9.13273012014839,10.28231774633992,11.145474813934765,11.408211962176651,12.45291807491691,10.329710713728803,0.6475752054143606,5.36,0.0963,3.45,2.75,18090,53500,18090.0,96945.0,5992.1752695004325,32118.05944452232,80802.784975,35379.134175021885,8.69820977535345,10.37717375043616,78544,,0,,,,4.0,0,1
PA,Pennsylvania,42,2019,Northeast,Middle Atlantic,6,54,488.518,0.48851799999999995,0.477305,0.011212999999999973,0.3977809941113605,27.949233,23.91222,4.037012999999998,0.0234560738270126,0.01747876229734104,9784.5,28645.0,70124.25,90644.25,261019.75,31315.0,7949.75,9874.25,8916.25,7670.25,5188.75,6104.0,9907.75,28586.0,70484.25,90971.25,261928.5,31342.0,9.18855477990426,10.262734186842678,11.158023947580638,11.414697783393464,12.472351353940047,10.351852494959513,0.6475752054143606,5.36,0.0963,3.45,2.75,18090,53500,18090.0,96945.0,6336.199597376812,33962.029841939715,84422.081325,37410.3302445629,8.75403443510932,10.432998410192031,78544,,0,,,,4.0,0,1
PA,Pennsylvania,42,2020,Northeast,Middle Atlantic,6,54,488.518,0.48851799999999995,0.48851799999999995,0.0,0.3977809941113605,30.331256,27.949233,2.3820230000000002,0.0234560738270126,0.01747876229734104,10903.75,29083.5,69228.75,87876.25,249219.25,29752.5,8715.0,10081.5,9207.25,8535.75,5233.0,6094.5,10916.0,28493.25,69343.25,85628.0,247220.5,29254.5,9.296862045747428,10.27792628203917,11.145171517752889,11.383684853762862,12.426088310103037,10.300668441056596,0.6475752054143606,5.36,0.0963,3.45,2.75,18090,53500,18090.0,96945.0,7060.998146036834,37846.95006275744,92168.528525,41689.7019167206,8.862341700952488,10.541305676035199,78544,0.566349,1,,,,4.0,0,1
PA,Pennsylvania,42,2021,Northeast,Middle Atlantic,6,60,860.938,0.860938,0.48851799999999995,0.37242000000000003,0.6210806616833264,35.872858,30.331256,5.541602000000001,0.0234560738270126,0.01747876229734104,11935.25,27091.0,71720.25,87547.25,255468.75,29192.5,9148.5,9089.75,9906.25,8854.0,5660.0,6592.75,12227.5,27390.25,72812.75,89291.75,256757.25,29356.25,9.38725148534869,10.206956848388238,11.18052841349102,11.379933926598172,12.450855371947865,10.28166710594987,0.6475752054143606,5.36,0.0963,3.45,2.75,18090,53500,18090.0,96945.0,7728.971970421748,41427.28976146057,99678.33175,45633.567791038826,8.95273114055375,10.63169511563646,78544,4.451457,1,,,,4.0,0,1
PA,Pennsylvania,42,2022,Northeast,Middle Atlantic,6,62,870.776,0.870776,0.860938,0.009838000000000013,0.6263533180509356,42.06341,35.872858,6.190551999999997,0.0234560738270126,0.01747876229734104,13510.75,28233.75,75726.75,95130.75,259809.25,30505.25,9427.25,9352.75,10119.5,8941.5,5814.5,6940.75,13921.0,28096.25,76189.75,95872.25,260088.75,30770.5,9.511240943847127,10.248273349832441,11.23488674556568,11.463007540117706,12.467702986895826,10.325654078930178,0.6475752054143606,5.36,0.0963,3.45,2.75,18090,53500,18090.0,96945.0,8749.226706552074,46895.85514711912,114164.68115000002,51657.37844056704,9.076720599052187,10.755684574134898,78544,6.580248,1,1.2692,2.928036,19242.95845,4.0,0,1
PA,Pennsylvania,42,2023,Northeast,Middle Atlantic,6,69,1101.926,1.101926,0.870776,0.23114999999999997,0.742854067267985,47.661771,42.06341,5.598361000000004,0.0234560738270126,0.01747876229734104,14193.5,27628.75,73936.75,95409.25,260562.5,31230.75,9718.25,9643.5,10630.0,9471.25,6082.0,7255.0,14125.75,27435.5,73559.25,94828.5,260692.25,31308.75,9.560539392312577,10.226612176213653,11.210965276966844,11.465930812903759,12.470598034623153,10.349158465358597,0.6475752054143606,5.36,0.0963,3.45,2.75,18090,53500,18090.0,96945.0,9191.358678048728,49265.682514341184,119894.18965,54267.82383629245,9.126019047517637,10.804983022600348,78544,6.2972,1,1.321666,3.055209,20745.10057,4.0,0,1
PA,Pennsylvania,42,2024,Northeast,Middle Atlantic,6,75,1512.326,1.512326,1.101926,0.4104000000000001,0.9212090172557004,56.613435,47.661771,8.951664000000001,0.0234560738270126,0.01747876229734104,13362.75,26767.25,72778.5,93065.0,260434.25,31009.5,10987.25,10169.25,11068.5,10072.25,6393.75,7745.0,13296.25,26516.5,72478.25,92474.5,260987.0,30869.5,9.50022626423219,10.194934404304492,11.195175860896052,11.441053452732433,12.470105709085265,10.342048888133482,0.6475752054143606,5.36,0.0963,3.45,2.75,18090,53500,18090.0,96945.0,8653.385576150748,46382.14668816801,115112.657625,51091.51111201726,9.06570591943725,10.744669894519959,78544,42.672715,1,1.343117,3.133236,22334.67948,4.0,0,1
PA,Pennsylvania,42,2025,Northeast,Middle Atlantic,6,81,1718.276,1.7182760000000001,1.512326,0.20595000000000008,0.9999978558274449,68.846515,56.613435,12.233079999999994,0.0234560738270126,0.01747876229734104,,,,,,,,,,,,,,,,,,,,,,,,,0.6475752054143606,5.36,0.0963,3.45,2.75,18090,53500,18090.0,96945.0,,,,,,,78544,,0,1.370672,3.187575,23421.66031,,0,0
RI,Rhode Island,44,2016,Northeast,New England,2,3,2.438,0.002438,,,0.002435032899548702,19.188207,,,0.00012705720758588858,0.000103330205877206,2884.0,2116.75,6561.75,9009.75,17914.75,1630.25,6676.75,5561.5,6966.25,5424.25,4404.25,7228.0,2885.0,2103.5,6560.25,8991.75,18092.0,1665.25,7.96693349840484,7.657637172522387,8.789012614654483,9.106062603269594,9.793379674855194,7.396488656273312,0.5455187074198892,5.12,0.0079,2.86,2.45,1005,4550,1005.0,5150.0,1573.2759521989603,8055.172875258677,17120.202975,9365.896923059718,7.360915318186423,8.99406975723784,74594,,0,,,,4.0,0,1
RI,Rhode Island,44,2017,Northeast,New England,2,3,2.438,0.002438,0.002438,0.0,0.002435032899548702,21.661993,19.188207,2.4737860000000005,0.00012705720758588858,0.000103330205877206,534.25,2099.75,6669.75,6493.75,18135.25,1741.5,7185.75,5945.75,7138.5,5144.75,4482.0,7024.75,534.0,2089.25,6705.5,6458.5,18196.5,1751.25,6.280863894199257,7.649573569005737,8.80533765694786,8.778595454847537,9.80561283711964,7.462502089806056,0.5455187074198892,5.12,0.0079,2.86,2.45,1005,4550,1005.0,5150.0,291.4433694390758,1492.1900515280681,5217.889575,1734.9966820889922,5.674845713980841,7.308000153032257,74594,,0,,,,4.0,0,1
RI,Rhode Island,44,2018,Northeast,New England,2,4,2.888,0.002888,0.002438,0.0004499999999999999,0.002883837739812608,23.91222,21.661993,2.2502270000000024,0.00012705720758588858,0.000103330205877206,538.5,2024.0,7188.0,6381.25,18919.25,1840.0,7458.5,5957.75,7354.0,5329.25,4686.0,6943.25,540.25,2001.0,7236.75,6398.5,19236.75,1869.5,6.288787496596443,7.6128310304073565,8.88016824790345,8.761119281912976,9.847935201228195,7.517520850603031,0.5455187074198892,5.12,0.0079,2.86,2.45,1005,4550,1005.0,5150.0,293.76182394561033,1504.060538601525,5385.9082,1748.7987146559146,5.682769316378027,7.315923755429443,74594,,0,,,,4.0,0,1
RI,Rhode Island,44,2019,Northeast,New England,2,4,2.888,0.002888,0.002888,0.0,0.002883837739812608,27.949233,23.91222,4.037012999999998,0.00012705720758588858,0.000103330205877206,552.5,1886.5,7264.0,6376.5,19770.0,1906.25,8067.75,6313.25,7579.75,5419.75,4835.0,7196.75,563.25,1852.0,7253.25,6449.5,19882.75,1906.75,6.314453433391908,7.542478539404365,8.890685920281129,8.760374636466954,9.891920916164663,7.552893240355722,0.5455187074198892,5.12,0.0079,2.86,2.45,1005,4550,1005.0,5150.0,301.39908584948876,1543.1633195493825,5524.989025000001,1794.2642336998938,5.708435253173492,7.3415896922249075,74594,,0,,,,4.0,0,1
RI,Rhode Island,44,2020,Northeast,New England,2,4,2.888,0.002888,0.002888,0.0,0.002883837739812608,30.331256,27.949233,2.3820230000000002,0.00012705720758588858,0.000103330205877206,543.5,1819.0,7320.75,5797.0,18997.75,1829.0,11905.75,6871.75,7874.25,6295.5,5033.25,7308.0,544.75,1839.5,7396.0,5550.5,18873.0,1810.25,6.298029706561264,7.506042178518122,8.898468060723184,8.665095821339733,9.852075830083619,7.511524648390866,0.5455187074198892,5.12,0.0079,2.86,2.45,1005,4550,1005.0,5150.0,296.48941748270977,1518.025817511474,5631.1598,1765.0364000287643,5.6920115263428475,7.325165965394264,74594,,0,,,,4.0,0,1
RI,Rhode Island,44,2021,Northeast,New England,2,4,2.888,0.002888,0.002888,0.0,0.002883837739812608,35.872858,30.331256,5.541602000000001,0.00012705720758588858,0.000103330205877206,579.25,1862.75,8156.0,5931.5,19845.75,1776.25,10431.5,7451.5,7999.5,6783.25,5264.75,7549.75,583.0,1851.5,8344.25,6059.25,20142.5,1764.75,6.3617341633124855,7.529809169433837,9.006509131694346,8.688032411101158,9.895745157397968,7.48225967941131,0.5455187074198892,5.12,0.0079,2.86,2.45,1005,4550,1005.0,5150.0,315.9917112729708,1617.8775617176107,5984.575150000001,1881.1358504446398,5.755715983094069,7.3888704221454855,74594,,0,,,,4.0,0,1
RI,Rhode Island,44,2022,Northeast,New England,2,4,2.888,0.002888,0.002888,0.0,0.002883837739812608,42.06341,35.872858,6.190551999999997,0.00012705720758588858,0.000103330205877206,672.0,1839.5,8558.0,6256.5,21104.75,1756.0,12335.5,7679.25,8660.25,6978.25,5552.5,8326.25,697.5,1836.75,8541.0,6270.25,21348.75,1785.5,6.51025834052315,7.5172490745448295,9.054621796976763,8.74137620230511,9.957253412612207,7.470793774195062,0.5455187074198892,5.12,0.0079,2.86,2.45,1005,4550,1005.0,5150.0,366.58857138616554,1876.9334854971676,6966.799075000001,2182.344914111002,5.904240160304733,7.5373945993561495,74594,,0,1.2692,2.928036,19242.95845,4.0,0,1
RI,Rhode Island,44,2023,Northeast,New England,2,5,2.963,0.002963,0.002888,7.499999999999998e-05,0.002958618967366398,47.661771,42.06341,5.598361000000004,0.00012705720758588858,0.000103330205877206,713.0,1793.0,8377.25,6254.25,21851.75,1752.25,12391.25,8108.25,8987.5,7706.0,5911.5,8696.75,711.5,1758.25,8402.75,6191.75,21939.75,1760.25,6.569481420414296,7.491645473605133,9.033274977327931,8.741016511635204,9.99203628884976,7.468655955380434,0.5455187074198892,5.12,0.0079,2.86,2.45,1005,4550,1005.0,5150.0,388.954838390381,1991.4487725587508,7351.599400000001,2315.49393416837,5.963463240195879,7.596617679247296,74594,,0,1.321666,3.055209,20745.10057,4.0,0,1
RI,Rhode Island,44,2024,Northeast,New England,2,6,3.038,0.003038,0.002963,7.499999999999998e-05,0.0030333946031063535,56.613435,47.661771,8.951664000000001,0.00012705720758588858,0.000103330205877206,712.0,1658.0,8334.75,5998.25,22427.75,2012.25,13521.0,8422.0,9378.5,8164.25,6202.25,8808.25,718.0,1626.25,8321.0,5987.0,22575.0,2037.0,6.568077911411976,7.4133673356952405,9.028188800733865,8.69922303900053,10.018054310400627,7.607008777973843,0.5455187074198892,5.12,0.0079,2.86,2.45,1005,4550,1005.0,5150.0,388.4093196829611,1988.6557167767608,7312.958383333334,2312.2463970937997,5.962059731193559,7.595214170244976,74594,,0,1.343117,3.133236,22334.67948,4.0,0,1
RI,Rhode Island,44,2025,Northeast,New England,2,6,3.038,0.003038,0.003038,0.0,0.0030333946031063535,68.846515,56.613435,12.233079999999994,0.00012705720758588858,0.000103330205877206,,,,,,,,,,,,,,,,,,,,,,,,,0.5455187074198892,5.12,0.0079,2.86,2.45,1005,4550,1005.0,5150.0,,,,,,,74594,,0,1.370672,3.187575,23421.66031,,0,0
SC,South Carolina,45,2016,South,South Atlantic,2,14,245.466,0.24546600000000002,,,0.21950975707370773,19.188207,,,0.012792544920950668,0.013508098773229305,2848.0,13009.5,14552.5,27933.0,92693.75,12668.25,5653.0,4875.0,7430.25,4613.25,3958.75,5860.0,2838.75,13011.25,14692.25,27923.75,94306.5,12853.0,7.954372272531867,9.47343513879262,9.58551807914589,10.23756406455664,11.437056327490273,9.446854142228563,0.6118879695818169,5.31,0.0349,3.14,2.75,5740,19785,5740.0,30465.0,1742.6569373690145,9253.508337429466,25523.996124999998,10358.851400060454,7.463166203066356,9.132758038320203,63711,,0,,,,4.0,0,1
SC,South Carolina,45,2017,South,South Atlantic,2,15,288.126,0.288126,0.24546600000000002,0.042659999999999976,0.25318844898445886,21.661993,19.188207,2.4737860000000005,0.012792544920950668,0.013508098773229305,2850.0,13135.25,15405.0,28517.25,100536.25,13135.5,5788.5,5056.25,7638.5,5057.5,4151.5,5988.0,2860.0,13189.5,15536.5,28508.75,100672.25,13163.5,7.955074273262696,9.483054735056138,9.642447411030767,10.258264446316769,11.518273637963329,9.483073767630389,0.6118879695818169,5.31,0.0349,3.14,2.75,5740,19785,5740.0,30465.0,1743.8807133081782,9260.006587666425,26019.80465,10366.125874358248,7.463868203797186,9.133460039051034,63711,,0,,,,4.0,0,1
SC,South Carolina,45,2018,South,South Atlantic,2,15,288.126,0.288126,0.288126,0.0,0.25318844898445886,23.91222,21.661993,2.2502270000000024,0.012792544920950668,0.013508098773229305,3496.75,13094.0,15882.75,29078.5,101364.5,13009.25,6101.75,5166.5,7875.75,4970.75,4256.25,6201.0,3587.0,13013.5,16155.0,28930.0,101649.75,12807.0,8.159589244659413,9.479909389001037,9.672988893611802,10.277754348473875,11.526478210221061,9.473415921881738,0.6118879695818169,5.31,0.0349,3.14,2.75,5740,19785,5740.0,30465.0,2139.619257635218,11361.378258043007,30077.753775,12718.50900040779,7.6683831751939024,9.33797501044775,63711,,0,,,,4.0,0,1
SC,South Carolina,45,2019,South,South Atlantic,2,17,377.541,0.377541,0.288126,0.08941500000000002,0.3203000256673272,27.949233,23.91222,4.037012999999998,0.012792544920950668,0.013508098773229305,3636.5,11677.5,17283.75,27524.5,103977.5,13914.25,6281.25,5390.25,8144.75,5255.75,4428.25,6327.25,3664.75,11640.75,17474.25,27476.5,104021.5,13628.75,8.198776959594595,9.365419192376264,9.757522032702827,10.222831796121621,11.55192980856346,9.540668773836906,0.6118879695818169,5.31,0.0349,3.14,2.75,5740,19785,5740.0,30465.0,2225.1306013842773,11815.44349335051,31113.195675,13226.812891966236,7.707570890129085,9.377162725382933,63711,,0,,,,4.0,0,1
SC,South Carolina,45,2020,South,South Atlantic,2,17,377.541,0.377541,0.377541,0.0,0.3203000256673272,30.331256,27.949233,2.3820230000000002,0.012792544920950668,0.013508098773229305,3722.0,11200.5,18126.25,25809.0,103048.25,13774.0,6889.0,5806.25,8233.5,5779.25,4657.0,6573.75,3786.0,11134.75,18340.0,25594.0,102853.5,13542.5,8.222016437202196,9.323713699143866,9.805116442862104,10.158478547289457,11.542952604126858,9.530538036104643,0.6118879695818169,5.31,0.0349,3.14,2.75,5740,19785,5740.0,30465.0,2277.4470227835227,12093.243690980504,32236.50415,13537.796668196983,7.7308103677366855,9.400402202990533,63711,,0,,,,4.0,0,1
SC,South Carolina,45,2021,South,South Atlantic,2,20,470.743,0.470743,0.377541,0.09320200000000001,0.38576771527464443,35.872858,30.331256,5.541602000000001,0.012792544920950668,0.013508098773229305,3999.75,11208.5,18635.0,28037.5,104179.75,13341.75,7342.5,6031.25,8534.25,6757.75,4861.0,6655.25,4041.25,11381.0,19255.75,28510.25,104776.0,13453.0,8.293987138148822,9.32442769801395,9.832796811913358,10.241298178828464,11.553873051603464,9.498653495273489,0.6118879695818169,5.31,0.0349,3.14,2.75,5740,19785,5740.0,30465.0,2447.398906334872,12995.68819263817,34455.581699999995,14548.0392863033,7.802781068683311,9.472372903937158,63711,,0,,,,4.0,0,1
SC,South Carolina,45,2022,South,South Atlantic,2,23,537.661,0.537661,0.470743,0.06691799999999992,0.4302624306634106,42.06341,35.872858,6.190551999999997,0.012792544920950668,0.013508098773229305,4386.5,11944.25,21451.25,30756.75,107937.25,14063.75,8022.0,6198.5,9038.75,6982.5,5297.5,7397.75,4539.5,12088.75,22127.5,31414.5,108673.75,14167.5,8.386286921568438,9.388005270011362,9.973538197716513,10.333864761340509,11.589305318731169,9.55135584388528,0.6118879695818169,5.31,0.0349,3.14,2.75,5740,19785,5740.0,30465.0,2684.0465785706397,14252.287332210095,38740.267775,15954.740753639458,7.895080852102928,9.564672687356776,63711,,0,1.2692,2.928036,19242.95845,4.0,0,1
SC,South Carolina,45,2023,South,South Atlantic,2,28,593.186,0.593186,0.537661,0.05552500000000005,0.4657357849405217,47.661771,42.06341,5.598361000000004,0.012792544920950668,0.013508098773229305,4306.75,11167.0,23207.75,30100.25,111384.5,14269.5,9257.5,6496.25,9438.5,7469.0,5716.25,8115.0,4314.25,11013.75,23291.75,29953.5,112553.5,14316.5,8.367938838326479,9.320718279445792,10.052241553595685,10.312288756350316,11.620743458554124,9.56587967131462,0.6118879695818169,5.31,0.0349,3.14,2.75,5740,19785,5740.0,30465.0,2635.24851299649,13993.16960401136,39093.582024999996,15664.671091014872,7.876732768860968,9.546324604114815,63711,,0,1.321666,3.055209,20745.10057,4.0,0,1
SC,South Carolina,45,2024,South,South Atlantic,2,29,597.986,0.597986,0.593186,0.0048000000000000265,0.46874408635451664,56.613435,47.661771,8.951664000000001,0.012792544920950668,0.013508098773229305,4204.25,10538.25,23411.0,29163.5,116916.0,15221.25,10387.75,7081.25,10173.0,8301.25,6065.75,8590.75,4179.25,10341.25,23528.25,28835.75,118341.25,15644.75,8.34385119740286,9.26276677415456,10.060961276360318,10.28067320635472,11.669211007213342,9.630447756821217,0.6118879695818169,5.31,0.0349,3.14,2.75,5740,19785,5740.0,30465.0,2572.5299961143537,13660.134279367217,38404.76285833333,15291.854283252866,7.852645127937349,9.522236963191196,63711,,0,1.343117,3.133236,22334.67948,4.0,0,1
SC,South Carolina,45,2025,South,South Atlantic,2,32,807.063,0.807063,0.597986,0.20907699999999996,0.5917028754185011,68.846515,56.613435,12.233079999999994,0.012792544920950668,0.013508098773229305,,,,,,,,,,,,,,,,,,,,,,,,,0.6118879695818169,5.31,0.0349,3.14,2.75,5740,19785,5740.0,30465.0,,,,,,,63711,,0,1.370672,3.187575,23421.66031,,0,0
SD,South Dakota,46,2016,Midwest,West North Central,6,2,2.43,0.0024300000000000003,,,0.002427052324268883,19.188207,,,0.00012664028483745253,0.00032308578915206723,133.5,2506.0,2194.5,5719.75,22658.0,3088.75,5057.25,4905.25,6017.0,3754.0,3593.5,4115.25,135.0,2486.5,2230.75,5691.5,22713.0,3097.25,4.894101477840304,7.826443135456014,7.693709509128289,8.65168037712499,10.028268269433434,8.03552175730282,0.4480166176244029,4.58,0.0075,3.61,2.78,640,4285,640.0,2935.0,59.81021845285779,273.9308005140887,2866.9856250000003,347.62058206123095,4.091176523496841,5.612875521622935,80685,,0,,,,4.0,0,1
SD,South Dakota,46,2017,Midwest,West North Central,6,3,9.03,0.00903,0.0024300000000000003,0.0066,0.00898947333779778,21.661993,19.188207,2.4737860000000005,0.00012664028483745253,0.00032308578915206723,134.5,2489.75,2417.5,5628.0,22033.0,3015.25,5182.75,4957.0,6025.75,3823.0,3707.25,4189.5,130.75,2501.25,2431.25,5614.75,22186.75,3083.0,4.901564199041894,7.8199375828117486,7.790489227327449,8.63550941823428,10.000296608464188,8.011438024463352,0.4480166176244029,4.58,0.0075,3.61,2.78,640,4285,640.0,2935.0,60.25823507048219,275.9827166228084,2975.84,350.22448155232627,4.098639244698431,5.620338242824524,80685,,0,,,,4.0,0,1
SD,South Dakota,46,2018,Midwest,West North Central,6,3,9.03,0.00903,0.00903,0.0,0.00898947333779778,23.91222,21.661993,2.2502270000000024,0.00012664028483745253,0.00032308578915206723,149.0,2498.25,2547.75,5542.0,22770.25,3276.0,5533.25,5100.25,6333.75,3989.25,3792.25,4316.0,150.75,2491.5,2574.25,5496.25,22865.5,3222.0,5.003946305945459,7.823345765741899,7.842965895708803,8.620110725422924,10.033210138356319,8.09437844497296,0.4480166176244029,4.58,0.0075,3.61,2.78,640,4285,640.0,2935.0,66.75447602603603,305.73550019924505,3181.02625,387.98102417320905,4.201021351601995,5.72272034972809,80685,,0,,,,4.0,0,1
SD,South Dakota,46,2019,Midwest,West North Central,6,3,9.03,0.00903,0.00903,0.0,0.00898947333779778,27.949233,23.91222,4.037012999999998,0.00012664028483745253,0.00032308578915206723,163.0,2515.25,2677.25,5467.0,23184.25,3083.75,6325.75,5234.25,6647.25,4085.75,3942.5,4468.25,168.5,2527.0,2735.75,5470.75,23340.25,3008.25,5.093750200806762,7.83012748117216,7.892545427280984,8.606485298894999,10.05122844780115,8.033901667843567,0.4480166176244029,4.58,0.0075,3.61,2.78,640,4285,640.0,2935.0,73.02670867277767,334.46232572132175,3309.134375,424.43561704854415,4.290825246463299,5.812524244589393,80685,,0,,,,4.0,0,1
SD,South Dakota,46,2020,Midwest,West North Central,6,3,9.03,0.00903,0.00903,0.0,0.00898947333779778,30.331256,27.949233,2.3820230000000002,0.00012664028483745253,0.00032308578915206723,190.75,2528.25,2776.5,5191.0,23942.75,2937.0,7260.25,5413.5,7144.0,4494.5,4157.75,4760.5,189.0,2554.0,2823.5,5099.25,24225.5,2946.25,5.250963670164566,7.83528264278228,7.928946420681662,8.55468163582723,10.08342084302446,7.98514393119862,0.4480166176244029,4.58,0.0075,3.61,2.78,640,4285,640.0,2935.0,85.45916981185486,391.40299773829526,3580.4956249999996,496.69382792644046,4.448038715821103,5.969737713947197,80685,,0,,,,4.0,0,1
SD,South Dakota,46,2021,Midwest,West North Central,6,3,9.03,0.00903,0.00903,0.0,0.00898947333779778,35.872858,30.331256,5.541602000000001,0.00012664028483745253,0.00032308578915206723,230.75,2655.25,3098.75,5192.5,25030.0,2979.75,9248.0,5177.75,7727.5,4643.25,4324.5,4988.25,250.75,2663.0,3242.75,5243.25,25163.5,2986.75,5.441334873382962,7.884294091201649,8.038754083349401,8.554970555750268,10.12783038442582,7.999594683362818,0.4480166176244029,4.58,0.0075,3.61,2.78,640,4285,640.0,2935.0,103.37983451683097,473.47964208708584,3925.4125,600.8498075702549,4.638409919039498,6.160108917165592,80685,,0,,,,4.0,0,1
SD,South Dakota,46,2022,Midwest,West North Central,6,3,9.03,0.00903,0.00903,0.0,0.00898947333779778,42.06341,35.872858,6.190551999999997,0.00012664028483745253,0.00032308578915206723,313.25,2627.0,3341.75,5370.25,25783.0,3021.0,7730.0,5500.25,9085.25,4839.75,4673.25,5214.25,325.25,2611.25,3378.75,5360.0,26066.25,3072.5,5.747001593776178,7.87359778968554,8.114249900851583,8.588629741354087,10.157470639001309,8.013343181386672,0.4480166176244029,4.58,0.0075,3.61,2.78,640,4285,640.0,2935.0,140.34120547084422,642.7627210564665,4784.995,815.6715155856224,4.944076639432715,6.465775637558808,80685,,0,1.2692,2.928036,19242.95845,4.0,0,1
SD,South Dakota,46,2023,Midwest,West North Central,6,4,42.03,0.04203,0.00903,0.033,0.04117073370367661,47.661771,42.06341,5.598361000000004,0.00012664028483745253,0.00032308578915206723,348.75,2551.5,3379.5,5261.75,27561.25,3401.75,8496.5,5767.75,9002.0,5205.5,5021.25,5719.25,352.0,2544.5,3370.75,5249.25,28046.25,3477.0,5.854355333135575,7.844436700504026,8.125483048540408,8.568218950019281,10.224166079686869,8.132045284070967,0.4480166176244029,4.58,0.0075,3.61,2.78,640,4285,640.0,2935.0,156.24579539651052,715.6057429160181,5113.651875,908.1099475195077,5.051430378792112,6.573129376918206,80685,,0,1.321666,3.055209,20745.10057,4.0,0,1
SD,South Dakota,46,2024,Midwest,West North Central,6,4,42.03,0.04203,0.04203,0.0,0.04117073370367661,56.613435,47.661771,8.951664000000001,0.00012664028483745253,0.00032308578915206723,383.5,2533.0,3396.25,5281.0,28910.75,3644.75,8637.5,5905.25,9308.0,5310.25,5303.5,6050.25,384.0,2539.75,3356.0,5294.5,29118.5,3687.25,5.949339620807311,7.837159650001675,8.130427160740558,8.571870752706934,10.27196877725431,8.20104305498493,0.4480166176244029,4.58,0.0075,3.61,2.78,640,4285,640.0,2935.0,171.81437285895854,786.9098276940301,5240.715,998.5954548350717,5.146414666463848,6.668113664589941,80685,,0,1.343117,3.133236,22334.67948,4.0,0,1
SD,South Dakota,46,2025,Midwest,West North Central,6,4,42.03,0.04203,0.04203,0.0,0.04117073370367661,68.846515,56.613435,12.233079999999994,0.00012664028483745253,0.00032308578915206723,,,,,,,,,,,,,,,,,,,,,,,,,0.4480166176244029,4.58,0.0075,3.61,2.78,640,4285,640.0,2935.0,,,,,,,80685,,0,1.370672,3.187575,23421.66031,,0,0
TN,Tennessee,47,2016,South,East South Central,8,44,178.448,0.178448,,,0.16419831853426525,19.188207,,,0.009299878826614701,0.0072674981814348895,5159.75,14207.5,18999.25,46681.25,113727.5,15168.5,6573.5,5150.75,6958.0,5046.75,4245.75,5055.0,5165.5,14138.75,19040.75,46741.0,114512.25,14940.75,8.548643407689484,9.561525273171277,9.852154783685261,10.751097864105377,11.64156051504996,9.62697618808652,0.6679383357527252,5.43,0.0525,3.16,2.56,10925,29515,10925.0,59315.0,3446.394827900124,18713.92391549767,43542.45375,20427.27908759755,8.145083986235585,9.83702312018143,75748,,0,,,,4.0,0,1
TN,Tennessee,47,2017,South,East South Central,8,47,202.707,0.202707,0.178448,0.024259000000000003,0.18457484955529466,21.661993,19.188207,2.4737860000000005,0.009299878826614701,0.0072674981814348895,5734.0,14459.5,19072.75,47696.5,118107.75,15407.25,8195.5,5347.25,7103.75,5416.5,4448.25,5375.75,5728.5,14390.25,19389.5,47796.25,118968.25,15350.25,8.654168646443315,9.579106916968307,9.856015893756311,10.772613298922282,11.679352622386338,9.64259345684073,0.6679383357527252,5.43,0.0525,3.16,2.56,10925,29515,10925.0,59315.0,3829.9584172061263,20796.674205429266,47360.45625,22700.71578822314,8.250609224989415,9.942548358935259,75748,,0,,,,4.0,0,1
TN,Tennessee,47,2018,South,East South Central,8,47,203.121,0.203121,0.202707,0.0004139999999999977,0.18491901381316048,23.91222,21.661993,2.2502270000000024,0.009299878826614701,0.0072674981814348895,5832.5,13810.25,20236.5,47779.25,122472.75,14725.0,8013.75,5458.0,7291.75,5645.75,4488.0,5529.25,5851.25,13262.5,20576.75,47229.5,123875.75,14894.75,8.671201003895584,9.533166349063524,9.915243183546982,10.774346723812274,11.715643835241883,9.597302008519787,0.6679383357527252,5.43,0.0525,3.16,2.56,10925,29515,10925.0,59315.0,3895.75034327777,21153.92436399829,48862.335,23090.674020720522,8.267641582441685,9.95958071638753,75748,,0,,,,4.0,0,1
TN,Tennessee,47,2019,South,East South Central,8,47,203.121,0.203121,0.203121,0.0,0.18491901381316048,27.949233,23.91222,4.037012999999998,0.009299878826614701,0.0072674981814348895,6099.5,11114.25,20964.25,47075.25,127830.75,15124.0,8179.25,5915.25,7632.0,5714.5,4628.25,5747.0,6192.5,11041.25,21145.75,47257.75,128901.5,15152.5,8.715962079588792,9.315983347738397,9.950573885056066,10.759502664185707,11.758462402312187,9.624038165010823,0.6679383357527252,5.43,0.0525,3.16,2.56,10925,29515,10925.0,59315.0,4074.0898789237476,22122.30804255595,50746.779375,24147.718163632202,8.312402658134893,10.004341792080735,75748,,0,,,,4.0,0,1
TN,Tennessee,47,2020,South,East South Central,8,47,296.47,0.29647,0.203121,0.09334900000000002,0.2596451865078866,30.331256,27.949233,2.3820230000000002,0.009299878826614701,0.0072674981814348895,6415.5,10924.25,21315.75,45356.75,128202.75,13821.25,8510.5,5884.0,7948.75,6060.0,4907.75,6298.5,6463.75,10528.75,21597.25,44462.5,128403.0,13441.25,8.766472216335073,9.298740367721695,9.96720151506867,10.722314286804737,11.761368274096675,9.533962541856612,0.6679383357527252,5.43,0.0525,3.16,2.56,10925,29515,10925.0,59315.0,4285.158393021608,23268.41007410733,53457.39,25398.751681085727,8.362912794881172,10.054851928827016,75748,1.150739,1,,,,4.0,0,1
TN,Tennessee,47,2021,South,East South Central,8,50,322.49,0.32249,0.29647,0.026019999999999988,0.2795163232850566,35.872858,30.331256,5.541602000000001,0.009299878826614701,0.0072674981814348895,6568.75,9542.75,23419.0,45715.25,133121.5,14154.75,9638.5,6143.0,8566.25,6937.25,5119.0,6503.5,6801.0,9487.25,24275.25,47193.75,135201.0,14574.25,8.79007883462526,9.163536982861483,10.06130293769185,10.730187219248126,11.799017524020398,9.557805535786358,0.6679383357527252,5.43,0.0525,3.16,2.56,10925,29515,10925.0,59315.0,4387.519942975714,23824.233290358126,55415.61,26005.463347382414,8.386519413171362,10.078458547117204,75748,1.142024,1,,,,4.0,0,1
TN,Tennessee,47,2022,South,East South Central,8,54,369.237,0.36923700000000004,0.32249,0.04674700000000004,0.3142536503879467,42.06341,35.872858,6.190551999999997,0.009299878826614701,0.0072674981814348895,8531.0,9786.0,26637.5,54321.25,143407.5,16286.5,10603.25,6651.25,8979.75,7471.5,5544.25,7093.5,8859.0,9775.5,27092.25,55658.75,145645.75,16659.25,9.051461866908694,9.188708071849069,10.190075276406873,10.902670773749843,11.873445507035225,9.698091822771572,0.6679383357527252,5.43,0.0525,3.16,2.56,10925,29515,10925.0,59315.0,5698.181942306499,30941.12794672429,69344.06812499999,33773.94600441779,8.647902445454795,10.33984157940064,75748,1.107259,1,1.2692,2.928036,19242.95845,4.0,0,1
TN,Tennessee,47,2023,South,East South Central,8,58,508.437,0.508437,0.36923700000000004,0.1392,0.41107401540379884,47.661771,42.06341,5.598361000000004,0.009299878826614701,0.0072674981814348895,8844.25,9721.75,27059.0,57641.5,151474.5,17122.25,10891.0,7027.75,9525.25,8056.25,5988.0,7723.5,8934.75,9581.0,27083.5,57293.0,153721.0,17106.75,9.08752280932996,9.182120922401285,10.205774946126926,10.961998073369577,11.92817257293301,9.748134066293838,0.6679383357527252,5.43,0.0525,3.16,2.56,10925,29515,10925.0,59315.0,5907.41362598104,32077.255989077046,72192.901875,35014.09236309601,8.68396338787606,10.375902521821903,75748,1.107233,1,1.321666,3.055209,20745.10057,4.0,0,1
TN,Tennessee,47,2024,South,East South Central,8,61,552.887,0.5528869999999999,0.508437,0.04444999999999988,0.4401157791238746,56.613435,47.661771,8.951664000000001,0.009299878826614701,0.0072674981814348895,8327.5,9169.5,26964.75,56064.75,161109.5,17293.5,12266.0,7284.0,9990.0,8833.75,6282.5,7758.75,8208.0,9038.75,26843.25,55735.0,162416.5,17326.25,9.027318570067834,9.123638038136889,10.202285736450767,10.934262551775078,11.989839537010537,9.758085987341119,0.6679383357527252,5.43,0.0525,3.16,2.56,10925,29515,10925.0,59315.0,5562.256490980819,30203.052746025845,69191.26,32968.29625504503,8.623759148613935,10.315698282559778,75748,0.0,1,1.343117,3.133236,22334.67948,4.0,0,1
TN,Tennessee,47,2025,South,East South Central,8,67,862.684,0.862684,0.5528869999999999,0.3097970000000001,0.6220184583382833,68.846515,56.613435,12.233079999999994,0.009299878826614701,0.0072674981814348895,,,,,,,,,,,,,,,,,,,,,,,,,0.6679383357527252,5.43,0.0525,3.16,2.56,10925,29515,10925.0,59315.0,,,,,,,75748,,0,1.370672,3.187575,23421.66031,,0,0
TX,Texas,48,2016,South,West South Central,4,175,2501.866,2.501866,,,1.2532959692823513,19.188207,,,0.13038560611734074,0.13887164631673435,33241.5,81601.25,166344.25,204296.75,702168.5,111209.75,7677.0,6869.0,8242.0,6369.0,4797.5,6148.25,33333.5,81881.75,168255.0,204563.5,705042.0,111621.0,10.411554374305013,11.30959985946232,12.021814715174434,12.227328872700717,13.461928682695747,11.61917333681108,0.73439794225511,5.9,0.231,3.17,2.79,60310,118530,60310.0,355910.0,24412.489197473238,144033.6862650921,257948.01525,152862.6970676189,10.10285013268502,11.877802483596694,86987,,0,,,,4.0,0,1
TX,Texas,48,2017,South,West South Central,4,188,2597.794,2.597794,2.501866,0.09592799999999979,1.28032087985925,21.661993,19.188207,2.4737860000000005,0.13038560611734074,0.13887164631673435,33959.5,80724.25,175926.25,203093.0,711826.75,109900.0,7971.25,7257.75,8504.0,6643.75,4908.75,6217.25,33817.0,80515.0,178765.25,202841.5,716791.0,109272.25,10.432923917113127,11.298794304781211,12.07782015211006,12.221419281194114,13.475589832133208,11.607326140391713,0.73439794225511,5.9,0.231,3.17,2.79,60310,118530,60310.0,355910.0,24939.786920012408,147144.7428280732,265230.239,156164.45590806083,10.124219675493135,11.899172026404809,86987,,0,,,,4.0,0,1
TX,Texas,48,2018,South,West South Central,4,195,2696.71,2.69671,2.597794,0.098916,1.307443234897778,23.91222,21.661993,2.2502270000000024,0.13038560611734074,0.13887164631673435,34883.5,78621.5,189525.5,203936.75,737759.75,107069.25,8263.25,7500.25,8940.25,6858.25,5088.0,6429.0,35123.5,78313.25,193460.0,204356.75,747048.75,107598.5,10.459769217025487,11.272400477908576,12.152278859095407,12.22556517573161,13.511373508576888,11.581231100364544,0.73439794225511,5.9,0.231,3.17,2.79,60310,118530,60310.0,355910.0,25618.37061865613,151148.38665007116,274746.053,160413.51603141506,10.151064975405495,11.926017326317169,86987,,0,,,,4.0,0,1
TX,Texas,48,2019,South,West South Central,4,202,3881.356,3.8813560000000003,2.69671,1.1846460000000003,1.5854230501191153,27.949233,23.91222,4.037012999999998,0.13038560611734074,0.13887164631673435,36459.75,76834.5,202054.0,207845.5,771711.25,108988.5,8733.75,7725.25,9026.5,7172.25,5256.0,6620.5,36768.5,76330.5,205721.0,207916.5,776964.0,108558.25,10.503964191379744,11.249409037017228,12.21629026739059,12.244550294217884,13.5563657305434,11.598997651058124,0.73439794225511,5.9,0.231,3.17,2.79,60310,118530,60310.0,355910.0,26775.965375135747,157978.19571330093,285655.8825,167661.9803381652,10.195259949759752,11.970212300671426,86987,,0,,,,4.0,0,1
TX,Texas,48,2020,South,West South Central,4,211,4080.823,4.080823,3.8813560000000003,0.1994669999999994,1.6254732563425478,30.331256,27.949233,2.3820230000000002,0.13038560611734074,0.13887164631673435,38276.5,76599.0,208639.0,200111.25,747389.75,98241.75,9664.75,8058.5,9415.5,8036.75,5332.25,6575.75,38444.25,76673.5,210968.5,196776.25,734494.5,94292.75,10.552591409829823,11.24633930081318,12.248360764764154,12.20662874088049,13.524342081730222,11.495186556740226,0.73439794225511,5.9,0.231,3.17,2.79,60310,118530,60310.0,355910.0,28110.18283672772,165850.07873669354,300404.84900000005,176016.39589996584,10.243887168209831,12.018839519121505,86987,86.264,1,,,,4.0,0,1
TX,Texas,48,2021,South,West South Central,4,222,4968.156,4.968156,4.080823,0.8873329999999999,1.7864380019700188,35.872858,30.331256,5.541602000000001,0.13038560611734074,0.13887164631673435,39565.0,77669.75,230717.25,206513.25,738787.75,93854.5,10464.25,8353.5,10309.25,8867.75,5548.75,6577.75,40515.5,78116.25,240285.5,211907.75,746999.25,95624.0,10.585700168043294,11.260221142662536,12.348948213798256,12.238119853973672,13.512765946227688,11.4495009897197,0.73439794225511,5.9,0.231,3.17,2.79,60310,118530,60310.0,355910.0,29056.454585323427,171433.08205340823,312699.47525,181941.62746808483,10.276995926423302,12.051948277334976,86987,85.505,1,,,,4.0,0,1
TX,Texas,48,2022,South,West South Central,4,252,6941.26,6.941260000000001,4.968156,1.973104000000001,2.0720719528454126,42.06341,35.872858,6.190551999999997,0.13038560611734074,0.13887164631673435,45712.5,79860.0,270893.75,229987.0,777332.75,100244.75,11074.5,8955.5,10383.0,9189.25,5930.25,6968.5,46935.25,80797.0,278340.75,234250.0,788511.5,101867.75,10.730127062457637,11.288030380617212,12.50948195656304,12.345778064568789,13.563623787355313,11.515369974720201,0.73439794225511,5.9,0.231,3.17,2.79,60310,118530,60310.0,355910.0,33571.165935336714,198069.87901848662,362406.07125000004,210211.21308314995,10.421422820837645,12.196375171749319,86987,80.172,1,1.2692,2.928036,19242.95845,4.0,0,1
TX,Texas,48,2023,South,West South Central,4,281,7950.301,7.9503010000000005,6.941260000000001,1.0090409999999999,2.1916871630061614,47.661771,42.06341,5.598361000000004,0.13038560611734074,0.13887164631673435,47499.5,80930.0,283221.25,236486.25,814133.0,111494.5,12257.0,9277.0,10802.5,9765.0,6211.0,7306.0,47132.25,80335.75,283484.25,234240.5,821475.0,114085.0,10.768474463651541,11.301339862489748,12.553983673297427,12.373645345689074,13.609879022301268,11.621730541311416,0.73439794225511,5.9,0.231,3.17,2.79,60310,118530,60310.0,355910.0,34883.5350581466,205812.85684306495,377659.6345,218428.82178491837,10.45977022203155,12.234722572943223,86987,290.971,1,1.321666,3.055209,20745.10057,4.0,0,1
TX,Texas,48,2024,South,West South Central,4,312,8942.662,8.942662,7.9503010000000005,0.9923609999999998,2.296834791655678,56.613435,47.661771,8.951664000000001,0.13038560611734074,0.13887164631673435,47316.0,78831.25,287097.25,227371.75,849993.5,118830.5,13304.5,9844.25,12017.5,10370.0,6527.25,7594.25,47337.75,78529.75,287720.0,226884.75,860202.25,120858.5,10.764603783665628,11.275064770835503,12.56757628751922,12.334341622150374,13.652983981378437,11.68545338696688,0.73439794225511,5.9,0.231,3.17,2.79,60310,118530,60310.0,355910.0,34748.773035742786,205017.76091088244,375638.97050000005,217584.9878751397,10.455899542045636,12.23085189295731,86987,211.179,1,1.343117,3.133236,22334.67948,4.0,0,1
TX,Texas,48,2025,South,West South Central,4,337,10980.776,10.980776,8.942662,2.038114,2.483303365213892,68.846515,56.613435,12.233079999999994,0.13038560611734074,0.13887164631673435,,,,,,,,,,,,,,,,,,,,,,,,,0.73439794225511,5.9,0.231,3.17,2.79,60310,118530,60310.0,355910.0,,,,,,,86987,,0,1.370672,3.187575,23421.66031,,0,0
UT,Utah,49,2016,West,Mountain,6,14,82.799,0.08279900000000001,,,0.07954935522599789,19.188207,,,0.004315098330969643,0.011758533767277262,5614.0,7843.75,23259.5,37160.5,90659.25,8625.0,4919.25,5173.25,6651.0,5557.0,3717.25,4651.75,5653.5,8003.5,23663.0,37516.25,91805.25,8566.75,8.633018756921828,8.967472315314195,10.054468929710914,10.523001648165563,11.414863251793514,9.062420241899561,0.7801662814610153,5.26,0.0252,2.9,2.5,9280,14210,9280.0,48810.0,4379.85350412214,23038.02943168246,36970.1983,24272.175927560318,8.384770556263687,10.044901583013306,86506,,0,,,,4.0,0,1
UT,Utah,49,2017,West,Mountain,6,15,84.788,0.084788,0.08279900000000001,0.0019889999999999908,0.0813845761959077,21.661993,19.188207,2.4737860000000005,0.004315098330969643,0.011758533767277262,5824.5,7679.5,24773.5,38853.0,95782.5,8722.0,5542.0,5284.25,7174.75,5726.25,3860.5,4858.75,5722.5,7629.0,25099.75,39102.75,97931.0,8893.25,8.669828437839831,8.946309719855684,10.117529812461134,10.567540572891696,11.469835275038527,9.073603848402712,0.7801662814610153,5.26,0.0252,2.9,2.5,9280,14210,9280.0,48810.0,4544.078506369684,23901.85294350454,38422.5108,25182.274437134856,8.421580237181692,10.08171126393131,86506,,0,,,,4.0,0,1
UT,Utah,49,2018,West,Mountain,6,18,223.129,0.223129,0.084788,0.138341,0.20141232947455767,23.91222,21.661993,2.2502270000000024,0.004315098330969643,0.011758533767277262,5416.25,7186.25,26492.75,38529.75,103611.0,8808.25,6103.25,5765.25,7601.0,6249.75,4029.25,5093.25,5473.0,7130.25,26961.75,38509.0,104712.5,8765.5,8.59715897305412,8.8799247569375,10.184626389637476,10.559185949148596,11.548398780777255,9.083444061287638,0.7801662814610153,5.26,0.0252,2.9,2.5,9280,14210,9280.0,48810.0,4225.575621963224,22226.52777152656,36752.0573,23417.202149563338,8.348910772395978,10.009041799145598,86506,,0,,,,4.0,0,1
UT,Utah,49,2019,West,Mountain,6,21,328.642,0.328642,0.223129,0.105513,0.2841573679727409,27.949233,23.91222,4.037012999999998,0.004315098330969643,0.011758533767277262,5755.5,7817.0,28465.75,40373.5,108646.75,9020.5,6321.25,5666.75,7891.5,6706.25,4180.5,5305.5,5816.5,7746.5,28816.0,40696.75,110635.0,9224.25,8.657911198355118,8.96405612822033,10.256456889184923,10.60592890813203,11.59585707267391,9.107255043892858,0.7801662814610153,5.26,0.0252,2.9,2.5,9280,14210,9280.0,48810.0,4490.247032948873,23618.69939331107,38743.3161,24883.952360362204,8.409662997696977,10.069794024446594,86506,,0,,,,4.0,0,1
UT,Utah,49,2020,West,Mountain,6,23,494.642,0.49464199999999997,0.328642,0.16599999999999998,0.40188671328341347,30.331256,27.949233,2.3820230000000002,0.004315098330969643,0.011758533767277262,5873.0,7315.5,29483.75,38298.75,114830.25,9666.25,7740.0,6293.5,8990.5,7709.5,4592.75,5588.0,6028.5,7109.5,29583.5,37754.5,116415.75,9683.75,8.67812085552252,8.897750663818217,10.291594543098086,10.553172537560418,11.651210229899277,9.176395715923245,0.7801662814610153,5.26,0.0252,2.9,2.5,9280,14210,9280.0,48810.0,4581.9165710205425,24100.881163568054,39843.839,25391.964592547516,8.42987265486438,10.090003681613997,86506,,0,,,,4.0,0,1
UT,Utah,49,2021,West,Mountain,6,26,604.642,0.604642,0.49464199999999997,0.11000000000000004,0.47290067874246655,35.872858,30.331256,5.541602000000001,0.004315098330969643,0.011758533767277262,6509.25,6547.75,30663.5,39864.0,121766.0,10057.75,8812.5,6859.25,9390.5,8670.25,4728.0,5968.25,6561.75,6493.25,31266.75,40942.75,123184.5,10193.25,8.780979521192464,8.786876758165343,10.330828301161732,10.593228939961241,11.709856449148182,9.21609876058685,0.7801662814610153,5.26,0.0252,2.9,2.5,9280,14210,9280.0,48810.0,5078.297367600114,26711.844153576596,43718.8572,28142.796785976487,8.532731320534323,10.192862347283942,86506,,0,,,,4.0,0,1
UT,Utah,49,2022,West,Mountain,6,31,746.882,0.7468819999999999,0.604642,0.14223999999999992,0.5578324845089333,42.06341,35.872858,6.190551999999997,0.004315098330969643,0.011758533767277262,8452.0,5562.25,36132.25,44512.25,129605.0,10753.0,10580.5,6380.25,10449.75,8755.0,4963.5,6251.25,8535.5,5486.75,36598.0,44817.5,130991.5,10964.0,9.042158378735948,8.623757981644268,10.494941097320302,10.703519711170374,11.772246642403026,9.282940064390527,0.7801662814610153,5.26,0.0252,2.9,2.5,9280,14210,9280.0,48810.0,6593.965410908501,34684.258061378714,55509.4651,36542.29265047022,8.793910178077807,10.454041204827424,86506,,0,1.2692,2.928036,19242.95845,4.0,0,1
UT,Utah,49,2023,West,Mountain,6,33,748.376,0.7483759999999999,0.7468819999999999,0.0014939999999999953,0.5586873570768441,47.661771,42.06341,5.598361000000004,0.004315098330969643,0.011758533767277262,7969.75,5238.25,36219.0,42998.5,133351.0,12053.5,9979.5,6981.0,11511.0,8952.0,5184.0,6569.75,7834.75,5157.25,35755.5,42333.75,134463.5,12368.5,8.98340840366368,8.563742752069217,10.497339122000497,10.668920510346318,11.80074002864466,9.397110353176034,0.7801662814610153,5.26,0.0252,2.9,2.5,9280,14210,9280.0,48810.0,6217.730221673926,32705.26096600485,53543.8621,34457.28074433093,8.735160203005538,10.395291229755157,86506,,0,1.321666,3.055209,20745.10057,4.0,0,1
UT,Utah,49,2024,West,Mountain,6,35,755.074,0.7550739999999999,0.7483759999999999,0.006697999999999982,0.5625110212710656,56.613435,47.661771,8.951664000000001,0.004315098330969643,0.011758533767277262,7866.5,5075.25,34684.0,41164.25,137908.75,13048.25,11104.25,6948.75,12193.5,9819.5,5576.25,7083.75,7836.5,5048.0,34738.0,41022.25,139220.75,13183.75,8.970368515680478,8.532131063780444,10.454033764497051,10.625325440205444,11.834347513545064,9.476409304141823,0.7801662814610153,5.26,0.0252,2.9,2.5,9280,14210,9280.0,48810.0,6137.178053113077,32281.556559374785,52896.416,34010.87850626171,8.722120315022337,10.382251341771955,86506,,0,1.343117,3.133236,22334.67948,4.0,0,1
UT,Utah,49,2025,West,Mountain,6,38,934.759,0.934759,0.7550739999999999,0.1796850000000001,0.6599827709214059,68.846515,56.613435,12.233079999999994,0.004315098330969643,0.011758533767277262,,,,,,,,,,,,,,,,,,,,,,,,,0.7801662814610153,5.26,0.0252,2.9,2.5,9280,14210,9280.0,48810.0,,,,,,,86506,,0,1.370672,3.187575,23421.66031,,0,0
VA,Virginia,51,2016,South,South Atlantic,6,140,2006.051,2.006051,,,1.1006272572547249,19.188207,,,0.10454603705286272,0.1331307732129894,11038.75,25559.0,156914.25,69401.25,185764.5,17883.0,9801.5,9274.5,9338.5,7787.5,4188.0,5398.25,11013.25,25527.25,157856.0,69133.25,187197.0,18132.25,9.309167088783012,10.148744784095449,11.963454756776772,11.147660157860068,12.132235021444504,9.791605819888035,0.7795986261110186,5.02,0.0606,2.57,2.15,21750,33415,21750.0,109110.0,8605.794333983007,43201.08755659469,72978.5563,45634.04322261168,9.060191015132855,10.673620948836492,86747,,0,,,,4.0,0,1
VA,Virginia,51,2017,South,South Atlantic,6,158,2428.594,2.428594,2.006051,0.4225430000000001,1.2321502646042957,21.661993,19.188207,2.4737860000000005,0.10454603705286272,0.1331307732129894,10868.25,25374.0,160190.25,68800.25,192412.75,19520.25,10008.0,9064.5,9514.5,7840.5,4374.0,5605.5,10873.5,25223.75,161056.75,68731.5,193707.0,19813.5,9.293600973594144,10.141480306700544,11.984117450341044,11.138962657635764,12.167398083209372,9.879207667262119,0.7795986261110186,5.02,0.0606,2.57,2.15,21750,33415,21750.0,109110.0,8472.872768231078,42533.82129652001,72975.57615,44929.19852828893,9.044624899943985,10.658054833647624,86747,,0,,,,4.0,0,1
VA,Virginia,51,2018,South,South Atlantic,6,170,3016.485,3.0164850000000003,2.428594,0.5878910000000004,1.3904071420299602,23.91222,21.661993,2.2502270000000024,0.10454603705286272,0.1331307732129894,10620.5,24899.25,164370.75,68490.0,196999.5,20543.0,10085.5,8981.0,9818.75,7946.0,4530.25,5783.25,10708.75,24651.75,165332.75,68028.0,198374.75,20666.0,9.270541374666939,10.12259296151724,12.009879826066598,11.134443028191951,12.190956469645839,9.930275529292512,0.7795986261110186,5.02,0.0606,2.57,2.15,21750,33415,21750.0,109110.0,8279.727208612074,41564.23058723261,72869.0756,43905.003378620524,9.021565301016782,10.634995234720419,86747,,0,,,,4.0,0,1
VA,Virginia,51,2019,South,South Atlantic,6,195,3720.903,3.720903,3.0164850000000003,0.7044179999999995,1.5520000948586807,27.949233,23.91222,4.037012999999998,0.10454603705286272,0.1331307732129894,13353.25,22017.75,164770.25,68727.25,201729.25,21253.0,10801.5,9425.0,10176.5,8462.5,4796.25,6119.75,13625.5,21760.25,165797.5,68910.5,202723.25,21331.75,9.499515079893186,9.999604225219443,12.01230735831682,11.137901051675414,12.214681730780807,9.964253340858692,0.7795986261110186,5.02,0.0606,2.57,2.15,21750,33415,21750.0,109110.0,10410.175354116958,52259.080277667126,86939.74839999998,55202.154923550166,9.250539006243027,10.863968939946664,86747,,0,,,,4.0,0,1
VA,Virginia,51,2020,South,South Atlantic,6,201,4071.367,4.071367,3.720903,0.35046400000000055,1.6236104065072858,30.331256,27.949233,2.3820230000000002,0.10454603705286272,0.1331307732129894,14283.75,21502.25,167117.5,67137.25,202066.25,21764.25,10520.75,10090.5,10525.75,9063.0,4950.25,6351.25,14502.75,21296.0,167858.0,66284.5,201859.75,21849.0,9.566877806460923,9.975912859802994,12.026452436807881,11.114494310505423,12.21635089290987,9.988023994398876,0.7795986261110186,5.02,0.0606,2.57,2.15,21750,33415,21750.0,109110.0,11135.591875713262,55900.67121608057,92721.82304999999,59048.8293403673,9.317901732810766,10.931331666514403,86747,110.5,1,,,,4.0,0,1
VA,Virginia,51,2021,South,South Atlantic,6,229,4780.28,4.780279999999999,4.071367,0.708912999999999,1.7544521244175406,35.872858,30.331256,5.541602000000001,0.10454603705286272,0.1331307732129894,14990.0,20458.75,172591.5,67084.0,204134.25,21786.0,12565.25,10554.25,11139.75,10266.75,5169.0,6634.0,15280.25,20211.5,173672.0,67853.75,204612.75,21574.5,9.615138591096644,9.926165942820093,12.05868280960536,11.113700844451518,12.226533144616539,9.989022840642392,0.7795986261110186,5.02,0.0606,2.57,2.15,21750,33415,21750.0,109110.0,11686.183405404168,58664.64069512892,97533.49565,61968.45728972475,9.366162517446485,10.979592451150124,86747,124.5,1,,,,4.0,0,1
VA,Virginia,51,2022,South,South Atlantic,6,248,5316.092,5.316091999999999,4.780279999999999,0.535812,1.8431006624684372,42.06341,35.872858,6.190551999999997,0.10454603705286272,0.1331307732129894,17217.75,19879.25,175298.25,70814.75,207065.5,22005.5,11636.0,10920.75,11433.5,10022.75,5478.5,7110.75,17644.5,19780.5,175990.5,71417.5,208739.25,22433.0,9.75369610742379,9.89743175314076,12.074244087973016,11.167822591316769,12.240790447316408,9.99904770109566,0.7795986261110186,5.02,0.0606,2.57,2.15,21750,33415,21750.0,109110.0,13422.93424472299,67383.1299085094,112479.19709999999,71177.9456637864,9.504720033773634,11.11814996747727,86747,135.9,1,1.2692,2.928036,19242.95845,4.0,0,1
VA,Virginia,51,2023,South,South Atlantic,6,277,6466.101,6.466101,5.316091999999999,1.1500090000000007,2.0103729083944604,47.661771,42.06341,5.598361000000004,0.10454603705286272,0.1331307732129894,18386.75,19770.5,174327.75,72327.5,212277.25,23224.75,12519.75,11492.75,12034.25,10759.0,5927.0,7708.5,18535.75,19563.25,173582.5,71977.0,213107.0,23276.5,9.819385575498618,9.89194620668957,12.06869242709744,11.1889596954412,12.26564848226964,10.052973799361457,0.7795986261110186,5.02,0.0606,2.57,2.15,21750,33415,21750.0,109110.0,14334.28503864677,71958.11089400678,119620.70734999998,76010.57585536,9.570409501848461,11.183839435552098,86747,750.4,1,1.321666,3.055209,20745.10057,4.0,0,1
VA,Virginia,51,2024,South,South Atlantic,6,314,8239.624,8.239624,6.466101,1.773522999999999,2.223501192184932,56.613435,47.661771,8.951664000000001,0.10454603705286272,0.1331307732129894,19382.75,18775.5,173257.75,71449.25,216719.0,24374.5,14521.25,11974.25,12872.25,11652.5,6189.75,8116.75,19501.25,18504.25,173124.25,71204.5,218513.0,24662.5,9.872138774242874,9.840308107436188,12.06253564909639,11.176742686451977,12.286356862499531,10.101292782835145,0.7795986261110186,5.02,0.0606,2.57,2.15,21750,33415,21750.0,109110.0,15110.765270253345,75856.04165667179,124303.07325,80128.02638641844,9.623162700592717,11.236592634296354,86747,732.8,1,1.343117,3.133236,22334.67948,4.0,0,1
VA,Virginia,51,2025,South,South Atlantic,6,354,11647.132,11.647132,8.239624,3.407508,2.5374304701012194,68.846515,56.613435,12.233079999999994,0.10454603705286272,0.1331307732129894,,,,,,,,,,,,,,,,,,,,,,,,,0.7795986261110186,5.02,0.0606,2.57,2.15,21750,33415,21750.0,109110.0,,,,,,,86747,,0,1.370672,3.187575,23421.66031,,0,0
VT,Vermont,50,2016,Northeast,New England,3,1,2.534,0.002534,,,0.0025307948354495115,19.188207,,,0.00013206028056712125,9.066438424267313e-05,226.25,1036.75,3764.0,4646.5,15425.5,1378.75,5313.0,6386.25,7314.25,4487.75,3698.0,5179.0,226.25,1018.5,3807.25,4612.25,15397.0,1356.0,5.421640582580036,6.943846099126491,8.23323750070527,8.443869526997394,9.643777263159096,7.2289325705677125,0.5478204991837915,4.84,0.0054,3.42,2.6,690,3095,690.0,3340.0,123.94438794033283,599.8908376312108,2718.5492,702.1964496908781,4.819832980653696,6.396747701382236,70131,,0,,,,4.0,0,1
VT,Vermont,50,2017,Northeast,New England,3,1,2.534,0.002534,0.002534,0.0,0.0025307948354495115,21.661993,19.188207,2.4737860000000005,0.00013206028056712125,9.066438424267313e-05,226.75,928.25,4112.75,4505.5,15373.0,1358.75,5733.5,6914.75,7511.0,4676.0,3830.0,5591.5,230.25,891.0,4144.75,4464.75,15453.25,1377.25,5.423848088995246,6.833301093057189,8.32184718349953,8.413054151675093,9.640368002912599,7.214320438435419,0.5478204991837915,4.84,0.0054,3.42,2.6,690,3095,690.0,3340.0,124.21829818992472,601.2165632392356,2796.0494500000004,703.7482650493109,4.822040487068906,6.398955207797447,70131,,0,,,,4.0,0,1
VT,Vermont,50,2018,Northeast,New England,3,1,2.534,0.002534,0.002534,0.0,0.0025307948354495115,23.91222,21.661993,2.2502270000000024,0.00013206028056712125,9.066438424267313e-05,255.0,905.25,4140.0,4391.25,15520.5,1369.0,5705.25,7435.0,7975.75,4784.25,3897.5,5484.0,263.5,910.25,4131.75,4358.25,15513.25,1348.25,5.541263545158426,6.808211148645751,8.32845106681936,8.387369203580036,9.649917009713114,7.221835825288449,0.5478204991837915,4.84,0.0054,3.42,2.6,690,3095,690.0,3340.0,139.69422729186684,676.1200600926355,3032.6241,791.4258328007687,4.939455943232087,6.516370663960627,70131,,0,,,,4.0,0,1
VT,Vermont,50,2019,Northeast,New England,3,1,2.534,0.002534,0.002534,0.0,0.0025307948354495115,27.949233,23.91222,4.037012999999998,0.00013206028056712125,9.066438424267313e-05,338.0,847.75,4203.25,4304.75,15525.25,1337.0,5645.75,7651.0,8705.25,4914.75,4019.5,5776.75,340.75,836.75,4203.25,4281.0,15510.75,1338.5,5.823045895483019,6.742585781005748,8.343613314559038,8.367474343166295,9.650223009731608,7.198183577101943,0.5478204991837915,4.84,0.0054,3.42,2.6,690,3095,690.0,3340.0,185.16332872412153,896.1905110247482,3480.04295,1049.0271823006267,5.221238293556679,6.798153014285219,70131,,0,,,,4.0,0,1
VT,Vermont,50,2020,Northeast,New England,3,2,2.984,0.002984,0.002534,0.0004500000000000003,0.002979556708992489,30.331256,27.949233,2.3820230000000002,0.00013206028056712125,9.066438424267313e-05,345.75,809.25,4189.5,4001.75,14830.75,1246.25,5494.0,7995.5,8947.75,5291.25,4086.0,5694.25,346.25,799.0,4199.5,3926.25,14719.75,1212.5,5.845715970544868,6.696107892806354,8.340336674053342,8.294487044426807,9.604458007015706,7.127894321276048,0.5478204991837915,4.84,0.0054,3.42,2.6,690,3095,690.0,3340.0,189.40893759279592,916.7392579491323,3621.53265,1073.0803203563364,5.243908368618528,6.820823089347068,70131,,0,,,,4.0,0,1
VT,Vermont,50,2021,Northeast,New England,3,2,2.984,0.002984,0.002984,0.0,0.002979556708992489,35.872858,30.331256,5.541602000000001,0.00013206028056712125,9.066438424267313e-05,348.0,768.0,4366.5,4057.75,15092.25,1224.25,7652.5,7662.0,9666.75,5702.75,4373.0,5768.75,361.75,757.0,4436.0,4123.25,15208.25,1226.5,5.8522024797744745,6.643789733147672,8.381717051853787,8.30838391178518,9.621936646014587,7.110083690582427,0.5478204991837915,4.84,0.0054,3.42,2.6,690,3095,690.0,3340.0,190.64153371595944,922.7050231852437,3749.06265,1080.0634894692844,5.250394877848135,6.827309598576675,70131,,0,,,,4.0,0,1
VT,Vermont,50,2022,Northeast,New England,3,2,2.984,0.002984,0.002984,0.0,0.002979556708992489,42.06341,35.872858,6.190551999999997,0.00013206028056712125,9.066438424267313e-05,428.25,767.75,4442.5,4414.0,15386.5,1235.0,8482.0,7858.25,10684.5,6205.5,4638.0,6266.5,439.25,775.25,4483.5,4483.0,15402.0,1243.75,6.05970713720423,6.643464159320931,8.398972560028806,8.392536586816682,9.641245780566125,7.118826249062078,0.5478204991837915,4.84,0.0054,3.42,2.6,690,3095,690.0,3340.0,234.60412877545872,1135.4839832732202,4484.332200000001,1329.1298544977615,5.45789953527789,7.03481425600643,70131,,0,1.2692,2.928036,19242.95845,4.0,0,1
VT,Vermont,50,2023,Northeast,New England,3,2,2.984,0.002984,0.002984,0.0,0.002979556708992489,47.661771,42.06341,5.598361000000004,0.00013206028056712125,9.066438424267313e-05,482.0,797.75,4687.0,4629.5,15642.75,1258.5,8686.25,8303.75,11177.5,6762.0,4976.75,6870.0,491.25,800.25,4670.0,4645.75,15788.0,1258.25,6.1779441140506,6.681795265158353,8.452547997922705,8.440204149888102,9.657762829844854,7.1376758145753705,0.5478204991837915,4.84,0.0054,3.42,2.6,690,3095,690.0,3340.0,264.0494806065875,1277.9994861358834,4863.951800000001,1495.950005529296,5.576136512124261,7.153051232852801,70131,,0,1.321666,3.055209,20745.10057,4.0,0,1
VT,Vermont,50,2024,Northeast,New England,3,2,2.984,0.002984,0.002984,0.0,0.002979556708992489,56.613435,47.661771,8.951664000000001,0.00013206028056712125,9.066438424267313e-05,474.0,787.75,4510.5,4619.25,16079.5,1292.0,9777.5,8327.25,11981.75,7188.25,5307.75,7068.75,480.0,779.25,4481.5,4605.5,16106.25,1283.5,6.161207321695077,6.669180780637384,8.414163291096694,8.437987633235263,9.685300447722149,7.163946684342547,0.5478204991837915,4.84,0.0054,3.42,2.6,690,3095,690.0,3340.0,259.66691661311717,1256.7878764074871,4802.3565,1471.12095979437,5.559399719768737,7.136314440497277,70131,,0,1.343117,3.133236,22334.67948,4.0,0,1
VT,Vermont,50,2025,Northeast,New England,3,2,2.984,0.002984,0.002984,0.0,0.002979556708992489,68.846515,56.613435,12.233079999999994,0.00013206028056712125,9.066438424267313e-05,,,,,,,,,,,,,,,,,,,,,,,,,0.5478204991837915,4.84,0.0054,3.42,2.6,690,3095,690.0,3340.0,,,,,,,70131,,0,1.370672,3.187575,23421.66031,,0,0
WA,Washington,53,2016,West,Pacific,2,69,1022.591,1.022591,,,0.7043793627578486,19.188207,,,0.05329268128074708,0.04925956286528507,9019.0,21661.0,51220.5,127577.75,172505.0,18552.0,8894.5,8494.25,8979.0,11870.0,4762.5,6415.75,9097.5,21646.25,51815.5,129333.75,176164.5,18835.5,9.107088742165708,9.983268687540978,10.843895121517662,11.756481261647329,12.058181500540726,9.828332878935367,0.7801662814610153,5.26,0.0252,2.9,2.5,9280,14210,9280.0,48810.0,7036.319692496897,37011.041582533675,54794.692299999995,38993.72189003679,8.858840541507567,10.518971568257186,108468,,0,,,,4.0,0,1
WA,Washington,53,2017,West,Pacific,2,71,1066.341,1.066341,1.022591,0.043749999999999956,0.7257794103206405,21.661993,19.188207,2.4737860000000005,0.05329268128074708,0.04925956286528507,11096.25,21462.5,53858.0,134427.25,186269.0,20733.75,9166.5,8913.25,9382.5,12837.5,4925.75,6611.0,11128.0,21364.5,54443.25,135765.0,189246.5,21112.5,9.314362492382529,9.974062505205731,10.894106232367553,11.80877843949577,12.13494714446161,9.939518086320252,0.7801662814610153,5.26,0.0252,2.9,2.5,9280,14210,9280.0,48810.0,8656.920100661791,45535.39972948102,66019.0677,47974.72962881924,9.066114291724388,10.726245318474007,108468,,0,,,,4.0,0,1
WA,Washington,53,2018,West,Pacific,2,77,1264.367,1.264367,1.066341,0.19802600000000004,0.8172952496772484,23.91222,21.661993,2.2502270000000024,0.05329268128074708,0.04925956286528507,11518.25,20766.75,56595.5,140317.0,198763.0,22433.75,11664.25,9616.75,10159.25,14577.75,5216.0,7037.25,11543.25,20676.0,57581.0,141124.5,201776.25,22783.0,9.351688012988209,9.941108428940474,10.943684755730207,11.851659427673926,12.199868439182547,10.018321800343486,0.7801662814610153,5.26,0.0252,2.9,2.5,9280,14210,9280.0,48810.0,8986.150271438339,47267.15042776566,68694.8069,49799.25015632733,9.103439812330068,10.763570839079687,108468,,0,,,,4.0,0,1
WA,Washington,53,2019,West,Pacific,2,80,1376.767,1.376767,1.264367,0.11240000000000006,0.8657411608558049,27.949233,23.91222,4.037012999999998,0.05329268128074708,0.04925956286528507,13382.25,20125.0,57849.0,148345.25,206529.5,23526.0,14281.75,10357.75,10887.0,15439.0,5416.75,7343.25,13718.25,19832.0,58279.0,151668.75,207578.75,23577.5,9.501684480979648,9.909718102286764,10.965591446387714,11.907297606332069,12.238198538322973,10.065861471520387,0.7801662814610153,5.26,0.0252,2.9,2.5,9280,14210,9280.0,48810.0,10440.380220081672,54916.39995762959,78667.82699999999,57858.269737547926,9.253436280321507,10.913567307071125,108468,,0,,,,4.0,0,1
WA,Washington,53,2020,West,Pacific,2,81,1329.968,1.329968,1.376767,-0.046799000000000035,0.8458545335777189,30.331256,27.949233,2.3820230000000002,0.05329268128074708,0.04925956286528507,13599.25,18870.0,59391.25,156172.5,200898.0,23094.75,15792.5,11597.0,11973.0,18011.5,5542.25,7601.75,13977.25,18741.5,60005.5,157229.75,200877.25,22690.25,9.517769923144664,9.845328638362595,10.991902188102777,11.958716444549959,12.21055259555188,10.047360597952252,0.7801662814610153,5.26,0.0252,2.9,2.5,9280,14210,9280.0,48810.0,10609.676303158712,55806.897354614826,80289.2125,58796.47105145612,9.269521722486523,10.929652749236142,108468,33.39,1,,,,4.0,0,1
WA,Washington,53,2021,West,Pacific,2,86,1469.552,1.469552,1.329968,0.13958399999999993,0.9040367576709574,35.872858,30.331256,5.541602000000001,0.05329268128074708,0.04925956286528507,15220.0,18800.5,64393.5,166091.0,210224.25,22778.25,17584.5,10696.5,13844.0,20754.75,5896.75,8111.25,15561.25,18667.75,66842.75,169696.5,212402.75,22734.25,9.630365631415676,9.84163874420906,11.072767975321481,12.020291109906998,12.255930097088598,10.033561412276745,0.7801662814610153,5.26,0.0252,2.9,2.5,9280,14210,9280.0,48810.0,11874.130803836653,62457.928028180795,89317.8913,65803.79722434415,9.382117430757535,11.042248457507155,108468,54.77,1,,,,4.0,0,1
WA,Washington,53,2022,West,Pacific,2,90,1629.715,1.629715,1.469552,0.16016300000000006,0.966875475298749,42.06341,35.872858,6.190551999999997,0.05329268128074708,0.04925956286528507,24861.0,18180.0,74053.75,182054.75,217746.75,22841.5,17898.5,11926.5,13895.0,18948.75,6211.5,8393.25,25174.25,17955.5,75206.0,184437.75,218700.5,22942.0,10.121055589517152,9.80807736773147,11.212546459872183,12.112062744996237,12.291087969230231,10.036334335869178,0.7801662814610153,5.26,0.0252,2.9,2.5,9280,14210,9280.0,48810.0,19395.7139234023,102021.4552370961,141407.2983,107486.74131369381,9.87280738885901,11.53293841560863,108468,73.855,1,1.2692,2.928036,19242.95845,4.0,0,1
WA,Washington,53,2023,West,Pacific,2,98,1829.243,1.829243,1.629715,0.19952799999999993,1.0400091847069255,47.661771,42.06341,5.598361000000004,0.05329268128074708,0.04925956286528507,23492.25,17278.75,72635.75,182074.75,217178.0,23153.0,19694.0,11806.5,15915.0,20808.75,6564.0,8761.0,22809.5,17112.0,71891.75,178834.75,215708.5,22854.0,10.06442585850644,9.757232701778568,11.193212503854282,12.112172596024621,12.288472572777389,10.049879640751199,0.7801662814610153,5.26,0.0252,2.9,2.5,9280,14210,9280.0,48810.0,18327.861325652535,96404.55057293233,134801.0451,101568.93924727982,9.816177657848298,11.476308684597917,108468,75.79,1,1.321666,3.055209,20745.10057,4.0,0,1
WA,Washington,53,2024,West,Pacific,2,103,1900.304,1.900304,1.829243,0.07106100000000004,1.0648155590846078,56.613435,47.661771,8.951664000000001,0.05329268128074708,0.04925956286528507,22821.0,16161.75,69132.0,173738.5,211156.25,22076.25,24342.25,11631.0,16514.0,24927.5,6732.5,9231.75,22700.75,15871.0,68965.0,173572.25,210037.75,21850.25,10.03543644366541,9.690402618291131,11.143772999520383,12.06530657418622,12.260353659734585,10.00225764901058,0.7801662814610153,5.26,0.0252,2.9,2.5,9280,14210,9280.0,48810.0,17804.17470922183,93649.9589705068,131180.2326,98666.784261285,9.78718824300727,11.447319269756889,108468,92.253,1,1.343117,3.133236,22334.67948,4.0,0,1
WA,Washington,53,2025,West,Pacific,2,106,2110.481,2.110481,1.900304,0.21017700000000006,1.1347773766115712,68.846515,56.613435,12.233079999999994,0.05329268128074708,0.04925956286528507,,,,,,,,,,,,,,,,,,,,,,,,,0.7801662814610153,5.26,0.0252,2.9,2.5,9280,14210,9280.0,48810.0,,,,,,,108468,,0,1.370672,3.187575,23421.66031,,0,0
WI,Wisconsin,55,2016,Midwest,East North Central,4,22,41.196,0.041195999999999997,,,0.04037005240980279,19.188207,,,0.002146943693071479,0.0014922055285023386,8285.75,10814.25,22172.5,50425.25,113329.5,15783.0,5954.5,5091.25,6822.25,5727.0,4526.5,5794.25,8287.0,10753.0,22432.5,50316.75,114207.0,15854.25,9.02229245080878,9.288619987854865,10.006608061250608,10.828247320668329,11.638054783822794,9.666688690398917,0.6805071432232548,4.96,0.0441,2.6,2.11,9740,24850,9740.0,48275.0,5638.512061962083,27967.019827331933,54000.47285,30614.25776536985,8.637375490884754,10.23878123162159,75605,,0,,,,4.0,0,1
WI,Wisconsin,55,2017,Midwest,East North Central,4,21,39.396,0.039396,0.041195999999999997,-0.001799999999999996,0.03863977521073745,21.661993,19.188207,2.4737860000000005,0.002146943693071479,0.0014922055285023386,8058.25,10552.5,23420.5,49548.25,117735.5,15875.5,6129.0,5529.0,7027.0,5940.75,4638.75,5866.25,8064.0,10382.5,23603.75,49193.25,119046.0,15943.25,8.99445169033828,9.264118077656654,10.06136698619794,10.810702221273697,11.676195862045503,9.672532319327894,0.6805071432232548,4.96,0.0441,2.6,2.11,9740,24850,9740.0,48275.0,5483.696686878793,27199.135566918812,53495.283025,29773.68888004002,8.609534730414254,10.210940471151089,75605,,0,,,,4.0,0,1
WI,Wisconsin,55,2018,Midwest,East North Central,4,21,39.396,0.039396,0.039396,0.0,0.03863977521073745,23.91222,21.661993,2.2502270000000024,0.002146943693071479,0.0014922055285023386,8567.5,10109.5,24130.5,48424.75,122653.0,16353.75,6305.0,5543.5,7116.75,6133.5,4799.25,6020.25,8555.25,10066.25,24208.5,48281.25,123494.75,16426.25,9.055731253748764,9.221230854807356,10.091231879498473,10.787766325639257,11.717114509232585,9.702212507825086,0.6805071432232548,4.96,0.0441,2.6,2.11,9740,24850,9740.0,48275.0,5830.244949565235,28918.014949843568,56815.348900000005,31655.27000027833,8.670814293824737,10.272220034561572,75605,,0,,,,4.0,0,1
WI,Wisconsin,55,2019,Midwest,East North Central,4,23,41.706,0.041706,0.039396,0.0023099999999999996,0.04085975380736429,27.949233,23.91222,4.037012999999998,0.002146943693071479,0.0014922055285023386,8751.25,10015.5,24379.75,48595.75,124305.0,16624.75,6819.0,5739.5,7332.25,6623.25,4931.5,6198.5,8850.25,9902.0,24442.0,48597.5,125091.25,16711.75,9.076951826291408,9.211889171966034,10.101508148675878,10.791291357505067,11.730493501951253,9.718647827817005,0.6805071432232548,4.96,0.0441,2.6,2.11,9740,24850,9740.0,48275.0,5955.288137132508,29538.22916017724,58095.5131,32334.191023044736,8.69203486636738,10.293440607104216,75605,,0,,,,4.0,0,1
WI,Wisconsin,55,2020,Midwest,East North Central,4,23,41.706,0.041706,0.041706,0.0,0.04085975380736429,30.331256,27.949233,2.3820230000000002,0.002146943693071479,0.0014922055285023386,9009.75,9453.0,24637.75,46237.5,125510.75,16309.5,7129.5,6167.0,7486.0,7220.5,5095.75,6310.75,8965.5,9332.5,24909.5,44708.0,125471.5,16141.75,9.106062603269594,9.154087430425385,10.112035098542929,10.741546436140709,11.740146691256111,9.699503039105913,0.6805071432232548,4.96,0.0441,2.6,2.11,9740,24850,9740.0,48275.0,6131.19923365572,30410.748198932368,60215.782575000005,33289.29896527665,8.721145643345567,10.322551384082402,75605,,0,,,,4.0,0,1
WI,Wisconsin,55,2021,Midwest,East North Central,4,24,42.606,0.042606000000000005,0.041706,0.000900000000000005,0.04172334817896945,35.872858,30.331256,5.541602000000001,0.002146943693071479,0.0014922055285023386,9246.75,9026.0,26463.0,43751.25,128589.0,16033.75,7358.0,6192.75,7995.25,7729.0,5322.5,6513.0,9168.25,8944.25,26861.25,43968.5,129663.5,15955.5,9.132027417416772,9.107864580386947,10.183502809926877,10.686275462806176,11.764376550579764,9.68245115461406,0.6805071432232548,4.96,0.0441,2.6,2.11,9740,24850,9740.0,48275.0,6292.479426599632,31210.69795593417,62333.5101,34164.96852933454,8.747110457492745,10.34851619822958,75605,,0,,,,4.0,0,1
WI,Wisconsin,55,2022,Midwest,East North Central,4,26,52.294,0.052294,0.042606000000000005,0.009687999999999995,0.05097254295230844,42.06341,35.872858,6.190551999999997,0.002146943693071479,0.0014922055285023386,9136.0,8867.0,28369.75,45038.5,133140.25,16372.25,8333.0,6523.75,8709.5,8885.75,5583.25,6934.5,9109.25,8897.5,28692.5,45391.25,134648.0,16762.25,9.119977931895791,9.090091799380007,10.253078715638585,10.715272958528972,11.79915836287563,9.703343107468834,0.6805071432232548,4.96,0.0441,2.6,2.11,9740,24850,9740.0,48275.0,6217.113260487656,30836.881772018773,64625.299524999995,33755.76851153112,8.735060971971764,10.3364667127086,75605,,0,1.2692,2.928036,19242.95845,4.0,0,1
WI,Wisconsin,55,2023,Midwest,East North Central,4,30,55.859,0.055859,0.052294,0.0035649999999999987,0.05435465364184418,47.661771,42.06341,5.598361000000004,0.002146943693071479,0.0014922055285023386,8823.0,8897.25,28766.5,46071.75,138495.75,17773.5,8749.0,6755.75,9093.5,8765.5,5902.25,7388.5,8719.5,8787.5,28690.25,45955.0,139441.0,17890.75,9.085117227222105,9.093497519209322,10.266966794643867,10.7379552428825,11.83859491821813,9.785463862924905,0.6805071432232548,4.96,0.0441,2.6,2.11,9740,24850,9740.0,48275.0,6004.114524658777,29780.408042307532,64064.66160000001,32599.29351764876,8.700200267298078,10.301606008034913,75605,,0,1.321666,3.055209,20745.10057,4.0,0,1
WI,Wisconsin,55,2024,Midwest,East North Central,4,32,173.984,0.173984,0.055859,0.11812500000000001,0.16040309269293193,56.613435,47.661771,8.951664000000001,0.002146943693071479,0.0014922055285023386,8801.25,8533.0,28278.0,45408.75,141565.0,18111.25,9507.75,7133.5,9559.25,9364.75,6190.75,7741.0,8750.0,8388.75,28050.25,45087.75,142604.0,18158.0,9.082649035833343,9.051696278536586,10.249839396151787,10.723460096736686,11.860514254547704,9.804288571134933,0.6805071432232548,4.96,0.0441,2.6,2.11,9740,24850,9740.0,48275.0,5989.313494293671,29706.99493169661,63770.573025,32518.931437402938,8.697732075909316,10.299137816646152,75605,,0,1.343117,3.133236,22334.67948,4.0,0,1
WI,Wisconsin,55,2025,Midwest,East North Central,4,33,290.984,0.29098399999999996,0.173984,0.11699999999999997,0.25540471829428946,68.846515,56.613435,12.233079999999994,0.002146943693071479,0.0014922055285023386,,,,,,,,,,,,,,,,,,,,,,,,,0.6805071432232548,4.96,0.0441,2.6,2.11,9740,24850,9740.0,48275.0,,,,,,,75605,,0,1.370672,3.187575,23421.66031,,0,0
WV,West Virginia,54,2016,South,South Atlantic,5,0,0.0,0.0,,,0.0,19.188207,,,0.0,0.0,1017.0,3681.0,3405.0,9952.0,31060.25,3979.0,4877.75,5726.75,6117.5,4178.0,3790.5,3967.0,1031.25,3672.0,3472.5,9953.25,30767.5,3928.5,6.92461239604856,8.210939733379021,8.133000218583613,9.20552881497896,10.343684145607826,8.288785810426928,0.6178716621623345,4.26,0.0096,3.11,2.6,1635,5495,1635.0,6975.0,628.3754804190942,2676.879546585341,7211.0496,3065.504066166247,6.443137886554471,7.89240704683575,60783,,0,,,,4.0,0,1
WV,West Virginia,54,2017,South,South Atlantic,5,0,0.0,0.0,0.0,0.0,0.0,21.661993,19.188207,2.4737860000000005,0.0,0.0,833.75,3433.5,3805.0,9200.5,31902.75,3945.0,4801.25,5812.25,6183.5,4057.25,4069.0,4218.25,826.0,3331.75,3842.75,8966.5,32557.75,3987.0,6.725933597229833,8.141335428060732,8.244071270295786,9.127013109386429,10.370447491953886,8.280204233279974,0.6178716621623345,4.26,0.0096,3.11,2.6,1635,5495,1635.0,6975.0,515.1504983278463,2194.541122876625,6565.6446,2513.140624548779,6.244459087735744,7.693728248017023,60783,,0,,,,4.0,0,1
WV,West Virginia,54,2018,South,South Atlantic,5,0,0.0,0.0,0.0,0.0,0.0,23.91222,21.661993,2.2502270000000024,0.0,0.0,1042.25,2981.5,3863.5,8761.75,39505.0,4491.5,4876.25,6170.0,6454.25,4248.75,4882.5,4578.0,1040.75,2945.5,3887.5,8698.25,40758.25,4801.5,6.949137116760906,8.00018180856316,8.259328787373638,9.078150935668228,10.584182525156834,8.409942000669261,0.6178716621623345,4.26,0.0096,3.11,2.6,1635,5495,1635.0,6975.0,643.9767398886931,2743.3409119258326,7629.6258,3141.6141720371397,6.467662607266817,7.916931767548096,60783,,0,,,,4.0,0,1
WV,West Virginia,54,2019,South,South Atlantic,5,0,0.0,0.0,0.0,0.0,0.0,27.949233,23.91222,4.037012999999998,0.0,0.0,1032.5,2867.25,4107.25,8483.25,37110.75,4643.5,5088.0,6156.75,6563.75,4345.25,4470.75,4599.75,1033.25,2855.75,4199.0,8419.25,35618.5,4307.5,6.939738324835187,7.961108661244632,8.320508983786446,9.0458489100796,10.521661964036355,8.443223671216064,0.6178716621623345,4.26,0.0096,3.11,2.6,1635,5495,1635.0,6975.0,637.9524911826103,2717.67761243792,7670.223599999999,3112.2251212553097,6.458263815341098,7.907532975622377,60783,,0,,,,4.0,0,1
WV,West Virginia,54,2020,South,South Atlantic,5,0,0.0,0.0,0.0,0.0,0.0,30.331256,27.949233,2.3820230000000002,0.0,0.0,1030.75,2899.0,4218.0,7653.75,30624.25,3719.25,5330.75,6394.0,6828.75,4677.0,4298.75,4516.0,1041.25,2848.5,4239.25,7394.0,30271.5,3597.0,6.938041971587009,7.972121128921655,8.34711636103872,8.942951002792164,10.32954745775123,8.221277314037353,0.6178716621623345,4.26,0.0096,3.11,2.6,1635,5495,1635.0,6975.0,636.8712157738263,2713.0713791965,7847.712599999999,3106.9501634226735,6.45656746209292,7.905836622374199,60783,,0,,,,4.0,0,1
WV,West Virginia,54,2021,South,South Atlantic,5,0,0.0,0.0,0.0,0.0,0.0,35.872858,30.331256,5.541602000000001,0.0,0.0,1111.0,2833.75,4752.75,7341.5,31255.75,3716.75,5281.5,6358.25,6992.5,4997.25,4441.75,4604.25,1134.0,2892.75,4874.25,7479.5,31865.5,3868.75,7.01301578963963,7.949356201821739,8.466478676871736,8.901298460402993,10.349958638238624,8.22060490949346,0.6178716621623345,4.26,0.0096,3.11,2.6,1635,5495,1635.0,6975.0,686.4554166623536,2924.3000749816265,8396.1888,3348.8446583192726,6.531541280145541,7.98081044042682,60783,,0,,,,4.0,0,1
WV,West Virginia,54,2022,South,South Atlantic,5,1,0.075,7.5e-05,0.0,7.5e-05,7.499718764066433e-05,42.06341,35.872858,6.190551999999997,0.0,0.0,1217.75,3070.25,5050.75,8007.5,32335.0,4012.75,5878.0,6891.75,7215.75,5333.75,4600.0,4880.75,1265.75,3094.75,5199.0,8093.0,32372.0,3923.5,7.104760172686652,8.029514270490493,8.527292026093653,8.988133881483312,10.383905513880693,8.297232070793328,0.6178716621623345,4.26,0.0096,3.11,2.6,1635,5495,1635.0,6975.0,752.4132165981828,3205.2803027082587,9467.3286,3670.617086110076,6.623285663192563,8.072554823473842,60783,,0,1.2692,2.928036,19242.95845,4.0,0,1
WV,West Virginia,54,2023,South,South Atlantic,5,1,0.075,7.5e-05,7.5e-05,0.0,7.499718764066433e-05,47.661771,42.06341,5.598361000000004,0.0,0.0,1337.5,3188.0,5420.25,8112.5,33214.0,3834.0,6172.0,6851.75,7636.25,5533.0,4925.5,5207.75,1332.0,3210.75,5477.0,8113.75,33687.5,3885.0,7.198557478770161,8.067149039910106,8.5978972188312,9.001161361012345,10.4107267527667,8.251663923605589,0.6178716621623345,4.26,0.0096,3.11,2.6,1635,5495,1635.0,6975.0,826.4033481421224,3520.478263085441,10189.220399999998,4031.574914943319,6.717082969276072,8.166352129557351,60783,,0,1.321666,3.055209,20745.10057,4.0,0,1
WV,West Virginia,54,2024,South,South Atlantic,5,1,0.075,7.5e-05,7.5e-05,0.0,7.499718764066433e-05,56.613435,47.661771,8.951664000000001,0.0,0.0,1357.5,3149.5,5888.25,8048.0,33940.0,4069.0,6768.5,7302.5,8043.25,5987.75,5207.75,5460.75,1385.75,3144.25,5983.75,8098.0,34038.5,4017.75,7.21340005180809,8.054998989061984,8.680714118746474,8.99317889233952,10.432349538788218,8.31115254800169,0.6178716621623345,4.26,0.0096,3.11,2.6,1635,5495,1635.0,6975.0,838.760781385369,3573.120928701672,10233.4844,4091.860147316303,6.731925542314001,8.181194702595281,60783,,0,1.343117,3.133236,22334.67948,4.0,0,1
WV,West Virginia,54,2025,South,South Atlantic,5,1,0.075,7.5e-05,7.5e-05,0.0,7.499718764066433e-05,68.846515,56.613435,12.233079999999994,0.0,0.0,,,,,,,,,,,,,,,,,,,,,,,,,0.6178716621623345,4.26,0.0096,3.11,2.6,1635,5495,1635.0,6975.0,,,,,,,60783,,0,1.370672,3.187575,23421.66031,,0,0
WY,Wyoming,56,2016,West,Mountain,6,9,174.3,0.1743,,,0.16067222538889853,19.188207,,,0.009083704381550607,0.006236307092935252,189.0,1698.75,749.5,3770.75,21156.0,1459.0,4646.75,5433.75,6459.25,3948.0,3778.0,4203.5,188.25,1692.25,727.0,3748.5,20596.0,1411.75,5.241747015059643,7.437647965465353,6.619406317542652,8.23502919964836,9.95967883218587,7.285506548522785,0.5050148968785513,7.74,0.0044,5.51,4.24,475,2530,475.0,3680.0,95.4478155100462,738.7660920477576,2785.8751,832.3182765377113,4.558579663687193,6.60498135128883,90335,,0,,,,4.0,0,1
WY,Wyoming,56,2017,West,Mountain,6,9,174.3,0.1743,0.1743,0.0,0.16067222538889853,21.661993,19.188207,2.4737860000000005,0.009083704381550607,0.006236307092935252,190.0,1708.25,716.75,3749.75,19496.25,1352.5,4648.25,5397.25,7372.0,3946.0,3848.5,4364.5,191.0,1694.25,741.75,3744.75,19305.25,1350.25,5.247024072160486,7.443224733660887,6.574727104763479,8.22944445007547,9.877977418366035,7.209710010720636,0.5050148968785513,7.74,0.0044,5.51,4.24,475,2530,475.0,3680.0,95.95283040692475,742.6749073495976,2854.7894,836.7220769426727,4.563856720788038,6.610258408389673,90335,,0,,,,4.0,0,1
WY,Wyoming,56,2018,West,Mountain,6,9,174.3,0.1743,0.1743,0.0,0.16067222538889853,23.91222,21.661993,2.2502270000000024,0.009083704381550607,0.006236307092935252,191.75,1655.5,786.75,3691.25,19477.0,1298.0,5176.0,5408.75,7726.75,3941.5,4045.25,4465.25,193.0,1629.75,806.25,3637.75,20113.75,1311.5,5.256192440247365,7.411858356987301,6.667910535944516,8.213720433058132,9.8769895612299,7.168579897264035,0.5050148968785513,7.74,0.0044,5.51,4.24,475,2530,475.0,3680.0,96.83660647646221,749.5153341278175,2949.8059000000003,844.4287276513552,4.573025088874917,6.619426776476552,90335,,0,,,,4.0,0,1
WY,Wyoming,56,2019,West,Mountain,6,9,174.3,0.1743,0.1743,0.0,0.16067222538889853,27.949233,23.91222,4.037012999999998,0.009083704381550607,0.006236307092935252,191.25,1595.75,817.75,3509.5,22439.25,1363.0,5220.0,5635.5,8101.75,4077.0,4253.5,4679.75,188.25,1586.0,828.5,3472.5,22642.25,1345.5,5.253581472706645,7.375099124136167,6.706556666418494,8.163228856170477,10.018566936618196,7.217443431696533,0.5050148968785513,7.74,0.0044,5.51,4.24,475,2530,475.0,3680.0,96.58409902802293,747.5609264768975,2983.5394,842.2268274488745,4.5704141213341964,6.616815808935832,90335,,0,,,,4.0,0,1
WY,Wyoming,56,2020,West,Mountain,6,10,252.3,0.2523,0.1743,0.07800000000000001,0.2249818605878497,30.331256,27.949233,2.3820230000000002,0.009083704381550607,0.006236307092935252,112.5,1529.75,830.25,3089.5,21359.0,1244.75,5706.25,6017.25,8429.25,4481.25,4220.0,4962.0,115.5,1500.25,866.75,2985.5,20791.0,1213.5,4.722953221644475,7.3328596023426496,6.721726860256856,8.035764544501035,9.969228475498804,7.126689985522292,0.5050148968785513,7.74,0.0044,5.51,4.24,475,2530,475.0,3680.0,56.81417589883702,439.74172145699856,2459.1192,495.4275455581615,4.039785870272026,6.086187557873662,90335,,0,,,,4.0,0,1
WY,Wyoming,56,2021,West,Mountain,6,10,252.3,0.2523,0.2523,0.0,0.2249818605878497,35.872858,30.331256,5.541602000000001,0.009083704381550607,0.006236307092935252,154.5,1431.5,1063.5,2957.25,20661.25,1198.5,6879.0,6316.25,9066.25,4980.75,4322.25,5191.5,153.5,1438.25,1135.25,2976.25,20823.75,1209.0,5.0401940963378005,7.266478124538169,6.969320634640292,7.992015061425846,9.936015244231562,7.088826053874439,0.5050148968785513,7.74,0.0044,5.51,4.24,475,2530,475.0,3680.0,78.02480156773618,603.911964134278,2879.0643,680.3871625665417,4.357026744965351,6.4034284325669875,90335,,0,,,,4.0,0,1
WY,Wyoming,56,2022,West,Mountain,6,10,252.3,0.2523,0.2523,0.0,0.2249818605878497,42.06341,35.872858,6.190551999999997,0.009083704381550607,0.006236307092935252,168.0,1452.25,1301.75,3060.75,21096.25,1209.5,10197.5,6681.25,9396.25,5474.75,4650.0,5811.5,178.75,1467.0,1341.5,3094.75,21167.75,1191.0,5.123963979403259,7.280869356872642,7.171464792043008,8.026415262954025,9.956850578550695,7.097962330050082,0.5050148968785513,7.74,0.0044,5.51,4.24,475,2530,475.0,3680.0,84.84250267559662,656.6809707091179,3266.4743,739.8384680335212,4.44079662803081,6.487198315632446,90335,,0,1.2692,2.928036,19242.95845,4.0,0,1
WY,Wyoming,56,2023,West,Mountain,6,12,258.25,0.25825,0.2523,0.005949999999999955,0.22972186667433223,47.661771,42.06341,5.598361000000004,0.009083704381550607,0.006236307092935252,190.0,1468.25,1380.25,3122.75,21999.0,1187.5,10906.25,7007.75,9981.5,5935.25,5052.0,6571.25,192.0,1456.5,1396.75,3106.5,22375.75,1244.5,5.247024072160486,7.2918264944026285,7.230019921164154,8.046469302846019,9.998752276761909,7.079605535908796,0.5050148968785513,7.74,0.0044,5.51,4.24,475,2530,475.0,3680.0,95.95283040692475,742.6749073495976,3534.2396,836.7220769426727,4.563856720788038,6.610258408389673,90335,,0,1.321666,3.055209,20745.10057,4.0,0,1
WY,Wyoming,56,2024,West,Mountain,6,14,285.825,0.285825,0.25825,0.027575000000000016,0.2514005356846683,56.613435,47.661771,8.951664000000001,0.009083704381550607,0.006236307092935252,198.0,1402.0,1490.0,2998.0,23491.75,1414.0,11670.0,7233.25,10515.75,6270.0,5270.25,6621.5,201.25,1396.25,1516.5,2984.0,23679.0,1463.0,5.288267030694535,7.2456550675945355,7.306531398939505,8.005700678662542,10.064404574665131,7.254177846456518,0.5050148968785513,7.74,0.0044,5.51,4.24,475,2530,475.0,3680.0,99.99294958195316,773.9454297643174,3577.4500666666668,871.9524801823642,4.605099679322087,6.651501366923722,90335,,0,1.343117,3.133236,22334.67948,4.0,0,1
WY,Wyoming,56,2025,West,Mountain,6,14,285.825,0.285825,0.285825,0.0,0.2514005356846683,68.846515,56.613435,12.233079999999994,0.009083704381550607,0.006236307092935252,,,,,,,,,,,,,,,,,,,,,,,,,0.5050148968785513,7.74,0.0044,5.51,4.24,475,2530,475.0,3680.0,,,,,,,90335,,0,1.370672,3.187575,23421.66031,,0,0
