outcome,outcome_units,specification,leave_out_variant,share_baseline,estimator,coef,se,se_type,t_stat,p_value,ci_low,ci_high,ci_type,n_obs,n_clusters,n_states,n_years,fs_coef,fs_se,fs_F,fs_F_effective,fs_F_crit,first_stage_ok,r2_within,mde_80,notes,robustness_tag,dropped_units,extra_fe
earn_23,usd_per_month_per_GW,level,contig,2019,FirstStage,1.23464,0.233738,cluster_state,5.28214,3.06443e-06,0.764674,1.7046,cluster_t,291,49,49,6,1.23464,0.233738,412.36,27.901,23.1,True,0.636005,0.654466,,leaveout_contig,,
earn_23,usd_per_month_per_GW,level,contig,2019,IV2SLS,5.99347,20.2373,cluster_state,0.29616,0.768385,-34.6963,46.6832,cluster_t,291,49,49,6,1.23464,0.233738,412.36,27.901,23.1,True,0.00246477,56.6643,,leaveout_contig,,
earn_23,usd_per_month_per_GW,level,contig,2019,OLS_FE,11.7962,12.9535,cluster_state,0.910658,0.367026,-14.2485,37.8409,cluster_t,291,49,49,6,1.23464,0.233738,412.36,27.901,23.1,True,0.00325158,36.2697,,leaveout_contig,,
earn_23,usd_per_month_per_GW,level,contig,2019,ReducedForm,7.39975,25.254,cluster_state,0.293012,0.770776,-43.3769,58.1764,cluster_t,291,49,49,6,1.23464,0.233738,412.36,27.901,23.1,True,0.000533862,70.7113,,leaveout_contig,,
earn_23,usd_per_month_per_GW,level,contig,2019,Wald,5.99347,20.2373,cluster_state,0.29616,0.768385,-34.6963,46.6832,cluster_t,291,49,49,6,1.23464,0.233738,412.36,27.901,23.1,True,0.00246477,56.6643,se_is_2SLS_clustered_not_delta,leaveout_contig,,
earn_23,usd_per_month_per_GW,level,division,2019,FirstStage,1.2402,0.242347,cluster_state,5.11747,5.3972e-06,0.752932,1.72748,cluster_t,291,49,49,6,1.2402,0.242347,412.447,26.1885,23.1,True,0.636053,0.678572,,leaveout_division,,
earn_23,usd_per_month_per_GW,level,division,2019,IV2SLS,5.72574,20.4598,cluster_state,0.279853,0.780793,-35.4115,46.863,cluster_t,291,49,49,6,1.2402,0.242347,412.447,26.1885,23.1,True,0.00239048,57.2875,,leaveout_division,,
earn_23,usd_per_month_per_GW,level,division,2019,OLS_FE,11.7962,12.9535,cluster_state,0.910658,0.367026,-14.2485,37.8409,cluster_t,291,49,49,6,1.2402,0.242347,412.447,26.1885,23.1,True,0.00325158,36.2697,,leaveout_division,,
earn_23,usd_per_month_per_GW,level,division,2019,ReducedForm,7.10108,25.7128,cluster_state,0.276169,0.783604,-44.598,58.8002,cluster_t,291,49,49,6,1.2402,0.242347,412.447,26.1885,23.1,True,0.000487269,71.9959,,leaveout_division,,
earn_23,usd_per_month_per_GW,level,division,2019,Wald,5.72574,20.4598,cluster_state,0.279853,0.780793,-35.4115,46.863,cluster_t,291,49,49,6,1.2402,0.242347,412.447,26.1885,23.1,True,0.00239048,57.2875,se_is_2SLS_clustered_not_delta,leaveout_division,,
earn_23,usd_per_month_per_GW,level,state,2019,FirstStage,1.10653,0.266322,cluster_state,4.15487,0.000133068,0.571055,1.64201,cluster_t,291,49,49,6,1.10653,0.266322,332.376,17.2629,23.1,False,0.584782,0.745701,weak_iv,leaveout_state,,
earn_23,usd_per_month_per_GW,level,state,2019,IV2SLS,6.24697,22.0825,cluster_state,0.282892,0.778476,-50,50,AR,291,49,49,6,1.10653,0.266322,332.376,17.2629,23.1,False,0.00253201,61.831,weak_iv;AR_is_reported_inference,leaveout_state,,
earn_23,usd_per_month_per_GW,level,state,2019,OLS_FE,11.7962,12.9535,cluster_state,0.910658,0.367026,-14.2485,37.8409,cluster_t,291,49,49,6,1.10653,0.266322,332.376,17.2629,23.1,False,0.00325158,36.2697,weak_iv,leaveout_state,,
earn_23,usd_per_month_per_GW,level,state,2019,ReducedForm,6.91247,24.8261,cluster_state,0.278436,0.781874,-43.0037,56.8286,cluster_t,291,49,49,6,1.10653,0.266322,332.376,17.2629,23.1,False,0.000533268,69.513,weak_iv,leaveout_state,,
earn_23,usd_per_month_per_GW,level,state,2019,Wald,6.24697,22.0825,cluster_state,0.282892,0.778476,-38.1529,50.6468,cluster_t,291,49,49,6,1.10653,0.266322,332.376,17.2629,23.1,False,0.00253201,61.831,weak_iv;se_is_2SLS_clustered_not_delta,leaveout_state,,
earn_23,usd_per_month_per_GW,level,union,2016,FirstStage,1.2077,0.352891,cluster_state,3.42231,0.00127839,0.498166,1.91724,cluster_t,291,49,49,6,1.2077,0.352891,260.275,11.7122,23.1,False,0.524458,0.988095,weak_iv,share2016,,
earn_23,usd_per_month_per_GW,level,union,2019,FirstStage,1.20811,0.345261,cluster_state,3.49913,0.00103251,0.513539,1.90269,cluster_t,285,48,48,6,1.20811,0.345261,284.012,12.2439,23.1,False,0.551466,0.966731,weak_iv,drop_VA,VA,
earn_23,usd_per_month_per_GW,level,union,2019,FirstStage,1.05587,0.273372,cluster_state,3.86239,0.000342509,0.505918,1.60583,cluster_t,285,48,48,6,1.05587,0.273372,241.6,14.9181,23.1,False,0.511215,0.765443,weak_iv,drop_TX,TX,
earn_23,usd_per_month_per_GW,level,union,2019,FirstStage,0.877033,0.317439,cluster_state,2.76284,0.00827029,0.237678,1.51639,cluster_t,273,46,46,6,0.877033,0.317439,87.4622,7.63327,23.1,False,0.283543,0.88883,weak_iv,drop_top3_share,TX;VA;CA,
earn_23,usd_per_month_per_GW,level,union,2019,FirstStage,1.28985,0.236478,cluster_state,5.4544,1.68851e-06,0.814375,1.76532,cluster_t,289,49,49,6,1.28985,0.236478,427.039,29.7505,23.1,True,0.646012,0.662138,,drop_partial_years,,
earn_23,usd_per_month_per_GW,level,union,2019,FirstStage,1.29396,0.245645,cluster_state,5.26759,3.22205e-06,0.800055,1.78786,cluster_t,291,49,49,6,1.29396,0.245645,398.799,27.7475,23.1,True,0.643433,0.687806,,fe_region_year,,region_year
earn_23,usd_per_month_per_GW,level,union,2019,FirstStage,1.32417,0.227131,cluster_state,5.82999,4.55428e-07,0.867495,1.78085,cluster_t,291,49,49,6,1.32417,0.227131,320.995,33.9888,23.1,True,0.620886,0.635968,,fe_division_year,,division_year
earn_23,usd_per_month_per_GW,level,union,2019,FirstStage,1.1309,0.471065,cluster_state,2.40073,0.0202867,0.183762,2.07804,cluster_t,291,49,49,6,1.1309,0.471065,9.09521,5.76352,23.1,False,0.0372609,1.31898,weak_iv,share_linear_trend,,share_x_t
earn_23,usd_per_month_per_GW,level,union,2019,FirstStage,1.27058,0.243934,cluster_state,5.20869,3.94637e-06,0.780115,1.76104,cluster_t,291,49,49,6,1.27058,0.243934,374.232,27.1305,23.1,True,0.614268,0.683015,,vol_linear_trend,,vol_x_t
earn_23,usd_per_month_per_GW,level,union,2019,FirstStage,1.26983,0.246592,cluster_state,5.1495,4.83599e-06,0.774019,1.76563,cluster_t,291,49,49,6,1.26983,0.246592,366.55,26.5174,23.1,True,0.613422,0.690458,,vol_year_fe,,vol_x_year
earn_23,usd_per_month_per_GW,level,union,2016,IV2SLS,-0.508803,23.7969,cluster_state,-0.0213811,0.98303,-75,25,AR,291,49,49,6,1.2077,0.352891,260.275,11.7122,23.1,False,-0.00028655,66.6313,weak_iv;AR_is_reported_inference,share2016,,
earn_23,usd_per_month_per_GW,level,union,2019,IV2SLS,-4.66749,25.3807,cluster_state,-0.183899,0.854884,-75,25,AR,285,48,48,6,1.20811,0.345261,284.012,12.2439,23.1,False,-0.00137947,71.0659,weak_iv;AR_is_reported_inference,drop_VA,VA,
earn_23,usd_per_month_per_GW,level,union,2019,IV2SLS,10.6175,32.8879,cluster_state,0.322839,0.748249,-75,50,AR,285,48,48,6,1.05587,0.273372,241.6,14.9181,23.1,False,0.00381858,92.086,weak_iv;AR_is_reported_inference,drop_TX,TX,
earn_23,usd_per_month_per_GW,level,union,2019,IV2SLS,20.765,68.8384,cluster_state,0.301648,0.76431,-150,225,AR,273,46,46,6,0.877033,0.317439,87.4622,7.63327,23.1,False,0.00144268,192.747,weak_iv;AR_is_reported_inference,drop_top3_share,TX;VA;CA,
earn_23,usd_per_month_per_GW,level,union,2019,IV2SLS,3.68052,20.2346,cluster_state,0.181892,0.856433,-37.0039,44.3649,cluster_t,289,49,49,6,1.28985,0.236478,427.039,29.7505,23.1,True,0.00140173,56.6569,,drop_partial_years,,
earn_23,usd_per_month_per_GW,level,union,2019,IV2SLS,2.0967,23.6678,cluster_state,0.0885887,0.929777,-45.4906,49.684,cluster_t,291,49,49,6,1.29396,0.245645,398.799,27.7475,23.1,True,0.000898876,66.2698,,fe_region_year,,region_year
earn_23,usd_per_month_per_GW,level,union,2019,IV2SLS,22.7001,25.0378,cluster_state,0.906633,0.36913,-27.6418,73.042,cluster_t,291,49,49,6,1.32417,0.227131,320.995,33.9888,23.1,True,0.0149561,70.1059,,fe_division_year,,division_year
earn_23,usd_per_month_per_GW,level,union,2019,IV2SLS,-114.234,125.661,cluster_state,-0.909068,0.367857,-975,125,AR,291,49,49,6,1.1309,0.471065,9.09521,5.76352,23.1,False,-0.144939,351.85,weak_iv;AR_is_reported_inference,share_linear_trend,,share_x_t
earn_23,usd_per_month_per_GW,level,union,2019,IV2SLS,21.3251,23.2336,cluster_state,0.917857,0.363283,-25.3891,68.0394,cluster_t,291,49,49,6,1.27058,0.243934,374.232,27.1305,23.1,True,0.0117204,65.0541,,vol_linear_trend,,vol_x_t
earn_23,usd_per_month_per_GW,level,union,2019,IV2SLS,22.405,23.2849,cluster_state,0.962211,0.340766,-24.4125,69.2225,cluster_t,291,49,49,6,1.26983,0.246592,366.55,26.5174,23.1,True,0.0125997,65.1979,,vol_year_fe,,vol_x_year
earn_23,usd_per_month_per_GW,level,union,2016,OLS_FE,11.7962,12.9535,cluster_state,0.910658,0.367026,-14.2485,37.8409,cluster_t,291,49,49,6,1.2077,0.352891,260.275,11.7122,23.1,False,0.00325158,36.2697,weak_iv,share2016,,
earn_23,usd_per_month_per_GW,level,union,2019,OLS_FE,5.99586,14.4152,cluster_state,0.41594,0.679347,-23.0038,34.9955,cluster_t,285,48,48,6,1.20811,0.345261,284.012,12.2439,23.1,False,0.000637792,40.3626,weak_iv,drop_VA,VA,
earn_23,usd_per_month_per_GW,level,union,2019,OLS_FE,18.4417,17.3522,cluster_state,1.06279,0.293309,-16.4664,53.3498,cluster_t,285,48,48,6,1.05587,0.273372,241.6,14.9181,23.1,False,0.00465682,48.5861,weak_iv,drop_TX,TX,
earn_23,usd_per_month_per_GW,level,union,2019,OLS_FE,14.8927,28.0012,cluster_state,0.531859,0.597439,-41.5046,71.2899,cluster_t,273,46,46,6,0.877033,0.317439,87.4622,7.63327,23.1,False,0.00170828,78.4033,weak_iv,drop_top3_share,TX;VA;CA,
earn_23,usd_per_month_per_GW,level,union,2019,OLS_FE,9.82309,12.9913,cluster_state,0.756131,0.453266,-16.2976,35.9438,cluster_t,289,49,49,6,1.28985,0.236478,427.039,29.7505,23.1,True,0.00230178,36.3755,,drop_partial_years,,
earn_23,usd_per_month_per_GW,level,union,2019,OLS_FE,10.1568,13.9544,cluster_state,0.727859,0.470236,-17.9004,38.2141,cluster_t,291,49,49,6,1.29396,0.245645,398.799,27.7475,23.1,True,0.00242775,39.0724,,fe_region_year,,region_year
earn_23,usd_per_month_per_GW,level,union,2019,OLS_FE,25.2386,13.2893,cluster_state,1.89917,0.0635614,-1.48133,51.9585,cluster_t,291,49,49,6,1.32417,0.227131,320.995,33.9888,23.1,True,0.015109,37.21,,fe_division_year,,division_year
earn_23,usd_per_month_per_GW,level,union,2019,OLS_FE,16.7295,24.2575,cluster_state,0.689661,0.493728,-32.0436,65.5026,cluster_t,291,49,49,6,1.1309,0.471065,9.09521,5.76352,23.1,False,0.00240434,67.9211,weak_iv,share_linear_trend,,share_x_t
earn_23,usd_per_month_per_GW,level,union,2019,OLS_FE,23.2234,16.5553,cluster_state,1.40278,0.167118,-10.0633,56.5101,cluster_t,291,49,49,6,1.27058,0.243934,374.232,27.1305,23.1,True,0.0117992,46.3548,,vol_linear_trend,,vol_x_t
earn_23,usd_per_month_per_GW,level,union,2019,OLS_FE,23.8982,16.6772,cluster_state,1.43299,0.158343,-9.63352,57.43,cluster_t,291,49,49,6,1.26983,0.246592,366.55,26.5174,23.1,True,0.0126491,46.6962,,vol_year_fe,,vol_x_year
earn_23,usd_per_month_per_GW,level,union,2016,ReducedForm,-0.614483,28.6571,cluster_state,-0.0214426,0.982981,-58.2335,57.0045,cluster_t,291,49,49,6,1.2077,0.352891,260.275,11.7122,23.1,False,3.17265e-06,80.2399,weak_iv,share2016,,
earn_23,usd_per_month_per_GW,level,union,2019,ReducedForm,-5.63886,30.2138,cluster_state,-0.186632,0.852752,-66.4211,55.1434,cluster_t,285,48,48,6,1.20811,0.345261,284.012,12.2439,23.1,False,0.000213138,84.5985,weak_iv,drop_VA,VA,
earn_23,usd_per_month_per_GW,level,union,2019,ReducedForm,11.2107,36.1429,cluster_state,0.310177,0.757798,-61.4994,83.9208,cluster_t,285,48,48,6,1.05587,0.273372,241.6,14.9181,23.1,False,0.000789104,101.2,weak_iv,drop_TX,TX,
earn_23,usd_per_month_per_GW,level,union,2019,ReducedForm,18.2116,60.3991,cluster_state,0.301521,0.764407,-103.438,139.862,cluster_t,273,46,46,6,0.877033,0.317439,87.4622,7.63327,23.1,False,0.000941658,169.117,weak_iv,drop_top3_share,TX;VA;CA,
earn_23,usd_per_month_per_GW,level,union,2019,ReducedForm,4.7473,26.2926,cluster_state,0.180556,0.857476,-48.1176,57.6122,cluster_t,289,49,49,6,1.28985,0.236478,427.039,29.7505,23.1,True,0.00020875,73.6194,,drop_partial_years,,
earn_23,usd_per_month_per_GW,level,union,2019,ReducedForm,2.71304,30.7612,cluster_state,0.0881969,0.930087,-59.1365,64.5625,cluster_t,291,49,49,6,1.29396,0.245645,398.799,27.7475,23.1,True,6.65675e-05,86.1313,,fe_region_year,,region_year
earn_23,usd_per_month_per_GW,level,union,2019,ReducedForm,30.0589,34.1682,cluster_state,0.879731,0.383388,-38.641,98.7587,cluster_t,291,49,49,6,1.32417,0.227131,320.995,33.9888,23.1,True,0.00758879,95.6711,,fe_division_year,,division_year
earn_23,usd_per_month_per_GW,level,union,2019,ReducedForm,-129.187,127.624,cluster_state,-1.01225,0.316495,-385.793,127.418,cluster_t,291,49,49,6,1.1309,0.471065,9.09521,5.76352,23.1,False,0.00417709,357.348,weak_iv,share_linear_trend,,share_x_t
earn_23,usd_per_month_per_GW,level,union,2019,ReducedForm,27.0952,29.9451,cluster_state,0.904831,0.370074,-33.1134,87.3038,cluster_t,291,49,49,6,1.27058,0.243934,374.232,27.1305,23.1,True,0.00611143,83.8462,,vol_linear_trend,,vol_x_t
earn_23,usd_per_month_per_GW,level,union,2019,ReducedForm,28.4505,29.9783,cluster_state,0.949036,0.347356,-31.8249,88.7259,cluster_t,291,49,49,6,1.26983,0.246592,366.55,26.5174,23.1,True,0.0068199,83.9392,,vol_year_fe,,vol_x_year
earn_23,usd_per_month_per_GW,level,union,2016,Wald,-0.508803,23.7969,cluster_state,-0.0213811,0.98303,-48.3557,47.3381,cluster_t,291,49,49,6,1.2077,0.352891,260.275,11.7122,23.1,False,-0.00028655,66.6313,weak_iv;se_is_2SLS_clustered_not_delta,share2016,,
earn_23,usd_per_month_per_GW,level,union,2019,Wald,-4.66749,25.3807,cluster_state,-0.183899,0.854884,-55.7268,46.3918,cluster_t,285,48,48,6,1.20811,0.345261,284.012,12.2439,23.1,False,-0.00137947,71.0659,weak_iv;se_is_2SLS_clustered_not_delta,drop_VA,VA,
earn_23,usd_per_month_per_GW,level,union,2019,Wald,10.6175,32.8879,cluster_state,0.322839,0.748249,-55.5444,76.7793,cluster_t,285,48,48,6,1.05587,0.273372,241.6,14.9181,23.1,False,0.00381858,92.086,weak_iv;se_is_2SLS_clustered_not_delta,drop_TX,TX,
earn_23,usd_per_month_per_GW,level,union,2019,Wald,20.765,68.8384,cluster_state,0.301648,0.76431,-117.883,159.413,cluster_t,273,46,46,6,0.877033,0.317439,87.4622,7.63327,23.1,False,0.00144268,192.747,weak_iv;se_is_2SLS_clustered_not_delta,drop_top3_share,TX;VA;CA,
earn_23,usd_per_month_per_GW,level,union,2019,Wald,3.68052,20.2346,cluster_state,0.181892,0.856433,-37.0039,44.3649,cluster_t,289,49,49,6,1.28985,0.236478,427.039,29.7505,23.1,True,0.00140173,56.6569,se_is_2SLS_clustered_not_delta,drop_partial_years,,
earn_23,usd_per_month_per_GW,level,union,2019,Wald,2.0967,23.6678,cluster_state,0.0885887,0.929777,-45.4906,49.684,cluster_t,291,49,49,6,1.29396,0.245645,398.799,27.7475,23.1,True,0.000898876,66.2698,se_is_2SLS_clustered_not_delta,fe_region_year,,region_year
earn_23,usd_per_month_per_GW,level,union,2019,Wald,22.7001,25.0378,cluster_state,0.906633,0.36913,-27.6418,73.042,cluster_t,291,49,49,6,1.32417,0.227131,320.995,33.9888,23.1,True,0.0149561,70.1059,se_is_2SLS_clustered_not_delta,fe_division_year,,division_year
earn_23,usd_per_month_per_GW,level,union,2019,Wald,-114.234,125.661,cluster_state,-0.909068,0.367857,-366.891,138.424,cluster_t,291,49,49,6,1.1309,0.471065,9.09521,5.76352,23.1,False,-0.144939,351.85,weak_iv;se_is_2SLS_clustered_not_delta,share_linear_trend,,share_x_t
earn_23,usd_per_month_per_GW,level,union,2019,Wald,21.3251,23.2336,cluster_state,0.917857,0.363283,-25.3891,68.0394,cluster_t,291,49,49,6,1.27058,0.243934,374.232,27.1305,23.1,True,0.0117204,65.0541,se_is_2SLS_clustered_not_delta,vol_linear_trend,,vol_x_t
earn_23,usd_per_month_per_GW,level,union,2019,Wald,22.405,23.2849,cluster_state,0.962211,0.340766,-24.4125,69.2225,cluster_t,291,49,49,6,1.26983,0.246592,366.55,26.5174,23.1,True,0.0125997,65.1979,se_is_2SLS_clustered_not_delta,vol_year_fe,,vol_x_year
earn_2362,usd_per_month_per_GW,level,contig,2019,FirstStage,1.23464,0.233738,cluster_state,5.28214,3.06443e-06,0.764674,1.7046,cluster_t,291,49,49,6,1.23464,0.233738,412.36,27.901,23.1,True,0.636005,0.654466,,leaveout_contig,,
earn_2362,usd_per_month_per_GW,level,contig,2019,IV2SLS,-14.4619,79.7449,cluster_state,-0.181352,0.856855,-174.8,145.876,cluster_t,291,49,49,6,1.23464,0.233738,412.36,27.901,23.1,True,0.00318313,223.286,,leaveout_contig,,
earn_2362,usd_per_month_per_GW,level,contig,2019,OLS_FE,-34.4244,60.0831,cluster_state,-0.572947,0.569355,-155.23,86.3807,cluster_t,291,49,49,6,1.23464,0.233738,412.36,27.901,23.1,True,0.00479587,168.233,,leaveout_contig,,
earn_2362,usd_per_month_per_GW,level,contig,2019,ReducedForm,-17.8552,99.8229,cluster_state,-0.178869,0.858794,-218.563,182.852,cluster_t,291,49,49,6,1.23464,0.233738,412.36,27.901,23.1,True,0.000538327,279.504,,leaveout_contig,,
earn_2362,usd_per_month_per_GW,level,contig,2019,Wald,-14.4619,79.7449,cluster_state,-0.181352,0.856855,-174.8,145.876,cluster_t,291,49,49,6,1.23464,0.233738,412.36,27.901,23.1,True,0.00318313,223.286,se_is_2SLS_clustered_not_delta,leaveout_contig,,
earn_2362,usd_per_month_per_GW,level,division,2019,FirstStage,1.2402,0.242347,cluster_state,5.11747,5.3972e-06,0.752932,1.72748,cluster_t,291,49,49,6,1.2402,0.242347,412.447,26.1885,23.1,True,0.636053,0.678572,,leaveout_division,,
earn_2362,usd_per_month_per_GW,level,division,2019,IV2SLS,-15.2993,80.0249,cluster_state,-0.191182,0.849189,-176.2,145.601,cluster_t,291,49,49,6,1.2402,0.242347,412.447,26.1885,23.1,True,0.0033156,224.07,,leaveout_division,,
earn_2362,usd_per_month_per_GW,level,division,2019,OLS_FE,-34.4244,60.0831,cluster_state,-0.572947,0.569355,-155.23,86.3807,cluster_t,291,49,49,6,1.2402,0.242347,412.447,26.1885,23.1,True,0.00479587,168.233,,leaveout_division,,
earn_2362,usd_per_month_per_GW,level,division,2019,ReducedForm,-18.9743,100.561,cluster_state,-0.188683,0.851136,-221.166,183.218,cluster_t,291,49,49,6,1.2402,0.242347,412.447,26.1885,23.1,True,0.00060252,281.572,,leaveout_division,,
earn_2362,usd_per_month_per_GW,level,division,2019,Wald,-15.2993,80.0249,cluster_state,-0.191182,0.849189,-176.2,145.601,cluster_t,291,49,49,6,1.2402,0.242347,412.447,26.1885,23.1,True,0.0033156,224.07,se_is_2SLS_clustered_not_delta,leaveout_division,,
earn_2362,usd_per_month_per_GW,level,state,2019,FirstStage,1.10653,0.266322,cluster_state,4.15487,0.000133068,0.571055,1.64201,cluster_t,291,49,49,6,1.10653,0.266322,332.376,17.2629,23.1,False,0.584782,0.745701,weak_iv,leaveout_state,,
earn_2362,usd_per_month_per_GW,level,state,2019,IV2SLS,-9.66236,81.8935,cluster_state,-0.117987,0.90657,-150,200,AR,291,49,49,6,1.10653,0.266322,332.376,17.2629,23.1,False,0.00231441,229.302,weak_iv;AR_is_reported_inference,leaveout_state,,
earn_2362,usd_per_month_per_GW,level,state,2019,OLS_FE,-34.4244,60.0831,cluster_state,-0.572947,0.569355,-155.23,86.3807,cluster_t,291,49,49,6,1.10653,0.266322,332.376,17.2629,23.1,False,0.00479587,168.233,weak_iv,leaveout_state,,
earn_2362,usd_per_month_per_GW,level,state,2019,ReducedForm,-10.6917,91.506,cluster_state,-0.116842,0.907473,-194.677,173.293,cluster_t,291,49,49,6,1.10653,0.266322,332.376,17.2629,23.1,False,0.00022095,256.217,weak_iv,leaveout_state,,
earn_2362,usd_per_month_per_GW,level,state,2019,Wald,-9.66236,81.8935,cluster_state,-0.117987,0.90657,-174.32,154.996,cluster_t,291,49,49,6,1.10653,0.266322,332.376,17.2629,23.1,False,0.00231441,229.302,weak_iv;se_is_2SLS_clustered_not_delta,leaveout_state,,
earn_2362,usd_per_month_per_GW,level,union,2016,FirstStage,1.2077,0.352891,cluster_state,3.42231,0.00127839,0.498166,1.91724,cluster_t,291,49,49,6,1.2077,0.352891,260.275,11.7122,23.1,False,0.524458,0.988095,weak_iv,share2016,,
earn_2362,usd_per_month_per_GW,level,union,2019,FirstStage,1.20811,0.345261,cluster_state,3.49913,0.00103251,0.513539,1.90269,cluster_t,285,48,48,6,1.20811,0.345261,284.012,12.2439,23.1,False,0.551466,0.966731,weak_iv,drop_VA,VA,
earn_2362,usd_per_month_per_GW,level,union,2019,FirstStage,1.05587,0.273372,cluster_state,3.86239,0.000342509,0.505918,1.60583,cluster_t,285,48,48,6,1.05587,0.273372,241.6,14.9181,23.1,False,0.511215,0.765443,weak_iv,drop_TX,TX,
earn_2362,usd_per_month_per_GW,level,union,2019,FirstStage,0.877033,0.317439,cluster_state,2.76284,0.00827029,0.237678,1.51639,cluster_t,273,46,46,6,0.877033,0.317439,87.4622,7.63327,23.1,False,0.283543,0.88883,weak_iv,drop_top3_share,TX;VA;CA,
earn_2362,usd_per_month_per_GW,level,union,2019,FirstStage,1.28985,0.236478,cluster_state,5.4544,1.68851e-06,0.814375,1.76532,cluster_t,289,49,49,6,1.28985,0.236478,427.039,29.7505,23.1,True,0.646012,0.662138,,drop_partial_years,,
earn_2362,usd_per_month_per_GW,level,union,2019,FirstStage,1.29396,0.245645,cluster_state,5.26759,3.22205e-06,0.800055,1.78786,cluster_t,291,49,49,6,1.29396,0.245645,398.799,27.7475,23.1,True,0.643433,0.687806,,fe_region_year,,region_year
earn_2362,usd_per_month_per_GW,level,union,2019,FirstStage,1.32417,0.227131,cluster_state,5.82999,4.55428e-07,0.867495,1.78085,cluster_t,291,49,49,6,1.32417,0.227131,320.995,33.9888,23.1,True,0.620886,0.635968,,fe_division_year,,division_year
earn_2362,usd_per_month_per_GW,level,union,2019,FirstStage,1.1309,0.471065,cluster_state,2.40073,0.0202867,0.183762,2.07804,cluster_t,291,49,49,6,1.1309,0.471065,9.09521,5.76352,23.1,False,0.0372609,1.31898,weak_iv,share_linear_trend,,share_x_t
earn_2362,usd_per_month_per_GW,level,union,2019,FirstStage,1.27058,0.243934,cluster_state,5.20869,3.94637e-06,0.780115,1.76104,cluster_t,291,49,49,6,1.27058,0.243934,374.232,27.1305,23.1,True,0.614268,0.683015,,vol_linear_trend,,vol_x_t
earn_2362,usd_per_month_per_GW,level,union,2019,FirstStage,1.26983,0.246592,cluster_state,5.1495,4.83599e-06,0.774019,1.76563,cluster_t,291,49,49,6,1.26983,0.246592,366.55,26.5174,23.1,True,0.613422,0.690458,,vol_year_fe,,vol_x_year
earn_2362,usd_per_month_per_GW,level,union,2016,IV2SLS,-34.9644,80.2029,cluster_state,-0.43595,0.664828,-200,175,AR,291,49,49,6,1.2077,0.352891,260.275,11.7122,23.1,False,0.00479469,224.568,weak_iv;AR_is_reported_inference,share2016,,
earn_2362,usd_per_month_per_GW,level,union,2019,IV2SLS,-69.2206,73.1438,cluster_state,-0.946363,0.348804,-200,150,AR,285,48,48,6,1.20811,0.345261,284.012,12.2439,23.1,False,0.0170842,204.803,weak_iv;AR_is_reported_inference,drop_VA,VA,
earn_2362,usd_per_month_per_GW,level,union,2019,IV2SLS,64.8757,77.1877,cluster_state,0.840493,0.404888,-125,225,AR,285,48,48,6,1.05587,0.273372,241.6,14.9181,23.1,False,-0.00154701,216.126,weak_iv;AR_is_reported_inference,drop_TX,TX,
earn_2362,usd_per_month_per_GW,level,union,2019,IV2SLS,76.6854,174.681,cluster_state,0.439002,0.662761,-300,750,AR,273,46,46,6,0.877033,0.317439,87.4622,7.63327,23.1,False,-0.0106457,489.107,weak_iv;AR_is_reported_inference,drop_top3_share,TX;VA;CA,
earn_2362,usd_per_month_per_GW,level,union,2019,IV2SLS,-18.8613,79.9214,cluster_state,-0.235998,0.814438,-179.554,141.832,cluster_t,289,49,49,6,1.28985,0.236478,427.039,29.7505,23.1,True,0.00419486,223.78,,drop_partial_years,,
earn_2362,usd_per_month_per_GW,level,union,2019,IV2SLS,-7.62851,80.9487,cluster_state,-0.0942389,0.925312,-170.387,155.13,cluster_t,291,49,49,6,1.29396,0.245645,398.799,27.7475,23.1,True,0.00124408,226.656,,fe_region_year,,region_year
earn_2362,usd_per_month_per_GW,level,union,2019,IV2SLS,52.8222,66.1684,cluster_state,0.798298,0.428629,-80.2184,185.863,cluster_t,291,49,49,6,1.32417,0.227131,320.995,33.9888,23.1,True,-0.00194195,185.272,,fe_division_year,,division_year
earn_2362,usd_per_month_per_GW,level,union,2019,IV2SLS,-281.777,303.39,cluster_state,-0.928763,0.357659,-2125,375,AR,291,49,49,6,1.1309,0.471065,9.09521,5.76352,23.1,False,-0.057457,849.491,weak_iv;AR_is_reported_inference,share_linear_trend,,share_x_t
earn_2362,usd_per_month_per_GW,level,union,2019,IV2SLS,32.4413,86.4148,cluster_state,0.375413,0.709007,-141.307,206.19,cluster_t,291,49,49,6,1.27058,0.243934,374.232,27.1305,23.1,True,-0.0040041,241.962,,vol_linear_trend,,vol_x_t
earn_2362,usd_per_month_per_GW,level,union,2019,IV2SLS,38.2849,88.3426,cluster_state,0.433369,0.666688,-139.34,215.91,cluster_t,291,49,49,6,1.26983,0.246592,366.55,26.5174,23.1,True,-0.00452376,247.359,,vol_year_fe,,vol_x_year
earn_2362,usd_per_month_per_GW,level,union,2016,OLS_FE,-34.4244,60.0831,cluster_state,-0.572947,0.569355,-155.23,86.3807,cluster_t,291,49,49,6,1.2077,0.352891,260.275,11.7122,23.1,False,0.00479587,168.233,weak_iv,share2016,,
earn_2362,usd_per_month_per_GW,level,union,2019,OLS_FE,-74.7439,47.0172,cluster_state,-1.58971,0.118604,-169.33,19.8425,cluster_t,285,48,48,6,1.20811,0.345261,284.012,12.2439,23.1,False,0.017178,131.648,weak_iv,drop_VA,VA,
earn_2362,usd_per_month_per_GW,level,union,2019,OLS_FE,27.5429,52.6507,cluster_state,0.523124,0.603345,-78.3768,133.463,cluster_t,285,48,48,6,1.05587,0.273372,241.6,14.9181,23.1,False,0.00184778,147.422,weak_iv,drop_TX,TX,
earn_2362,usd_per_month_per_GW,level,union,2019,OLS_FE,-13.3129,69.3449,cluster_state,-0.191981,0.848621,-152.981,126.355,cluster_t,273,46,46,6,0.877033,0.317439,87.4622,7.63327,23.1,False,0.000238154,194.166,weak_iv,drop_top3_share,TX;VA;CA,
earn_2362,usd_per_month_per_GW,level,union,2019,OLS_FE,-36.6185,60.4357,cluster_state,-0.605909,0.54743,-158.133,84.8955,cluster_t,289,49,49,6,1.28985,0.236478,427.039,29.7505,23.1,True,0.00548457,169.22,,drop_partial_years,,
earn_2362,usd_per_month_per_GW,level,union,2019,OLS_FE,-23.5244,60.8272,cluster_state,-0.386741,0.700657,-145.826,98.7769,cluster_t,291,49,49,6,1.29396,0.245645,398.799,27.7475,23.1,True,0.00228942,170.316,,fe_region_year,,region_year
earn_2362,usd_per_month_per_GW,level,union,2019,OLS_FE,22.0626,46.7829,cluster_state,0.471596,0.639352,-72.0007,116.126,cluster_t,291,49,49,6,1.32417,0.227131,320.995,33.9888,23.1,True,0.00205766,130.992,,fe_division_year,,division_year
earn_2362,usd_per_month_per_GW,level,union,2019,OLS_FE,-72.3089,57.5682,cluster_state,-1.25606,0.215175,-188.058,43.4397,cluster_t,291,49,49,6,1.1309,0.471065,9.09521,5.76352,23.1,False,0.00777313,161.191,weak_iv,share_linear_trend,,share_x_t
earn_2362,usd_per_month_per_GW,level,union,2019,OLS_FE,0.48343,64.5906,cluster_state,0.00748453,0.994059,-129.385,130.351,cluster_t,291,49,49,6,1.27058,0.243934,374.232,27.1305,23.1,True,9.16469e-07,180.854,,vol_linear_trend,,vol_x_t
earn_2362,usd_per_month_per_GW,level,union,2019,OLS_FE,4.58594,67.2506,cluster_state,0.0681918,0.945916,-130.63,139.802,cluster_t,291,49,49,6,1.26983,0.246592,366.55,26.5174,23.1,True,8.53573e-05,188.302,,vol_year_fe,,vol_x_year
earn_2362,usd_per_month_per_GW,level,union,2016,ReducedForm,-42.2266,99.242,cluster_state,-0.425491,0.67238,-241.766,157.313,cluster_t,291,49,49,6,1.2077,0.352891,260.275,11.7122,23.1,False,0.00259476,277.878,weak_iv,share2016,,
earn_2362,usd_per_month_per_GW,level,union,2019,ReducedForm,-83.6264,101.088,cluster_state,-0.827262,0.412269,-286.989,119.737,cluster_t,285,48,48,6,1.20811,0.345261,284.012,12.2439,23.1,False,0.00812478,283.047,weak_iv,drop_VA,VA,
earn_2362,usd_per_month_per_GW,level,union,2019,ReducedForm,68.5004,85.8059,cluster_state,0.798319,0.428701,-104.119,241.12,cluster_t,285,48,48,6,1.05587,0.273372,241.6,14.9181,23.1,False,0.00524082,240.256,weak_iv,drop_TX,TX,
earn_2362,usd_per_month_per_GW,level,union,2019,ReducedForm,67.2556,148.525,cluster_state,0.452822,0.652853,-231.89,366.401,cluster_t,273,46,46,6,0.877033,0.317439,87.4622,7.63327,23.1,False,0.00224056,415.871,weak_iv,drop_top3_share,TX;VA;CA,
earn_2362,usd_per_month_per_GW,level,union,2019,ReducedForm,-24.3282,104.721,cluster_state,-0.232315,0.817281,-234.883,186.227,cluster_t,289,49,49,6,1.28985,0.236478,427.039,29.7505,23.1,True,0.000939991,293.218,,drop_partial_years,,
earn_2362,usd_per_month_per_GW,level,union,2019,ReducedForm,-9.87097,105.228,cluster_state,-0.0938053,0.925654,-221.447,201.705,cluster_t,291,49,49,6,1.29396,0.245645,398.799,27.7475,23.1,True,0.000154907,294.639,,fe_region_year,,region_year
earn_2362,usd_per_month_per_GW,level,union,2019,ReducedForm,69.9457,85.5532,cluster_state,0.81757,0.417643,-102.071,241.962,cluster_t,291,49,49,6,1.32417,0.227131,320.995,33.9888,23.1,True,0.00732323,239.549,,fe_division_year,,division_year
earn_2362,usd_per_month_per_GW,level,union,2019,ReducedForm,-318.662,322.661,cluster_state,-0.987606,0.328298,-967.416,330.092,cluster_t,291,49,49,6,1.1309,0.471065,9.09521,5.76352,23.1,False,0.00439822,903.452,weak_iv,share_linear_trend,,share_x_t
earn_2362,usd_per_month_per_GW,level,union,2019,ReducedForm,41.2192,106.233,cluster_state,0.388007,0.699726,-172.376,254.815,cluster_t,291,49,49,6,1.27058,0.243934,374.232,27.1305,23.1,True,0.00253515,297.452,,vol_linear_trend,,vol_x_t
earn_2362,usd_per_month_per_GW,level,union,2019,ReducedForm,48.6152,107.859,cluster_state,0.450728,0.654215,-168.25,265.481,cluster_t,291,49,49,6,1.26983,0.246592,366.55,26.5174,23.1,True,0.00364921,302.006,,vol_year_fe,,vol_x_year
earn_2362,usd_per_month_per_GW,level,union,2016,Wald,-34.9644,80.2029,cluster_state,-0.43595,0.664828,-196.223,126.294,cluster_t,291,49,49,6,1.2077,0.352891,260.275,11.7122,23.1,False,0.00479469,224.568,weak_iv;se_is_2SLS_clustered_not_delta,share2016,,
earn_2362,usd_per_month_per_GW,level,union,2019,Wald,-69.2206,73.1438,cluster_state,-0.946363,0.348804,-216.367,77.9257,cluster_t,285,48,48,6,1.20811,0.345261,284.012,12.2439,23.1,False,0.0170842,204.803,weak_iv;se_is_2SLS_clustered_not_delta,drop_VA,VA,
earn_2362,usd_per_month_per_GW,level,union,2019,Wald,64.8757,77.1877,cluster_state,0.840493,0.404888,-90.4059,220.157,cluster_t,285,48,48,6,1.05587,0.273372,241.6,14.9181,23.1,False,-0.00154701,216.126,weak_iv;se_is_2SLS_clustered_not_delta,drop_TX,TX,
earn_2362,usd_per_month_per_GW,level,union,2019,Wald,76.6854,174.681,cluster_state,0.439002,0.662761,-275.14,428.511,cluster_t,273,46,46,6,0.877033,0.317439,87.4622,7.63327,23.1,False,-0.0106457,489.107,weak_iv;se_is_2SLS_clustered_not_delta,drop_top3_share,TX;VA;CA,
earn_2362,usd_per_month_per_GW,level,union,2019,Wald,-18.8613,79.9214,cluster_state,-0.235998,0.814438,-179.554,141.832,cluster_t,289,49,49,6,1.28985,0.236478,427.039,29.7505,23.1,True,0.00419486,223.78,se_is_2SLS_clustered_not_delta,drop_partial_years,,
earn_2362,usd_per_month_per_GW,level,union,2019,Wald,-7.62851,80.9487,cluster_state,-0.0942389,0.925312,-170.387,155.13,cluster_t,291,49,49,6,1.29396,0.245645,398.799,27.7475,23.1,True,0.00124408,226.656,se_is_2SLS_clustered_not_delta,fe_region_year,,region_year
earn_2362,usd_per_month_per_GW,level,union,2019,Wald,52.8222,66.1684,cluster_state,0.798298,0.428629,-80.2184,185.863,cluster_t,291,49,49,6,1.32417,0.227131,320.995,33.9888,23.1,True,-0.00194195,185.272,se_is_2SLS_clustered_not_delta,fe_division_year,,division_year
earn_2362,usd_per_month_per_GW,level,union,2019,Wald,-281.777,303.39,cluster_state,-0.928763,0.357659,-891.783,328.229,cluster_t,291,49,49,6,1.1309,0.471065,9.09521,5.76352,23.1,False,-0.057457,849.491,weak_iv;se_is_2SLS_clustered_not_delta,share_linear_trend,,share_x_t
earn_2362,usd_per_month_per_GW,level,union,2019,Wald,32.4413,86.4148,cluster_state,0.375413,0.709007,-141.307,206.19,cluster_t,291,49,49,6,1.27058,0.243934,374.232,27.1305,23.1,True,-0.0040041,241.962,se_is_2SLS_clustered_not_delta,vol_linear_trend,,vol_x_t
earn_2362,usd_per_month_per_GW,level,union,2019,Wald,38.2849,88.3426,cluster_state,0.433369,0.666688,-139.34,215.91,cluster_t,291,49,49,6,1.26983,0.246592,366.55,26.5174,23.1,True,-0.00452376,247.359,se_is_2SLS_clustered_not_delta,vol_year_fe,,vol_x_year
earn_51,usd_per_month_per_GW,level,contig,2019,FirstStage,1.23464,0.233738,cluster_state,5.28214,3.06443e-06,0.764674,1.7046,cluster_t,291,49,49,6,1.23464,0.233738,412.36,27.901,23.1,True,0.636005,0.654466,,leaveout_contig,,
earn_51,usd_per_month_per_GW,level,contig,2019,IV2SLS,420.644,292.148,cluster_state,1.43983,0.156406,-166.759,1008.05,cluster_t,291,49,49,6,1.23464,0.233738,412.36,27.901,23.1,True,-0.0520587,818.014,,leaveout_contig,,
earn_51,usd_per_month_per_GW,level,contig,2019,OLS_FE,97.7282,78.8257,cluster_state,1.2398,0.221076,-60.7614,256.218,cluster_t,291,49,49,6,1.23464,0.233738,412.36,27.901,23.1,True,0.00524899,220.712,,leaveout_contig,,
earn_51,usd_per_month_per_GW,level,contig,2019,ReducedForm,519.341,287.111,cluster_state,1.80885,0.0767395,-57.9338,1096.62,cluster_t,291,49,49,6,1.23464,0.233738,412.36,27.901,23.1,True,0.0618479,803.91,,leaveout_contig,,
earn_51,usd_per_month_per_GW,level,contig,2019,Wald,420.644,292.148,cluster_state,1.43983,0.156406,-166.759,1008.05,cluster_t,291,49,49,6,1.23464,0.233738,412.36,27.901,23.1,True,-0.0520587,818.014,se_is_2SLS_clustered_not_delta,leaveout_contig,,
earn_51,usd_per_month_per_GW,level,division,2019,FirstStage,1.2402,0.242347,cluster_state,5.11747,5.3972e-06,0.752932,1.72748,cluster_t,291,49,49,6,1.2402,0.242347,412.447,26.1885,23.1,True,0.636053,0.678572,,leaveout_division,,
earn_51,usd_per_month_per_GW,level,division,2019,IV2SLS,428.742,298.863,cluster_state,1.43458,0.157891,-172.161,1029.65,cluster_t,291,49,49,6,1.2402,0.242347,412.447,26.1885,23.1,True,-0.0549693,836.815,,leaveout_division,,
earn_51,usd_per_month_per_GW,level,division,2019,OLS_FE,97.7282,78.8257,cluster_state,1.2398,0.221076,-60.7614,256.218,cluster_t,291,49,49,6,1.2402,0.242347,412.447,26.1885,23.1,True,0.00524899,220.712,,leaveout_division,,
earn_51,usd_per_month_per_GW,level,division,2019,ReducedForm,531.728,287.998,cluster_state,1.84629,0.0710214,-47.3315,1110.79,cluster_t,291,49,49,6,1.2402,0.242347,412.447,26.1885,23.1,True,0.0642572,806.395,,leaveout_division,,
earn_51,usd_per_month_per_GW,level,division,2019,Wald,428.742,298.863,cluster_state,1.43458,0.157891,-172.161,1029.65,cluster_t,291,49,49,6,1.2402,0.242347,412.447,26.1885,23.1,True,-0.0549693,836.815,se_is_2SLS_clustered_not_delta,leaveout_division,,
earn_51,usd_per_month_per_GW,level,state,2019,FirstStage,1.10653,0.266322,cluster_state,4.15487,0.000133068,0.571055,1.64201,cluster_t,291,49,49,6,1.10653,0.266322,332.376,17.2629,23.1,False,0.584782,0.745701,weak_iv,leaveout_state,,
earn_51,usd_per_month_per_GW,level,state,2019,IV2SLS,476.977,337.427,cluster_state,1.41357,0.163941,0,1675,AR,291,49,49,6,1.10653,0.266322,332.376,17.2629,23.1,False,-0.0737977,944.795,weak_iv;AR_is_reported_inference,leaveout_state,,
earn_51,usd_per_month_per_GW,level,state,2019,OLS_FE,97.7282,78.8257,cluster_state,1.2398,0.221076,-60.7614,256.218,cluster_t,291,49,49,6,1.10653,0.266322,332.376,17.2629,23.1,False,0.00524899,220.712,weak_iv,leaveout_state,,
earn_51,usd_per_month_per_GW,level,state,2019,ReducedForm,527.789,275.102,cluster_state,1.91852,0.0610027,-25.34,1080.92,cluster_t,291,49,49,6,1.10653,0.266322,332.376,17.2629,23.1,False,0.073118,770.285,weak_iv,leaveout_state,,
earn_51,usd_per_month_per_GW,level,state,2019,Wald,476.977,337.427,cluster_state,1.41357,0.163941,-201.466,1155.42,cluster_t,291,49,49,6,1.10653,0.266322,332.376,17.2629,23.1,False,-0.0737977,944.795,weak_iv;se_is_2SLS_clustered_not_delta,leaveout_state,,
earn_51,usd_per_month_per_GW,level,union,2016,FirstStage,1.2077,0.352891,cluster_state,3.42231,0.00127839,0.498166,1.91724,cluster_t,291,49,49,6,1.2077,0.352891,260.275,11.7122,23.1,False,0.524458,0.988095,weak_iv,share2016,,
earn_51,usd_per_month_per_GW,level,union,2019,FirstStage,1.20811,0.345261,cluster_state,3.49913,0.00103251,0.513539,1.90269,cluster_t,285,48,48,6,1.20811,0.345261,284.012,12.2439,23.1,False,0.551466,0.966731,weak_iv,drop_VA,VA,
earn_51,usd_per_month_per_GW,level,union,2019,FirstStage,1.05587,0.273372,cluster_state,3.86239,0.000342509,0.505918,1.60583,cluster_t,285,48,48,6,1.05587,0.273372,241.6,14.9181,23.1,False,0.511215,0.765443,weak_iv,drop_TX,TX,
earn_51,usd_per_month_per_GW,level,union,2019,FirstStage,0.877033,0.317439,cluster_state,2.76284,0.00827029,0.237678,1.51639,cluster_t,273,46,46,6,0.877033,0.317439,87.4622,7.63327,23.1,False,0.283543,0.88883,weak_iv,drop_top3_share,TX;VA;CA,
earn_51,usd_per_month_per_GW,level,union,2019,FirstStage,1.28985,0.236478,cluster_state,5.4544,1.68851e-06,0.814375,1.76532,cluster_t,289,49,49,6,1.28985,0.236478,427.039,29.7505,23.1,True,0.646012,0.662138,,drop_partial_years,,
earn_51,usd_per_month_per_GW,level,union,2019,FirstStage,1.29396,0.245645,cluster_state,5.26759,3.22205e-06,0.800055,1.78786,cluster_t,291,49,49,6,1.29396,0.245645,398.799,27.7475,23.1,True,0.643433,0.687806,,fe_region_year,,region_year
earn_51,usd_per_month_per_GW,level,union,2019,FirstStage,1.32417,0.227131,cluster_state,5.82999,4.55428e-07,0.867495,1.78085,cluster_t,291,49,49,6,1.32417,0.227131,320.995,33.9888,23.1,True,0.620886,0.635968,,fe_division_year,,division_year
earn_51,usd_per_month_per_GW,level,union,2019,FirstStage,1.1309,0.471065,cluster_state,2.40073,0.0202867,0.183762,2.07804,cluster_t,291,49,49,6,1.1309,0.471065,9.09521,5.76352,23.1,False,0.0372609,1.31898,weak_iv,share_linear_trend,,share_x_t
earn_51,usd_per_month_per_GW,level,union,2019,FirstStage,1.27058,0.243934,cluster_state,5.20869,3.94637e-06,0.780115,1.76104,cluster_t,291,49,49,6,1.27058,0.243934,374.232,27.1305,23.1,True,0.614268,0.683015,,vol_linear_trend,,vol_x_t
earn_51,usd_per_month_per_GW,level,union,2019,FirstStage,1.26983,0.246592,cluster_state,5.1495,4.83599e-06,0.774019,1.76563,cluster_t,291,49,49,6,1.26983,0.246592,366.55,26.5174,23.1,True,0.613422,0.690458,,vol_year_fe,,vol_x_year
earn_51,usd_per_month_per_GW,level,union,2016,IV2SLS,598.548,419.572,cluster_state,1.42657,0.160176,50,2525,AR,291,49,49,6,1.2077,0.352891,260.275,11.7122,23.1,False,-0.132599,1174.8,weak_iv;AR_is_reported_inference,share2016,,
earn_51,usd_per_month_per_GW,level,union,2019,IV2SLS,592.21,486.58,cluster_state,1.21709,0.229648,-50,2725,AR,285,48,48,6,1.20811,0.345261,284.012,12.2439,23.1,False,-0.0913979,1362.43,weak_iv;AR_is_reported_inference,drop_VA,VA,
earn_51,usd_per_month_per_GW,level,union,2019,IV2SLS,711.426,549.155,cluster_state,1.29549,0.201478,-75,2825,AR,285,48,48,6,1.05587,0.273372,241.6,14.9181,23.1,False,-0.106033,1537.63,weak_iv;AR_is_reported_inference,drop_TX,TX,
earn_51,usd_per_month_per_GW,level,union,2019,IV2SLS,1211.97,869.311,cluster_state,1.39418,0.170111,-300,5475,AR,273,46,46,6,0.877033,0.317439,87.4622,7.63327,23.1,False,-0.24225,2434.07,weak_iv;AR_is_reported_inference,drop_top3_share,TX;VA;CA,
earn_51,usd_per_month_per_GW,level,union,2019,IV2SLS,432.131,295.912,cluster_state,1.46033,0.150713,-162.841,1027.1,cluster_t,289,49,49,6,1.28985,0.236478,427.039,29.7505,23.1,True,-0.0515926,828.555,,drop_partial_years,,
earn_51,usd_per_month_per_GW,level,union,2019,IV2SLS,435.868,248.559,cluster_state,1.75358,0.0858867,-63.8938,935.629,cluster_t,291,49,49,6,1.29396,0.245645,398.799,27.7475,23.1,True,-0.0568721,695.966,,fe_region_year,,region_year
earn_51,usd_per_month_per_GW,level,union,2019,IV2SLS,229.068,149.218,cluster_state,1.53512,0.131319,-70.9549,529.092,cluster_t,291,49,49,6,1.32417,0.227131,320.995,33.9888,23.1,True,-0.0471001,417.811,,fe_division_year,,division_year
earn_51,usd_per_month_per_GW,level,union,2019,IV2SLS,555.837,794.021,cluster_state,0.700028,0.487289,-975,6050,AR,291,49,49,6,1.1309,0.471065,9.09521,5.76352,23.1,False,-0.176192,2223.26,weak_iv;AR_is_reported_inference,share_linear_trend,,share_x_t
earn_51,usd_per_month_per_GW,level,union,2019,IV2SLS,380.485,303.254,cluster_state,1.25467,0.215672,-229.248,990.217,cluster_t,291,49,49,6,1.27058,0.243934,374.232,27.1305,23.1,True,-0.0605399,849.111,,vol_linear_trend,,vol_x_t
earn_51,usd_per_month_per_GW,level,union,2019,IV2SLS,382.664,307.048,cluster_state,1.24627,0.218714,-234.697,1000.03,cluster_t,291,49,49,6,1.26983,0.246592,366.55,26.5174,23.1,True,-0.0618489,859.735,,vol_year_fe,,vol_x_year
earn_51,usd_per_month_per_GW,level,union,2016,OLS_FE,97.7282,78.8257,cluster_state,1.2398,0.221076,-60.7614,256.218,cluster_t,291,49,49,6,1.2077,0.352891,260.275,11.7122,23.1,False,0.00524899,220.712,weak_iv,share2016,,
earn_51,usd_per_month_per_GW,level,union,2019,OLS_FE,110.015,101.123,cluster_state,1.08793,0.282174,-93.4191,313.449,cluster_t,285,48,48,6,1.20811,0.345261,284.012,12.2439,23.1,False,0.00501894,283.146,weak_iv,drop_VA,VA,
earn_51,usd_per_month_per_GW,level,union,2019,OLS_FE,123.514,126.598,cluster_state,0.975642,0.334237,-131.168,378.197,cluster_t,285,48,48,6,1.05587,0.273372,241.6,14.9181,23.1,False,0.00489619,354.475,weak_iv,drop_TX,TX,
earn_51,usd_per_month_per_GW,level,union,2019,OLS_FE,103.518,217.167,cluster_state,0.476673,0.635901,-333.879,540.914,cluster_t,273,46,46,6,0.877033,0.317439,87.4622,7.63327,23.1,False,0.00213138,608.067,weak_iv,drop_top3_share,TX;VA;CA,
earn_51,usd_per_month_per_GW,level,union,2019,OLS_FE,109.273,78.1542,cluster_state,1.39817,0.168488,-47.8663,266.413,cluster_t,289,49,49,6,1.28985,0.236478,427.039,29.7505,23.1,True,0.00667467,218.832,,drop_partial_years,,
earn_51,usd_per_month_per_GW,level,union,2019,OLS_FE,115.737,73.1244,cluster_state,1.58274,0.120047,-31.2893,262.764,cluster_t,291,49,49,6,1.29396,0.245645,398.799,27.7475,23.1,True,0.00855114,204.748,,fe_region_year,,region_year
earn_51,usd_per_month_per_GW,level,union,2019,OLS_FE,-5.78585,159.568,cluster_state,-0.0362593,0.971226,-326.62,315.048,cluster_t,291,49,49,6,1.32417,0.227131,320.995,33.9888,23.1,True,2.86037e-05,446.792,,fe_division_year,,division_year
earn_51,usd_per_month_per_GW,level,union,2019,OLS_FE,-459.067,296.156,cluster_state,-1.55009,0.12769,-1054.53,136.394,cluster_t,291,49,49,6,1.1309,0.471065,9.09521,5.76352,23.1,False,0.0453212,829.237,weak_iv,share_linear_trend,,share_x_t
earn_51,usd_per_month_per_GW,level,union,2019,OLS_FE,36.0535,83.0639,cluster_state,0.434045,0.666201,-130.958,203.065,cluster_t,291,49,49,6,1.27058,0.243934,374.232,27.1305,23.1,True,0.00067068,232.579,,vol_linear_trend,,vol_x_t
earn_51,usd_per_month_per_GW,level,union,2019,OLS_FE,36.485,83.6537,cluster_state,0.436143,0.664689,-131.712,204.682,cluster_t,291,49,49,6,1.26983,0.246592,366.55,26.5174,23.1,True,0.000694718,234.23,,vol_year_fe,,vol_x_year
earn_51,usd_per_month_per_GW,level,union,2016,ReducedForm,722.868,325.468,cluster_state,2.22101,0.0311027,68.4702,1377.27,cluster_t,291,49,49,6,1.2077,0.352891,260.275,11.7122,23.1,False,0.103263,911.311,weak_iv,share2016,,
earn_51,usd_per_month_per_GW,level,union,2019,ReducedForm,715.457,418.626,cluster_state,1.70906,0.0940364,-126.711,1557.62,cluster_t,285,48,48,6,1.20811,0.345261,284.012,12.2439,23.1,False,0.0802007,1172.15,weak_iv,drop_VA,VA,
earn_51,usd_per_month_per_GW,level,union,2019,ReducedForm,751.174,427.825,cluster_state,1.7558,0.0856381,-109.498,1611.85,cluster_t,285,48,48,6,1.05587,0.273372,241.6,14.9181,23.1,False,0.0830398,1197.91,weak_iv,drop_TX,TX,
earn_51,usd_per_month_per_GW,level,union,2019,ReducedForm,1062.94,658.432,cluster_state,1.61435,0.113443,-263.212,2389.09,cluster_t,273,46,46,6,0.877033,0.317439,87.4622,7.63327,23.1,False,0.0828392,1843.61,weak_iv,drop_top3_share,TX;VA;CA,
earn_51,usd_per_month_per_GW,level,union,2019,ReducedForm,557.382,301.273,cluster_state,1.85009,0.0704613,-48.3677,1163.13,cluster_t,289,49,49,6,1.28985,0.236478,427.039,29.7505,23.1,True,0.0674332,843.564,,drop_partial_years,,
earn_51,usd_per_month_per_GW,level,union,2019,ReducedForm,563.995,241.279,cluster_state,2.33752,0.0236297,78.87,1049.12,cluster_t,291,49,49,6,1.29396,0.245645,398.799,27.7475,23.1,True,0.0780352,675.582,,fe_region_year,,region_year
earn_51,usd_per_month_per_GW,level,union,2019,ReducedForm,303.326,189.694,cluster_state,1.59903,0.116376,-78.0785,684.731,cluster_t,291,49,49,6,1.32417,0.227131,320.995,33.9888,23.1,True,0.0278375,531.142,,fe_division_year,,division_year
earn_51,usd_per_month_per_GW,level,union,2019,ReducedForm,628.597,817.007,cluster_state,0.76939,0.445432,-1014.11,2271.3,cluster_t,291,49,49,6,1.1309,0.471065,9.09521,5.76352,23.1,False,0.00247569,2287.62,weak_iv,share_linear_trend,,share_x_t
earn_51,usd_per_month_per_GW,level,union,2019,ReducedForm,483.435,311.523,cluster_state,1.55184,0.127269,-142.924,1109.79,cluster_t,291,49,49,6,1.27058,0.243934,374.232,27.1305,23.1,True,0.0458832,872.265,,vol_linear_trend,,vol_x_t
earn_51,usd_per_month_per_GW,level,union,2019,ReducedForm,485.917,314.945,cluster_state,1.54286,0.129432,-147.322,1119.16,cluster_t,291,49,49,6,1.26983,0.246592,366.55,26.5174,23.1,True,0.0468787,881.846,,vol_year_fe,,vol_x_year
earn_51,usd_per_month_per_GW,level,union,2016,Wald,598.548,419.572,cluster_state,1.42657,0.160176,-245.057,1442.15,cluster_t,291,49,49,6,1.2077,0.352891,260.275,11.7122,23.1,False,-0.132599,1174.8,weak_iv;se_is_2SLS_clustered_not_delta,share2016,,
earn_51,usd_per_month_per_GW,level,union,2019,Wald,592.21,486.58,cluster_state,1.21709,0.229648,-386.664,1571.08,cluster_t,285,48,48,6,1.20811,0.345261,284.012,12.2439,23.1,False,-0.0913979,1362.43,weak_iv;se_is_2SLS_clustered_not_delta,drop_VA,VA,
earn_51,usd_per_month_per_GW,level,union,2019,Wald,711.426,549.155,cluster_state,1.29549,0.201478,-393.332,1816.18,cluster_t,285,48,48,6,1.05587,0.273372,241.6,14.9181,23.1,False,-0.106033,1537.63,weak_iv;se_is_2SLS_clustered_not_delta,drop_TX,TX,
earn_51,usd_per_month_per_GW,level,union,2019,Wald,1211.97,869.311,cluster_state,1.39418,0.170111,-538.91,2962.85,cluster_t,273,46,46,6,0.877033,0.317439,87.4622,7.63327,23.1,False,-0.24225,2434.07,weak_iv;se_is_2SLS_clustered_not_delta,drop_top3_share,TX;VA;CA,
earn_51,usd_per_month_per_GW,level,union,2019,Wald,432.131,295.912,cluster_state,1.46033,0.150713,-162.841,1027.1,cluster_t,289,49,49,6,1.28985,0.236478,427.039,29.7505,23.1,True,-0.0515926,828.555,se_is_2SLS_clustered_not_delta,drop_partial_years,,
earn_51,usd_per_month_per_GW,level,union,2019,Wald,435.868,248.559,cluster_state,1.75358,0.0858867,-63.8938,935.629,cluster_t,291,49,49,6,1.29396,0.245645,398.799,27.7475,23.1,True,-0.0568721,695.966,se_is_2SLS_clustered_not_delta,fe_region_year,,region_year
earn_51,usd_per_month_per_GW,level,union,2019,Wald,229.068,149.218,cluster_state,1.53512,0.131319,-70.9549,529.092,cluster_t,291,49,49,6,1.32417,0.227131,320.995,33.9888,23.1,True,-0.0471001,417.811,se_is_2SLS_clustered_not_delta,fe_division_year,,division_year
earn_51,usd_per_month_per_GW,level,union,2019,Wald,555.837,794.021,cluster_state,0.700028,0.487289,-1040.65,2152.32,cluster_t,291,49,49,6,1.1309,0.471065,9.09521,5.76352,23.1,False,-0.176192,2223.26,weak_iv;se_is_2SLS_clustered_not_delta,share_linear_trend,,share_x_t
earn_51,usd_per_month_per_GW,level,union,2019,Wald,380.485,303.254,cluster_state,1.25467,0.215672,-229.248,990.217,cluster_t,291,49,49,6,1.27058,0.243934,374.232,27.1305,23.1,True,-0.0605399,849.111,se_is_2SLS_clustered_not_delta,vol_linear_trend,,vol_x_t
earn_51,usd_per_month_per_GW,level,union,2019,Wald,382.664,307.048,cluster_state,1.24627,0.218714,-234.697,1000.03,cluster_t,291,49,49,6,1.26983,0.246592,366.55,26.5174,23.1,True,-0.0618489,859.735,se_is_2SLS_clustered_not_delta,vol_year_fe,,vol_x_year
earn_517,usd_per_month_per_GW,level,contig,2019,FirstStage,1.23464,0.233738,cluster_state,5.28214,3.06443e-06,0.764674,1.7046,cluster_t,291,49,49,6,1.23464,0.233738,412.36,27.901,23.1,True,0.636005,0.654466,,leaveout_contig,,
earn_517,usd_per_month_per_GW,level,contig,2019,IV2SLS,328.313,174.242,cluster_state,1.88424,0.0655967,-22.0236,678.65,cluster_t,291,49,49,6,1.23464,0.233738,412.36,27.901,23.1,True,-0.0210404,487.877,,leaveout_contig,,
earn_517,usd_per_month_per_GW,level,contig,2019,OLS_FE,118.715,63.1546,cluster_state,1.87975,0.0662195,-8.26608,245.696,cluster_t,291,49,49,6,1.23464,0.233738,412.36,27.901,23.1,True,0.00993777,176.833,,leaveout_contig,,
earn_517,usd_per_month_per_GW,level,contig,2019,ReducedForm,405.347,165.951,cluster_state,2.44257,0.0183147,71.6803,739.014,cluster_t,291,49,49,6,1.23464,0.233738,412.36,27.901,23.1,True,0.0483411,464.663,,leaveout_contig,,
earn_517,usd_per_month_per_GW,level,contig,2019,Wald,328.313,174.242,cluster_state,1.88424,0.0655967,-22.0236,678.65,cluster_t,291,49,49,6,1.23464,0.233738,412.36,27.901,23.1,True,-0.0210404,487.877,se_is_2SLS_clustered_not_delta,leaveout_contig,,
earn_517,usd_per_month_per_GW,level,division,2019,FirstStage,1.2402,0.242347,cluster_state,5.11747,5.3972e-06,0.752932,1.72748,cluster_t,291,49,49,6,1.2402,0.242347,412.447,26.1885,23.1,True,0.636053,0.678572,,leaveout_division,,
earn_517,usd_per_month_per_GW,level,division,2019,IV2SLS,325.456,179.937,cluster_state,1.80872,0.0767601,-36.3315,687.244,cluster_t,291,49,49,6,1.2402,0.242347,412.447,26.1885,23.1,True,-0.0202017,503.824,,leaveout_division,,
earn_517,usd_per_month_per_GW,level,division,2019,OLS_FE,118.715,63.1546,cluster_state,1.87975,0.0662195,-8.26608,245.696,cluster_t,291,49,49,6,1.2402,0.242347,412.447,26.1885,23.1,True,0.00993777,176.833,,leaveout_division,,
earn_517,usd_per_month_per_GW,level,division,2019,ReducedForm,403.632,169.906,cluster_state,2.37562,0.0215602,62.0132,745.252,cluster_t,291,49,49,6,1.2402,0.242347,412.447,26.1885,23.1,True,0.0475071,475.737,,leaveout_division,,
earn_517,usd_per_month_per_GW,level,division,2019,Wald,325.456,179.937,cluster_state,1.80872,0.0767601,-36.3315,687.244,cluster_t,291,49,49,6,1.2402,0.242347,412.447,26.1885,23.1,True,-0.0202017,503.824,se_is_2SLS_clustered_not_delta,leaveout_division,,
earn_517,usd_per_month_per_GW,level,state,2019,FirstStage,1.10653,0.266322,cluster_state,4.15487,0.000133068,0.571055,1.64201,cluster_t,291,49,49,6,1.10653,0.266322,332.376,17.2629,23.1,False,0.584782,0.745701,weak_iv,leaveout_state,,
earn_517,usd_per_month_per_GW,level,state,2019,IV2SLS,344.847,203.292,cluster_state,1.69631,0.096304,50,1025,AR,291,49,49,6,1.10653,0.266322,332.376,17.2629,23.1,False,-0.0261204,569.218,weak_iv;AR_is_reported_inference,leaveout_state,,
earn_517,usd_per_month_per_GW,level,state,2019,OLS_FE,118.715,63.1546,cluster_state,1.87975,0.0662195,-8.26608,245.696,cluster_t,291,49,49,6,1.10653,0.266322,332.376,17.2629,23.1,False,0.00993777,176.833,weak_iv,leaveout_state,,
earn_517,usd_per_month_per_GW,level,state,2019,ReducedForm,381.583,168.847,cluster_state,2.25994,0.0284003,42.0944,721.072,cluster_t,291,49,49,6,1.10653,0.266322,332.376,17.2629,23.1,False,0.0490372,472.771,weak_iv,leaveout_state,,
earn_517,usd_per_month_per_GW,level,state,2019,Wald,344.847,203.292,cluster_state,1.69631,0.096304,-63.8994,753.593,cluster_t,291,49,49,6,1.10653,0.266322,332.376,17.2629,23.1,False,-0.0261204,569.218,weak_iv;se_is_2SLS_clustered_not_delta,leaveout_state,,
earn_517,usd_per_month_per_GW,level,union,2016,FirstStage,1.2077,0.352891,cluster_state,3.42231,0.00127839,0.498166,1.91724,cluster_t,291,49,49,6,1.2077,0.352891,260.275,11.7122,23.1,False,0.524458,0.988095,weak_iv,share2016,,
earn_517,usd_per_month_per_GW,level,union,2019,FirstStage,1.20811,0.345261,cluster_state,3.49913,0.00103251,0.513539,1.90269,cluster_t,285,48,48,6,1.20811,0.345261,284.012,12.2439,23.1,False,0.551466,0.966731,weak_iv,drop_VA,VA,
earn_517,usd_per_month_per_GW,level,union,2019,FirstStage,1.05587,0.273372,cluster_state,3.86239,0.000342509,0.505918,1.60583,cluster_t,285,48,48,6,1.05587,0.273372,241.6,14.9181,23.1,False,0.511215,0.765443,weak_iv,drop_TX,TX,
earn_517,usd_per_month_per_GW,level,union,2019,FirstStage,0.877033,0.317439,cluster_state,2.76284,0.00827029,0.237678,1.51639,cluster_t,273,46,46,6,0.877033,0.317439,87.4622,7.63327,23.1,False,0.283543,0.88883,weak_iv,drop_top3_share,TX;VA;CA,
earn_517,usd_per_month_per_GW,level,union,2019,FirstStage,1.28985,0.236478,cluster_state,5.4544,1.68851e-06,0.814375,1.76532,cluster_t,289,49,49,6,1.28985,0.236478,427.039,29.7505,23.1,True,0.646012,0.662138,,drop_partial_years,,
earn_517,usd_per_month_per_GW,level,union,2019,FirstStage,1.29396,0.245645,cluster_state,5.26759,3.22205e-06,0.800055,1.78786,cluster_t,291,49,49,6,1.29396,0.245645,398.799,27.7475,23.1,True,0.643433,0.687806,,fe_region_year,,region_year
earn_517,usd_per_month_per_GW,level,union,2019,FirstStage,1.32417,0.227131,cluster_state,5.82999,4.55428e-07,0.867495,1.78085,cluster_t,291,49,49,6,1.32417,0.227131,320.995,33.9888,23.1,True,0.620886,0.635968,,fe_division_year,,division_year
earn_517,usd_per_month_per_GW,level,union,2019,FirstStage,1.1309,0.471065,cluster_state,2.40073,0.0202867,0.183762,2.07804,cluster_t,291,49,49,6,1.1309,0.471065,9.09521,5.76352,23.1,False,0.0372609,1.31898,weak_iv,share_linear_trend,,share_x_t
earn_517,usd_per_month_per_GW,level,union,2019,FirstStage,1.27058,0.243934,cluster_state,5.20869,3.94637e-06,0.780115,1.76104,cluster_t,291,49,49,6,1.27058,0.243934,374.232,27.1305,23.1,True,0.614268,0.683015,,vol_linear_trend,,vol_x_t
earn_517,usd_per_month_per_GW,level,union,2019,FirstStage,1.26983,0.246592,cluster_state,5.1495,4.83599e-06,0.774019,1.76563,cluster_t,291,49,49,6,1.26983,0.246592,366.55,26.5174,23.1,True,0.613422,0.690458,,vol_year_fe,,vol_x_year
earn_517,usd_per_month_per_GW,level,union,2016,IV2SLS,456.95,277.152,cluster_state,1.64873,0.105733,100,1725,AR,291,49,49,6,1.2077,0.352891,260.275,11.7122,23.1,False,-0.0707331,776.026,weak_iv;AR_is_reported_inference,share2016,,
earn_517,usd_per_month_per_GW,level,union,2019,IV2SLS,353.556,270.126,cluster_state,1.30886,0.196947,-25,1450,AR,285,48,48,6,1.20811,0.345261,284.012,12.2439,23.1,False,-0.0373047,756.352,weak_iv;AR_is_reported_inference,drop_VA,VA,
earn_517,usd_per_month_per_GW,level,union,2019,IV2SLS,468.154,298.824,cluster_state,1.56666,0.123904,25,1525,AR,285,48,48,6,1.05587,0.273372,241.6,14.9181,23.1,False,-0.0486559,836.707,weak_iv;AR_is_reported_inference,drop_TX,TX,
earn_517,usd_per_month_per_GW,level,union,2019,IV2SLS,229.253,348.4,cluster_state,0.658017,0.51388,-850,1175,AR,273,46,46,6,0.877033,0.317439,87.4622,7.63327,23.1,False,-0.0212479,975.52,weak_iv;AR_is_reported_inference,drop_top3_share,TX;VA;CA,
earn_517,usd_per_month_per_GW,level,union,2019,IV2SLS,332.927,177.252,cluster_state,1.87826,0.0664266,-23.4631,689.316,cluster_t,289,49,49,6,1.28985,0.236478,427.039,29.7505,23.1,True,-0.0192054,496.306,,drop_partial_years,,
earn_517,usd_per_month_per_GW,level,union,2019,IV2SLS,306.656,166.524,cluster_state,1.84151,0.0717302,-28.1629,641.474,cluster_t,291,49,49,6,1.29396,0.245645,398.799,27.7475,23.1,True,-0.0178532,466.267,,fe_region_year,,region_year
earn_517,usd_per_month_per_GW,level,union,2019,IV2SLS,260.648,106.977,cluster_state,2.43649,0.0185903,45.5563,475.739,cluster_t,291,49,49,6,1.32417,0.227131,320.995,33.9888,23.1,True,-0.0172823,299.535,,fe_division_year,,division_year
earn_517,usd_per_month_per_GW,level,union,2019,IV2SLS,37.1666,947.073,cluster_state,0.0392436,0.968859,-1775,6725,AR,291,49,49,6,1.1309,0.471065,9.09521,5.76352,23.1,False,-0.00531957,2651.8,weak_iv;AR_is_reported_inference,share_linear_trend,,share_x_t
earn_517,usd_per_month_per_GW,level,union,2019,IV2SLS,278.753,185.206,cluster_state,1.5051,0.138852,-93.6283,651.133,cluster_t,291,49,49,6,1.27058,0.243934,374.232,27.1305,23.1,True,-0.0260862,518.576,,vol_linear_trend,,vol_x_t
earn_517,usd_per_month_per_GW,level,union,2019,IV2SLS,281.705,188.657,cluster_state,1.49322,0.141925,-97.6143,661.025,cluster_t,291,49,49,6,1.26983,0.246592,366.55,26.5174,23.1,True,-0.0263626,528.239,,vol_year_fe,,vol_x_year
earn_517,usd_per_month_per_GW,level,union,2016,OLS_FE,118.715,63.1546,cluster_state,1.87975,0.0662195,-8.26608,245.696,cluster_t,291,49,49,6,1.2077,0.352891,260.275,11.7122,23.1,False,0.00993777,176.833,weak_iv,share2016,,
earn_517,usd_per_month_per_GW,level,union,2019,OLS_FE,78.5824,72.9514,cluster_state,1.07719,0.286894,-68.1769,225.342,cluster_t,285,48,48,6,1.20811,0.345261,284.012,12.2439,23.1,False,0.00331768,204.264,weak_iv,drop_VA,VA,
earn_517,usd_per_month_per_GW,level,union,2019,OLS_FE,108.41,105.958,cluster_state,1.02315,0.311475,-104.749,321.57,cluster_t,285,48,48,6,1.05587,0.273372,241.6,14.9181,23.1,False,0.00486002,296.681,weak_iv,drop_TX,TX,
earn_517,usd_per_month_per_GW,level,union,2019,OLS_FE,-59.034,122.709,cluster_state,-0.481089,0.632784,-306.183,188.115,cluster_t,273,46,46,6,0.877033,0.317439,87.4622,7.63327,23.1,False,0.000929983,343.585,weak_iv,drop_top3_share,TX;VA;CA,
earn_517,usd_per_month_per_GW,level,union,2019,OLS_FE,125.854,63.1671,cluster_state,1.9924,0.0520312,-1.15202,252.86,cluster_t,289,49,49,6,1.28985,0.236478,427.039,29.7505,23.1,True,0.01125,176.868,,drop_partial_years,,
earn_517,usd_per_month_per_GW,level,union,2019,OLS_FE,114.403,69.9173,cluster_state,1.63626,0.108326,-26.1753,254.981,cluster_t,291,49,49,6,1.29396,0.245645,398.799,27.7475,23.1,True,0.00978769,195.768,,fe_region_year,,region_year
earn_517,usd_per_month_per_GW,level,union,2019,OLS_FE,83.9275,94.2476,cluster_state,0.890501,0.377639,-105.57,273.425,cluster_t,291,49,49,6,1.32417,0.227131,320.995,33.9888,23.1,True,0.00503321,263.893,,fe_division_year,,division_year
earn_517,usd_per_month_per_GW,level,union,2019,OLS_FE,-244.414,249.339,cluster_state,-0.980248,0.331879,-745.745,256.916,cluster_t,291,49,49,6,1.1309,0.471065,9.09521,5.76352,23.1,False,0.0162553,698.15,weak_iv,share_linear_trend,,share_x_t
earn_517,usd_per_month_per_GW,level,union,2019,OLS_FE,68.6171,69.8576,cluster_state,0.982242,0.330906,-71.841,209.075,cluster_t,291,49,49,6,1.27058,0.243934,374.232,27.1305,23.1,True,0.00311346,195.601,,vol_linear_trend,,vol_x_t
earn_517,usd_per_month_per_GW,level,union,2019,OLS_FE,70.1363,71.6003,cluster_state,0.979553,0.332218,-73.8257,214.098,cluster_t,291,49,49,6,1.26983,0.246592,366.55,26.5174,23.1,True,0.00325483,200.481,,vol_year_fe,,vol_x_year
earn_517,usd_per_month_per_GW,level,union,2016,ReducedForm,551.859,201.445,cluster_state,2.7395,0.00861193,146.827,956.891,cluster_t,291,49,49,6,1.2077,0.352891,260.275,11.7122,23.1,False,0.0772195,564.045,weak_iv,share2016,,
earn_517,usd_per_month_per_GW,level,union,2019,ReducedForm,427.136,246.388,cluster_state,1.73359,0.0895469,-68.5323,922.804,cluster_t,285,48,48,6,1.20811,0.345261,284.012,12.2439,23.1,False,0.0370355,689.885,weak_iv,drop_VA,VA,
earn_517,usd_per_month_per_GW,level,union,2019,ReducedForm,494.311,243.806,cluster_state,2.02748,0.0483051,3.8369,984.785,cluster_t,285,48,48,6,1.05587,0.273372,241.6,14.9181,23.1,False,0.0463316,682.656,weak_iv,drop_TX,TX,
earn_517,usd_per_month_per_GW,level,union,2019,ReducedForm,201.062,318.307,cluster_state,0.631662,0.530803,-440.04,842.165,cluster_t,273,46,46,6,0.877033,0.317439,87.4622,7.63327,23.1,False,0.00397667,891.259,weak_iv,drop_top3_share,TX;VA;CA,
earn_517,usd_per_month_per_GW,level,union,2019,ReducedForm,429.424,176.844,cluster_state,2.42827,0.0189684,73.8562,784.992,cluster_t,289,49,49,6,1.28985,0.236478,427.039,29.7505,23.1,True,0.0508576,495.162,,drop_partial_years,,
earn_517,usd_per_month_per_GW,level,union,2019,ReducedForm,396.8,167.102,cluster_state,2.37459,0.0216138,60.8181,732.781,cluster_t,291,49,49,6,1.29396,0.245645,398.799,27.7475,23.1,True,0.0452493,467.886,,fe_region_year,,region_year
earn_517,usd_per_month_per_GW,level,union,2019,ReducedForm,345.142,127.197,cluster_state,2.71344,0.00921967,89.3952,600.89,cluster_t,291,49,49,6,1.32417,0.227131,320.995,33.9888,23.1,True,0.0301408,356.152,,fe_division_year,,division_year
earn_517,usd_per_month_per_GW,level,union,2019,ReducedForm,42.0317,1063.15,cluster_state,0.0395352,0.968628,-2095.57,2179.63,cluster_t,291,49,49,6,1.1309,0.471065,9.09521,5.76352,23.1,False,1.40056e-05,2976.81,weak_iv,share_linear_trend,,share_x_t
earn_517,usd_per_month_per_GW,level,union,2019,ReducedForm,354.177,192.717,cluster_state,1.83781,0.072284,-33.3064,741.66,cluster_t,291,49,49,6,1.27058,0.243934,374.232,27.1305,23.1,True,0.0315628,539.607,,vol_linear_trend,,vol_x_t
earn_517,usd_per_month_per_GW,level,union,2019,ReducedForm,357.717,195.994,cluster_state,1.82514,0.0742057,-36.3557,751.789,cluster_t,291,49,49,6,1.26983,0.246592,366.55,26.5174,23.1,True,0.0322101,548.783,,vol_year_fe,,vol_x_year
earn_517,usd_per_month_per_GW,level,union,2016,Wald,456.95,277.152,cluster_state,1.64873,0.105733,-100.302,1014.2,cluster_t,291,49,49,6,1.2077,0.352891,260.275,11.7122,23.1,False,-0.0707331,776.026,weak_iv;se_is_2SLS_clustered_not_delta,share2016,,
earn_517,usd_per_month_per_GW,level,union,2019,Wald,353.556,270.126,cluster_state,1.30886,0.196947,-189.867,896.978,cluster_t,285,48,48,6,1.20811,0.345261,284.012,12.2439,23.1,False,-0.0373047,756.352,weak_iv;se_is_2SLS_clustered_not_delta,drop_VA,VA,
earn_517,usd_per_month_per_GW,level,union,2019,Wald,468.154,298.824,cluster_state,1.56666,0.123904,-133.002,1069.31,cluster_t,285,48,48,6,1.05587,0.273372,241.6,14.9181,23.1,False,-0.0486559,836.707,weak_iv;se_is_2SLS_clustered_not_delta,drop_TX,TX,
earn_517,usd_per_month_per_GW,level,union,2019,Wald,229.253,348.4,cluster_state,0.658017,0.51388,-472.46,930.966,cluster_t,273,46,46,6,0.877033,0.317439,87.4622,7.63327,23.1,False,-0.0212479,975.52,weak_iv;se_is_2SLS_clustered_not_delta,drop_top3_share,TX;VA;CA,
earn_517,usd_per_month_per_GW,level,union,2019,Wald,332.927,177.252,cluster_state,1.87826,0.0664266,-23.4631,689.316,cluster_t,289,49,49,6,1.28985,0.236478,427.039,29.7505,23.1,True,-0.0192054,496.306,se_is_2SLS_clustered_not_delta,drop_partial_years,,
earn_517,usd_per_month_per_GW,level,union,2019,Wald,306.656,166.524,cluster_state,1.84151,0.0717302,-28.1629,641.474,cluster_t,291,49,49,6,1.29396,0.245645,398.799,27.7475,23.1,True,-0.0178532,466.267,se_is_2SLS_clustered_not_delta,fe_region_year,,region_year
earn_517,usd_per_month_per_GW,level,union,2019,Wald,260.648,106.977,cluster_state,2.43649,0.0185903,45.5563,475.739,cluster_t,291,49,49,6,1.32417,0.227131,320.995,33.9888,23.1,True,-0.0172823,299.535,se_is_2SLS_clustered_not_delta,fe_division_year,,division_year
earn_517,usd_per_month_per_GW,level,union,2019,Wald,37.1666,947.073,cluster_state,0.0392436,0.968859,-1867.05,1941.38,cluster_t,291,49,49,6,1.1309,0.471065,9.09521,5.76352,23.1,False,-0.00531957,2651.8,weak_iv;se_is_2SLS_clustered_not_delta,share_linear_trend,,share_x_t
earn_517,usd_per_month_per_GW,level,union,2019,Wald,278.753,185.206,cluster_state,1.5051,0.138852,-93.6283,651.133,cluster_t,291,49,49,6,1.27058,0.243934,374.232,27.1305,23.1,True,-0.0260862,518.576,se_is_2SLS_clustered_not_delta,vol_linear_trend,,vol_x_t
earn_517,usd_per_month_per_GW,level,union,2019,Wald,281.705,188.657,cluster_state,1.49322,0.141925,-97.6143,661.025,cluster_t,291,49,49,6,1.26983,0.246592,366.55,26.5174,23.1,True,-0.0263626,528.239,se_is_2SLS_clustered_not_delta,vol_year_fe,,vol_x_year
earn_5182,usd_per_month_per_GW,level,contig,2019,FirstStage,1.23464,0.233738,cluster_state,5.28214,3.06443e-06,0.764674,1.7046,cluster_t,291,49,49,6,1.23464,0.233738,412.36,27.901,23.1,True,0.636005,0.654466,,leaveout_contig,,
earn_5182,usd_per_month_per_GW,level,contig,2019,IV2SLS,449.857,433.529,cluster_state,1.03766,0.304626,-421.812,1321.53,cluster_t,291,49,49,6,1.23464,0.233738,412.36,27.901,23.1,True,-0.0271818,1213.88,,leaveout_contig,,
earn_5182,usd_per_month_per_GW,level,contig,2019,OLS_FE,91.22,153.497,cluster_state,0.594279,0.555116,-217.406,399.846,cluster_t,291,49,49,6,1.23464,0.233738,412.36,27.901,23.1,True,0.00188016,429.791,,leaveout_contig,,
earn_5182,usd_per_month_per_GW,level,contig,2019,ReducedForm,555.41,464.402,cluster_state,1.19597,0.237584,-378.334,1489.15,cluster_t,291,49,49,6,1.23464,0.233738,412.36,27.901,23.1,True,0.029082,1300.33,,leaveout_contig,,
earn_5182,usd_per_month_per_GW,level,contig,2019,Wald,449.857,433.529,cluster_state,1.03766,0.304626,-421.812,1321.53,cluster_t,291,49,49,6,1.23464,0.233738,412.36,27.901,23.1,True,-0.0271818,1213.88,se_is_2SLS_clustered_not_delta,leaveout_contig,,
earn_5182,usd_per_month_per_GW,level,division,2019,FirstStage,1.2402,0.242347,cluster_state,5.11747,5.3972e-06,0.752932,1.72748,cluster_t,291,49,49,6,1.2402,0.242347,412.447,26.1885,23.1,True,0.636053,0.678572,,leaveout_division,,
earn_5182,usd_per_month_per_GW,level,division,2019,IV2SLS,476.766,454.382,cluster_state,1.04926,0.299312,-436.831,1390.36,cluster_t,291,49,49,6,1.2402,0.242347,412.447,26.1885,23.1,True,-0.0317065,1272.27,,leaveout_division,,
earn_5182,usd_per_month_per_GW,level,division,2019,OLS_FE,91.22,153.497,cluster_state,0.594279,0.555116,-217.406,399.846,cluster_t,291,49,49,6,1.2402,0.242347,412.447,26.1885,23.1,True,0.00188016,429.791,,leaveout_division,,
earn_5182,usd_per_month_per_GW,level,division,2019,ReducedForm,591.287,477.346,cluster_state,1.2387,0.221482,-368.482,1551.06,cluster_t,291,49,49,6,1.2402,0.242347,412.447,26.1885,23.1,True,0.0326677,1336.57,,leaveout_division,,
earn_5182,usd_per_month_per_GW,level,division,2019,Wald,476.766,454.382,cluster_state,1.04926,0.299312,-436.831,1390.36,cluster_t,291,49,49,6,1.2402,0.242347,412.447,26.1885,23.1,True,-0.0317065,1272.27,se_is_2SLS_clustered_not_delta,leaveout_division,,
earn_5182,usd_per_month_per_GW,level,state,2019,FirstStage,1.10653,0.266322,cluster_state,4.15487,0.000133068,0.571055,1.64201,cluster_t,291,49,49,6,1.10653,0.266322,332.376,17.2629,23.1,False,0.584782,0.745701,weak_iv,leaveout_state,,
earn_5182,usd_per_month_per_GW,level,state,2019,IV2SLS,537.329,512.212,cluster_state,1.04904,0.299414,-225,2325,AR,291,49,49,6,1.10653,0.266322,332.376,17.2629,23.1,False,-0.0430872,1434.19,weak_iv;AR_is_reported_inference,leaveout_state,,
earn_5182,usd_per_month_per_GW,level,state,2019,OLS_FE,91.22,153.497,cluster_state,0.594279,0.555116,-217.406,399.846,cluster_t,291,49,49,6,1.10653,0.266322,332.376,17.2629,23.1,False,0.00188016,429.791,weak_iv,leaveout_state,,
earn_5182,usd_per_month_per_GW,level,state,2019,ReducedForm,594.571,461.024,cluster_state,1.28967,0.203343,-332.38,1521.52,cluster_t,291,49,49,6,1.10653,0.266322,332.376,17.2629,23.1,False,0.0381496,1290.87,weak_iv,leaveout_state,,
earn_5182,usd_per_month_per_GW,level,state,2019,Wald,537.329,512.212,cluster_state,1.04904,0.299414,-492.541,1567.2,cluster_t,291,49,49,6,1.10653,0.266322,332.376,17.2629,23.1,False,-0.0430872,1434.19,weak_iv;se_is_2SLS_clustered_not_delta,leaveout_state,,
earn_5182,usd_per_month_per_GW,level,union,2016,FirstStage,1.2077,0.352891,cluster_state,3.42231,0.00127839,0.498166,1.91724,cluster_t,291,49,49,6,1.2077,0.352891,260.275,11.7122,23.1,False,0.524458,0.988095,weak_iv,share2016,,
earn_5182,usd_per_month_per_GW,level,union,2019,FirstStage,1.20811,0.345261,cluster_state,3.49913,0.00103251,0.513539,1.90269,cluster_t,285,48,48,6,1.20811,0.345261,284.012,12.2439,23.1,False,0.551466,0.966731,weak_iv,drop_VA,VA,
earn_5182,usd_per_month_per_GW,level,union,2019,FirstStage,1.05587,0.273372,cluster_state,3.86239,0.000342509,0.505918,1.60583,cluster_t,285,48,48,6,1.05587,0.273372,241.6,14.9181,23.1,False,0.511215,0.765443,weak_iv,drop_TX,TX,
earn_5182,usd_per_month_per_GW,level,union,2019,FirstStage,0.877033,0.317439,cluster_state,2.76284,0.00827029,0.237678,1.51639,cluster_t,273,46,46,6,0.877033,0.317439,87.4622,7.63327,23.1,False,0.283543,0.88883,weak_iv,drop_top3_share,TX;VA;CA,
earn_5182,usd_per_month_per_GW,level,union,2019,FirstStage,1.28985,0.236478,cluster_state,5.4544,1.68851e-06,0.814375,1.76532,cluster_t,289,49,49,6,1.28985,0.236478,427.039,29.7505,23.1,True,0.646012,0.662138,,drop_partial_years,,
earn_5182,usd_per_month_per_GW,level,union,2019,FirstStage,1.29396,0.245645,cluster_state,5.26759,3.22205e-06,0.800055,1.78786,cluster_t,291,49,49,6,1.29396,0.245645,398.799,27.7475,23.1,True,0.643433,0.687806,,fe_region_year,,region_year
earn_5182,usd_per_month_per_GW,level,union,2019,FirstStage,1.32417,0.227131,cluster_state,5.82999,4.55428e-07,0.867495,1.78085,cluster_t,291,49,49,6,1.32417,0.227131,320.995,33.9888,23.1,True,0.620886,0.635968,,fe_division_year,,division_year
earn_5182,usd_per_month_per_GW,level,union,2019,FirstStage,1.1309,0.471065,cluster_state,2.40073,0.0202867,0.183762,2.07804,cluster_t,291,49,49,6,1.1309,0.471065,9.09521,5.76352,23.1,False,0.0372609,1.31898,weak_iv,share_linear_trend,,share_x_t
earn_5182,usd_per_month_per_GW,level,union,2019,FirstStage,1.27058,0.243934,cluster_state,5.20869,3.94637e-06,0.780115,1.76104,cluster_t,291,49,49,6,1.27058,0.243934,374.232,27.1305,23.1,True,0.614268,0.683015,,vol_linear_trend,,vol_x_t
earn_5182,usd_per_month_per_GW,level,union,2019,FirstStage,1.26983,0.246592,cluster_state,5.1495,4.83599e-06,0.774019,1.76563,cluster_t,291,49,49,6,1.26983,0.246592,366.55,26.5174,23.1,True,0.613422,0.690458,,vol_year_fe,,vol_x_year
earn_5182,usd_per_month_per_GW,level,union,2016,IV2SLS,679.316,610.386,cluster_state,1.11293,0.271282,-125,3475,AR,291,49,49,6,1.2077,0.352891,260.275,11.7122,23.1,False,-0.0762666,1709.08,weak_iv;AR_is_reported_inference,share2016,,
earn_5182,usd_per_month_per_GW,level,union,2019,IV2SLS,745.943,684.969,cluster_state,1.08902,0.281699,-200,3725,AR,285,48,48,6,1.20811,0.345261,284.012,12.2439,23.1,False,-0.0552926,1917.91,weak_iv;AR_is_reported_inference,drop_VA,VA,
earn_5182,usd_per_month_per_GW,level,union,2019,IV2SLS,767.947,827.752,cluster_state,0.92775,0.358277,-425,3950,AR,285,48,48,6,1.05587,0.273372,241.6,14.9181,23.1,False,-0.055166,2317.71,weak_iv;AR_is_reported_inference,drop_TX,TX,
earn_5182,usd_per_month_per_GW,level,union,2019,IV2SLS,1055.24,939.107,cluster_state,1.12366,0.267114,-950,4825,AR,273,46,46,6,0.877033,0.317439,87.4622,7.63327,23.1,False,-0.0679149,2629.5,weak_iv;AR_is_reported_inference,drop_top3_share,TX;VA;CA,
earn_5182,usd_per_month_per_GW,level,union,2019,IV2SLS,453.932,433.56,cluster_state,1.04699,0.300349,-417.799,1325.66,cluster_t,289,49,49,6,1.28985,0.236478,427.039,29.7505,23.1,True,-0.02814,1213.97,,drop_partial_years,,
earn_5182,usd_per_month_per_GW,level,union,2019,IV2SLS,451.799,286.39,cluster_state,1.57756,0.121234,-124.027,1027.63,cluster_t,291,49,49,6,1.29396,0.245645,398.799,27.7475,23.1,True,-0.0301324,801.893,,fe_region_year,,region_year
earn_5182,usd_per_month_per_GW,level,union,2019,IV2SLS,261.802,279.101,cluster_state,0.938021,0.35293,-299.367,822.972,cluster_t,291,49,49,6,1.32417,0.227131,320.995,33.9888,23.1,True,-0.0190636,781.482,,fe_division_year,,division_year
earn_5182,usd_per_month_per_GW,level,union,2019,IV2SLS,1393.33,1173.79,cluster_state,1.18704,0.241055,-1075,8950,AR,291,49,49,6,1.1309,0.471065,9.09521,5.76352,23.1,False,-0.285777,3286.61,weak_iv;AR_is_reported_inference,share_linear_trend,,share_x_t
earn_5182,usd_per_month_per_GW,level,union,2019,IV2SLS,581.288,485.505,cluster_state,1.19729,0.237074,-394.884,1557.46,cluster_t,291,49,49,6,1.27058,0.243934,374.232,27.1305,23.1,True,-0.035874,1359.41,,vol_linear_trend,,vol_x_t
earn_5182,usd_per_month_per_GW,level,union,2019,IV2SLS,580.339,490.75,cluster_state,1.18256,0.24281,-406.38,1567.06,cluster_t,291,49,49,6,1.26983,0.246592,366.55,26.5174,23.1,True,-0.0366882,1374.1,,vol_year_fe,,vol_x_year
earn_5182,usd_per_month_per_GW,level,union,2016,OLS_FE,91.22,153.497,cluster_state,0.594279,0.555116,-217.406,399.846,cluster_t,291,49,49,6,1.2077,0.352891,260.275,11.7122,23.1,False,0.00188016,429.791,weak_iv,share2016,,
earn_5182,usd_per_month_per_GW,level,union,2019,OLS_FE,157.678,189.167,cluster_state,0.833538,0.408757,-222.877,538.232,cluster_t,285,48,48,6,1.20811,0.345261,284.012,12.2439,23.1,False,0.00427998,529.667,weak_iv,drop_VA,VA,
earn_5182,usd_per_month_per_GW,level,union,2019,OLS_FE,111.668,260.433,cluster_state,0.428778,0.670043,-412.256,635.592,cluster_t,285,48,48,6,1.05587,0.273372,241.6,14.9181,23.1,False,0.0016448,729.213,weak_iv,drop_TX,TX,
earn_5182,usd_per_month_per_GW,level,union,2019,OLS_FE,147.634,404.599,cluster_state,0.364889,0.716903,-667.27,962.537,cluster_t,273,46,46,6,0.877033,0.317439,87.4622,7.63327,23.1,False,0.00184581,1132.88,weak_iv,drop_top3_share,TX;VA;CA,
earn_5182,usd_per_month_per_GW,level,union,2019,OLS_FE,90.2535,154.407,cluster_state,0.584515,0.561611,-220.204,400.711,cluster_t,289,49,49,6,1.28985,0.236478,427.039,29.7505,23.1,True,0.00184681,432.341,,drop_partial_years,,
earn_5182,usd_per_month_per_GW,level,union,2019,OLS_FE,121.324,121.429,cluster_state,0.999142,0.322737,-122.824,365.473,cluster_t,291,49,49,6,1.29396,0.245645,398.799,27.7475,23.1,True,0.00469383,340,,fe_region_year,,region_year
earn_5182,usd_per_month_per_GW,level,union,2019,OLS_FE,31.4788,238.672,cluster_state,0.131892,0.895621,-448.403,511.361,cluster_t,291,49,49,6,1.32417,0.227131,320.995,33.9888,23.1,True,0.000362872,668.281,,fe_division_year,,division_year
earn_5182,usd_per_month_per_GW,level,union,2019,OLS_FE,-505.522,464.166,cluster_state,-1.0891,0.281549,-1438.79,427.747,cluster_t,291,49,49,6,1.1309,0.471065,9.09521,5.76352,23.1,False,0.0217997,1299.67,weak_iv,share_linear_trend,,share_x_t
earn_5182,usd_per_month_per_GW,level,union,2019,OLS_FE,141.758,159.941,cluster_state,0.886311,0.379869,-179.826,463.341,cluster_t,291,49,49,6,1.27058,0.243934,374.232,27.1305,23.1,True,0.00416481,447.835,,vol_linear_trend,,vol_x_t
earn_5182,usd_per_month_per_GW,level,union,2019,OLS_FE,139.496,161.266,cluster_state,0.865002,0.39134,-184.752,463.744,cluster_t,291,49,49,6,1.26983,0.246592,366.55,26.5174,23.1,True,0.00408226,451.546,,vol_year_fe,,vol_x_year
earn_5182,usd_per_month_per_GW,level,union,2016,ReducedForm,820.411,530.24,cluster_state,1.54724,0.128373,-245.708,1886.53,cluster_t,291,49,49,6,1.2077,0.352891,260.275,11.7122,23.1,False,0.054685,1484.67,weak_iv,share2016,,
earn_5182,usd_per_month_per_GW,level,union,2019,ReducedForm,901.184,619.952,cluster_state,1.45364,0.152693,-345.998,2148.37,cluster_t,285,48,48,6,1.20811,0.345261,284.012,12.2439,23.1,False,0.0528239,1735.86,weak_iv,drop_VA,VA,
earn_5182,usd_per_month_per_GW,level,union,2019,ReducedForm,810.854,707.726,cluster_state,1.14572,0.257713,-612.908,2234.62,cluster_t,285,48,48,6,1.05587,0.273372,241.6,14.9181,23.1,False,0.0397667,1981.63,weak_iv,drop_TX,TX,
earn_5182,usd_per_month_per_GW,level,union,2019,ReducedForm,925.482,791.458,cluster_state,1.16934,0.248424,-668.596,2519.56,cluster_t,273,46,46,6,0.877033,0.317439,87.4622,7.63327,23.1,False,0.0267385,2216.08,weak_iv,drop_top3_share,TX;VA;CA,
earn_5182,usd_per_month_per_GW,level,union,2019,ReducedForm,585.502,481.678,cluster_state,1.21555,0.230102,-382.975,1553.98,cluster_t,289,49,49,6,1.28985,0.236478,427.039,29.7505,23.1,True,0.0301798,1348.7,,drop_partial_years,,
earn_5182,usd_per_month_per_GW,level,union,2019,ReducedForm,584.609,299.046,cluster_state,1.95491,0.0564302,-16.6631,1185.88,cluster_t,291,49,49,6,1.29396,0.245645,398.799,27.7475,23.1,True,0.0418817,837.328,,fe_region_year,,region_year
earn_5182,usd_per_month_per_GW,level,union,2019,ReducedForm,346.672,368.81,cluster_state,0.939974,0.351937,-394.87,1088.21,cluster_t,291,49,49,6,1.32417,0.227131,320.995,33.9888,23.1,True,0.0155839,1032.67,,fe_division_year,,division_year
earn_5182,usd_per_month_per_GW,level,union,2019,ReducedForm,1575.72,1234.13,cluster_state,1.27678,0.207822,-905.671,4057.11,cluster_t,291,49,49,6,1.1309,0.471065,9.09521,5.76352,23.1,False,0.00617067,3455.57,weak_iv,share_linear_trend,,share_x_t
earn_5182,usd_per_month_per_GW,level,union,2019,ReducedForm,738.572,508.206,cluster_state,1.45329,0.152649,-283.244,1760.39,cluster_t,291,49,49,6,1.27058,0.243934,374.232,27.1305,23.1,True,0.0430174,1422.98,,vol_linear_trend,,vol_x_t
earn_5182,usd_per_month_per_GW,level,union,2019,ReducedForm,736.929,513.545,cluster_state,1.43498,0.157776,-295.622,1769.48,cluster_t,291,49,49,6,1.26983,0.246592,366.55,26.5174,23.1,True,0.0433411,1437.93,,vol_year_fe,,vol_x_year
earn_5182,usd_per_month_per_GW,level,union,2016,Wald,679.316,610.386,cluster_state,1.11293,0.271282,-547.948,1906.58,cluster_t,291,49,49,6,1.2077,0.352891,260.275,11.7122,23.1,False,-0.0762666,1709.08,weak_iv;se_is_2SLS_clustered_not_delta,share2016,,
earn_5182,usd_per_month_per_GW,level,union,2019,Wald,745.943,684.969,cluster_state,1.08902,0.281699,-632.036,2123.92,cluster_t,285,48,48,6,1.20811,0.345261,284.012,12.2439,23.1,False,-0.0552926,1917.91,weak_iv;se_is_2SLS_clustered_not_delta,drop_VA,VA,
earn_5182,usd_per_month_per_GW,level,union,2019,Wald,767.947,827.752,cluster_state,0.92775,0.358277,-897.276,2433.17,cluster_t,285,48,48,6,1.05587,0.273372,241.6,14.9181,23.1,False,-0.055166,2317.71,weak_iv;se_is_2SLS_clustered_not_delta,drop_TX,TX,
earn_5182,usd_per_month_per_GW,level,union,2019,Wald,1055.24,939.107,cluster_state,1.12366,0.267114,-836.218,2946.7,cluster_t,273,46,46,6,0.877033,0.317439,87.4622,7.63327,23.1,False,-0.0679149,2629.5,weak_iv;se_is_2SLS_clustered_not_delta,drop_top3_share,TX;VA;CA,
earn_5182,usd_per_month_per_GW,level,union,2019,Wald,453.932,433.56,cluster_state,1.04699,0.300349,-417.799,1325.66,cluster_t,289,49,49,6,1.28985,0.236478,427.039,29.7505,23.1,True,-0.02814,1213.97,se_is_2SLS_clustered_not_delta,drop_partial_years,,
earn_5182,usd_per_month_per_GW,level,union,2019,Wald,451.799,286.39,cluster_state,1.57756,0.121234,-124.027,1027.63,cluster_t,291,49,49,6,1.29396,0.245645,398.799,27.7475,23.1,True,-0.0301324,801.893,se_is_2SLS_clustered_not_delta,fe_region_year,,region_year
earn_5182,usd_per_month_per_GW,level,union,2019,Wald,261.802,279.101,cluster_state,0.938021,0.35293,-299.367,822.972,cluster_t,291,49,49,6,1.32417,0.227131,320.995,33.9888,23.1,True,-0.0190636,781.482,se_is_2SLS_clustered_not_delta,fe_division_year,,division_year
earn_5182,usd_per_month_per_GW,level,union,2019,Wald,1393.33,1173.79,cluster_state,1.18704,0.241055,-966.731,3753.39,cluster_t,291,49,49,6,1.1309,0.471065,9.09521,5.76352,23.1,False,-0.285777,3286.61,weak_iv;se_is_2SLS_clustered_not_delta,share_linear_trend,,share_x_t
earn_5182,usd_per_month_per_GW,level,union,2019,Wald,581.288,485.505,cluster_state,1.19729,0.237074,-394.884,1557.46,cluster_t,291,49,49,6,1.27058,0.243934,374.232,27.1305,23.1,True,-0.035874,1359.41,se_is_2SLS_clustered_not_delta,vol_linear_trend,,vol_x_t
earn_5182,usd_per_month_per_GW,level,union,2019,Wald,580.339,490.75,cluster_state,1.18256,0.24281,-406.38,1567.06,cluster_t,291,49,49,6,1.26983,0.246592,366.55,26.5174,23.1,True,-0.0366882,1374.1,se_is_2SLS_clustered_not_delta,vol_year_fe,,vol_x_year
earn_5415,usd_per_month_per_GW,level,contig,2019,FirstStage,1.23464,0.233738,cluster_state,5.28214,3.06443e-06,0.764674,1.7046,cluster_t,291,49,49,6,1.23464,0.233738,412.36,27.901,23.1,True,0.636005,0.654466,,leaveout_contig,,
earn_5415,usd_per_month_per_GW,level,contig,2019,IV2SLS,115.493,159.933,cluster_state,0.722134,0.473716,-206.074,437.06,cluster_t,291,49,49,6,1.23464,0.233738,412.36,27.901,23.1,True,-0.00869606,447.812,,leaveout_contig,,
earn_5415,usd_per_month_per_GW,level,contig,2019,OLS_FE,9.21415,61.2107,cluster_state,0.150532,0.880976,-113.858,132.287,cluster_t,291,49,49,6,1.23464,0.233738,412.36,27.901,23.1,True,6.58591e-05,171.39,,leaveout_contig,,
earn_5415,usd_per_month_per_GW,level,contig,2019,ReducedForm,142.592,187.22,cluster_state,0.761626,0.450009,-233.84,519.023,cluster_t,291,49,49,6,1.23464,0.233738,412.36,27.901,23.1,True,0.00658078,524.217,,leaveout_contig,,
earn_5415,usd_per_month_per_GW,level,contig,2019,Wald,115.493,159.933,cluster_state,0.722134,0.473716,-206.074,437.06,cluster_t,291,49,49,6,1.23464,0.233738,412.36,27.901,23.1,True,-0.00869606,447.812,se_is_2SLS_clustered_not_delta,leaveout_contig,,
earn_5415,usd_per_month_per_GW,level,division,2019,FirstStage,1.2402,0.242347,cluster_state,5.11747,5.3972e-06,0.752932,1.72748,cluster_t,291,49,49,6,1.2402,0.242347,412.447,26.1885,23.1,True,0.636053,0.678572,,leaveout_division,,
earn_5415,usd_per_month_per_GW,level,division,2019,IV2SLS,123.022,163.233,cluster_state,0.753663,0.454733,-205.179,451.224,cluster_t,291,49,49,6,1.2402,0.242347,412.447,26.1885,23.1,True,-0.00998152,457.051,,leaveout_division,,
earn_5415,usd_per_month_per_GW,level,division,2019,OLS_FE,9.21415,61.2107,cluster_state,0.150532,0.880976,-113.858,132.287,cluster_t,291,49,49,6,1.2402,0.242347,412.447,26.1885,23.1,True,6.58591e-05,171.39,,leaveout_division,,
earn_5415,usd_per_month_per_GW,level,division,2019,ReducedForm,152.573,188.846,cluster_state,0.807923,0.423121,-227.127,532.273,cluster_t,291,49,49,6,1.2402,0.242347,412.447,26.1885,23.1,True,0.00746736,528.769,,leaveout_division,,
earn_5415,usd_per_month_per_GW,level,division,2019,Wald,123.022,163.233,cluster_state,0.753663,0.454733,-205.179,451.224,cluster_t,291,49,49,6,1.2402,0.242347,412.447,26.1885,23.1,True,-0.00998152,457.051,se_is_2SLS_clustered_not_delta,leaveout_division,,
earn_5415,usd_per_month_per_GW,level,state,2019,FirstStage,1.10653,0.266322,cluster_state,4.15487,0.000133068,0.571055,1.64201,cluster_t,291,49,49,6,1.10653,0.266322,332.376,17.2629,23.1,False,0.584782,0.745701,weak_iv,leaveout_state,,
earn_5415,usd_per_month_per_GW,level,state,2019,IV2SLS,139.217,186.167,cluster_state,0.74781,0.458223,-175,700,AR,291,49,49,6,1.10653,0.266322,332.376,17.2629,23.1,False,-0.0130444,521.267,weak_iv;AR_is_reported_inference,leaveout_state,,
earn_5415,usd_per_month_per_GW,level,state,2019,OLS_FE,9.21415,61.2107,cluster_state,0.150532,0.880976,-113.858,132.287,cluster_t,291,49,49,6,1.10653,0.266322,332.376,17.2629,23.1,False,6.58591e-05,171.39,weak_iv,leaveout_state,,
earn_5415,usd_per_month_per_GW,level,state,2019,ReducedForm,154.048,189.387,cluster_state,0.813404,0.420003,-226.74,534.836,cluster_t,291,49,49,6,1.10653,0.266322,332.376,17.2629,23.1,False,0.00879195,530.284,weak_iv,leaveout_state,,
earn_5415,usd_per_month_per_GW,level,state,2019,Wald,139.217,186.167,cluster_state,0.74781,0.458223,-235.096,513.531,cluster_t,291,49,49,6,1.10653,0.266322,332.376,17.2629,23.1,False,-0.0130444,521.267,weak_iv;se_is_2SLS_clustered_not_delta,leaveout_state,,
earn_5415,usd_per_month_per_GW,level,union,2016,FirstStage,1.2077,0.352891,cluster_state,3.42231,0.00127839,0.498166,1.91724,cluster_t,291,49,49,6,1.2077,0.352891,260.275,11.7122,23.1,False,0.524458,0.988095,weak_iv,share2016,,
earn_5415,usd_per_month_per_GW,level,union,2019,FirstStage,1.20811,0.345261,cluster_state,3.49913,0.00103251,0.513539,1.90269,cluster_t,285,48,48,6,1.20811,0.345261,284.012,12.2439,23.1,False,0.551466,0.966731,weak_iv,drop_VA,VA,
earn_5415,usd_per_month_per_GW,level,union,2019,FirstStage,1.05587,0.273372,cluster_state,3.86239,0.000342509,0.505918,1.60583,cluster_t,285,48,48,6,1.05587,0.273372,241.6,14.9181,23.1,False,0.511215,0.765443,weak_iv,drop_TX,TX,
earn_5415,usd_per_month_per_GW,level,union,2019,FirstStage,0.877033,0.317439,cluster_state,2.76284,0.00827029,0.237678,1.51639,cluster_t,273,46,46,6,0.877033,0.317439,87.4622,7.63327,23.1,False,0.283543,0.88883,weak_iv,drop_top3_share,TX;VA;CA,
earn_5415,usd_per_month_per_GW,level,union,2019,FirstStage,1.28985,0.236478,cluster_state,5.4544,1.68851e-06,0.814375,1.76532,cluster_t,289,49,49,6,1.28985,0.236478,427.039,29.7505,23.1,True,0.646012,0.662138,,drop_partial_years,,
earn_5415,usd_per_month_per_GW,level,union,2019,FirstStage,1.29396,0.245645,cluster_state,5.26759,3.22205e-06,0.800055,1.78786,cluster_t,291,49,49,6,1.29396,0.245645,398.799,27.7475,23.1,True,0.643433,0.687806,,fe_region_year,,region_year
earn_5415,usd_per_month_per_GW,level,union,2019,FirstStage,1.32417,0.227131,cluster_state,5.82999,4.55428e-07,0.867495,1.78085,cluster_t,291,49,49,6,1.32417,0.227131,320.995,33.9888,23.1,True,0.620886,0.635968,,fe_division_year,,division_year
earn_5415,usd_per_month_per_GW,level,union,2019,FirstStage,1.1309,0.471065,cluster_state,2.40073,0.0202867,0.183762,2.07804,cluster_t,291,49,49,6,1.1309,0.471065,9.09521,5.76352,23.1,False,0.0372609,1.31898,weak_iv,share_linear_trend,,share_x_t
earn_5415,usd_per_month_per_GW,level,union,2019,FirstStage,1.27058,0.243934,cluster_state,5.20869,3.94637e-06,0.780115,1.76104,cluster_t,291,49,49,6,1.27058,0.243934,374.232,27.1305,23.1,True,0.614268,0.683015,,vol_linear_trend,,vol_x_t
earn_5415,usd_per_month_per_GW,level,union,2019,FirstStage,1.26983,0.246592,cluster_state,5.1495,4.83599e-06,0.774019,1.76563,cluster_t,291,49,49,6,1.26983,0.246592,366.55,26.5174,23.1,True,0.613422,0.690458,,vol_year_fe,,vol_x_year
earn_5415,usd_per_month_per_GW,level,union,2016,IV2SLS,197.929,219.495,cluster_state,0.901747,0.371694,-125,1050,AR,291,49,49,6,1.2077,0.352891,260.275,11.7122,23.1,False,-0.0275601,614.587,weak_iv;AR_is_reported_inference,share2016,,
earn_5415,usd_per_month_per_GW,level,union,2019,IV2SLS,176.446,237.786,cluster_state,0.742036,0.461758,-200,1025,AR,285,48,48,6,1.20811,0.345261,284.012,12.2439,23.1,False,-0.0168599,665.801,weak_iv;AR_is_reported_inference,drop_VA,VA,
earn_5415,usd_per_month_per_GW,level,union,2019,IV2SLS,190.02,287.067,cluster_state,0.661934,0.511246,-275,1125,AR,285,48,48,6,1.05587,0.273372,241.6,14.9181,23.1,False,-0.0153798,803.788,weak_iv;AR_is_reported_inference,drop_TX,TX,
earn_5415,usd_per_month_per_GW,level,union,2019,IV2SLS,119.393,592.849,cluster_state,0.201389,0.841302,-1500,1975,AR,273,46,46,6,0.877033,0.317439,87.4622,7.63327,23.1,False,-0.00716634,1659.98,weak_iv;AR_is_reported_inference,drop_top3_share,TX;VA;CA,
earn_5415,usd_per_month_per_GW,level,union,2019,IV2SLS,119.913,159.871,cluster_state,0.750058,0.456881,-201.53,441.355,cluster_t,289,49,49,6,1.28985,0.236478,427.039,29.7505,23.1,True,-0.00952336,447.639,,drop_partial_years,,
earn_5415,usd_per_month_per_GW,level,union,2019,IV2SLS,129.946,118.771,cluster_state,1.09409,0.279374,-108.858,368.751,cluster_t,291,49,49,6,1.29396,0.245645,398.799,27.7475,23.1,True,-0.0137462,332.558,,fe_region_year,,region_year
earn_5415,usd_per_month_per_GW,level,union,2019,IV2SLS,83.4511,111.494,cluster_state,0.748483,0.457821,-140.722,307.624,cluster_t,291,49,49,6,1.32417,0.227131,320.995,33.9888,23.1,True,-0.00998609,312.182,,fe_division_year,,division_year
earn_5415,usd_per_month_per_GW,level,union,2019,IV2SLS,-161.322,730.237,cluster_state,-0.220918,0.826094,-2450,2975,AR,291,49,49,6,1.1309,0.471065,9.09521,5.76352,23.1,False,0.0109193,2044.66,weak_iv;AR_is_reported_inference,share_linear_trend,,share_x_t
earn_5415,usd_per_month_per_GW,level,union,2019,IV2SLS,180.943,161.483,cluster_state,1.12051,0.268072,-143.74,505.627,cluster_t,291,49,49,6,1.27058,0.243934,374.232,27.1305,23.1,True,-0.0131067,452.153,,vol_linear_trend,,vol_x_t
earn_5415,usd_per_month_per_GW,level,union,2019,IV2SLS,183.702,163.975,cluster_state,1.1203,0.268158,-145.992,513.396,cluster_t,291,49,49,6,1.26983,0.246592,366.55,26.5174,23.1,True,-0.0133995,459.13,,vol_year_fe,,vol_x_year
earn_5415,usd_per_month_per_GW,level,union,2016,OLS_FE,9.21415,61.2107,cluster_state,0.150532,0.880976,-113.858,132.287,cluster_t,291,49,49,6,1.2077,0.352891,260.275,11.7122,23.1,False,6.58591e-05,171.39,weak_iv,share2016,,
earn_5415,usd_per_month_per_GW,level,union,2019,OLS_FE,6.56158,72.8331,cluster_state,0.0900906,0.928598,-139.96,153.083,cluster_t,285,48,48,6,1.20811,0.345261,284.012,12.2439,23.1,False,2.51892e-05,203.933,weak_iv,drop_VA,VA,
earn_5415,usd_per_month_per_GW,level,union,2019,OLS_FE,5.86516,90.6986,cluster_state,0.0646665,0.948714,-176.597,188.327,cluster_t,285,48,48,6,1.05587,0.273372,241.6,14.9181,23.1,False,1.56166e-05,253.956,weak_iv,drop_TX,TX,
earn_5415,usd_per_month_per_GW,level,union,2019,OLS_FE,-45.1382,145.566,cluster_state,-0.310088,0.757926,-338.323,248.047,cluster_t,273,46,46,6,0.877033,0.317439,87.4622,7.63327,23.1,False,0.000583272,407.585,weak_iv,drop_top3_share,TX;VA;CA,
earn_5415,usd_per_month_per_GW,level,union,2019,OLS_FE,8.74883,62.1142,cluster_state,0.140851,0.888577,-116.14,133.638,cluster_t,289,49,49,6,1.28985,0.236478,427.039,29.7505,23.1,True,5.93558e-05,173.92,,drop_partial_years,,
earn_5415,usd_per_month_per_GW,level,union,2019,OLS_FE,16.4239,103.371,cluster_state,0.158883,0.874428,-191.418,224.266,cluster_t,291,49,49,6,1.29396,0.245645,398.799,27.7475,23.1,True,0.000293873,289.44,,fe_region_year,,region_year
earn_5415,usd_per_month_per_GW,level,union,2019,OLS_FE,-15.5674,126.402,cluster_state,-0.123158,0.902496,-269.715,238.58,cluster_t,291,49,49,6,1.32417,0.227131,320.995,33.9888,23.1,True,0.000253083,353.924,,fe_division_year,,division_year
earn_5415,usd_per_month_per_GW,level,union,2019,OLS_FE,-198.491,194.201,cluster_state,-1.02209,0.31186,-588.958,191.975,cluster_t,291,49,49,6,1.1309,0.471065,9.09521,5.76352,23.1,False,0.0113161,543.762,weak_iv,share_linear_trend,,share_x_t
earn_5415,usd_per_month_per_GW,level,union,2019,OLS_FE,39.7106,58.1661,cluster_state,0.68271,0.498072,-77.2402,156.662,cluster_t,291,49,49,6,1.27058,0.243934,374.232,27.1305,23.1,True,0.00112514,162.865,,vol_linear_trend,,vol_x_t
earn_5415,usd_per_month_per_GW,level,union,2019,OLS_FE,40.9655,59.0991,cluster_state,0.693166,0.491546,-77.8613,159.792,cluster_t,291,49,49,6,1.26983,0.246592,366.55,26.5174,23.1,True,0.00120279,165.478,,vol_year_fe,,vol_x_year
earn_5415,usd_per_month_per_GW,level,union,2016,ReducedForm,239.039,223.846,cluster_state,1.06787,0.29092,-211.034,689.113,cluster_t,291,49,49,6,1.2077,0.352891,260.275,11.7122,23.1,False,0.015938,626.77,weak_iv,share2016,,
earn_5415,usd_per_month_per_GW,level,union,2019,ReducedForm,213.167,257.878,cluster_state,0.826617,0.412631,-305.617,731.951,cluster_t,285,48,48,6,1.20811,0.345261,284.012,12.2439,23.1,False,0.0100448,722.059,weak_iv,drop_VA,VA,
earn_5415,usd_per_month_per_GW,level,union,2019,ReducedForm,200.636,277.809,cluster_state,0.72221,0.473744,-358.243,759.516,cluster_t,285,48,48,6,1.05587,0.273372,241.6,14.9181,23.1,False,0.00837968,777.865,weak_iv,drop_TX,TX,
earn_5415,usd_per_month_per_GW,level,union,2019,ReducedForm,104.712,518.835,cluster_state,0.201821,0.840966,-940.275,1149.7,cluster_t,273,46,46,6,0.877033,0.317439,87.4622,7.63327,23.1,False,0.00115707,1452.74,weak_iv,drop_top3_share,TX;VA;CA,
earn_5415,usd_per_month_per_GW,level,union,2019,ReducedForm,154.669,193.992,cluster_state,0.797293,0.429208,-235.379,544.717,cluster_t,289,49,49,6,1.28985,0.236478,427.039,29.7505,23.1,True,0.00720332,543.179,,drop_partial_years,,
earn_5415,usd_per_month_per_GW,level,union,2019,ReducedForm,168.145,156.399,cluster_state,1.07511,0.287701,-146.315,482.606,cluster_t,291,49,49,6,1.29396,0.245645,398.799,27.7475,23.1,True,0.0118369,437.916,,fe_region_year,,region_year
earn_5415,usd_per_month_per_GW,level,union,2019,ReducedForm,110.504,156.258,cluster_state,0.707186,0.48287,-203.675,424.682,cluster_t,291,49,49,6,1.32417,0.227131,320.995,33.9888,23.1,True,0.00451552,437.523,,fe_division_year,,division_year
earn_5415,usd_per_month_per_GW,level,union,2019,ReducedForm,-182.44,836.996,cluster_state,-0.217969,0.828377,-1865.33,1500.45,cluster_t,291,49,49,6,1.1309,0.471065,9.09521,5.76352,23.1,False,0.00027852,2343.59,weak_iv,share_linear_trend,,share_x_t
earn_5415,usd_per_month_per_GW,level,union,2019,ReducedForm,229.902,181.211,cluster_state,1.2687,0.210667,-134.447,594.252,cluster_t,291,49,49,6,1.27058,0.243934,374.232,27.1305,23.1,True,0.0143494,507.391,,vol_linear_trend,,vol_x_t
earn_5415,usd_per_month_per_GW,level,union,2019,ReducedForm,233.269,183.419,cluster_state,1.27179,0.209576,-135.518,602.057,cluster_t,291,49,49,6,1.26983,0.246592,366.55,26.5174,23.1,True,0.0148368,513.572,,vol_year_fe,,vol_x_year
earn_5415,usd_per_month_per_GW,level,union,2016,Wald,197.929,219.495,cluster_state,0.901747,0.371694,-243.396,639.254,cluster_t,291,49,49,6,1.2077,0.352891,260.275,11.7122,23.1,False,-0.0275601,614.587,weak_iv;se_is_2SLS_clustered_not_delta,share2016,,
earn_5415,usd_per_month_per_GW,level,union,2019,Wald,176.446,237.786,cluster_state,0.742036,0.461758,-301.918,654.809,cluster_t,285,48,48,6,1.20811,0.345261,284.012,12.2439,23.1,False,-0.0168599,665.801,weak_iv;se_is_2SLS_clustered_not_delta,drop_VA,VA,
earn_5415,usd_per_month_per_GW,level,union,2019,Wald,190.02,287.067,cluster_state,0.661934,0.511246,-387.485,767.524,cluster_t,285,48,48,6,1.05587,0.273372,241.6,14.9181,23.1,False,-0.0153798,803.788,weak_iv;se_is_2SLS_clustered_not_delta,drop_TX,TX,
earn_5415,usd_per_month_per_GW,level,union,2019,Wald,119.393,592.849,cluster_state,0.201389,0.841302,-1074.67,1313.45,cluster_t,273,46,46,6,0.877033,0.317439,87.4622,7.63327,23.1,False,-0.00716634,1659.98,weak_iv;se_is_2SLS_clustered_not_delta,drop_top3_share,TX;VA;CA,
earn_5415,usd_per_month_per_GW,level,union,2019,Wald,119.913,159.871,cluster_state,0.750058,0.456881,-201.53,441.355,cluster_t,289,49,49,6,1.28985,0.236478,427.039,29.7505,23.1,True,-0.00952336,447.639,se_is_2SLS_clustered_not_delta,drop_partial_years,,
earn_5415,usd_per_month_per_GW,level,union,2019,Wald,129.946,118.771,cluster_state,1.09409,0.279374,-108.858,368.751,cluster_t,291,49,49,6,1.29396,0.245645,398.799,27.7475,23.1,True,-0.0137462,332.558,se_is_2SLS_clustered_not_delta,fe_region_year,,region_year
earn_5415,usd_per_month_per_GW,level,union,2019,Wald,83.4511,111.494,cluster_state,0.748483,0.457821,-140.722,307.624,cluster_t,291,49,49,6,1.32417,0.227131,320.995,33.9888,23.1,True,-0.00998609,312.182,se_is_2SLS_clustered_not_delta,fe_division_year,,division_year
earn_5415,usd_per_month_per_GW,level,union,2019,Wald,-161.322,730.237,cluster_state,-0.220918,0.826094,-1629.56,1306.92,cluster_t,291,49,49,6,1.1309,0.471065,9.09521,5.76352,23.1,False,0.0109193,2044.66,weak_iv;se_is_2SLS_clustered_not_delta,share_linear_trend,,share_x_t
earn_5415,usd_per_month_per_GW,level,union,2019,Wald,180.943,161.483,cluster_state,1.12051,0.268072,-143.74,505.627,cluster_t,291,49,49,6,1.27058,0.243934,374.232,27.1305,23.1,True,-0.0131067,452.153,se_is_2SLS_clustered_not_delta,vol_linear_trend,,vol_x_t
earn_5415,usd_per_month_per_GW,level,union,2019,Wald,183.702,163.975,cluster_state,1.1203,0.268158,-145.992,513.396,cluster_t,291,49,49,6,1.26983,0.246592,366.55,26.5174,23.1,True,-0.0133995,459.13,se_is_2SLS_clustered_not_delta,vol_year_fe,,vol_x_year
emp_23,jobs_per_GW,level,contig,2019,FirstStage,1.23464,0.233738,cluster_state,5.28214,3.06443e-06,0.764674,1.7046,cluster_t,291,49,49,6,1.23464,0.233738,412.36,27.901,23.1,True,0.636005,0.654466,AR_widened_x4,leaveout_contig,,
emp_23,jobs_per_GW,level,contig,2019,IV2SLS,11640.6,5145.8,cluster_state,2.26216,0.0282526,1294.3,21986.9,cluster_t,291,49,49,6,1.23464,0.233738,412.36,27.901,23.1,True,0.114787,14408.2,AR_widened_x4,leaveout_contig,,
emp_23,jobs_per_GW,level,contig,2019,OLS_FE,7847.48,4675,cluster_state,1.67861,0.0997287,-1552.24,17247.2,cluster_t,291,49,49,6,1.23464,0.233738,412.36,27.901,23.1,True,0.149782,13090,AR_widened_x4,leaveout_contig,,
emp_23,jobs_per_GW,level,contig,2019,ReducedForm,14371.9,6893.59,cluster_state,2.08482,0.0424285,511.431,28232.4,cluster_t,291,49,49,6,1.23464,0.233738,412.36,27.901,23.1,True,0.20961,19302.1,AR_widened_x4,leaveout_contig,,
emp_23,jobs_per_GW,level,contig,2019,Wald,11640.6,5145.8,cluster_state,2.26216,0.0282526,1294.3,21986.9,cluster_t,291,49,49,6,1.23464,0.233738,412.36,27.901,23.1,True,0.114787,14408.2,AR_widened_x4;se_is_2SLS_clustered_not_delta,leaveout_contig,,
emp_23,jobs_per_GW,level,division,2019,FirstStage,1.2402,0.242347,cluster_state,5.11747,5.3972e-06,0.752932,1.72748,cluster_t,291,49,49,6,1.2402,0.242347,412.447,26.1885,23.1,True,0.636053,0.678572,AR_widened_x4,leaveout_division,,
emp_23,jobs_per_GW,level,division,2019,IV2SLS,11780.7,5087.7,cluster_state,2.31553,0.0249031,1551.22,22010.2,cluster_t,291,49,49,6,1.2402,0.242347,412.447,26.1885,23.1,True,0.112155,14245.6,AR_widened_x4,leaveout_division,,
emp_23,jobs_per_GW,level,division,2019,OLS_FE,7847.48,4675,cluster_state,1.67861,0.0997287,-1552.24,17247.2,cluster_t,291,49,49,6,1.2402,0.242347,412.447,26.1885,23.1,True,0.149782,13090,AR_widened_x4,leaveout_division,,
emp_23,jobs_per_GW,level,division,2019,ReducedForm,14610.5,6692.16,cluster_state,2.18323,0.0339408,1155,28066,cluster_t,291,49,49,6,1.2402,0.242347,412.447,26.1885,23.1,True,0.214701,18738.1,AR_widened_x4,leaveout_division,,
emp_23,jobs_per_GW,level,division,2019,Wald,11780.7,5087.7,cluster_state,2.31553,0.0249031,1551.22,22010.2,cluster_t,291,49,49,6,1.2402,0.242347,412.447,26.1885,23.1,True,0.112155,14245.6,AR_widened_x4;se_is_2SLS_clustered_not_delta,leaveout_division,,
emp_23,jobs_per_GW,level,state,2019,FirstStage,1.10653,0.266322,cluster_state,4.15487,0.000133068,0.571055,1.64201,cluster_t,291,49,49,6,1.10653,0.266322,332.376,17.2629,23.1,False,0.584782,0.745701,weak_iv;AR_widened_x4,leaveout_state,,
emp_23,jobs_per_GW,level,state,2019,IV2SLS,12152.3,5276.89,cluster_state,2.30294,0.0256597,1300,25600,AR,291,49,49,6,1.10653,0.266322,332.376,17.2629,23.1,False,0.104709,14775.3,weak_iv;AR_widened_x4;AR_is_reported_inference,leaveout_state,,
emp_23,jobs_per_GW,level,state,2019,OLS_FE,7847.48,4675,cluster_state,1.67861,0.0997287,-1552.24,17247.2,cluster_t,291,49,49,6,1.10653,0.266322,332.376,17.2629,23.1,False,0.149782,13090,weak_iv;AR_widened_x4,leaveout_state,,
emp_23,jobs_per_GW,level,state,2019,ReducedForm,13446.9,6109.75,cluster_state,2.2009,0.0325861,1162.46,25731.4,cluster_t,291,49,49,6,1.10653,0.266322,332.376,17.2629,23.1,False,0.210045,17107.3,weak_iv;AR_widened_x4,leaveout_state,,
emp_23,jobs_per_GW,level,state,2019,Wald,12152.3,5276.89,cluster_state,2.30294,0.0256597,1542.45,22762.2,cluster_t,291,49,49,6,1.10653,0.266322,332.376,17.2629,23.1,False,0.104709,14775.3,weak_iv;AR_widened_x4;se_is_2SLS_clustered_not_delta,leaveout_state,,
emp_23,jobs_per_GW,level,union,2016,FirstStage,1.2077,0.352891,cluster_state,3.42231,0.00127839,0.498166,1.91724,cluster_t,291,49,49,6,1.2077,0.352891,260.275,11.7122,23.1,False,0.524458,0.988095,weak_iv;AR_widened_x4,share2016,,
emp_23,jobs_per_GW,level,union,2019,FirstStage,1.20811,0.345261,cluster_state,3.49913,0.00103251,0.513539,1.90269,cluster_t,285,48,48,6,1.20811,0.345261,284.012,12.2439,23.1,False,0.551466,0.966731,weak_iv;AR_widened_x4,drop_VA,VA,
emp_23,jobs_per_GW,level,union,2019,FirstStage,1.05587,0.273372,cluster_state,3.86239,0.000342509,0.505918,1.60583,cluster_t,285,48,48,6,1.05587,0.273372,241.6,14.9181,23.1,False,0.511215,0.765443,weak_iv;AR_widened_x4,drop_TX,TX,
emp_23,jobs_per_GW,level,union,2019,FirstStage,0.877033,0.317439,cluster_state,2.76284,0.00827029,0.237678,1.51639,cluster_t,273,46,46,6,0.877033,0.317439,87.4622,7.63327,23.1,False,0.283543,0.88883,weak_iv;AR_widened_x4,drop_top3_share,TX;VA;CA,
emp_23,jobs_per_GW,level,union,2019,FirstStage,1.28985,0.236478,cluster_state,5.4544,1.68851e-06,0.814375,1.76532,cluster_t,289,49,49,6,1.28985,0.236478,427.039,29.7505,23.1,True,0.646012,0.662138,AR_widened_x4,drop_partial_years,,
emp_23,jobs_per_GW,level,union,2019,FirstStage,1.29396,0.245645,cluster_state,5.26759,3.22205e-06,0.800055,1.78786,cluster_t,291,49,49,6,1.29396,0.245645,398.799,27.7475,23.1,True,0.643433,0.687806,AR_widened_x4,fe_region_year,,region_year
emp_23,jobs_per_GW,level,union,2019,FirstStage,1.32417,0.227131,cluster_state,5.82999,4.55428e-07,0.867495,1.78085,cluster_t,291,49,49,6,1.32417,0.227131,320.995,33.9888,23.1,True,0.620886,0.635968,AR_widened_x4,fe_division_year,,division_year
emp_23,jobs_per_GW,level,union,2019,FirstStage,1.1309,0.471065,cluster_state,2.40073,0.0202867,0.183762,2.07804,cluster_t,291,49,49,6,1.1309,0.471065,9.09521,5.76352,23.1,False,0.0372609,1.31898,weak_iv;AR_widened_x4;AR_widened_x16;AR_widened_x64,share_linear_trend,,share_x_t
emp_23,jobs_per_GW,level,union,2019,FirstStage,1.27058,0.243934,cluster_state,5.20869,3.94637e-06,0.780115,1.76104,cluster_t,291,49,49,6,1.27058,0.243934,374.232,27.1305,23.1,True,0.614268,0.683015,AR_widened_x4,vol_linear_trend,,vol_x_t
emp_23,jobs_per_GW,level,union,2019,FirstStage,1.26983,0.246592,cluster_state,5.1495,4.83599e-06,0.774019,1.76563,cluster_t,291,49,49,6,1.26983,0.246592,366.55,26.5174,23.1,True,0.613422,0.690458,AR_widened_x4,vol_year_fe,,vol_x_year
emp_23,jobs_per_GW,level,union,2016,IV2SLS,13249.5,4873.95,cluster_state,2.71843,0.00910046,3700,28400,AR,291,49,49,6,1.2077,0.352891,260.275,11.7122,23.1,False,0.0788061,13647.1,weak_iv;AR_widened_x4;AR_is_reported_inference,share2016,,
emp_23,jobs_per_GW,level,union,2019,IV2SLS,17191.8,3204.57,cluster_state,5.36477,2.42662e-06,11900,28800,AR,285,48,48,6,1.20811,0.345261,284.012,12.2439,23.1,False,0.115908,8972.8,weak_iv;AR_widened_x4;AR_is_reported_inference,drop_VA,VA,
emp_23,jobs_per_GW,level,union,2019,IV2SLS,8086.96,6190.94,cluster_state,1.30626,0.197822,-500,32700,AR,285,48,48,6,1.05587,0.273372,241.6,14.9181,23.1,False,-0.0751528,17334.6,weak_iv;AR_widened_x4;AR_is_reported_inference,drop_TX,TX,
emp_23,jobs_per_GW,level,union,2019,IV2SLS,14389,9161.13,cluster_state,1.57066,0.123267,800,67800,AR,273,46,46,6,0.877033,0.317439,87.4622,7.63327,23.1,False,-0.180411,25651.2,weak_iv;AR_widened_x4;AR_is_reported_inference,drop_top3_share,TX;VA;CA,
emp_23,jobs_per_GW,level,union,2019,IV2SLS,11771.1,5104.2,cluster_state,2.30616,0.0254645,1508.4,22033.8,cluster_t,289,49,49,6,1.28985,0.236478,427.039,29.7505,23.1,True,0.111273,14291.8,AR_widened_x4,drop_partial_years,,
emp_23,jobs_per_GW,level,union,2019,IV2SLS,10810.9,5290.96,cluster_state,2.04328,0.0465349,172.736,21449.1,cluster_t,291,49,49,6,1.29396,0.245645,398.799,27.7475,23.1,True,0.098862,14814.7,AR_widened_x4,fe_region_year,,region_year
emp_23,jobs_per_GW,level,union,2019,IV2SLS,11828.2,6611.37,cluster_state,1.78907,0.0799148,-1464.85,25121.2,cluster_t,291,49,49,6,1.32417,0.227131,320.995,33.9888,23.1,True,0.0803065,18511.8,AR_widened_x4,fe_division_year,,division_year
emp_23,jobs_per_GW,level,union,2019,IV2SLS,35906.5,31547.4,cluster_state,1.13818,0.260696,-8000,331200,AR,291,49,49,6,1.1309,0.471065,9.09521,5.76352,23.1,False,-1.25546,88332.7,weak_iv;AR_widened_x4;AR_widened_x16;AR_widened_x64;AR_is_reported_inference,share_linear_trend,,share_x_t
emp_23,jobs_per_GW,level,union,2019,IV2SLS,11747.6,5551.15,cluster_state,2.11625,0.039536,586.265,22908.9,cluster_t,291,49,49,6,1.27058,0.243934,374.232,27.1305,23.1,True,0.0857838,15543.2,AR_widened_x4,vol_linear_trend,,vol_x_t
emp_23,jobs_per_GW,level,union,2019,IV2SLS,11662.8,5579.42,cluster_state,2.09032,0.0419097,444.596,22880.9,cluster_t,291,49,49,6,1.26983,0.246592,366.55,26.5174,23.1,True,0.0844492,15622.4,AR_widened_x4,vol_year_fe,,vol_x_year
emp_23,jobs_per_GW,level,union,2016,OLS_FE,7847.48,4675,cluster_state,1.67861,0.0997287,-1552.24,17247.2,cluster_t,291,49,49,6,1.2077,0.352891,260.275,11.7122,23.1,False,0.149782,13090,weak_iv;AR_widened_x4,share2016,,
emp_23,jobs_per_GW,level,union,2019,OLS_FE,10434.8,4380.79,cluster_state,2.38195,0.0213208,1621.81,19247.9,cluster_t,285,48,48,6,1.20811,0.345261,284.012,12.2439,23.1,False,0.199602,12266.2,weak_iv;AR_widened_x4,drop_VA,VA,
emp_23,jobs_per_GW,level,union,2019,OLS_FE,1968.46,2210.76,cluster_state,0.8904,0.377786,-2479.01,6415.93,cluster_t,285,48,48,6,1.05587,0.273372,241.6,14.9181,23.1,False,0.0086768,6190.12,weak_iv;AR_widened_x4,drop_TX,TX,
emp_23,jobs_per_GW,level,union,2019,OLS_FE,2518.73,3654.33,cluster_state,0.689246,0.494207,-4841.47,9878.93,cluster_t,273,46,46,6,0.877033,0.317439,87.4622,7.63327,23.1,False,0.00850573,10232.1,weak_iv;AR_widened_x4,drop_top3_share,TX;VA;CA,
emp_23,jobs_per_GW,level,union,2019,OLS_FE,7834.85,4688.62,cluster_state,1.67104,0.101223,-1592.25,17261.9,cluster_t,289,49,49,6,1.28985,0.236478,427.039,29.7505,23.1,True,0.148842,13128.1,AR_widened_x4,drop_partial_years,,
emp_23,jobs_per_GW,level,union,2019,OLS_FE,7174.64,4913.19,cluster_state,1.46028,0.150727,-2703.98,17053.3,cluster_t,291,49,49,6,1.29396,0.245645,398.799,27.7475,23.1,True,0.133035,13756.9,AR_widened_x4,fe_region_year,,region_year
emp_23,jobs_per_GW,level,union,2019,OLS_FE,7270.43,5116.02,cluster_state,1.42111,0.161749,-3016.02,17556.9,cluster_t,291,49,49,6,1.32417,0.227131,320.995,33.9888,23.1,True,0.132299,14324.9,AR_widened_x4,fe_division_year,,division_year
emp_23,jobs_per_GW,level,union,2019,OLS_FE,2133.02,5528.46,cluster_state,0.385825,0.701331,-8982.7,13248.7,cluster_t,291,49,49,6,1.1309,0.471065,9.09521,5.76352,23.1,False,0.00502778,15479.7,weak_iv;AR_widened_x4;AR_widened_x16;AR_widened_x64,share_linear_trend,,share_x_t
emp_23,jobs_per_GW,level,union,2019,OLS_FE,7468.18,5052.05,cluster_state,1.47825,0.145874,-2689.65,17626,cluster_t,291,49,49,6,1.27058,0.243934,374.232,27.1305,23.1,True,0.127722,14145.7,AR_widened_x4,vol_linear_trend,,vol_x_t
emp_23,jobs_per_GW,level,union,2019,OLS_FE,7393.79,5056.64,cluster_state,1.46219,0.150205,-2773.27,17560.8,cluster_t,291,49,49,6,1.26983,0.246592,366.55,26.5174,23.1,True,0.126679,14158.6,AR_widened_x4,vol_year_fe,,vol_x_year
emp_23,jobs_per_GW,level,union,2016,ReducedForm,16001.4,6237.84,cluster_state,2.56522,0.0134915,3459.42,28543.4,cluster_t,291,49,49,6,1.2077,0.352891,260.275,11.7122,23.1,False,0.223927,17465.9,weak_iv;AR_widened_x4,share2016,,
emp_23,jobs_per_GW,level,union,2019,ReducedForm,20769.7,4915.84,cluster_state,4.22505,0.000108908,10880.3,30659,cluster_t,285,48,48,6,1.20811,0.345261,284.012,12.2439,23.1,False,0.298783,13764.3,weak_iv;AR_widened_x4,drop_VA,VA,
emp_23,jobs_per_GW,level,union,2019,ReducedForm,8538.79,4635.79,cluster_state,1.84193,0.0718002,-787.217,17864.8,cluster_t,285,48,48,6,1.05587,0.273372,241.6,14.9181,23.1,False,0.0748654,12980.2,weak_iv;AR_widened_x4,drop_TX,TX,
emp_23,jobs_per_GW,level,union,2019,ReducedForm,12619.6,5869.53,cluster_state,2.15003,0.0369641,797.8,24441.5,cluster_t,273,46,46,6,0.877033,0.317439,87.4622,7.63327,23.1,False,0.0787097,16434.7,weak_iv;AR_widened_x4,drop_top3_share,TX;VA;CA,
emp_23,jobs_per_GW,level,union,2019,ReducedForm,15182.9,6978.2,cluster_state,2.17576,0.0345278,1152.27,29213.5,cluster_t,289,49,49,6,1.28985,0.236478,427.039,29.7505,23.1,True,0.217039,19539,AR_widened_x4,drop_partial_years,,
emp_23,jobs_per_GW,level,union,2019,ReducedForm,13988.9,7256.53,cluster_state,1.92777,0.0598124,-601.344,28579.1,cluster_t,291,49,49,6,1.29396,0.245645,398.799,27.7475,23.1,True,0.194354,20318.3,AR_widened_x4,fe_region_year,,region_year
emp_23,jobs_per_GW,level,union,2019,ReducedForm,15662.6,8489.7,cluster_state,1.84489,0.0712281,-1407.11,32732.3,cluster_t,291,49,49,6,1.32417,0.227131,320.995,33.9888,23.1,True,0.217412,23771.2,AR_widened_x4,fe_division_year,,division_year
emp_23,jobs_per_GW,level,union,2019,ReducedForm,40606.7,26591.4,cluster_state,1.52706,0.133309,-12858.9,94072.3,cluster_t,291,49,49,6,1.1309,0.471065,9.09521,5.76352,23.1,False,0.0530868,74455.9,weak_iv;AR_widened_x4;AR_widened_x16;AR_widened_x64,share_linear_trend,,share_x_t
emp_23,jobs_per_GW,level,union,2019,ReducedForm,14926.2,7474.48,cluster_state,1.99696,0.0515163,-102.201,29954.7,cluster_t,291,49,49,6,1.27058,0.243934,374.232,27.1305,23.1,True,0.19413,20928.5,AR_widened_x4,vol_linear_trend,,vol_x_t
emp_23,jobs_per_GW,level,union,2019,ReducedForm,14809.7,7507.54,cluster_state,1.97264,0.0543115,-285.241,29904.6,cluster_t,291,49,49,6,1.26983,0.246592,366.55,26.5174,23.1,True,0.193345,21021.1,AR_widened_x4,vol_year_fe,,vol_x_year
emp_23,jobs_per_GW,level,union,2016,Wald,13249.5,4873.95,cluster_state,2.71843,0.00910046,3449.75,23049.2,cluster_t,291,49,49,6,1.2077,0.352891,260.275,11.7122,23.1,False,0.0788061,13647.1,weak_iv;AR_widened_x4;se_is_2SLS_clustered_not_delta,share2016,,
emp_23,jobs_per_GW,level,union,2019,Wald,17191.8,3204.57,cluster_state,5.36477,2.42662e-06,10745,23638.6,cluster_t,285,48,48,6,1.20811,0.345261,284.012,12.2439,23.1,False,0.115908,8972.8,weak_iv;AR_widened_x4;se_is_2SLS_clustered_not_delta,drop_VA,VA,
emp_23,jobs_per_GW,level,union,2019,Wald,8086.96,6190.94,cluster_state,1.30626,0.197822,-4367.62,20541.5,cluster_t,285,48,48,6,1.05587,0.273372,241.6,14.9181,23.1,False,-0.0751528,17334.6,weak_iv;AR_widened_x4;se_is_2SLS_clustered_not_delta,drop_TX,TX,
emp_23,jobs_per_GW,level,union,2019,Wald,14389,9161.13,cluster_state,1.57066,0.123267,-4062.43,32840.5,cluster_t,273,46,46,6,0.877033,0.317439,87.4622,7.63327,23.1,False,-0.180411,25651.2,weak_iv;AR_widened_x4;se_is_2SLS_clustered_not_delta,drop_top3_share,TX;VA;CA,
emp_23,jobs_per_GW,level,union,2019,Wald,11771.1,5104.2,cluster_state,2.30616,0.0254645,1508.4,22033.8,cluster_t,289,49,49,6,1.28985,0.236478,427.039,29.7505,23.1,True,0.111273,14291.8,AR_widened_x4;se_is_2SLS_clustered_not_delta,drop_partial_years,,
emp_23,jobs_per_GW,level,union,2019,Wald,10810.9,5290.96,cluster_state,2.04328,0.0465349,172.736,21449.1,cluster_t,291,49,49,6,1.29396,0.245645,398.799,27.7475,23.1,True,0.098862,14814.7,AR_widened_x4;se_is_2SLS_clustered_not_delta,fe_region_year,,region_year
emp_23,jobs_per_GW,level,union,2019,Wald,11828.2,6611.37,cluster_state,1.78907,0.0799148,-1464.85,25121.2,cluster_t,291,49,49,6,1.32417,0.227131,320.995,33.9888,23.1,True,0.0803065,18511.8,AR_widened_x4;se_is_2SLS_clustered_not_delta,fe_division_year,,division_year
emp_23,jobs_per_GW,level,union,2019,Wald,35906.5,31547.4,cluster_state,1.13818,0.260696,-27523.8,99336.7,cluster_t,291,49,49,6,1.1309,0.471065,9.09521,5.76352,23.1,False,-1.25546,88332.7,weak_iv;AR_widened_x4;AR_widened_x16;AR_widened_x64;se_is_2SLS_clustered_not_delta,share_linear_trend,,share_x_t
emp_23,jobs_per_GW,level,union,2019,Wald,11747.6,5551.15,cluster_state,2.11625,0.039536,586.265,22908.9,cluster_t,291,49,49,6,1.27058,0.243934,374.232,27.1305,23.1,True,0.0857838,15543.2,AR_widened_x4;se_is_2SLS_clustered_not_delta,vol_linear_trend,,vol_x_t
emp_23,jobs_per_GW,level,union,2019,Wald,11662.8,5579.42,cluster_state,2.09032,0.0419097,444.596,22880.9,cluster_t,291,49,49,6,1.26983,0.246592,366.55,26.5174,23.1,True,0.0844492,15622.4,AR_widened_x4;se_is_2SLS_clustered_not_delta,vol_year_fe,,vol_x_year
emp_2362,jobs_per_GW,level,contig,2019,FirstStage,1.23464,0.233738,cluster_state,5.28214,3.06443e-06,0.764674,1.7046,cluster_t,291,49,49,6,1.23464,0.233738,412.36,27.901,23.1,True,0.636005,0.654466,,leaveout_contig,,
emp_2362,jobs_per_GW,level,contig,2019,IV2SLS,1926.03,778.45,cluster_state,2.47419,0.0169411,360.855,3491.21,cluster_t,291,49,49,6,1.23464,0.233738,412.36,27.901,23.1,True,0.13262,2179.66,,leaveout_contig,,
emp_2362,jobs_per_GW,level,contig,2019,OLS_FE,1452,790.368,cluster_state,1.83712,0.0723875,-137.141,3041.14,cluster_t,291,49,49,6,1.23464,0.233738,412.36,27.901,23.1,True,0.148441,2213.03,,leaveout_contig,,
emp_2362,jobs_per_GW,level,contig,2019,ReducedForm,2377.95,1154.99,cluster_state,2.05885,0.0449576,55.6845,4700.21,cluster_t,291,49,49,6,1.23464,0.233738,412.36,27.901,23.1,True,0.166114,3233.97,,leaveout_contig,,
emp_2362,jobs_per_GW,level,contig,2019,Wald,1926.03,778.45,cluster_state,2.47419,0.0169411,360.855,3491.21,cluster_t,291,49,49,6,1.23464,0.233738,412.36,27.901,23.1,True,0.13262,2179.66,se_is_2SLS_clustered_not_delta,leaveout_contig,,
emp_2362,jobs_per_GW,level,division,2019,FirstStage,1.2402,0.242347,cluster_state,5.11747,5.3972e-06,0.752932,1.72748,cluster_t,291,49,49,6,1.2402,0.242347,412.447,26.1885,23.1,True,0.636053,0.678572,,leaveout_division,,
emp_2362,jobs_per_GW,level,division,2019,IV2SLS,1930.56,769.445,cluster_state,2.50903,0.015536,383.489,3477.64,cluster_t,291,49,49,6,1.2402,0.242347,412.447,26.1885,23.1,True,0.132316,2154.45,,leaveout_division,,
emp_2362,jobs_per_GW,level,division,2019,OLS_FE,1452,790.368,cluster_state,1.83712,0.0723875,-137.141,3041.14,cluster_t,291,49,49,6,1.2402,0.242347,412.447,26.1885,23.1,True,0.148441,2213.03,,leaveout_division,,
emp_2362,jobs_per_GW,level,division,2019,ReducedForm,2394.29,1139.59,cluster_state,2.10101,0.0409167,102.985,4685.6,cluster_t,291,49,49,6,1.2402,0.242347,412.447,26.1885,23.1,True,0.166909,3190.86,,leaveout_division,,
emp_2362,jobs_per_GW,level,division,2019,Wald,1930.56,769.445,cluster_state,2.50903,0.015536,383.489,3477.64,cluster_t,291,49,49,6,1.2402,0.242347,412.447,26.1885,23.1,True,0.132316,2154.45,se_is_2SLS_clustered_not_delta,leaveout_division,,
emp_2362,jobs_per_GW,level,state,2019,FirstStage,1.10653,0.266322,cluster_state,4.15487,0.000133068,0.571055,1.64201,cluster_t,291,49,49,6,1.10653,0.266322,332.376,17.2629,23.1,False,0.584782,0.745701,weak_iv,leaveout_state,,
emp_2362,jobs_per_GW,level,state,2019,IV2SLS,1933.82,768.489,cluster_state,2.51639,0.0152532,50,3550,AR,291,49,49,6,1.10653,0.266322,332.376,17.2629,23.1,False,0.132096,2151.77,weak_iv;AR_is_reported_inference,leaveout_state,,
emp_2362,jobs_per_GW,level,state,2019,OLS_FE,1452,790.368,cluster_state,1.83712,0.0723875,-137.141,3041.14,cluster_t,291,49,49,6,1.10653,0.266322,332.376,17.2629,23.1,False,0.148441,2213.03,weak_iv,leaveout_state,,
emp_2362,jobs_per_GW,level,state,2019,ReducedForm,2139.83,1050.85,cluster_state,2.03628,0.0472599,26.9499,4252.71,cluster_t,291,49,49,6,1.10653,0.266322,332.376,17.2629,23.1,False,0.153973,2942.38,weak_iv,leaveout_state,,
emp_2362,jobs_per_GW,level,state,2019,Wald,1933.82,768.489,cluster_state,2.51639,0.0152532,388.666,3478.97,cluster_t,291,49,49,6,1.10653,0.266322,332.376,17.2629,23.1,False,0.132096,2151.77,weak_iv;se_is_2SLS_clustered_not_delta,leaveout_state,,
emp_2362,jobs_per_GW,level,union,2016,FirstStage,1.2077,0.352891,cluster_state,3.42231,0.00127839,0.498166,1.91724,cluster_t,291,49,49,6,1.2077,0.352891,260.275,11.7122,23.1,False,0.524458,0.988095,weak_iv,share2016,,
emp_2362,jobs_per_GW,level,union,2019,FirstStage,1.20811,0.345261,cluster_state,3.49913,0.00103251,0.513539,1.90269,cluster_t,285,48,48,6,1.20811,0.345261,284.012,12.2439,23.1,False,0.551466,0.966731,weak_iv,drop_VA,VA,
emp_2362,jobs_per_GW,level,union,2019,FirstStage,1.05587,0.273372,cluster_state,3.86239,0.000342509,0.505918,1.60583,cluster_t,285,48,48,6,1.05587,0.273372,241.6,14.9181,23.1,False,0.511215,0.765443,weak_iv,drop_TX,TX,
emp_2362,jobs_per_GW,level,union,2019,FirstStage,0.877033,0.317439,cluster_state,2.76284,0.00827029,0.237678,1.51639,cluster_t,273,46,46,6,0.877033,0.317439,87.4622,7.63327,23.1,False,0.283543,0.88883,weak_iv,drop_top3_share,TX;VA;CA,
emp_2362,jobs_per_GW,level,union,2019,FirstStage,1.28985,0.236478,cluster_state,5.4544,1.68851e-06,0.814375,1.76532,cluster_t,289,49,49,6,1.28985,0.236478,427.039,29.7505,23.1,True,0.646012,0.662138,,drop_partial_years,,
emp_2362,jobs_per_GW,level,union,2019,FirstStage,1.29396,0.245645,cluster_state,5.26759,3.22205e-06,0.800055,1.78786,cluster_t,291,49,49,6,1.29396,0.245645,398.799,27.7475,23.1,True,0.643433,0.687806,,fe_region_year,,region_year
emp_2362,jobs_per_GW,level,union,2019,FirstStage,1.32417,0.227131,cluster_state,5.82999,4.55428e-07,0.867495,1.78085,cluster_t,291,49,49,6,1.32417,0.227131,320.995,33.9888,23.1,True,0.620886,0.635968,,fe_division_year,,division_year
emp_2362,jobs_per_GW,level,union,2019,FirstStage,1.1309,0.471065,cluster_state,2.40073,0.0202867,0.183762,2.07804,cluster_t,291,49,49,6,1.1309,0.471065,9.09521,5.76352,23.1,False,0.0372609,1.31898,weak_iv;AR_widened_x4;AR_widened_x16,share_linear_trend,,share_x_t
emp_2362,jobs_per_GW,level,union,2019,FirstStage,1.27058,0.243934,cluster_state,5.20869,3.94637e-06,0.780115,1.76104,cluster_t,291,49,49,6,1.27058,0.243934,374.232,27.1305,23.1,True,0.614268,0.683015,,vol_linear_trend,,vol_x_t
emp_2362,jobs_per_GW,level,union,2019,FirstStage,1.26983,0.246592,cluster_state,5.1495,4.83599e-06,0.774019,1.76563,cluster_t,291,49,49,6,1.26983,0.246592,366.55,26.5174,23.1,True,0.613422,0.690458,,vol_year_fe,,vol_x_year
emp_2362,jobs_per_GW,level,union,2016,IV2SLS,2122.83,729.649,cluster_state,2.90939,0.00547304,275,3875,AR,291,49,49,6,1.2077,0.352891,260.275,11.7122,23.1,False,0.116756,2043.02,weak_iv;AR_is_reported_inference,share2016,,
emp_2362,jobs_per_GW,level,union,2019,IV2SLS,2656.84,445.15,cluster_state,5.96841,3.00478e-07,1450,3625,AR,285,48,48,6,1.20811,0.345261,284.012,12.2439,23.1,False,0.136259,1246.42,weak_iv;AR_is_reported_inference,drop_VA,VA,
emp_2362,jobs_per_GW,level,union,2019,IV2SLS,1128.83,621.031,cluster_state,1.81768,0.075491,225,3425,AR,285,48,48,6,1.05587,0.273372,241.6,14.9181,23.1,False,-0.0331057,1738.89,weak_iv;AR_is_reported_inference,drop_TX,TX,
emp_2362,jobs_per_GW,level,union,2019,IV2SLS,1899.11,1274.37,cluster_state,1.49023,0.14314,-200,8500,AR,273,46,46,6,0.877033,0.317439,87.4622,7.63327,23.1,False,-0.138964,3568.24,weak_iv;AR_is_reported_inference,drop_top3_share,TX;VA;CA,
emp_2362,jobs_per_GW,level,union,2019,IV2SLS,1934.09,777.594,cluster_state,2.48727,0.0164006,370.629,3497.54,cluster_t,289,49,49,6,1.28985,0.236478,427.039,29.7505,23.1,True,0.13066,2177.26,,drop_partial_years,,
emp_2362,jobs_per_GW,level,union,2019,IV2SLS,1867.12,808.57,cluster_state,2.30916,0.0252833,241.379,3492.86,cluster_t,291,49,49,6,1.29396,0.245645,398.799,27.7475,23.1,True,0.12132,2264,,fe_region_year,,region_year
emp_2362,jobs_per_GW,level,union,2019,IV2SLS,2216.25,1003.47,cluster_state,2.20859,0.0320113,198.645,4233.85,cluster_t,291,49,49,6,1.32417,0.227131,320.995,33.9888,23.1,True,0.136795,2809.7,,fe_division_year,,division_year
emp_2362,jobs_per_GW,level,union,2019,IV2SLS,11392.5,10310.6,cluster_state,1.10493,0.274697,-2400,113200,AR,291,49,49,6,1.1309,0.471065,9.09521,5.76352,23.1,False,-3.16437,28869.6,weak_iv;AR_widened_x4;AR_widened_x16;AR_is_reported_inference,share_linear_trend,,share_x_t
emp_2362,jobs_per_GW,level,union,2019,IV2SLS,2055.42,833.461,cluster_state,2.46613,0.0172821,379.638,3731.21,cluster_t,291,49,49,6,1.27058,0.243934,374.232,27.1305,23.1,True,0.122994,2333.69,,vol_linear_trend,,vol_x_t
emp_2362,jobs_per_GW,level,union,2019,IV2SLS,2034.76,829.998,cluster_state,2.45152,0.0179161,365.934,3703.58,cluster_t,291,49,49,6,1.26983,0.246592,366.55,26.5174,23.1,True,0.122358,2323.99,,vol_year_fe,,vol_x_year
emp_2362,jobs_per_GW,level,union,2016,OLS_FE,1452,790.368,cluster_state,1.83712,0.0723875,-137.141,3041.14,cluster_t,291,49,49,6,1.2077,0.352891,260.275,11.7122,23.1,False,0.148441,2213.03,weak_iv,share2016,,
emp_2362,jobs_per_GW,level,union,2019,OLS_FE,1810.1,829.123,cluster_state,2.18315,0.0340533,142.12,3478.08,cluster_t,285,48,48,6,1.20811,0.345261,284.012,12.2439,23.1,False,0.174427,2321.55,weak_iv,drop_VA,VA,
emp_2362,jobs_per_GW,level,union,2019,OLS_FE,424.644,359.993,cluster_state,1.17959,0.244101,-299.569,1148.86,cluster_t,285,48,48,6,1.05587,0.273372,241.6,14.9181,23.1,False,0.0189178,1007.98,weak_iv,drop_TX,TX,
emp_2362,jobs_per_GW,level,union,2019,OLS_FE,366.694,651.28,cluster_state,0.563036,0.576205,-945.051,1678.44,cluster_t,273,46,46,6,0.877033,0.317439,87.4622,7.63327,23.1,False,0.00844049,1823.58,weak_iv,drop_top3_share,TX;VA;CA,
emp_2362,jobs_per_GW,level,union,2019,OLS_FE,1448,791.86,cluster_state,1.8286,0.0736761,-144.143,3040.14,cluster_t,289,49,49,6,1.28985,0.236478,427.039,29.7505,23.1,True,0.147254,2217.21,,drop_partial_years,,
emp_2362,jobs_per_GW,level,union,2019,OLS_FE,1385.76,817.228,cluster_state,1.69568,0.0964243,-257.389,3028.9,cluster_t,291,49,49,6,1.29396,0.245645,398.799,27.7475,23.1,True,0.137967,2288.24,,fe_region_year,,region_year
emp_2362,jobs_per_GW,level,union,2019,OLS_FE,1532.01,812.355,cluster_state,1.88589,0.0653694,-101.341,3165.36,cluster_t,291,49,49,6,1.32417,0.227131,320.995,33.9888,23.1,True,0.170882,2274.59,,fe_division_year,,division_year
emp_2362,jobs_per_GW,level,union,2019,OLS_FE,1018.89,1145.98,cluster_state,0.889096,0.378386,-1285.26,3323.03,cluster_t,291,49,49,6,1.1309,0.471065,9.09521,5.76352,23.1,False,0.030824,3208.74,weak_iv;AR_widened_x4;AR_widened_x16,share_linear_trend,,share_x_t
emp_2362,jobs_per_GW,level,union,2019,OLS_FE,1489.65,829.125,cluster_state,1.79665,0.0786852,-177.42,3156.72,cluster_t,291,49,49,6,1.27058,0.243934,374.232,27.1305,23.1,True,0.143727,2321.55,,vol_linear_trend,,vol_x_t
emp_2362,jobs_per_GW,level,union,2019,OLS_FE,1472.85,823.008,cluster_state,1.78959,0.07983,-181.923,3127.62,cluster_t,291,49,49,6,1.26983,0.246592,366.55,26.5174,23.1,True,0.143201,2304.42,,vol_year_fe,,vol_x_year
emp_2362,jobs_per_GW,level,union,2016,ReducedForm,2563.75,1172.87,cluster_state,2.18588,0.033734,205.542,4921.96,cluster_t,291,49,49,6,1.2077,0.352891,260.275,11.7122,23.1,False,0.166403,3284.03,weak_iv,share2016,,
emp_2362,jobs_per_GW,level,union,2019,ReducedForm,3209.76,1138.16,cluster_state,2.82013,0.0070079,920.08,5499.44,cluster_t,285,48,48,6,1.20811,0.345261,284.012,12.2439,23.1,False,0.207232,3186.85,weak_iv,drop_VA,VA,
emp_2362,jobs_per_GW,level,union,2019,ReducedForm,1191.9,458.262,cluster_state,2.60092,0.0123911,269.999,2113.81,cluster_t,285,48,48,6,1.05587,0.273372,241.6,14.9181,23.1,False,0.0683414,1283.13,weak_iv,drop_TX,TX,
emp_2362,jobs_per_GW,level,union,2019,ReducedForm,1665.58,923.807,cluster_state,1.80295,0.0780949,-195.065,3526.22,cluster_t,273,46,46,6,0.877033,0.317439,87.4622,7.63327,23.1,False,0.0641913,2586.66,weak_iv,drop_top3_share,TX;VA;CA,
emp_2362,jobs_per_GW,level,union,2019,ReducedForm,2494.67,1183.96,cluster_state,2.10707,0.0403626,114.172,4875.18,cluster_t,289,49,49,6,1.28985,0.236478,427.039,29.7505,23.1,True,0.169716,3315.08,,drop_partial_years,,
emp_2362,jobs_per_GW,level,union,2019,ReducedForm,2415.97,1218.37,cluster_state,1.98295,0.0531114,-33.7344,4865.68,cluster_t,291,49,49,6,1.29396,0.245645,398.799,27.7475,23.1,True,0.161156,3411.45,,fe_region_year,,region_year
emp_2362,jobs_per_GW,level,union,2019,ReducedForm,2934.7,1330.23,cluster_state,2.20615,0.0321926,260.084,5609.31,cluster_t,291,49,49,6,1.32417,0.227131,320.995,33.9888,23.1,True,0.222036,3724.65,,fe_division_year,,division_year
emp_2362,jobs_per_GW,level,union,2019,ReducedForm,12883.8,8375.65,cluster_state,1.53824,0.130556,-3956.6,29724.1,cluster_t,291,49,49,6,1.1309,0.471065,9.09521,5.76352,23.1,False,0.143591,23451.8,weak_iv;AR_widened_x4;AR_widened_x16,share_linear_trend,,share_x_t
emp_2362,jobs_per_GW,level,union,2019,ReducedForm,2611.58,1257.95,cluster_state,2.07606,0.0432676,82.3008,5140.85,cluster_t,291,49,49,6,1.27058,0.243934,374.232,27.1305,23.1,True,0.168086,3522.26,,vol_linear_trend,,vol_x_t
emp_2362,jobs_per_GW,level,union,2019,ReducedForm,2583.79,1251.81,cluster_state,2.06403,0.0444424,66.8457,5100.73,cluster_t,291,49,49,6,1.26983,0.246592,366.55,26.5174,23.1,True,0.167655,3505.08,,vol_year_fe,,vol_x_year
emp_2362,jobs_per_GW,level,union,2016,Wald,2122.83,729.649,cluster_state,2.90939,0.00547304,655.777,3589.89,cluster_t,291,49,49,6,1.2077,0.352891,260.275,11.7122,23.1,False,0.116756,2043.02,weak_iv;se_is_2SLS_clustered_not_delta,share2016,,
emp_2362,jobs_per_GW,level,union,2019,Wald,2656.84,445.15,cluster_state,5.96841,3.00478e-07,1761.31,3552.36,cluster_t,285,48,48,6,1.20811,0.345261,284.012,12.2439,23.1,False,0.136259,1246.42,weak_iv;se_is_2SLS_clustered_not_delta,drop_VA,VA,
emp_2362,jobs_per_GW,level,union,2019,Wald,1128.83,621.031,cluster_state,1.81768,0.075491,-120.52,2378.19,cluster_t,285,48,48,6,1.05587,0.273372,241.6,14.9181,23.1,False,-0.0331057,1738.89,weak_iv;se_is_2SLS_clustered_not_delta,drop_TX,TX,
emp_2362,jobs_per_GW,level,union,2019,Wald,1899.11,1274.37,cluster_state,1.49023,0.14314,-667.607,4465.82,cluster_t,273,46,46,6,0.877033,0.317439,87.4622,7.63327,23.1,False,-0.138964,3568.24,weak_iv;se_is_2SLS_clustered_not_delta,drop_top3_share,TX;VA;CA,
emp_2362,jobs_per_GW,level,union,2019,Wald,1934.09,777.594,cluster_state,2.48727,0.0164006,370.629,3497.54,cluster_t,289,49,49,6,1.28985,0.236478,427.039,29.7505,23.1,True,0.13066,2177.26,se_is_2SLS_clustered_not_delta,drop_partial_years,,
emp_2362,jobs_per_GW,level,union,2019,Wald,1867.12,808.57,cluster_state,2.30916,0.0252833,241.379,3492.86,cluster_t,291,49,49,6,1.29396,0.245645,398.799,27.7475,23.1,True,0.12132,2264,se_is_2SLS_clustered_not_delta,fe_region_year,,region_year
emp_2362,jobs_per_GW,level,union,2019,Wald,2216.25,1003.47,cluster_state,2.20859,0.0320113,198.645,4233.85,cluster_t,291,49,49,6,1.32417,0.227131,320.995,33.9888,23.1,True,0.136795,2809.7,se_is_2SLS_clustered_not_delta,fe_division_year,,division_year
emp_2362,jobs_per_GW,level,union,2019,Wald,11392.5,10310.6,cluster_state,1.10493,0.274697,-9338.32,32123.3,cluster_t,291,49,49,6,1.1309,0.471065,9.09521,5.76352,23.1,False,-3.16437,28869.6,weak_iv;AR_widened_x4;AR_widened_x16;se_is_2SLS_clustered_not_delta,share_linear_trend,,share_x_t
emp_2362,jobs_per_GW,level,union,2019,Wald,2055.42,833.461,cluster_state,2.46613,0.0172821,379.638,3731.21,cluster_t,291,49,49,6,1.27058,0.243934,374.232,27.1305,23.1,True,0.122994,2333.69,se_is_2SLS_clustered_not_delta,vol_linear_trend,,vol_x_t
emp_2362,jobs_per_GW,level,union,2019,Wald,2034.76,829.998,cluster_state,2.45152,0.0179161,365.934,3703.58,cluster_t,291,49,49,6,1.26983,0.246592,366.55,26.5174,23.1,True,0.122358,2323.99,se_is_2SLS_clustered_not_delta,vol_year_fe,,vol_x_year
emp_51,jobs_per_GW,level,contig,2019,FirstStage,1.23464,0.233738,cluster_state,5.28214,3.06443e-06,0.764674,1.7046,cluster_t,291,49,49,6,1.23464,0.233738,412.36,27.901,23.1,True,0.636005,0.654466,,leaveout_contig,,
emp_51,jobs_per_GW,level,contig,2019,IV2SLS,5582.53,2498.92,cluster_state,2.23398,0.0301784,558.11,10606.9,cluster_t,291,49,49,6,1.23464,0.233738,412.36,27.901,23.1,True,0.0214215,6996.98,,leaveout_contig,,
emp_51,jobs_per_GW,level,contig,2019,OLS_FE,3140.35,1710.51,cluster_state,1.83591,0.0725688,-298.863,6579.57,cluster_t,291,49,49,6,1.23464,0.233738,412.36,27.901,23.1,True,0.0542014,4789.43,,leaveout_contig,,
emp_51,jobs_per_GW,level,contig,2019,ReducedForm,6892.38,2717.98,cluster_state,2.53584,0.0145276,1427.51,12357.3,cluster_t,291,49,49,6,1.23464,0.233738,412.36,27.901,23.1,True,0.108937,7610.36,,leaveout_contig,,
emp_51,jobs_per_GW,level,contig,2019,Wald,5582.53,2498.92,cluster_state,2.23398,0.0301784,558.11,10606.9,cluster_t,291,49,49,6,1.23464,0.233738,412.36,27.901,23.1,True,0.0214215,6996.98,se_is_2SLS_clustered_not_delta,leaveout_contig,,
emp_51,jobs_per_GW,level,division,2019,FirstStage,1.2402,0.242347,cluster_state,5.11747,5.3972e-06,0.752932,1.72748,cluster_t,291,49,49,6,1.2402,0.242347,412.447,26.1885,23.1,True,0.636053,0.678572,,leaveout_division,,
emp_51,jobs_per_GW,level,division,2019,IV2SLS,5525.53,2405.7,cluster_state,2.29685,0.0260329,688.548,10362.5,cluster_t,291,49,49,6,1.2402,0.242347,412.447,26.1885,23.1,True,0.0229338,6735.96,,leaveout_division,,
emp_51,jobs_per_GW,level,division,2019,OLS_FE,3140.35,1710.51,cluster_state,1.83591,0.0725688,-298.863,6579.57,cluster_t,291,49,49,6,1.2402,0.242347,412.447,26.1885,23.1,True,0.0542014,4789.43,,leaveout_division,,
emp_51,jobs_per_GW,level,division,2019,ReducedForm,6852.78,2528.11,cluster_state,2.71064,0.00928742,1769.68,11935.9,cluster_t,291,49,49,6,1.2402,0.242347,412.447,26.1885,23.1,True,0.106732,7078.71,,leaveout_division,,
emp_51,jobs_per_GW,level,division,2019,Wald,5525.53,2405.7,cluster_state,2.29685,0.0260329,688.548,10362.5,cluster_t,291,49,49,6,1.2402,0.242347,412.447,26.1885,23.1,True,0.0229338,6735.96,se_is_2SLS_clustered_not_delta,leaveout_division,,
emp_51,jobs_per_GW,level,state,2019,FirstStage,1.10653,0.266322,cluster_state,4.15487,0.000133068,0.571055,1.64201,cluster_t,291,49,49,6,1.10653,0.266322,332.376,17.2629,23.1,False,0.584782,0.745701,weak_iv,leaveout_state,,
emp_51,jobs_per_GW,level,state,2019,IV2SLS,5890.73,2694.88,cluster_state,2.1859,0.0337328,1475,14525,AR,291,49,49,6,1.10653,0.266322,332.376,17.2629,23.1,False,0.0126259,7545.66,weak_iv;AR_is_reported_inference,leaveout_state,,
emp_51,jobs_per_GW,level,state,2019,OLS_FE,3140.35,1710.51,cluster_state,1.83591,0.0725688,-298.863,6579.57,cluster_t,291,49,49,6,1.10653,0.266322,332.376,17.2629,23.1,False,0.0542014,4789.43,weak_iv,leaveout_state,,
emp_51,jobs_per_GW,level,state,2019,ReducedForm,6518.27,2368.96,cluster_state,2.75153,0.00834414,1755.15,11281.4,cluster_t,291,49,49,6,1.10653,0.266322,332.376,17.2629,23.1,False,0.111528,6633.09,weak_iv,leaveout_state,,
emp_51,jobs_per_GW,level,state,2019,Wald,5890.73,2694.88,cluster_state,2.1859,0.0337328,472.31,11309.1,cluster_t,291,49,49,6,1.10653,0.266322,332.376,17.2629,23.1,False,0.0126259,7545.66,weak_iv;se_is_2SLS_clustered_not_delta,leaveout_state,,
emp_51,jobs_per_GW,level,union,2016,FirstStage,1.2077,0.352891,cluster_state,3.42231,0.00127839,0.498166,1.91724,cluster_t,291,49,49,6,1.2077,0.352891,260.275,11.7122,23.1,False,0.524458,0.988095,weak_iv,share2016,,
emp_51,jobs_per_GW,level,union,2019,FirstStage,1.20811,0.345261,cluster_state,3.49913,0.00103251,0.513539,1.90269,cluster_t,285,48,48,6,1.20811,0.345261,284.012,12.2439,23.1,False,0.551466,0.966731,weak_iv;AR_widened_x4,drop_VA,VA,
emp_51,jobs_per_GW,level,union,2019,FirstStage,1.05587,0.273372,cluster_state,3.86239,0.000342509,0.505918,1.60583,cluster_t,285,48,48,6,1.05587,0.273372,241.6,14.9181,23.1,False,0.511215,0.765443,weak_iv;AR_widened_x4,drop_TX,TX,
emp_51,jobs_per_GW,level,union,2019,FirstStage,0.877033,0.317439,cluster_state,2.76284,0.00827029,0.237678,1.51639,cluster_t,273,46,46,6,0.877033,0.317439,87.4622,7.63327,23.1,False,0.283543,0.88883,weak_iv;AR_widened_x4,drop_top3_share,TX;VA;CA,
emp_51,jobs_per_GW,level,union,2019,FirstStage,1.28985,0.236478,cluster_state,5.4544,1.68851e-06,0.814375,1.76532,cluster_t,289,49,49,6,1.28985,0.236478,427.039,29.7505,23.1,True,0.646012,0.662138,,drop_partial_years,,
emp_51,jobs_per_GW,level,union,2019,FirstStage,1.29396,0.245645,cluster_state,5.26759,3.22205e-06,0.800055,1.78786,cluster_t,291,49,49,6,1.29396,0.245645,398.799,27.7475,23.1,True,0.643433,0.687806,,fe_region_year,,region_year
emp_51,jobs_per_GW,level,union,2019,FirstStage,1.32417,0.227131,cluster_state,5.82999,4.55428e-07,0.867495,1.78085,cluster_t,291,49,49,6,1.32417,0.227131,320.995,33.9888,23.1,True,0.620886,0.635968,,fe_division_year,,division_year
emp_51,jobs_per_GW,level,union,2019,FirstStage,1.1309,0.471065,cluster_state,2.40073,0.0202867,0.183762,2.07804,cluster_t,291,49,49,6,1.1309,0.471065,9.09521,5.76352,23.1,False,0.0372609,1.31898,weak_iv;AR_widened_x4,share_linear_trend,,share_x_t
emp_51,jobs_per_GW,level,union,2019,FirstStage,1.27058,0.243934,cluster_state,5.20869,3.94637e-06,0.780115,1.76104,cluster_t,291,49,49,6,1.27058,0.243934,374.232,27.1305,23.1,True,0.614268,0.683015,,vol_linear_trend,,vol_x_t
emp_51,jobs_per_GW,level,union,2019,FirstStage,1.26983,0.246592,cluster_state,5.1495,4.83599e-06,0.774019,1.76563,cluster_t,291,49,49,6,1.26983,0.246592,366.55,26.5174,23.1,True,0.613422,0.690458,,vol_year_fe,,vol_x_year
emp_51,jobs_per_GW,level,union,2016,IV2SLS,6716.21,3011.65,cluster_state,2.23008,0.0304538,2400,19650,AR,291,49,49,6,1.2077,0.352891,260.275,11.7122,23.1,False,-0.0160759,8432.63,weak_iv;AR_is_reported_inference,share2016,,
emp_51,jobs_per_GW,level,union,2019,IV2SLS,8049.75,3012.32,cluster_state,2.67228,0.0103223,3900,21200,AR,285,48,48,6,1.20811,0.345261,284.012,12.2439,23.1,False,0.00184235,8434.5,weak_iv;AR_widened_x4;AR_is_reported_inference,drop_VA,VA,
emp_51,jobs_per_GW,level,union,2019,IV2SLS,5566.52,4459.41,cluster_state,1.24827,0.218117,-500,23500,AR,285,48,48,6,1.05587,0.273372,241.6,14.9181,23.1,False,-0.073151,12486.3,weak_iv;AR_widened_x4;AR_is_reported_inference,drop_TX,TX,
emp_51,jobs_per_GW,level,union,2019,IV2SLS,7570.83,5435.32,cluster_state,1.39289,0.170496,-500,39100,AR,273,46,46,6,0.877033,0.317439,87.4622,7.63327,23.1,False,-0.221942,15218.9,weak_iv;AR_widened_x4;AR_is_reported_inference,drop_top3_share,TX;VA;CA,
emp_51,jobs_per_GW,level,union,2019,IV2SLS,5616.06,2459.65,cluster_state,2.28328,0.0268821,670.607,10561.5,cluster_t,289,49,49,6,1.28985,0.236478,427.039,29.7505,23.1,True,0.0204098,6887.02,,drop_partial_years,,
emp_51,jobs_per_GW,level,union,2019,IV2SLS,5256.86,2376.42,cluster_state,2.21209,0.0317528,478.75,10035,cluster_t,291,49,49,6,1.29396,0.245645,398.799,27.7475,23.1,True,0.0266132,6653.97,,fe_region_year,,region_year
emp_51,jobs_per_GW,level,union,2019,IV2SLS,4244.89,2256.44,cluster_state,1.88123,0.0660128,-291.985,8781.77,cluster_t,291,49,49,6,1.32417,0.227131,320.995,33.9888,23.1,True,0.00872483,6318.03,,fe_division_year,,division_year
emp_51,jobs_per_GW,level,union,2019,IV2SLS,-6921.93,5823.38,cluster_state,-1.18864,0.240428,-62000,1400,AR,291,49,49,6,1.1309,0.471065,9.09521,5.76352,23.1,False,-0.0580326,16305.5,weak_iv;AR_widened_x4;AR_is_reported_inference,share_linear_trend,,share_x_t
emp_51,jobs_per_GW,level,union,2019,IV2SLS,5801.1,2613.05,cluster_state,2.22004,0.0311725,547.199,11055,cluster_t,291,49,49,6,1.27058,0.243934,374.232,27.1305,23.1,True,0.00870511,7316.55,,vol_linear_trend,,vol_x_t
emp_51,jobs_per_GW,level,union,2019,IV2SLS,5807.16,2647.75,cluster_state,2.19324,0.0331669,483.501,11130.8,cluster_t,291,49,49,6,1.26983,0.246592,366.55,26.5174,23.1,True,0.0086987,7413.7,,vol_year_fe,,vol_x_year
emp_51,jobs_per_GW,level,union,2016,OLS_FE,3140.35,1710.51,cluster_state,1.83591,0.0725688,-298.863,6579.57,cluster_t,291,49,49,6,1.2077,0.352891,260.275,11.7122,23.1,False,0.0542014,4789.43,weak_iv,share2016,,
emp_51,jobs_per_GW,level,union,2019,OLS_FE,4052.49,1634.97,cluster_state,2.47864,0.0168347,763.361,7341.62,cluster_t,285,48,48,6,1.20811,0.345261,284.012,12.2439,23.1,False,0.0680573,4577.91,weak_iv;AR_widened_x4,drop_VA,VA,
emp_51,jobs_per_GW,level,union,2019,OLS_FE,944.035,730.7,cluster_state,1.29196,0.202688,-525.944,2414.01,cluster_t,285,48,48,6,1.05587,0.273372,241.6,14.9181,23.1,False,0.00318381,2045.96,weak_iv;AR_widened_x4,drop_TX,TX,
emp_51,jobs_per_GW,level,union,2019,OLS_FE,794.67,1065.67,cluster_state,0.745698,0.459727,-1351.7,2941.04,cluster_t,273,46,46,6,0.877033,0.317439,87.4622,7.63327,23.1,False,0.003095,2983.88,weak_iv;AR_widened_x4,drop_top3_share,TX;VA;CA,
emp_51,jobs_per_GW,level,union,2019,OLS_FE,3139.98,1718.27,cluster_state,1.82741,0.0738581,-314.826,6594.79,cluster_t,289,49,49,6,1.28985,0.236478,427.039,29.7505,23.1,True,0.0539709,4811.15,,drop_partial_years,,
emp_51,jobs_per_GW,level,union,2019,OLS_FE,3063.13,1778.21,cluster_state,1.72259,0.0914006,-512.203,6638.47,cluster_t,291,49,49,6,1.29396,0.245645,398.799,27.7475,23.1,True,0.0546359,4979,,fe_region_year,,region_year
emp_51,jobs_per_GW,level,union,2019,OLS_FE,2258.3,2189.51,cluster_state,1.03142,0.307514,-2144.01,6660.61,cluster_t,291,49,49,6,1.32417,0.227131,320.995,33.9888,23.1,True,0.0385791,6130.63,,fe_division_year,,division_year
emp_51,jobs_per_GW,level,union,2019,OLS_FE,-1636.38,2396.9,cluster_state,-0.682705,0.498075,-6455.67,3182.91,cluster_t,291,49,49,6,1.1309,0.471065,9.09521,5.76352,23.1,False,0.00615201,6711.32,weak_iv;AR_widened_x4,share_linear_trend,,share_x_t
emp_51,jobs_per_GW,level,union,2019,OLS_FE,3048.76,1798.24,cluster_state,1.69541,0.0964751,-566.84,6664.35,cluster_t,291,49,49,6,1.27058,0.243934,374.232,27.1305,23.1,True,0.0470553,5035.06,,vol_linear_trend,,vol_x_t
emp_51,jobs_per_GW,level,union,2019,OLS_FE,3048.92,1781.56,cluster_state,1.71137,0.0934679,-533.154,6630.99,cluster_t,291,49,49,6,1.26983,0.246592,366.55,26.5174,23.1,True,0.0479045,4988.37,,vol_year_fe,,vol_x_year
emp_51,jobs_per_GW,level,union,2016,ReducedForm,8111.18,2276.47,cluster_state,3.56305,0.00084053,3534.03,12688.3,cluster_t,291,49,49,6,1.2077,0.352891,260.275,11.7122,23.1,False,0.130021,6374.12,weak_iv,share2016,,
emp_51,jobs_per_GW,level,union,2019,ReducedForm,9725.02,1852.85,cluster_state,5.24868,3.61148e-06,5997.57,13452.5,cluster_t,285,48,48,6,1.20811,0.345261,284.012,12.2439,23.1,False,0.148086,5187.98,weak_iv;AR_widened_x4,drop_VA,VA,
emp_51,jobs_per_GW,level,union,2019,ReducedForm,5877.53,3363.21,cluster_state,1.7476,0.0870648,-888.367,12643.4,cluster_t,285,48,48,6,1.05587,0.273372,241.6,14.9181,23.1,False,0.0565904,9416.98,weak_iv;AR_widened_x4,drop_TX,TX,
emp_51,jobs_per_GW,level,union,2019,ReducedForm,6639.87,3565.07,cluster_state,1.86248,0.0690719,-540.548,13820.3,cluster_t,273,46,46,6,0.877033,0.317439,87.4622,7.63327,23.1,False,0.0796512,9982.19,weak_iv;AR_widened_x4,drop_top3_share,TX;VA;CA,
emp_51,jobs_per_GW,level,union,2019,ReducedForm,7243.86,2705.99,cluster_state,2.67697,0.0101366,1803.09,12684.6,cluster_t,289,49,49,6,1.28985,0.236478,427.039,29.7505,23.1,True,0.111535,7576.78,,drop_partial_years,,
emp_51,jobs_per_GW,level,union,2019,ReducedForm,6802.15,2676.2,cluster_state,2.54172,0.0143147,1421.3,12183,cluster_t,291,49,49,6,1.29396,0.245645,398.799,27.7475,23.1,True,0.103539,7493.36,,fe_region_year,,region_year
emp_51,jobs_per_GW,level,union,2019,ReducedForm,5620.97,2882.84,cluster_state,1.94981,0.0570536,-175.357,11417.3,cluster_t,291,49,49,6,1.32417,0.227131,320.995,33.9888,23.1,True,0.0846319,8071.94,,fe_division_year,,division_year
emp_51,jobs_per_GW,level,union,2019,ReducedForm,-7828.02,4837.29,cluster_state,-1.61827,0.112159,-17554,1898.01,cluster_t,291,49,49,6,1.1309,0.471065,9.09521,5.76352,23.1,False,0.00410164,13544.4,weak_iv;AR_widened_x4,share_linear_trend,,share_x_t
emp_51,jobs_per_GW,level,union,2019,ReducedForm,7370.74,2784.27,cluster_state,2.64728,0.0109439,1772.6,12968.9,cluster_t,291,49,49,6,1.27058,0.243934,374.232,27.1305,23.1,True,0.10465,7795.95,,vol_linear_trend,,vol_x_t
emp_51,jobs_per_GW,level,union,2019,ReducedForm,7374.08,2829.52,cluster_state,2.60613,0.0121607,1684.96,13063.2,cluster_t,291,49,49,6,1.26983,0.246592,366.55,26.5174,23.1,True,0.106603,7922.65,,vol_year_fe,,vol_x_year
emp_51,jobs_per_GW,level,union,2016,Wald,6716.21,3011.65,cluster_state,2.23008,0.0304538,660.879,12771.5,cluster_t,291,49,49,6,1.2077,0.352891,260.275,11.7122,23.1,False,-0.0160759,8432.63,weak_iv;se_is_2SLS_clustered_not_delta,share2016,,
emp_51,jobs_per_GW,level,union,2019,Wald,8049.75,3012.32,cluster_state,2.67228,0.0103223,1989.74,14109.8,cluster_t,285,48,48,6,1.20811,0.345261,284.012,12.2439,23.1,False,0.00184235,8434.5,weak_iv;AR_widened_x4;se_is_2SLS_clustered_not_delta,drop_VA,VA,
emp_51,jobs_per_GW,level,union,2019,Wald,5566.52,4459.41,cluster_state,1.24827,0.218117,-3404.65,14537.7,cluster_t,285,48,48,6,1.05587,0.273372,241.6,14.9181,23.1,False,-0.073151,12486.3,weak_iv;AR_widened_x4;se_is_2SLS_clustered_not_delta,drop_TX,TX,
emp_51,jobs_per_GW,level,union,2019,Wald,7570.83,5435.32,cluster_state,1.39289,0.170496,-3376.48,18518.1,cluster_t,273,46,46,6,0.877033,0.317439,87.4622,7.63327,23.1,False,-0.221942,15218.9,weak_iv;AR_widened_x4;se_is_2SLS_clustered_not_delta,drop_top3_share,TX;VA;CA,
emp_51,jobs_per_GW,level,union,2019,Wald,5616.06,2459.65,cluster_state,2.28328,0.0268821,670.607,10561.5,cluster_t,289,49,49,6,1.28985,0.236478,427.039,29.7505,23.1,True,0.0204098,6887.02,se_is_2SLS_clustered_not_delta,drop_partial_years,,
emp_51,jobs_per_GW,level,union,2019,Wald,5256.86,2376.42,cluster_state,2.21209,0.0317528,478.75,10035,cluster_t,291,49,49,6,1.29396,0.245645,398.799,27.7475,23.1,True,0.0266132,6653.97,se_is_2SLS_clustered_not_delta,fe_region_year,,region_year
emp_51,jobs_per_GW,level,union,2019,Wald,4244.89,2256.44,cluster_state,1.88123,0.0660128,-291.985,8781.77,cluster_t,291,49,49,6,1.32417,0.227131,320.995,33.9888,23.1,True,0.00872483,6318.03,se_is_2SLS_clustered_not_delta,fe_division_year,,division_year
emp_51,jobs_per_GW,level,union,2019,Wald,-6921.93,5823.38,cluster_state,-1.18864,0.240428,-18630.6,4786.77,cluster_t,291,49,49,6,1.1309,0.471065,9.09521,5.76352,23.1,False,-0.0580326,16305.5,weak_iv;AR_widened_x4;se_is_2SLS_clustered_not_delta,share_linear_trend,,share_x_t
emp_51,jobs_per_GW,level,union,2019,Wald,5801.1,2613.05,cluster_state,2.22004,0.0311725,547.199,11055,cluster_t,291,49,49,6,1.27058,0.243934,374.232,27.1305,23.1,True,0.00870511,7316.55,se_is_2SLS_clustered_not_delta,vol_linear_trend,,vol_x_t
emp_51,jobs_per_GW,level,union,2019,Wald,5807.16,2647.75,cluster_state,2.19324,0.0331669,483.501,11130.8,cluster_t,291,49,49,6,1.26983,0.246592,366.55,26.5174,23.1,True,0.0086987,7413.7,se_is_2SLS_clustered_not_delta,vol_year_fe,,vol_x_year
emp_517,jobs_per_GW,level,contig,2019,FirstStage,1.23464,0.233738,cluster_state,5.28214,3.06443e-06,0.764674,1.7046,cluster_t,291,49,49,6,1.23464,0.233738,412.36,27.901,23.1,True,0.636005,0.654466,,leaveout_contig,,
emp_517,jobs_per_GW,level,contig,2019,IV2SLS,-866.383,1038.82,cluster_state,-0.834009,0.408407,-2955.06,1222.3,cluster_t,291,49,49,6,1.23464,0.233738,412.36,27.901,23.1,True,-0.181762,2908.69,,leaveout_contig,,
emp_517,jobs_per_GW,level,contig,2019,OLS_FE,98.3833,480.102,cluster_state,0.204922,0.8385,-866.926,1063.69,cluster_t,291,49,49,6,1.23464,0.233738,412.36,27.901,23.1,True,0.00191004,1344.29,,leaveout_contig,,
emp_517,jobs_per_GW,level,contig,2019,ReducedForm,-1069.67,1091.21,cluster_state,-0.980256,0.331875,-3263.7,1124.36,cluster_t,291,49,49,6,1.23464,0.233738,412.36,27.901,23.1,True,0.0942063,3055.39,,leaveout_contig,,
emp_517,jobs_per_GW,level,contig,2019,Wald,-866.383,1038.82,cluster_state,-0.834009,0.408407,-2955.06,1222.3,cluster_t,291,49,49,6,1.23464,0.233738,412.36,27.901,23.1,True,-0.181762,2908.69,se_is_2SLS_clustered_not_delta,leaveout_contig,,
emp_517,jobs_per_GW,level,division,2019,FirstStage,1.2402,0.242347,cluster_state,5.11747,5.3972e-06,0.752932,1.72748,cluster_t,291,49,49,6,1.2402,0.242347,412.447,26.1885,23.1,True,0.636053,0.678572,,leaveout_division,,
emp_517,jobs_per_GW,level,division,2019,IV2SLS,-858.554,1069.19,cluster_state,-0.802998,0.425934,-3008.29,1291.19,cluster_t,291,49,49,6,1.2402,0.242347,412.447,26.1885,23.1,True,-0.178793,2993.72,,leaveout_division,,
emp_517,jobs_per_GW,level,division,2019,OLS_FE,98.3833,480.102,cluster_state,0.204922,0.8385,-866.926,1063.69,cluster_t,291,49,49,6,1.2402,0.242347,412.447,26.1885,23.1,True,0.00191004,1344.29,,leaveout_division,,
emp_517,jobs_per_GW,level,division,2019,ReducedForm,-1064.78,1130.81,cluster_state,-0.941606,0.351109,-3338.44,1208.87,cluster_t,291,49,49,6,1.2402,0.242347,412.447,26.1885,23.1,True,0.0925183,3166.28,,leaveout_division,,
emp_517,jobs_per_GW,level,division,2019,Wald,-858.554,1069.19,cluster_state,-0.802998,0.425934,-3008.29,1291.19,cluster_t,291,49,49,6,1.2402,0.242347,412.447,26.1885,23.1,True,-0.178793,2993.72,se_is_2SLS_clustered_not_delta,leaveout_division,,
emp_517,jobs_per_GW,level,state,2019,FirstStage,1.10653,0.266322,cluster_state,4.15487,0.000133068,0.571055,1.64201,cluster_t,291,49,49,6,1.10653,0.266322,332.376,17.2629,23.1,False,0.584782,0.745701,weak_iv,leaveout_state,,
emp_517,jobs_per_GW,level,state,2019,IV2SLS,-1017.73,1151.71,cluster_state,-0.883667,0.381281,-5375,575,AR,291,49,49,6,1.10653,0.266322,332.376,17.2629,23.1,False,-0.24391,3224.8,weak_iv;AR_is_reported_inference,leaveout_state,,
emp_517,jobs_per_GW,level,state,2019,OLS_FE,98.3833,480.102,cluster_state,0.204922,0.8385,-866.926,1063.69,cluster_t,291,49,49,6,1.10653,0.266322,332.376,17.2629,23.1,False,0.00191004,1344.29,weak_iv,leaveout_state,,
emp_517,jobs_per_GW,level,state,2019,ReducedForm,-1126.15,1020.89,cluster_state,-1.10311,0.275479,-3178.78,926.477,cluster_t,291,49,49,6,1.10653,0.266322,332.376,17.2629,23.1,False,0.119525,2858.48,weak_iv,leaveout_state,,
emp_517,jobs_per_GW,level,state,2019,Wald,-1017.73,1151.71,cluster_state,-0.883667,0.381281,-3333.41,1297.94,cluster_t,291,49,49,6,1.10653,0.266322,332.376,17.2629,23.1,False,-0.24391,3224.8,weak_iv;se_is_2SLS_clustered_not_delta,leaveout_state,,
emp_517,jobs_per_GW,level,union,2016,FirstStage,1.2077,0.352891,cluster_state,3.42231,0.00127839,0.498166,1.91724,cluster_t,291,49,49,6,1.2077,0.352891,260.275,11.7122,23.1,False,0.524458,0.988095,weak_iv,share2016,,
emp_517,jobs_per_GW,level,union,2019,FirstStage,1.20811,0.345261,cluster_state,3.49913,0.00103251,0.513539,1.90269,cluster_t,285,48,48,6,1.20811,0.345261,284.012,12.2439,23.1,False,0.551466,0.966731,weak_iv,drop_VA,VA,
emp_517,jobs_per_GW,level,union,2019,FirstStage,1.05587,0.273372,cluster_state,3.86239,0.000342509,0.505918,1.60583,cluster_t,285,48,48,6,1.05587,0.273372,241.6,14.9181,23.1,False,0.511215,0.765443,weak_iv,drop_TX,TX,
emp_517,jobs_per_GW,level,union,2019,FirstStage,0.877033,0.317439,cluster_state,2.76284,0.00827029,0.237678,1.51639,cluster_t,273,46,46,6,0.877033,0.317439,87.4622,7.63327,23.1,False,0.283543,0.88883,weak_iv,drop_top3_share,TX;VA;CA,
emp_517,jobs_per_GW,level,union,2019,FirstStage,1.28985,0.236478,cluster_state,5.4544,1.68851e-06,0.814375,1.76532,cluster_t,289,49,49,6,1.28985,0.236478,427.039,29.7505,23.1,True,0.646012,0.662138,,drop_partial_years,,
emp_517,jobs_per_GW,level,union,2019,FirstStage,1.29396,0.245645,cluster_state,5.26759,3.22205e-06,0.800055,1.78786,cluster_t,291,49,49,6,1.29396,0.245645,398.799,27.7475,23.1,True,0.643433,0.687806,,fe_region_year,,region_year
emp_517,jobs_per_GW,level,union,2019,FirstStage,1.32417,0.227131,cluster_state,5.82999,4.55428e-07,0.867495,1.78085,cluster_t,291,49,49,6,1.32417,0.227131,320.995,33.9888,23.1,True,0.620886,0.635968,,fe_division_year,,division_year
emp_517,jobs_per_GW,level,union,2019,FirstStage,1.1309,0.471065,cluster_state,2.40073,0.0202867,0.183762,2.07804,cluster_t,291,49,49,6,1.1309,0.471065,9.09521,5.76352,23.1,False,0.0372609,1.31898,weak_iv;AR_widened_x4,share_linear_trend,,share_x_t
emp_517,jobs_per_GW,level,union,2019,FirstStage,1.27058,0.243934,cluster_state,5.20869,3.94637e-06,0.780115,1.76104,cluster_t,291,49,49,6,1.27058,0.243934,374.232,27.1305,23.1,True,0.614268,0.683015,,vol_linear_trend,,vol_x_t
emp_517,jobs_per_GW,level,union,2019,FirstStage,1.26983,0.246592,cluster_state,5.1495,4.83599e-06,0.774019,1.76563,cluster_t,291,49,49,6,1.26983,0.246592,366.55,26.5174,23.1,True,0.613422,0.690458,,vol_year_fe,,vol_x_year
emp_517,jobs_per_GW,level,union,2016,IV2SLS,-1255.96,1429.38,cluster_state,-0.878671,0.383957,-8000,600,AR,291,49,49,6,1.2077,0.352891,260.275,11.7122,23.1,False,-0.360046,4002.27,weak_iv;AR_is_reported_inference,share2016,,
emp_517,jobs_per_GW,level,union,2019,IV2SLS,-1023.22,1663.74,cluster_state,-0.615011,0.541514,-8675,1150,AR,285,48,48,6,1.20811,0.345261,284.012,12.2439,23.1,False,-0.230739,4658.47,weak_iv;AR_is_reported_inference,drop_VA,VA,
emp_517,jobs_per_GW,level,union,2019,IV2SLS,-2227.01,1538.73,cluster_state,-1.44731,0.154449,-8475,-125,AR,285,48,48,6,1.05587,0.273372,241.6,14.9181,23.1,False,-0.296094,4308.44,weak_iv;AR_is_reported_inference,drop_TX,TX,
emp_517,jobs_per_GW,level,union,2019,IV2SLS,-3066.05,1374.94,cluster_state,-2.22996,0.0307835,-12000,-1250,AR,273,46,46,6,0.877033,0.317439,87.4622,7.63327,23.1,False,-0.691017,3849.82,weak_iv;AR_is_reported_inference,drop_top3_share,TX;VA;CA,
emp_517,jobs_per_GW,level,union,2019,IV2SLS,-836.506,1049.36,cluster_state,-0.797156,0.429286,-2946.39,1273.38,cluster_t,289,49,49,6,1.28985,0.236478,427.039,29.7505,23.1,True,-0.167687,2938.22,,drop_partial_years,,
emp_517,jobs_per_GW,level,union,2019,IV2SLS,-844.156,992.566,cluster_state,-0.850478,0.399282,-2839.84,1151.53,cluster_t,291,49,49,6,1.29396,0.245645,398.799,27.7475,23.1,True,-0.184789,2779.19,,fe_region_year,,region_year
emp_517,jobs_per_GW,level,union,2019,IV2SLS,-511.52,675.494,cluster_state,-0.757253,0.4526,-1869.69,846.652,cluster_t,291,49,49,6,1.32417,0.227131,320.995,33.9888,23.1,True,-0.148583,1891.38,,fe_division_year,,division_year
emp_517,jobs_per_GW,level,union,2019,IV2SLS,-1768.99,2398.94,cluster_state,-0.737406,0.464465,-25900,1400,AR,291,49,49,6,1.1309,0.471065,9.09521,5.76352,23.1,False,-0.702793,6717.03,weak_iv;AR_widened_x4;AR_is_reported_inference,share_linear_trend,,share_x_t
emp_517,jobs_per_GW,level,union,2019,IV2SLS,-722.369,1077.08,cluster_state,-0.670673,0.505643,-2887.99,1443.25,cluster_t,291,49,49,6,1.27058,0.243934,374.232,27.1305,23.1,True,-0.16705,3015.83,,vol_linear_trend,,vol_x_t
emp_517,jobs_per_GW,level,union,2019,IV2SLS,-723.832,1091.99,cluster_state,-0.662855,0.510594,-2919.43,1471.76,cluster_t,291,49,49,6,1.26983,0.246592,366.55,26.5174,23.1,True,-0.168196,3057.58,,vol_year_fe,,vol_x_year
emp_517,jobs_per_GW,level,union,2016,OLS_FE,98.3833,480.102,cluster_state,0.204922,0.8385,-866.926,1063.69,cluster_t,291,49,49,6,1.2077,0.352891,260.275,11.7122,23.1,False,0.00191004,1344.29,weak_iv,share2016,,
emp_517,jobs_per_GW,level,union,2019,OLS_FE,241.09,540.611,cluster_state,0.445959,0.657675,-846.479,1328.66,cluster_t,285,48,48,6,1.20811,0.345261,284.012,12.2439,23.1,False,0.00870686,1513.71,weak_iv,drop_VA,VA,
emp_517,jobs_per_GW,level,union,2019,OLS_FE,-600.049,335.408,cluster_state,-1.78901,0.080058,-1274.8,74.7039,cluster_t,285,48,48,6,1.05587,0.273372,241.6,14.9181,23.1,False,0.0466173,939.141,weak_iv,drop_TX,TX,
emp_517,jobs_per_GW,level,union,2019,OLS_FE,-574.296,483.427,cluster_state,-1.18797,0.241078,-1547.97,399.375,cluster_t,273,46,46,6,0.877033,0.317439,87.4622,7.63327,23.1,False,0.0387665,1353.6,weak_iv,drop_top3_share,TX;VA;CA,
emp_517,jobs_per_GW,level,union,2019,OLS_FE,88.3876,483.702,cluster_state,0.182731,0.855778,-884.161,1060.94,cluster_t,289,49,49,6,1.28985,0.236478,427.039,29.7505,23.1,True,0.00154555,1354.37,,drop_partial_years,,
emp_517,jobs_per_GW,level,union,2019,OLS_FE,105.886,457.006,cluster_state,0.231694,0.81776,-812.987,1024.76,cluster_t,291,49,49,6,1.29396,0.245645,398.799,27.7475,23.1,True,0.00232431,1279.62,,fe_region_year,,region_year
emp_517,jobs_per_GW,level,union,2019,OLS_FE,332.404,363.913,cluster_state,0.913416,0.365589,-399.293,1064.1,cluster_t,291,49,49,6,1.32417,0.227131,320.995,33.9888,23.1,True,0.0272841,1018.96,,fe_division_year,,division_year
emp_517,jobs_per_GW,level,union,2019,OLS_FE,1639.89,755.99,cluster_state,2.1692,0.0350508,119.876,3159.91,cluster_t,291,49,49,6,1.1309,0.471065,9.09521,5.76352,23.1,False,0.211615,2116.77,weak_iv;AR_widened_x4,share_linear_trend,,share_x_t
emp_517,jobs_per_GW,level,union,2019,OLS_FE,253.902,477.305,cluster_state,0.531949,0.597215,-705.784,1213.59,cluster_t,291,49,49,6,1.27058,0.243934,374.232,27.1305,23.1,True,0.0121186,1336.45,,vol_linear_trend,,vol_x_t
emp_517,jobs_per_GW,level,union,2019,OLS_FE,255.345,481.283,cluster_state,0.530551,0.598176,-712.339,1223.03,cluster_t,291,49,49,6,1.26983,0.246592,366.55,26.5174,23.1,True,0.0122726,1347.59,,vol_year_fe,,vol_x_year
emp_517,jobs_per_GW,level,union,2016,ReducedForm,-1516.82,1314.67,cluster_state,-1.15377,0.254307,-4160.13,1126.49,cluster_t,291,49,49,6,1.2077,0.352891,260.275,11.7122,23.1,False,0.163253,3681.06,weak_iv,share2016,,
emp_517,jobs_per_GW,level,union,2019,ReducedForm,-1236.16,1676.99,cluster_state,-0.737133,0.464706,-4609.83,2137.5,cluster_t,285,48,48,6,1.20811,0.345261,284.012,12.2439,23.1,False,0.0864882,4695.57,weak_iv,drop_VA,VA,
emp_517,jobs_per_GW,level,union,2019,ReducedForm,-2351.44,1074.49,cluster_state,-2.18843,0.0336429,-4513.03,-189.851,cluster_t,285,48,48,6,1.05587,0.273372,241.6,14.9181,23.1,False,0.328263,3008.56,weak_iv,drop_TX,TX,
emp_517,jobs_per_GW,level,union,2019,ReducedForm,-2689.03,677.272,cluster_state,-3.97038,0.000255758,-4053.12,-1324.93,cluster_t,273,46,46,6,0.877033,0.317439,87.4622,7.63327,23.1,False,0.3133,1896.36,weak_iv,drop_top3_share,TX;VA;CA,
emp_517,jobs_per_GW,level,union,2019,ReducedForm,-1078.96,1169.97,cluster_state,-0.922218,0.361027,-3431.34,1273.41,cluster_t,289,49,49,6,1.28985,0.236478,427.039,29.7505,23.1,True,0.0894289,3275.9,,drop_partial_years,,
emp_517,jobs_per_GW,level,union,2019,ReducedForm,-1092.3,1093.05,cluster_state,-0.999312,0.322655,-3290.03,1105.43,cluster_t,291,49,49,6,1.29396,0.245645,398.799,27.7475,23.1,True,0.0950533,3060.55,,fe_region_year,,region_year
emp_517,jobs_per_GW,level,union,2019,ReducedForm,-677.341,798.724,cluster_state,-0.848029,0.400631,-2283.28,928.6,cluster_t,291,49,49,6,1.32417,0.227131,320.995,33.9888,23.1,True,0.0401156,2236.43,,fe_division_year,,division_year
emp_517,jobs_per_GW,level,union,2019,ReducedForm,-2000.56,2134.72,cluster_state,-0.937154,0.353371,-6292.69,2291.58,cluster_t,291,49,49,6,1.1309,0.471065,9.09521,5.76352,23.1,False,0.0091753,5977.2,weak_iv;AR_widened_x4,share_linear_trend,,share_x_t
emp_517,jobs_per_GW,level,union,2019,ReducedForm,-917.826,1204.96,cluster_state,-0.761704,0.449963,-3340.57,1504.92,cluster_t,291,49,49,6,1.27058,0.243934,374.232,27.1305,23.1,True,0.0602556,3373.9,,vol_linear_trend,,vol_x_t
emp_517,jobs_per_GW,level,union,2019,ReducedForm,-919.14,1220.93,cluster_state,-0.752822,0.455233,-3373.98,1535.7,cluster_t,291,49,49,6,1.26983,0.246592,366.55,26.5174,23.1,True,0.0604943,3418.59,,vol_year_fe,,vol_x_year
emp_517,jobs_per_GW,level,union,2016,Wald,-1255.96,1429.38,cluster_state,-0.878671,0.383957,-4129.93,1618.01,cluster_t,291,49,49,6,1.2077,0.352891,260.275,11.7122,23.1,False,-0.360046,4002.27,weak_iv;se_is_2SLS_clustered_not_delta,share2016,,
emp_517,jobs_per_GW,level,union,2019,Wald,-1023.22,1663.74,cluster_state,-0.615011,0.541514,-4370.23,2323.8,cluster_t,285,48,48,6,1.20811,0.345261,284.012,12.2439,23.1,False,-0.230739,4658.47,weak_iv;se_is_2SLS_clustered_not_delta,drop_VA,VA,
emp_517,jobs_per_GW,level,union,2019,Wald,-2227.01,1538.73,cluster_state,-1.44731,0.154449,-5322.54,868.51,cluster_t,285,48,48,6,1.05587,0.273372,241.6,14.9181,23.1,False,-0.296094,4308.44,weak_iv;se_is_2SLS_clustered_not_delta,drop_TX,TX,
emp_517,jobs_per_GW,level,union,2019,Wald,-3066.05,1374.94,cluster_state,-2.22996,0.0307835,-5835.31,-296.784,cluster_t,273,46,46,6,0.877033,0.317439,87.4622,7.63327,23.1,False,-0.691017,3849.82,weak_iv;se_is_2SLS_clustered_not_delta,drop_top3_share,TX;VA;CA,
emp_517,jobs_per_GW,level,union,2019,Wald,-836.506,1049.36,cluster_state,-0.797156,0.429286,-2946.39,1273.38,cluster_t,289,49,49,6,1.28985,0.236478,427.039,29.7505,23.1,True,-0.167687,2938.22,se_is_2SLS_clustered_not_delta,drop_partial_years,,
emp_517,jobs_per_GW,level,union,2019,Wald,-844.156,992.566,cluster_state,-0.850478,0.399282,-2839.84,1151.53,cluster_t,291,49,49,6,1.29396,0.245645,398.799,27.7475,23.1,True,-0.184789,2779.19,se_is_2SLS_clustered_not_delta,fe_region_year,,region_year
emp_517,jobs_per_GW,level,union,2019,Wald,-511.52,675.494,cluster_state,-0.757253,0.4526,-1869.69,846.652,cluster_t,291,49,49,6,1.32417,0.227131,320.995,33.9888,23.1,True,-0.148583,1891.38,se_is_2SLS_clustered_not_delta,fe_division_year,,division_year
emp_517,jobs_per_GW,level,union,2019,Wald,-1768.99,2398.94,cluster_state,-0.737406,0.464465,-6592.38,3054.4,cluster_t,291,49,49,6,1.1309,0.471065,9.09521,5.76352,23.1,False,-0.702793,6717.03,weak_iv;AR_widened_x4;se_is_2SLS_clustered_not_delta,share_linear_trend,,share_x_t
emp_517,jobs_per_GW,level,union,2019,Wald,-722.369,1077.08,cluster_state,-0.670673,0.505643,-2887.99,1443.25,cluster_t,291,49,49,6,1.27058,0.243934,374.232,27.1305,23.1,True,-0.16705,3015.83,se_is_2SLS_clustered_not_delta,vol_linear_trend,,vol_x_t
emp_517,jobs_per_GW,level,union,2019,Wald,-723.832,1091.99,cluster_state,-0.662855,0.510594,-2919.43,1471.76,cluster_t,291,49,49,6,1.26983,0.246592,366.55,26.5174,23.1,True,-0.168196,3057.58,se_is_2SLS_clustered_not_delta,vol_year_fe,,vol_x_year
emp_5182,jobs_per_GW,level,contig,2019,FirstStage,1.23464,0.233738,cluster_state,5.28214,3.06443e-06,0.764674,1.7046,cluster_t,291,49,49,6,1.23464,0.233738,412.36,27.901,23.1,True,0.636005,0.654466,,leaveout_contig,,
emp_5182,jobs_per_GW,level,contig,2019,IV2SLS,3559.39,1927.4,cluster_state,1.84673,0.0709563,-315.913,7434.7,cluster_t,291,49,49,6,1.23464,0.233738,412.36,27.901,23.1,True,-0.0589751,5396.73,,leaveout_contig,,
emp_5182,jobs_per_GW,level,contig,2019,OLS_FE,1562.06,424.121,cluster_state,3.68304,0.000584263,709.303,2414.81,cluster_t,291,49,49,6,1.23464,0.233738,412.36,27.901,23.1,True,0.0928794,1187.54,,leaveout_contig,,
emp_5182,jobs_per_GW,level,contig,2019,ReducedForm,4394.55,1776.55,cluster_state,2.47364,0.0169642,822.553,7966.55,cluster_t,291,49,49,6,1.23464,0.233738,412.36,27.901,23.1,True,0.306717,4974.35,,leaveout_contig,,
emp_5182,jobs_per_GW,level,contig,2019,Wald,3559.39,1927.4,cluster_state,1.84673,0.0709563,-315.913,7434.7,cluster_t,291,49,49,6,1.23464,0.233738,412.36,27.901,23.1,True,-0.0589751,5396.73,se_is_2SLS_clustered_not_delta,leaveout_contig,,
emp_5182,jobs_per_GW,level,division,2019,FirstStage,1.2402,0.242347,cluster_state,5.11747,5.3972e-06,0.752932,1.72748,cluster_t,291,49,49,6,1.2402,0.242347,412.447,26.1885,23.1,True,0.636053,0.678572,,leaveout_division,,
emp_5182,jobs_per_GW,level,division,2019,IV2SLS,3572.79,1992.02,cluster_state,1.79355,0.0791864,-432.442,7578.01,cluster_t,291,49,49,6,1.2402,0.242347,412.447,26.1885,23.1,True,-0.0610188,5577.66,,leaveout_division,,
emp_5182,jobs_per_GW,level,division,2019,OLS_FE,1562.06,424.121,cluster_state,3.68304,0.000584263,709.303,2414.81,cluster_t,291,49,49,6,1.2402,0.242347,412.447,26.1885,23.1,True,0.0928794,1187.54,,leaveout_division,,
emp_5182,jobs_per_GW,level,division,2019,ReducedForm,4430.98,1789.32,cluster_state,2.47636,0.0168505,833.324,8028.65,cluster_t,291,49,49,6,1.2402,0.242347,412.447,26.1885,23.1,True,0.309053,5010.08,,leaveout_division,,
emp_5182,jobs_per_GW,level,division,2019,Wald,3572.79,1992.02,cluster_state,1.79355,0.0791864,-432.442,7578.01,cluster_t,291,49,49,6,1.2402,0.242347,412.447,26.1885,23.1,True,-0.0610188,5577.66,se_is_2SLS_clustered_not_delta,leaveout_division,,
emp_5182,jobs_per_GW,level,state,2019,FirstStage,1.10653,0.266322,cluster_state,4.15487,0.000133068,0.571055,1.64201,cluster_t,291,49,49,6,1.10653,0.266322,332.376,17.2629,23.1,False,0.584782,0.745701,weak_iv,leaveout_state,,
emp_5182,jobs_per_GW,level,state,2019,IV2SLS,3875.67,2266.55,cluster_state,1.70994,0.0937347,600,12075,AR,291,49,49,6,1.10653,0.266322,332.376,17.2629,23.1,False,-0.110876,6346.35,weak_iv;AR_is_reported_inference,leaveout_state,,
emp_5182,jobs_per_GW,level,state,2019,OLS_FE,1562.06,424.121,cluster_state,3.68304,0.000584263,709.303,2414.81,cluster_t,291,49,49,6,1.10653,0.266322,332.376,17.2629,23.1,False,0.0928794,1187.54,weak_iv,leaveout_state,,
emp_5182,jobs_per_GW,level,state,2019,ReducedForm,4288.55,1712.96,cluster_state,2.50359,0.0157483,844.41,7732.69,cluster_t,291,49,49,6,1.10653,0.266322,332.376,17.2629,23.1,False,0.33436,4796.29,weak_iv,leaveout_state,,
emp_5182,jobs_per_GW,level,state,2019,Wald,3875.67,2266.55,cluster_state,1.70994,0.0937347,-681.541,8432.89,cluster_t,291,49,49,6,1.10653,0.266322,332.376,17.2629,23.1,False,-0.110876,6346.35,weak_iv;se_is_2SLS_clustered_not_delta,leaveout_state,,
emp_5182,jobs_per_GW,level,union,2016,FirstStage,1.2077,0.352891,cluster_state,3.42231,0.00127839,0.498166,1.91724,cluster_t,291,49,49,6,1.2077,0.352891,260.275,11.7122,23.1,False,0.524458,0.988095,weak_iv,share2016,,
emp_5182,jobs_per_GW,level,union,2019,FirstStage,1.20811,0.345261,cluster_state,3.49913,0.00103251,0.513539,1.90269,cluster_t,285,48,48,6,1.20811,0.345261,284.012,12.2439,23.1,False,0.551466,0.966731,weak_iv,drop_VA,VA,
emp_5182,jobs_per_GW,level,union,2019,FirstStage,1.05587,0.273372,cluster_state,3.86239,0.000342509,0.505918,1.60583,cluster_t,285,48,48,6,1.05587,0.273372,241.6,14.9181,23.1,False,0.511215,0.765443,weak_iv,drop_TX,TX,
emp_5182,jobs_per_GW,level,union,2019,FirstStage,0.877033,0.317439,cluster_state,2.76284,0.00827029,0.237678,1.51639,cluster_t,273,46,46,6,0.877033,0.317439,87.4622,7.63327,23.1,False,0.283543,0.88883,weak_iv,drop_top3_share,TX;VA;CA,
emp_5182,jobs_per_GW,level,union,2019,FirstStage,1.28985,0.236478,cluster_state,5.4544,1.68851e-06,0.814375,1.76532,cluster_t,289,49,49,6,1.28985,0.236478,427.039,29.7505,23.1,True,0.646012,0.662138,,drop_partial_years,,
emp_5182,jobs_per_GW,level,union,2019,FirstStage,1.29396,0.245645,cluster_state,5.26759,3.22205e-06,0.800055,1.78786,cluster_t,291,49,49,6,1.29396,0.245645,398.799,27.7475,23.1,True,0.643433,0.687806,,fe_region_year,,region_year
emp_5182,jobs_per_GW,level,union,2019,FirstStage,1.32417,0.227131,cluster_state,5.82999,4.55428e-07,0.867495,1.78085,cluster_t,291,49,49,6,1.32417,0.227131,320.995,33.9888,23.1,True,0.620886,0.635968,,fe_division_year,,division_year
emp_5182,jobs_per_GW,level,union,2019,FirstStage,1.1309,0.471065,cluster_state,2.40073,0.0202867,0.183762,2.07804,cluster_t,291,49,49,6,1.1309,0.471065,9.09521,5.76352,23.1,False,0.0372609,1.31898,weak_iv,share_linear_trend,,share_x_t
emp_5182,jobs_per_GW,level,union,2019,FirstStage,1.27058,0.243934,cluster_state,5.20869,3.94637e-06,0.780115,1.76104,cluster_t,291,49,49,6,1.27058,0.243934,374.232,27.1305,23.1,True,0.614268,0.683015,,vol_linear_trend,,vol_x_t
emp_5182,jobs_per_GW,level,union,2019,FirstStage,1.26983,0.246592,cluster_state,5.1495,4.83599e-06,0.774019,1.76563,cluster_t,291,49,49,6,1.26983,0.246592,366.55,26.5174,23.1,True,0.613422,0.690458,,vol_year_fe,,vol_x_year
emp_5182,jobs_per_GW,level,union,2016,IV2SLS,4582.14,2794.53,cluster_state,1.63968,0.10761,925,17725,AR,291,49,49,6,1.2077,0.352891,260.275,11.7122,23.1,False,-0.254308,7824.68,weak_iv;AR_is_reported_inference,share2016,,
emp_5182,jobs_per_GW,level,union,2019,IV2SLS,4731.12,3025.17,cluster_state,1.56392,0.124545,675,18300,AR,285,48,48,6,1.20811,0.345261,284.012,12.2439,23.1,False,-0.153464,8470.47,weak_iv;AR_is_reported_inference,drop_VA,VA,
emp_5182,jobs_per_GW,level,union,2019,IV2SLS,4817.99,3661.03,cluster_state,1.31602,0.19455,-275,19375,AR,285,48,48,6,1.05587,0.273372,241.6,14.9181,23.1,False,-0.246463,10250.9,weak_iv;AR_is_reported_inference,drop_TX,TX,
emp_5182,jobs_per_GW,level,union,2019,IV2SLS,4700.3,2460.45,cluster_state,1.91034,0.0624742,1075,19050,AR,273,46,46,6,0.877033,0.317439,87.4622,7.63327,23.1,False,-0.441374,6889.26,weak_iv;AR_is_reported_inference,drop_top3_share,TX;VA;CA,
emp_5182,jobs_per_GW,level,union,2019,IV2SLS,3527.61,1913.55,cluster_state,1.84349,0.0714367,-319.85,7375.07,cluster_t,289,49,49,6,1.28985,0.236478,427.039,29.7505,23.1,True,-0.0529804,5357.95,,drop_partial_years,,
emp_5182,jobs_per_GW,level,union,2019,IV2SLS,3488.1,1833.48,cluster_state,1.90245,0.0631216,-198.363,7174.56,cluster_t,291,49,49,6,1.29396,0.245645,398.799,27.7475,23.1,True,-0.0461195,5133.75,,fe_region_year,,region_year
emp_5182,jobs_per_GW,level,union,2019,IV2SLS,2428.07,1037.02,cluster_state,2.34138,0.0234119,342.994,4513.15,cluster_t,291,49,49,6,1.32417,0.227131,320.995,33.9888,23.1,True,-0.104015,2903.67,,fe_division_year,,division_year
emp_5182,jobs_per_GW,level,union,2019,IV2SLS,-1579.33,2638.43,cluster_state,-0.598587,0.552263,-16450,4725,AR,291,49,49,6,1.1309,0.471065,9.09521,5.76352,23.1,False,0.0795814,7387.61,weak_iv;AR_is_reported_inference,share_linear_trend,,share_x_t
emp_5182,jobs_per_GW,level,union,2019,IV2SLS,3546.66,2044.36,cluster_state,1.73485,0.0891846,-563.797,7657.11,cluster_t,291,49,49,6,1.27058,0.243934,374.232,27.1305,23.1,True,-0.0949992,5724.2,,vol_linear_trend,,vol_x_t
emp_5182,jobs_per_GW,level,union,2019,IV2SLS,3564.6,2068.38,cluster_state,1.72337,0.0912576,-594.164,7723.36,cluster_t,291,49,49,6,1.26983,0.246592,366.55,26.5174,23.1,True,-0.0955377,5791.47,,vol_year_fe,,vol_x_year
emp_5182,jobs_per_GW,level,union,2016,OLS_FE,1562.06,424.121,cluster_state,3.68304,0.000584263,709.303,2414.81,cluster_t,291,49,49,6,1.2077,0.352891,260.275,11.7122,23.1,False,0.0928794,1187.54,weak_iv,share2016,,
emp_5182,jobs_per_GW,level,union,2019,OLS_FE,1803.64,524.53,cluster_state,3.43858,0.00123499,748.418,2858.86,cluster_t,285,48,48,6,1.20811,0.345261,284.012,12.2439,23.1,False,0.0938932,1468.69,weak_iv,drop_VA,VA,
emp_5182,jobs_per_GW,level,union,2019,OLS_FE,1325.18,654.189,cluster_state,2.02568,0.0484957,9.12188,2641.24,cluster_t,285,48,48,6,1.05587,0.273372,241.6,14.9181,23.1,False,0.0414427,1831.73,weak_iv,drop_TX,TX,
emp_5182,jobs_per_GW,level,union,2019,OLS_FE,969.351,725.214,cluster_state,1.33664,0.188059,-491.305,2430.01,cluster_t,273,46,46,6,0.877033,0.317439,87.4622,7.63327,23.1,False,0.0319509,2030.6,weak_iv,drop_top3_share,TX;VA;CA,
emp_5182,jobs_per_GW,level,union,2019,OLS_FE,1565.74,423.746,cluster_state,3.695,0.000563295,713.742,2417.74,cluster_t,289,49,49,6,1.28985,0.236478,427.039,29.7505,23.1,True,0.0929479,1186.49,,drop_partial_years,,
emp_5182,jobs_per_GW,level,union,2019,OLS_FE,1574.29,478.013,cluster_state,3.29341,0.00186331,613.184,2535.41,cluster_t,291,49,49,6,1.29396,0.245645,398.799,27.7475,23.1,True,0.0965202,1338.44,,fe_region_year,,region_year
emp_5182,jobs_per_GW,level,union,2019,OLS_FE,828.249,815.624,cluster_state,1.01548,0.314969,-811.674,2468.17,cluster_t,291,49,49,6,1.32417,0.227131,320.995,33.9888,23.1,True,0.0380872,2283.75,,fe_division_year,,division_year
emp_5182,jobs_per_GW,level,union,2019,OLS_FE,-2017.21,1621.29,cluster_state,-1.2442,0.219468,-5277.03,1242.62,cluster_t,291,49,49,6,1.1309,0.471065,9.09521,5.76352,23.1,False,0.0835167,4539.61,weak_iv,share_linear_trend,,share_x_t
emp_5182,jobs_per_GW,level,union,2019,OLS_FE,1401.71,458.366,cluster_state,3.05806,0.00363665,480.104,2323.32,cluster_t,291,49,49,6,1.27058,0.243934,374.232,27.1305,23.1,True,0.0708092,1283.42,,vol_linear_trend,,vol_x_t
emp_5182,jobs_per_GW,level,union,2019,OLS_FE,1411.11,458.172,cluster_state,3.07987,0.00342189,489.892,2332.33,cluster_t,291,49,49,6,1.26983,0.246592,366.55,26.5174,23.1,True,0.0718881,1282.88,,vol_year_fe,,vol_x_year
emp_5182,jobs_per_GW,level,union,2016,ReducedForm,5533.86,1927.09,cluster_state,2.87162,0.00606132,1659.19,9408.53,cluster_t,291,49,49,6,1.2077,0.352891,260.275,11.7122,23.1,False,0.419154,5395.85,weak_iv,share2016,,
emp_5182,jobs_per_GW,level,union,2019,ReducedForm,5715.73,2276.33,cluster_state,2.51094,0.0155384,1136.34,10295.1,cluster_t,285,48,48,6,1.20811,0.345261,284.012,12.2439,23.1,False,0.356273,6373.73,weak_iv,drop_VA,VA,
emp_5182,jobs_per_GW,level,union,2019,ReducedForm,5087.19,2740.83,cluster_state,1.85608,0.0697184,-426.652,10601,cluster_t,285,48,48,6,1.05587,0.273372,241.6,14.9181,23.1,False,0.280049,7674.32,weak_iv,drop_TX,TX,
emp_5182,jobs_per_GW,level,union,2019,ReducedForm,4122.32,1551.82,cluster_state,2.65643,0.0108874,996.783,7247.85,cluster_t,273,46,46,6,0.877033,0.317439,87.4622,7.63327,23.1,False,0.213005,4345.11,weak_iv,drop_top3_share,TX;VA;CA,
emp_5182,jobs_per_GW,level,union,2019,ReducedForm,4550.07,1828.85,cluster_state,2.48794,0.0163732,872.925,8227.22,cluster_t,289,49,49,6,1.28985,0.236478,427.039,29.7505,23.1,True,0.30479,5120.78,,drop_partial_years,,
emp_5182,jobs_per_GW,level,union,2019,ReducedForm,4513.45,1725.99,cluster_state,2.615,0.0118884,1043.12,7983.78,cluster_t,291,49,49,6,1.29396,0.245645,398.799,27.7475,23.1,True,0.304878,4832.76,,fe_region_year,,region_year
emp_5182,jobs_per_GW,level,union,2019,ReducedForm,3215.19,1061.72,cluster_state,3.02828,0.00395039,1080.46,5349.92,cluster_t,291,49,49,6,1.32417,0.227131,320.995,33.9888,23.1,True,0.203232,2972.81,,fe_division_year,,division_year
emp_5182,jobs_per_GW,level,union,2019,ReducedForm,-1786.07,2859.87,cluster_state,-0.624527,0.535239,-7536.23,3964.09,cluster_t,291,49,49,6,1.1309,0.471065,9.09521,5.76352,23.1,False,0.00190753,8007.65,weak_iv,share_linear_trend,,share_x_t
emp_5182,jobs_per_GW,level,union,2019,ReducedForm,4506.31,1930.5,cluster_state,2.33427,0.0238142,624.772,8387.84,cluster_t,291,49,49,6,1.27058,0.243934,374.232,27.1305,23.1,True,0.278464,5405.4,,vol_linear_trend,,vol_x_t
emp_5182,jobs_per_GW,level,union,2019,ReducedForm,4526.42,1950.53,cluster_state,2.32061,0.0246033,604.624,8448.22,cluster_t,291,49,49,6,1.26983,0.246592,366.55,26.5174,23.1,True,0.281395,5461.48,,vol_year_fe,,vol_x_year
emp_5182,jobs_per_GW,level,union,2016,Wald,4582.14,2794.53,cluster_state,1.63968,0.10761,-1036.64,10200.9,cluster_t,291,49,49,6,1.2077,0.352891,260.275,11.7122,23.1,False,-0.254308,7824.68,weak_iv;se_is_2SLS_clustered_not_delta,share2016,,
emp_5182,jobs_per_GW,level,union,2019,Wald,4731.12,3025.17,cluster_state,1.56392,0.124545,-1354.73,10817,cluster_t,285,48,48,6,1.20811,0.345261,284.012,12.2439,23.1,False,-0.153464,8470.47,weak_iv;se_is_2SLS_clustered_not_delta,drop_VA,VA,
emp_5182,jobs_per_GW,level,union,2019,Wald,4817.99,3661.03,cluster_state,1.31602,0.19455,-2547.05,12183,cluster_t,285,48,48,6,1.05587,0.273372,241.6,14.9181,23.1,False,-0.246463,10250.9,weak_iv;se_is_2SLS_clustered_not_delta,drop_TX,TX,
emp_5182,jobs_per_GW,level,union,2019,Wald,4700.3,2460.45,cluster_state,1.91034,0.0624742,-255.301,9655.9,cluster_t,273,46,46,6,0.877033,0.317439,87.4622,7.63327,23.1,False,-0.441374,6889.26,weak_iv;se_is_2SLS_clustered_not_delta,drop_top3_share,TX;VA;CA,
emp_5182,jobs_per_GW,level,union,2019,Wald,3527.61,1913.55,cluster_state,1.84349,0.0714367,-319.85,7375.07,cluster_t,289,49,49,6,1.28985,0.236478,427.039,29.7505,23.1,True,-0.0529804,5357.95,se_is_2SLS_clustered_not_delta,drop_partial_years,,
emp_5182,jobs_per_GW,level,union,2019,Wald,3488.1,1833.48,cluster_state,1.90245,0.0631216,-198.363,7174.56,cluster_t,291,49,49,6,1.29396,0.245645,398.799,27.7475,23.1,True,-0.0461195,5133.75,se_is_2SLS_clustered_not_delta,fe_region_year,,region_year
emp_5182,jobs_per_GW,level,union,2019,Wald,2428.07,1037.02,cluster_state,2.34138,0.0234119,342.994,4513.15,cluster_t,291,49,49,6,1.32417,0.227131,320.995,33.9888,23.1,True,-0.104015,2903.67,se_is_2SLS_clustered_not_delta,fe_division_year,,division_year
emp_5182,jobs_per_GW,level,union,2019,Wald,-1579.33,2638.43,cluster_state,-0.598587,0.552263,-6884.25,3725.59,cluster_t,291,49,49,6,1.1309,0.471065,9.09521,5.76352,23.1,False,0.0795814,7387.61,weak_iv;se_is_2SLS_clustered_not_delta,share_linear_trend,,share_x_t
emp_5182,jobs_per_GW,level,union,2019,Wald,3546.66,2044.36,cluster_state,1.73485,0.0891846,-563.797,7657.11,cluster_t,291,49,49,6,1.27058,0.243934,374.232,27.1305,23.1,True,-0.0949992,5724.2,se_is_2SLS_clustered_not_delta,vol_linear_trend,,vol_x_t
emp_5182,jobs_per_GW,level,union,2019,Wald,3564.6,2068.38,cluster_state,1.72337,0.0912576,-594.164,7723.36,cluster_t,291,49,49,6,1.26983,0.246592,366.55,26.5174,23.1,True,-0.0955377,5791.47,se_is_2SLS_clustered_not_delta,vol_year_fe,,vol_x_year
emp_5182_cleaned,jobs_per_GW,level,contig,2019,FirstStage,1.23464,0.233738,cluster_state,5.28214,3.06443e-06,0.764674,1.7046,cluster_t,291,49,49,6,1.23464,0.233738,412.36,27.901,23.1,True,0.636005,0.654466,,leaveout_contig,,
emp_5182_cleaned,jobs_per_GW,level,contig,2019,IV2SLS,2715.77,1466.72,cluster_state,1.85159,0.0702409,-233.269,5664.81,cluster_t,291,49,49,6,1.23464,0.233738,412.36,27.901,23.1,True,-0.0621986,4106.82,,leaveout_contig,,
emp_5182_cleaned,jobs_per_GW,level,contig,2019,OLS_FE,1186.79,305.648,cluster_state,3.88285,0.000315118,572.238,1801.33,cluster_t,291,49,49,6,1.23464,0.233738,412.36,27.901,23.1,True,0.0942654,855.815,,leaveout_contig,,
emp_5182_cleaned,jobs_per_GW,level,contig,2019,ReducedForm,3352.99,1344.08,cluster_state,2.49464,0.0161032,650.536,6055.44,cluster_t,291,49,49,6,1.23464,0.233738,412.36,27.901,23.1,True,0.313946,3763.42,,leaveout_contig,,
emp_5182_cleaned,jobs_per_GW,level,contig,2019,Wald,2715.77,1466.72,cluster_state,1.85159,0.0702409,-233.269,5664.81,cluster_t,291,49,49,6,1.23464,0.233738,412.36,27.901,23.1,True,-0.0621986,4106.82,se_is_2SLS_clustered_not_delta,leaveout_contig,,
emp_5182_cleaned,jobs_per_GW,level,division,2019,FirstStage,1.2402,0.242347,cluster_state,5.11747,5.3972e-06,0.752932,1.72748,cluster_t,291,49,49,6,1.2402,0.242347,412.447,26.1885,23.1,True,0.636053,0.678572,,leaveout_division,,
emp_5182_cleaned,jobs_per_GW,level,division,2019,IV2SLS,2723.25,1515.23,cluster_state,1.79725,0.0785878,-323.319,5769.82,cluster_t,291,49,49,6,1.2402,0.242347,412.447,26.1885,23.1,True,-0.063733,4242.63,,leaveout_division,,
emp_5182_cleaned,jobs_per_GW,level,division,2019,OLS_FE,1186.79,305.648,cluster_state,3.88285,0.000315118,572.238,1801.33,cluster_t,291,49,49,6,1.2402,0.242347,412.447,26.1885,23.1,True,0.0942654,855.815,,leaveout_division,,
emp_5182_cleaned,jobs_per_GW,level,division,2019,ReducedForm,3377.38,1354.8,cluster_state,2.4929,0.0161729,653.372,6101.4,cluster_t,291,49,49,6,1.2402,0.242347,412.447,26.1885,23.1,True,0.315701,3793.45,,leaveout_division,,
emp_5182_cleaned,jobs_per_GW,level,division,2019,Wald,2723.25,1515.23,cluster_state,1.79725,0.0785878,-323.319,5769.82,cluster_t,291,49,49,6,1.2402,0.242347,412.447,26.1885,23.1,True,-0.063733,4242.63,se_is_2SLS_clustered_not_delta,leaveout_division,,
emp_5182_cleaned,jobs_per_GW,level,state,2019,FirstStage,1.10653,0.266322,cluster_state,4.15487,0.000133068,0.571055,1.64201,cluster_t,291,49,49,6,1.10653,0.266322,332.376,17.2629,23.1,False,0.584782,0.745701,weak_iv,leaveout_state,,
emp_5182_cleaned,jobs_per_GW,level,state,2019,IV2SLS,2957.52,1724.95,cluster_state,1.71455,0.0928788,475,9225,AR,291,49,49,6,1.10653,0.266322,332.376,17.2629,23.1,False,-0.115587,4829.87,weak_iv;AR_is_reported_inference,leaveout_state,,
emp_5182_cleaned,jobs_per_GW,level,state,2019,OLS_FE,1186.79,305.648,cluster_state,3.88285,0.000315118,572.238,1801.33,cluster_t,291,49,49,6,1.10653,0.266322,332.376,17.2629,23.1,False,0.0942654,855.815,weak_iv,leaveout_state,,
emp_5182_cleaned,jobs_per_GW,level,state,2019,ReducedForm,3272.59,1296.37,cluster_state,2.52442,0.0149499,666.053,5879.12,cluster_t,291,49,49,6,1.10653,0.266322,332.376,17.2629,23.1,False,0.34234,3629.84,weak_iv,leaveout_state,,
emp_5182_cleaned,jobs_per_GW,level,state,2019,Wald,2957.52,1724.95,cluster_state,1.71455,0.0928788,-510.735,6425.77,cluster_t,291,49,49,6,1.10653,0.266322,332.376,17.2629,23.1,False,-0.115587,4829.87,weak_iv;se_is_2SLS_clustered_not_delta,leaveout_state,,
emp_5182_cleaned,jobs_per_GW,level,union,2016,FirstStage,1.2077,0.352891,cluster_state,3.42231,0.00127839,0.498166,1.91724,cluster_t,291,49,49,6,1.2077,0.352891,260.275,11.7122,23.1,False,0.524458,0.988095,weak_iv,share2016,,
emp_5182_cleaned,jobs_per_GW,level,union,2019,FirstStage,1.20811,0.345261,cluster_state,3.49913,0.00103251,0.513539,1.90269,cluster_t,285,48,48,6,1.20811,0.345261,284.012,12.2439,23.1,False,0.551466,0.966731,weak_iv,drop_VA,VA,
emp_5182_cleaned,jobs_per_GW,level,union,2019,FirstStage,1.05587,0.273372,cluster_state,3.86239,0.000342509,0.505918,1.60583,cluster_t,285,48,48,6,1.05587,0.273372,241.6,14.9181,23.1,False,0.511215,0.765443,weak_iv,drop_TX,TX,
emp_5182_cleaned,jobs_per_GW,level,union,2019,FirstStage,0.877033,0.317439,cluster_state,2.76284,0.00827029,0.237678,1.51639,cluster_t,273,46,46,6,0.877033,0.317439,87.4622,7.63327,23.1,False,0.283543,0.88883,weak_iv,drop_top3_share,TX;VA;CA,
emp_5182_cleaned,jobs_per_GW,level,union,2019,FirstStage,1.28985,0.236478,cluster_state,5.4544,1.68851e-06,0.814375,1.76532,cluster_t,289,49,49,6,1.28985,0.236478,427.039,29.7505,23.1,True,0.646012,0.662138,,drop_partial_years,,
emp_5182_cleaned,jobs_per_GW,level,union,2019,FirstStage,1.29396,0.245645,cluster_state,5.26759,3.22205e-06,0.800055,1.78786,cluster_t,291,49,49,6,1.29396,0.245645,398.799,27.7475,23.1,True,0.643433,0.687806,,fe_region_year,,region_year
emp_5182_cleaned,jobs_per_GW,level,union,2019,FirstStage,1.32417,0.227131,cluster_state,5.82999,4.55428e-07,0.867495,1.78085,cluster_t,291,49,49,6,1.32417,0.227131,320.995,33.9888,23.1,True,0.620886,0.635968,,fe_division_year,,division_year
emp_5182_cleaned,jobs_per_GW,level,union,2019,FirstStage,1.1309,0.471065,cluster_state,2.40073,0.0202867,0.183762,2.07804,cluster_t,291,49,49,6,1.1309,0.471065,9.09521,5.76352,23.1,False,0.0372609,1.31898,weak_iv,share_linear_trend,,share_x_t
emp_5182_cleaned,jobs_per_GW,level,union,2019,FirstStage,1.27058,0.243934,cluster_state,5.20869,3.94637e-06,0.780115,1.76104,cluster_t,291,49,49,6,1.27058,0.243934,374.232,27.1305,23.1,True,0.614268,0.683015,,vol_linear_trend,,vol_x_t
emp_5182_cleaned,jobs_per_GW,level,union,2019,FirstStage,1.26983,0.246592,cluster_state,5.1495,4.83599e-06,0.774019,1.76563,cluster_t,291,49,49,6,1.26983,0.246592,366.55,26.5174,23.1,True,0.613422,0.690458,,vol_year_fe,,vol_x_year
emp_5182_cleaned,jobs_per_GW,level,union,2016,IV2SLS,3468.97,2122.68,cluster_state,1.63424,0.108751,700,13450,AR,291,49,49,6,1.2077,0.352891,260.275,11.7122,23.1,False,-0.25432,5943.5,weak_iv;AR_is_reported_inference,share2016,,
emp_5182_cleaned,jobs_per_GW,level,union,2019,IV2SLS,3577.45,2311.22,cluster_state,1.54786,0.128363,475,13925,AR,285,48,48,6,1.20811,0.345261,284.012,12.2439,23.1,False,-0.159233,6471.42,weak_iv;AR_is_reported_inference,drop_VA,VA,
emp_5182_cleaned,jobs_per_GW,level,union,2019,IV2SLS,3704.99,2776.03,cluster_state,1.33464,0.188425,-150,14750,AR,285,48,48,6,1.05587,0.273372,241.6,14.9181,23.1,False,-0.250639,7772.87,weak_iv;AR_is_reported_inference,drop_TX,TX,
emp_5182_cleaned,jobs_per_GW,level,union,2019,IV2SLS,3593.76,1915.49,cluster_state,1.87615,0.0671295,725,14600,AR,273,46,46,6,0.877033,0.317439,87.4622,7.63327,23.1,False,-0.463411,5363.38,weak_iv;AR_is_reported_inference,drop_top3_share,TX;VA;CA,
emp_5182_cleaned,jobs_per_GW,level,union,2019,IV2SLS,2689.39,1456.05,cluster_state,1.84704,0.0709106,-238.206,5616.98,cluster_t,289,49,49,6,1.28985,0.236478,427.039,29.7505,23.1,True,-0.0554825,4076.95,,drop_partial_years,,
emp_5182_cleaned,jobs_per_GW,level,union,2019,IV2SLS,2646.72,1385.09,cluster_state,1.91086,0.0620045,-138.193,5431.63,cluster_t,291,49,49,6,1.29396,0.245645,398.799,27.7475,23.1,True,-0.0495396,3878.25,,fe_region_year,,region_year
emp_5182_cleaned,jobs_per_GW,level,union,2019,IV2SLS,1855.06,772.202,cluster_state,2.4023,0.0202094,302.446,3407.68,cluster_t,291,49,49,6,1.32417,0.227131,320.995,33.9888,23.1,True,-0.109326,2162.17,,fe_division_year,,division_year
emp_5182_cleaned,jobs_per_GW,level,union,2019,IV2SLS,-1324.68,1996.82,cluster_state,-0.663392,0.510253,-13000,3275,AR,291,49,49,6,1.1309,0.471065,9.09521,5.76352,23.1,False,0.0860774,5591.11,weak_iv;AR_is_reported_inference,share_linear_trend,,share_x_t
emp_5182_cleaned,jobs_per_GW,level,union,2019,IV2SLS,2719.03,1558.21,cluster_state,1.74497,0.0873898,-413.96,5852.02,cluster_t,291,49,49,6,1.27058,0.243934,374.232,27.1305,23.1,True,-0.0975988,4362.98,,vol_linear_trend,,vol_x_t
emp_5182_cleaned,jobs_per_GW,level,union,2019,IV2SLS,2732.63,1576.49,cluster_state,1.73336,0.0894516,-437.118,5902.37,cluster_t,291,49,49,6,1.26983,0.246592,366.55,26.5174,23.1,True,-0.098163,4414.17,,vol_year_fe,,vol_x_year
emp_5182_cleaned,jobs_per_GW,level,union,2016,OLS_FE,1186.79,305.648,cluster_state,3.88285,0.000315118,572.238,1801.33,cluster_t,291,49,49,6,1.2077,0.352891,260.275,11.7122,23.1,False,0.0942654,855.815,weak_iv,share2016,,
emp_5182_cleaned,jobs_per_GW,level,union,2019,OLS_FE,1350.83,390.673,cluster_state,3.4577,0.00116726,564.899,2136.77,cluster_t,285,48,48,6,1.20811,0.345261,284.012,12.2439,23.1,False,0.092739,1093.89,weak_iv,drop_VA,VA,
emp_5182_cleaned,jobs_per_GW,level,union,2019,OLS_FE,1035.22,492.22,cluster_state,2.10317,0.0408317,45.0035,2025.44,cluster_t,285,48,48,6,1.05587,0.273372,241.6,14.9181,23.1,False,0.0443539,1378.22,weak_iv,drop_TX,TX,
emp_5182_cleaned,jobs_per_GW,level,union,2019,OLS_FE,741.63,545.383,cluster_state,1.35983,0.180658,-356.829,1840.09,cluster_t,273,46,46,6,0.877033,0.317439,87.4622,7.63327,23.1,False,0.0336053,1527.07,weak_iv,drop_top3_share,TX;VA;CA,
emp_5182_cleaned,jobs_per_GW,level,union,2019,OLS_FE,1189.97,305.129,cluster_state,3.8999,0.000298753,576.469,1803.48,cluster_t,289,49,49,6,1.28985,0.236478,427.039,29.7505,23.1,True,0.0944055,854.362,,drop_partial_years,,
emp_5182_cleaned,jobs_per_GW,level,union,2019,OLS_FE,1187.6,347.897,cluster_state,3.41367,0.00131138,488.11,1887.1,cluster_t,291,49,49,6,1.29396,0.245645,398.799,27.7475,23.1,True,0.0972303,974.111,,fe_region_year,,region_year
emp_5182_cleaned,jobs_per_GW,level,union,2019,OLS_FE,629.732,608.145,cluster_state,1.0355,0.305626,-593.026,1852.49,cluster_t,291,49,49,6,1.32417,0.227131,320.995,33.9888,23.1,True,0.0392393,1702.81,,fe_division_year,,division_year
emp_5182_cleaned,jobs_per_GW,level,union,2019,OLS_FE,-1552.73,1229.03,cluster_state,-1.26338,0.212556,-4023.87,918.406,cluster_t,291,49,49,6,1.1309,0.471065,9.09521,5.76352,23.1,False,0.0879752,3441.3,weak_iv,share_linear_trend,,share_x_t
emp_5182_cleaned,jobs_per_GW,level,union,2019,OLS_FE,1075.52,329.465,cluster_state,3.26443,0.00202597,413.083,1737.95,cluster_t,291,49,49,6,1.27058,0.243934,374.232,27.1305,23.1,True,0.0731001,922.501,,vol_linear_trend,,vol_x_t
emp_5182_cleaned,jobs_per_GW,level,union,2019,OLS_FE,1082.55,329.409,cluster_state,3.28633,0.00190186,420.227,1744.87,cluster_t,291,49,49,6,1.26983,0.246592,366.55,26.5174,23.1,True,0.0741775,922.346,,vol_year_fe,,vol_x_year
emp_5182_cleaned,jobs_per_GW,level,union,2016,ReducedForm,4189.48,1468.54,cluster_state,2.85282,0.00637549,1236.78,7142.18,cluster_t,291,49,49,6,1.2077,0.352891,260.275,11.7122,23.1,False,0.422396,4111.91,weak_iv,share2016,,
emp_5182_cleaned,jobs_per_GW,level,union,2019,ReducedForm,4321.97,1748.93,cluster_state,2.47121,0.0171465,803.573,7840.37,cluster_t,285,48,48,6,1.20811,0.345261,284.012,12.2439,23.1,False,0.358696,4897.01,weak_iv,drop_VA,VA,
emp_5182_cleaned,jobs_per_GW,level,union,2019,ReducedForm,3912,2069.22,cluster_state,1.89057,0.0648561,-250.732,8074.72,cluster_t,285,48,48,6,1.05587,0.273372,241.6,14.9181,23.1,False,0.29043,5793.81,weak_iv,drop_TX,TX,
emp_5182_cleaned,jobs_per_GW,level,union,2019,ReducedForm,3151.84,1235.89,cluster_state,2.55027,0.0142379,662.642,5641.05,cluster_t,273,46,46,6,0.877033,0.317439,87.4622,7.63327,23.1,False,0.223743,3460.48,weak_iv,drop_top3_share,TX;VA;CA,
emp_5182_cleaned,jobs_per_GW,level,union,2019,ReducedForm,3468.9,1385.21,cluster_state,2.50423,0.0157231,683.736,6254.06,cluster_t,289,49,49,6,1.28985,0.236478,427.039,29.7505,23.1,True,0.311509,3878.6,,drop_partial_years,,
emp_5182_cleaned,jobs_per_GW,level,union,2019,ReducedForm,3424.74,1296.26,cluster_state,2.64202,0.0110931,818.436,6031.05,cluster_t,291,49,49,6,1.29396,0.245645,398.799,27.7475,23.1,True,0.310725,3629.53,,fe_region_year,,region_year
emp_5182_cleaned,jobs_per_GW,level,union,2019,ReducedForm,2456.43,776.974,cluster_state,3.16153,0.00271892,894.215,4018.64,cluster_t,291,49,49,6,1.32417,0.227131,320.995,33.9888,23.1,True,0.211416,2175.53,,fe_division_year,,division_year
emp_5182_cleaned,jobs_per_GW,level,union,2019,ReducedForm,-1498.08,2145.78,cluster_state,-0.698151,0.488451,-5812.46,2816.3,cluster_t,291,49,49,6,1.1309,0.471065,9.09521,5.76352,23.1,False,0.00238583,6008.18,weak_iv,share_linear_trend,,share_x_t
emp_5182_cleaned,jobs_per_GW,level,union,2019,ReducedForm,3454.74,1462.06,cluster_state,2.36292,0.022231,515.067,6394.41,cluster_t,291,49,49,6,1.27058,0.243934,374.232,27.1305,23.1,True,0.286992,4093.77,,vol_linear_trend,,vol_x_t
emp_5182_cleaned,jobs_per_GW,level,union,2019,ReducedForm,3469.96,1477.11,cluster_state,2.34916,0.0229792,500.038,6439.88,cluster_t,291,49,49,6,1.26983,0.246592,366.55,26.5174,23.1,True,0.289933,4135.9,,vol_year_fe,,vol_x_year
emp_5182_cleaned,jobs_per_GW,level,union,2016,Wald,3468.97,2122.68,cluster_state,1.63424,0.108751,-798.962,7736.9,cluster_t,291,49,49,6,1.2077,0.352891,260.275,11.7122,23.1,False,-0.25432,5943.5,weak_iv;se_is_2SLS_clustered_not_delta,share2016,,
emp_5182_cleaned,jobs_per_GW,level,union,2019,Wald,3577.45,2311.22,cluster_state,1.54786,0.128363,-1072.12,8227.03,cluster_t,285,48,48,6,1.20811,0.345261,284.012,12.2439,23.1,False,-0.159233,6471.42,weak_iv;se_is_2SLS_clustered_not_delta,drop_VA,VA,
emp_5182_cleaned,jobs_per_GW,level,union,2019,Wald,3704.99,2776.03,cluster_state,1.33464,0.188425,-1879.65,9289.63,cluster_t,285,48,48,6,1.05587,0.273372,241.6,14.9181,23.1,False,-0.250639,7772.87,weak_iv;se_is_2SLS_clustered_not_delta,drop_TX,TX,
emp_5182_cleaned,jobs_per_GW,level,union,2019,Wald,3593.76,1915.49,cluster_state,1.87615,0.0671295,-264.247,7451.76,cluster_t,273,46,46,6,0.877033,0.317439,87.4622,7.63327,23.1,False,-0.463411,5363.38,weak_iv;se_is_2SLS_clustered_not_delta,drop_top3_share,TX;VA;CA,
emp_5182_cleaned,jobs_per_GW,level,union,2019,Wald,2689.39,1456.05,cluster_state,1.84704,0.0709106,-238.206,5616.98,cluster_t,289,49,49,6,1.28985,0.236478,427.039,29.7505,23.1,True,-0.0554825,4076.95,se_is_2SLS_clustered_not_delta,drop_partial_years,,
emp_5182_cleaned,jobs_per_GW,level,union,2019,Wald,2646.72,1385.09,cluster_state,1.91086,0.0620045,-138.193,5431.63,cluster_t,291,49,49,6,1.29396,0.245645,398.799,27.7475,23.1,True,-0.0495396,3878.25,se_is_2SLS_clustered_not_delta,fe_region_year,,region_year
emp_5182_cleaned,jobs_per_GW,level,union,2019,Wald,1855.06,772.202,cluster_state,2.4023,0.0202094,302.446,3407.68,cluster_t,291,49,49,6,1.32417,0.227131,320.995,33.9888,23.1,True,-0.109326,2162.17,se_is_2SLS_clustered_not_delta,fe_division_year,,division_year
emp_5182_cleaned,jobs_per_GW,level,union,2019,Wald,-1324.68,1996.82,cluster_state,-0.663392,0.510253,-5339.56,2690.21,cluster_t,291,49,49,6,1.1309,0.471065,9.09521,5.76352,23.1,False,0.0860774,5591.11,weak_iv;se_is_2SLS_clustered_not_delta,share_linear_trend,,share_x_t
emp_5182_cleaned,jobs_per_GW,level,union,2019,Wald,2719.03,1558.21,cluster_state,1.74497,0.0873898,-413.96,5852.02,cluster_t,291,49,49,6,1.27058,0.243934,374.232,27.1305,23.1,True,-0.0975988,4362.98,se_is_2SLS_clustered_not_delta,vol_linear_trend,,vol_x_t
emp_5182_cleaned,jobs_per_GW,level,union,2019,Wald,2732.63,1576.49,cluster_state,1.73336,0.0894516,-437.118,5902.37,cluster_t,291,49,49,6,1.26983,0.246592,366.55,26.5174,23.1,True,-0.098163,4414.17,se_is_2SLS_clustered_not_delta,vol_year_fe,,vol_x_year
emp_5182_cleaned_mult,jobs_per_GW,level,contig,2019,FirstStage,1.23464,0.233738,cluster_state,5.28214,3.06443e-06,0.764674,1.7046,cluster_t,291,49,49,6,1.23464,0.233738,412.36,27.901,23.1,True,0.636005,0.654466,AR_widened_x4,leaveout_contig,,
emp_5182_cleaned_mult,jobs_per_GW,level,contig,2019,IV2SLS,15335.4,8315.82,cluster_state,1.84412,0.0713427,-1384.72,32055.4,cluster_t,291,49,49,6,1.23464,0.233738,412.36,27.901,23.1,True,-0.058937,23284.3,AR_widened_x4,leaveout_contig,,
emp_5182_cleaned_mult,jobs_per_GW,level,contig,2019,OLS_FE,6756.84,1931.58,cluster_state,3.49809,0.00102102,2873.14,10640.5,cluster_t,291,49,49,6,1.23464,0.233738,412.36,27.901,23.1,True,0.0963181,5408.42,AR_widened_x4,leaveout_contig,,
emp_5182_cleaned_mult,jobs_per_GW,level,contig,2019,ReducedForm,18933.6,7716.78,cluster_state,2.45356,0.0178264,3417.95,34449.2,cluster_t,291,49,49,6,1.23464,0.233738,412.36,27.901,23.1,True,0.315551,21607,AR_widened_x4,leaveout_contig,,
emp_5182_cleaned_mult,jobs_per_GW,level,contig,2019,Wald,15335.4,8315.82,cluster_state,1.84412,0.0713427,-1384.72,32055.4,cluster_t,291,49,49,6,1.23464,0.233738,412.36,27.901,23.1,True,-0.058937,23284.3,AR_widened_x4;se_is_2SLS_clustered_not_delta,leaveout_contig,,
emp_5182_cleaned_mult,jobs_per_GW,level,division,2019,FirstStage,1.2402,0.242347,cluster_state,5.11747,5.3972e-06,0.752932,1.72748,cluster_t,291,49,49,6,1.2402,0.242347,412.447,26.1885,23.1,True,0.636053,0.678572,AR_widened_x4,leaveout_division,,
emp_5182_cleaned_mult,jobs_per_GW,level,division,2019,IV2SLS,15376.8,8573.91,cluster_state,1.79344,0.0792045,-1862.24,32615.8,cluster_t,291,49,49,6,1.2402,0.242347,412.447,26.1885,23.1,True,-0.0604391,24006.9,AR_widened_x4,leaveout_division,,
emp_5182_cleaned_mult,jobs_per_GW,level,division,2019,OLS_FE,6756.84,1931.58,cluster_state,3.49809,0.00102102,2873.14,10640.5,cluster_t,291,49,49,6,1.2402,0.242347,412.447,26.1885,23.1,True,0.0963181,5408.42,AR_widened_x4,leaveout_division,,
emp_5182_cleaned_mult,jobs_per_GW,level,division,2019,ReducedForm,19070.3,7747.25,cluster_state,2.46156,0.0174782,3493.43,34647.2,cluster_t,291,49,49,6,1.2402,0.242347,412.447,26.1885,23.1,True,0.317281,21692.3,AR_widened_x4,leaveout_division,,
emp_5182_cleaned_mult,jobs_per_GW,level,division,2019,Wald,15376.8,8573.91,cluster_state,1.79344,0.0792045,-1862.24,32615.8,cluster_t,291,49,49,6,1.2402,0.242347,412.447,26.1885,23.1,True,-0.0604391,24006.9,AR_widened_x4;se_is_2SLS_clustered_not_delta,leaveout_division,,
emp_5182_cleaned_mult,jobs_per_GW,level,state,2019,FirstStage,1.10653,0.266322,cluster_state,4.15487,0.000133068,0.571055,1.64201,cluster_t,291,49,49,6,1.10653,0.266322,332.376,17.2629,23.1,False,0.584782,0.745701,weak_iv;AR_widened_x4,leaveout_state,,
emp_5182_cleaned_mult,jobs_per_GW,level,state,2019,IV2SLS,16697.8,9767.53,cluster_state,1.70953,0.0938121,2500,51900,AR,291,49,49,6,1.10653,0.266322,332.376,17.2629,23.1,False,-0.112169,27349.1,weak_iv;AR_widened_x4;AR_is_reported_inference,leaveout_state,,
emp_5182_cleaned_mult,jobs_per_GW,level,state,2019,OLS_FE,6756.84,1931.58,cluster_state,3.49809,0.00102102,2873.14,10640.5,cluster_t,291,49,49,6,1.10653,0.266322,332.376,17.2629,23.1,False,0.0963181,5408.42,weak_iv;AR_widened_x4,leaveout_state,,
emp_5182_cleaned_mult,jobs_per_GW,level,state,2019,ReducedForm,18476.7,7426.25,cluster_state,2.48802,0.0163702,3545.18,33408.1,cluster_t,291,49,49,6,1.10653,0.266322,332.376,17.2629,23.1,False,0.343981,20793.5,weak_iv;AR_widened_x4,leaveout_state,,
emp_5182_cleaned_mult,jobs_per_GW,level,state,2019,Wald,16697.8,9767.53,cluster_state,1.70953,0.0938121,-2941.1,36336.8,cluster_t,291,49,49,6,1.10653,0.266322,332.376,17.2629,23.1,False,-0.112169,27349.1,weak_iv;AR_widened_x4;se_is_2SLS_clustered_not_delta,leaveout_state,,
emp_5182_cleaned_mult,jobs_per_GW,level,union,2016,FirstStage,1.2077,0.352891,cluster_state,3.42231,0.00127839,0.498166,1.91724,cluster_t,291,49,49,6,1.2077,0.352891,260.275,11.7122,23.1,False,0.524458,0.988095,weak_iv;AR_widened_x4,share2016,,
emp_5182_cleaned_mult,jobs_per_GW,level,union,2019,FirstStage,1.20811,0.345261,cluster_state,3.49913,0.00103251,0.513539,1.90269,cluster_t,285,48,48,6,1.20811,0.345261,284.012,12.2439,23.1,False,0.551466,0.966731,weak_iv;AR_widened_x4,drop_VA,VA,
emp_5182_cleaned_mult,jobs_per_GW,level,union,2019,FirstStage,1.05587,0.273372,cluster_state,3.86239,0.000342509,0.505918,1.60583,cluster_t,285,48,48,6,1.05587,0.273372,241.6,14.9181,23.1,False,0.511215,0.765443,weak_iv;AR_widened_x4;AR_widened_x16,drop_TX,TX,
emp_5182_cleaned_mult,jobs_per_GW,level,union,2019,FirstStage,0.877033,0.317439,cluster_state,2.76284,0.00827029,0.237678,1.51639,cluster_t,273,46,46,6,0.877033,0.317439,87.4622,7.63327,23.1,False,0.283543,0.88883,weak_iv;AR_widened_x4;AR_widened_x16,drop_top3_share,TX;VA;CA,
emp_5182_cleaned_mult,jobs_per_GW,level,union,2019,FirstStage,1.28985,0.236478,cluster_state,5.4544,1.68851e-06,0.814375,1.76532,cluster_t,289,49,49,6,1.28985,0.236478,427.039,29.7505,23.1,True,0.646012,0.662138,AR_widened_x4,drop_partial_years,,
emp_5182_cleaned_mult,jobs_per_GW,level,union,2019,FirstStage,1.29396,0.245645,cluster_state,5.26759,3.22205e-06,0.800055,1.78786,cluster_t,291,49,49,6,1.29396,0.245645,398.799,27.7475,23.1,True,0.643433,0.687806,AR_widened_x4,fe_region_year,,region_year
emp_5182_cleaned_mult,jobs_per_GW,level,union,2019,FirstStage,1.32417,0.227131,cluster_state,5.82999,4.55428e-07,0.867495,1.78085,cluster_t,291,49,49,6,1.32417,0.227131,320.995,33.9888,23.1,True,0.620886,0.635968,AR_widened_x4,fe_division_year,,division_year
emp_5182_cleaned_mult,jobs_per_GW,level,union,2019,FirstStage,1.1309,0.471065,cluster_state,2.40073,0.0202867,0.183762,2.07804,cluster_t,291,49,49,6,1.1309,0.471065,9.09521,5.76352,23.1,False,0.0372609,1.31898,weak_iv;AR_widened_x4;AR_widened_x16,share_linear_trend,,share_x_t
emp_5182_cleaned_mult,jobs_per_GW,level,union,2019,FirstStage,1.27058,0.243934,cluster_state,5.20869,3.94637e-06,0.780115,1.76104,cluster_t,291,49,49,6,1.27058,0.243934,374.232,27.1305,23.1,True,0.614268,0.683015,AR_widened_x4,vol_linear_trend,,vol_x_t
emp_5182_cleaned_mult,jobs_per_GW,level,union,2019,FirstStage,1.26983,0.246592,cluster_state,5.1495,4.83599e-06,0.774019,1.76563,cluster_t,291,49,49,6,1.26983,0.246592,366.55,26.5174,23.1,True,0.613422,0.690458,AR_widened_x4,vol_year_fe,,vol_x_year
emp_5182_cleaned_mult,jobs_per_GW,level,union,2016,IV2SLS,19555.7,11922.1,cluster_state,1.64029,0.107483,3900,75500,AR,291,49,49,6,1.2077,0.352891,260.275,11.7122,23.1,False,-0.249272,33381.9,weak_iv;AR_widened_x4;AR_is_reported_inference,share2016,,
emp_5182_cleaned_mult,jobs_per_GW,level,union,2019,IV2SLS,20512.4,12948.6,cluster_state,1.58413,0.11987,3100,78500,AR,285,48,48,6,1.20811,0.345261,284.012,12.2439,23.1,False,-0.15312,36256.2,weak_iv;AR_widened_x4;AR_is_reported_inference,drop_VA,VA,
emp_5182_cleaned_mult,jobs_per_GW,level,union,2019,IV2SLS,20494.7,15804.3,cluster_state,1.29678,0.201037,-1200,83200,AR,285,48,48,6,1.05587,0.273372,241.6,14.9181,23.1,False,-0.25383,44252.1,weak_iv;AR_widened_x4;AR_widened_x16;AR_is_reported_inference,drop_TX,TX,
emp_5182_cleaned_mult,jobs_per_GW,level,union,2019,IV2SLS,20137.1,10680.3,cluster_state,1.88544,0.0658369,4400,81600,AR,273,46,46,6,0.877033,0.317439,87.4622,7.63327,23.1,False,-0.4742,29904.9,weak_iv;AR_widened_x4;AR_widened_x16;AR_is_reported_inference,drop_top3_share,TX;VA;CA,
emp_5182_cleaned_mult,jobs_per_GW,level,union,2019,IV2SLS,15173,8232.6,cluster_state,1.84304,0.0715022,-1379.7,31725.8,cluster_t,289,49,49,6,1.28985,0.236478,427.039,29.7505,23.1,True,-0.0519825,23051.3,AR_widened_x4,drop_partial_years,,
emp_5182_cleaned_mult,jobs_per_GW,level,union,2019,IV2SLS,14883.9,7853.85,cluster_state,1.8951,0.0641099,-907.363,30675.1,cluster_t,291,49,49,6,1.29396,0.245645,398.799,27.7475,23.1,True,-0.0474442,21990.8,AR_widened_x4,fe_region_year,,region_year
emp_5182_cleaned_mult,jobs_per_GW,level,union,2019,IV2SLS,10638.7,4679.75,cluster_state,2.27334,0.0275196,1229.39,20047.9,cluster_t,291,49,49,6,1.32417,0.227131,320.995,33.9888,23.1,True,-0.104945,13103.3,AR_widened_x4,fe_division_year,,division_year
emp_5182_cleaned_mult,jobs_per_GW,level,union,2019,IV2SLS,-8735.71,11591.9,cluster_state,-0.753602,0.454769,-83200,15600,AR,291,49,49,6,1.1309,0.471065,9.09521,5.76352,23.1,False,0.0865621,32457.5,weak_iv;AR_widened_x4;AR_widened_x16;AR_is_reported_inference,share_linear_trend,,share_x_t
emp_5182_cleaned_mult,jobs_per_GW,level,union,2019,IV2SLS,15382,8821.37,cluster_state,1.74372,0.0876097,-2354.54,33118.6,cluster_t,291,49,49,6,1.27058,0.243934,374.232,27.1305,23.1,True,-0.0937463,24699.8,AR_widened_x4,vol_linear_trend,,vol_x_t
emp_5182_cleaned_mult,jobs_per_GW,level,union,2019,IV2SLS,15457.8,8924.22,cluster_state,1.73212,0.0896745,-2485.52,33401.2,cluster_t,291,49,49,6,1.26983,0.246592,366.55,26.5174,23.1,True,-0.0942839,24987.8,AR_widened_x4,vol_year_fe,,vol_x_year
emp_5182_cleaned_mult,jobs_per_GW,level,union,2016,OLS_FE,6756.84,1931.58,cluster_state,3.49809,0.00102102,2873.14,10640.5,cluster_t,291,49,49,6,1.2077,0.352891,260.275,11.7122,23.1,False,0.0963181,5408.42,weak_iv;AR_widened_x4,share2016,,
emp_5182_cleaned_mult,jobs_per_GW,level,union,2019,OLS_FE,7920.46,2306.86,cluster_state,3.43344,0.00125381,3279.66,12561.3,cluster_t,285,48,48,6,1.20811,0.345261,284.012,12.2439,23.1,False,0.100246,6459.21,weak_iv;AR_widened_x4,drop_VA,VA,
emp_5182_cleaned_mult,jobs_per_GW,level,union,2019,OLS_FE,5544.17,2841.83,cluster_state,1.95091,0.0570435,-172.866,11261.2,cluster_t,285,48,48,6,1.05587,0.273372,241.6,14.9181,23.1,False,0.0404716,7957.14,weak_iv;AR_widened_x4;AR_widened_x16,drop_TX,TX,
emp_5182_cleaned_mult,jobs_per_GW,level,union,2019,OLS_FE,4151.89,3180.67,cluster_state,1.30535,0.198408,-2254.3,10558.1,cluster_t,273,46,46,6,0.877033,0.317439,87.4622,7.63327,23.1,False,0.0343044,8905.87,weak_iv;AR_widened_x4;AR_widened_x16,drop_top3_share,TX;VA;CA,
emp_5182_cleaned_mult,jobs_per_GW,level,union,2019,OLS_FE,6771.35,1930.28,cluster_state,3.50796,0.000991402,2890.26,10652.4,cluster_t,289,49,49,6,1.28985,0.236478,427.039,29.7505,23.1,True,0.0963512,5404.79,AR_widened_x4,drop_partial_years,,
emp_5182_cleaned_mult,jobs_per_GW,level,union,2019,OLS_FE,6706.68,2159.65,cluster_state,3.10545,0.00318514,2364.41,11049,cluster_t,291,49,49,6,1.29396,0.245645,398.799,27.7475,23.1,True,0.0975041,6047.02,AR_widened_x4,fe_region_year,,region_year
emp_5182_cleaned_mult,jobs_per_GW,level,union,2019,OLS_FE,3670.89,3602.78,cluster_state,1.0189,0.313357,-3572.99,10914.8,cluster_t,291,49,49,6,1.32417,0.227131,320.995,33.9888,23.1,True,0.0403194,10087.8,AR_widened_x4,fe_division_year,,division_year
emp_5182_cleaned_mult,jobs_per_GW,level,union,2019,OLS_FE,-8658.26,6960.62,cluster_state,-1.24389,0.21958,-22653.5,5337,cluster_t,291,49,49,6,1.1309,0.471065,9.09521,5.76352,23.1,False,0.086569,19489.7,weak_iv;AR_widened_x4;AR_widened_x16,share_linear_trend,,share_x_t
emp_5182_cleaned_mult,jobs_per_GW,level,union,2019,OLS_FE,6159.47,2082.61,cluster_state,2.95758,0.00479964,1972.11,10346.8,cluster_t,291,49,49,6,1.27058,0.243934,374.232,27.1305,23.1,True,0.0754866,5831.29,AR_widened_x4,vol_linear_trend,,vol_x_t
emp_5182_cleaned_mult,jobs_per_GW,level,union,2019,OLS_FE,6198.42,2082.19,cluster_state,2.97688,0.00455233,2011.9,10384.9,cluster_t,291,49,49,6,1.26983,0.246592,366.55,26.5174,23.1,True,0.0765581,5830.13,AR_widened_x4,vol_year_fe,,vol_x_year
emp_5182_cleaned_mult,jobs_per_GW,level,union,2016,ReducedForm,23617.4,8283.62,cluster_state,2.8511,0.00640499,6962.08,40272.8,cluster_t,291,49,49,6,1.2077,0.352891,260.275,11.7122,23.1,False,0.423133,23194.1,weak_iv;AR_widened_x4,share2016,,
emp_5182_cleaned_mult,jobs_per_GW,level,union,2019,ReducedForm,24781.3,9700.75,cluster_state,2.55457,0.0139312,5265.89,44296.7,cluster_t,285,48,48,6,1.20811,0.345261,284.012,12.2439,23.1,False,0.370779,27162.1,weak_iv;AR_widened_x4,drop_VA,VA,
emp_5182_cleaned_mult,jobs_per_GW,level,union,2019,ReducedForm,21639.8,11905.6,cluster_state,1.81762,0.0754995,-2311.09,45590.7,cluster_t,285,48,48,6,1.05587,0.273372,241.6,14.9181,23.1,False,0.282726,33335.6,weak_iv;AR_widened_x4;AR_widened_x16,drop_TX,TX,
emp_5182_cleaned_mult,jobs_per_GW,level,union,2019,ReducedForm,17660.9,6881.88,cluster_state,2.56629,0.0136784,3800.07,31521.7,cluster_t,273,46,46,6,0.877033,0.317439,87.4622,7.63327,23.1,False,0.228808,19269.3,weak_iv;AR_widened_x4;AR_widened_x16,drop_top3_share,TX;VA;CA,
emp_5182_cleaned_mult,jobs_per_GW,level,union,2019,ReducedForm,19570.9,7916.2,cluster_state,2.47226,0.0170222,3654.32,35487.5,cluster_t,289,49,49,6,1.28985,0.236478,427.039,29.7505,23.1,True,0.312531,22165.4,AR_widened_x4,drop_partial_years,,
emp_5182_cleaned_mult,jobs_per_GW,level,union,2019,ReducedForm,19259.1,7460.59,cluster_state,2.58144,0.0129486,4258.56,34259.6,cluster_t,291,49,49,6,1.29396,0.245645,398.799,27.7475,23.1,True,0.308988,20889.6,AR_widened_x4,fe_region_year,,region_year
emp_5182_cleaned_mult,jobs_per_GW,level,union,2019,ReducedForm,14087.4,4868.89,cluster_state,2.89336,0.00571591,4297.89,23877,cluster_t,291,49,49,6,1.32417,0.227131,320.995,33.9888,23.1,True,0.210261,13632.9,AR_widened_x4,fe_division_year,,division_year
emp_5182_cleaned_mult,jobs_per_GW,level,union,2019,ReducedForm,-9879.23,12137.4,cluster_state,-0.813949,0.419694,-34283.1,14524.7,cluster_t,291,49,49,6,1.1309,0.471065,9.09521,5.76352,23.1,False,0.00328361,33984.7,weak_iv;AR_widened_x4;AR_widened_x16,share_linear_trend,,share_x_t
emp_5182_cleaned_mult,jobs_per_GW,level,union,2019,ReducedForm,19544.1,8359.1,cluster_state,2.33806,0.0235991,2736.96,36351.1,cluster_t,291,49,49,6,1.27058,0.243934,374.232,27.1305,23.1,True,0.28918,23405.5,AR_widened_x4,vol_linear_trend,,vol_x_t
emp_5182_cleaned_mult,jobs_per_GW,level,union,2019,ReducedForm,19628.7,8445.65,cluster_state,2.32413,0.0243982,2647.63,36609.9,cluster_t,291,49,49,6,1.26983,0.246592,366.55,26.5174,23.1,True,0.292068,23647.8,AR_widened_x4,vol_year_fe,,vol_x_year
emp_5182_cleaned_mult,jobs_per_GW,level,union,2016,Wald,19555.7,11922.1,cluster_state,1.64029,0.107483,-4415.32,43526.7,cluster_t,291,49,49,6,1.2077,0.352891,260.275,11.7122,23.1,False,-0.249272,33381.9,weak_iv;AR_widened_x4;se_is_2SLS_clustered_not_delta,share2016,,
emp_5182_cleaned_mult,jobs_per_GW,level,union,2019,Wald,20512.4,12948.6,cluster_state,1.58413,0.11987,-5536.92,46561.7,cluster_t,285,48,48,6,1.20811,0.345261,284.012,12.2439,23.1,False,-0.15312,36256.2,weak_iv;AR_widened_x4;se_is_2SLS_clustered_not_delta,drop_VA,VA,
emp_5182_cleaned_mult,jobs_per_GW,level,union,2019,Wald,20494.7,15804.3,cluster_state,1.29678,0.201037,-11299.5,52288.9,cluster_t,285,48,48,6,1.05587,0.273372,241.6,14.9181,23.1,False,-0.25383,44252.1,weak_iv;AR_widened_x4;AR_widened_x16;se_is_2SLS_clustered_not_delta,drop_TX,TX,
emp_5182_cleaned_mult,jobs_per_GW,level,union,2019,Wald,20137.1,10680.3,cluster_state,1.88544,0.0658369,-1374.21,41648.4,cluster_t,273,46,46,6,0.877033,0.317439,87.4622,7.63327,23.1,False,-0.4742,29904.9,weak_iv;AR_widened_x4;AR_widened_x16;se_is_2SLS_clustered_not_delta,drop_top3_share,TX;VA;CA,
emp_5182_cleaned_mult,jobs_per_GW,level,union,2019,Wald,15173,8232.6,cluster_state,1.84304,0.0715022,-1379.7,31725.8,cluster_t,289,49,49,6,1.28985,0.236478,427.039,29.7505,23.1,True,-0.0519825,23051.3,AR_widened_x4;se_is_2SLS_clustered_not_delta,drop_partial_years,,
emp_5182_cleaned_mult,jobs_per_GW,level,union,2019,Wald,14883.9,7853.85,cluster_state,1.8951,0.0641099,-907.363,30675.1,cluster_t,291,49,49,6,1.29396,0.245645,398.799,27.7475,23.1,True,-0.0474442,21990.8,AR_widened_x4;se_is_2SLS_clustered_not_delta,fe_region_year,,region_year
emp_5182_cleaned_mult,jobs_per_GW,level,union,2019,Wald,10638.7,4679.75,cluster_state,2.27334,0.0275196,1229.39,20047.9,cluster_t,291,49,49,6,1.32417,0.227131,320.995,33.9888,23.1,True,-0.104945,13103.3,AR_widened_x4;se_is_2SLS_clustered_not_delta,fe_division_year,,division_year
emp_5182_cleaned_mult,jobs_per_GW,level,union,2019,Wald,-8735.71,11591.9,cluster_state,-0.753602,0.454769,-32042.9,14571.5,cluster_t,291,49,49,6,1.1309,0.471065,9.09521,5.76352,23.1,False,0.0865621,32457.5,weak_iv;AR_widened_x4;AR_widened_x16;se_is_2SLS_clustered_not_delta,share_linear_trend,,share_x_t
emp_5182_cleaned_mult,jobs_per_GW,level,union,2019,Wald,15382,8821.37,cluster_state,1.74372,0.0876097,-2354.54,33118.6,cluster_t,291,49,49,6,1.27058,0.243934,374.232,27.1305,23.1,True,-0.0937463,24699.8,AR_widened_x4;se_is_2SLS_clustered_not_delta,vol_linear_trend,,vol_x_t
emp_5182_cleaned_mult,jobs_per_GW,level,union,2019,Wald,15457.8,8924.22,cluster_state,1.73212,0.0896745,-2485.52,33401.2,cluster_t,291,49,49,6,1.26983,0.246592,366.55,26.5174,23.1,True,-0.0942839,24987.8,AR_widened_x4;se_is_2SLS_clustered_not_delta,vol_year_fe,,vol_x_year
emp_5182_state_total,jobs_per_GW,level,contig,2019,FirstStage,1.23464,0.233738,cluster_state,5.28214,3.06443e-06,0.764674,1.7046,cluster_t,291,49,49,6,1.23464,0.233738,412.36,27.901,23.1,True,0.636005,0.654466,AR_widened_x4,leaveout_contig,,
emp_5182_state_total,jobs_per_GW,level,contig,2019,IV2SLS,16179,8777.13,cluster_state,1.84331,0.0714626,-1468.62,33826.6,cluster_t,291,49,49,6,1.23464,0.233738,412.36,27.901,23.1,True,-0.0584394,24576,AR_widened_x4,leaveout_contig,,
emp_5182_state_total,jobs_per_GW,level,contig,2019,OLS_FE,7132.11,2051.16,cluster_state,3.47712,0.00108683,3007.98,11256.2,cluster_t,291,49,49,6,1.23464,0.233738,412.36,27.901,23.1,True,0.0959567,5743.24,AR_widened_x4,leaveout_contig,,
emp_5182_state_total,jobs_per_GW,level,contig,2019,ReducedForm,19975.1,8150.17,cluster_state,2.45089,0.017944,3588.13,36362.2,cluster_t,291,49,49,6,1.23464,0.233738,412.36,27.901,23.1,True,0.314052,22820.5,AR_widened_x4,leaveout_contig,,
emp_5182_state_total,jobs_per_GW,level,contig,2019,Wald,16179,8777.13,cluster_state,1.84331,0.0714626,-1468.62,33826.6,cluster_t,291,49,49,6,1.23464,0.233738,412.36,27.901,23.1,True,-0.0584394,24576,AR_widened_x4;se_is_2SLS_clustered_not_delta,leaveout_contig,,
emp_5182_state_total,jobs_per_GW,level,division,2019,FirstStage,1.2402,0.242347,cluster_state,5.11747,5.3972e-06,0.752932,1.72748,cluster_t,291,49,49,6,1.2402,0.242347,412.447,26.1885,23.1,True,0.636053,0.678572,AR_widened_x4,leaveout_division,,
emp_5182_state_total,jobs_per_GW,level,division,2019,IV2SLS,16226.3,9051.36,cluster_state,1.79269,0.0793252,-1972.68,34425.3,cluster_t,291,49,49,6,1.2402,0.242347,412.447,26.1885,23.1,True,-0.0600586,25343.8,AR_widened_x4,leaveout_division,,
emp_5182_state_total,jobs_per_GW,level,division,2019,OLS_FE,7132.11,2051.16,cluster_state,3.47712,0.00108683,3007.98,11256.2,cluster_t,291,49,49,6,1.2402,0.242347,412.447,26.1885,23.1,True,0.0959567,5743.24,AR_widened_x4,leaveout_division,,
emp_5182_state_total,jobs_per_GW,level,division,2019,ReducedForm,20123.9,8182.81,cluster_state,2.45929,0.0175762,3671.29,36576.6,cluster_t,291,49,49,6,1.2402,0.242347,412.447,26.1885,23.1,True,0.315916,22911.9,AR_widened_x4,leaveout_division,,
emp_5182_state_total,jobs_per_GW,level,division,2019,Wald,16226.3,9051.36,cluster_state,1.79269,0.0793252,-1972.68,34425.3,cluster_t,291,49,49,6,1.2402,0.242347,412.447,26.1885,23.1,True,-0.0600586,25343.8,AR_widened_x4;se_is_2SLS_clustered_not_delta,leaveout_division,,
emp_5182_state_total,jobs_per_GW,level,state,2019,FirstStage,1.10653,0.266322,cluster_state,4.15487,0.000133068,0.571055,1.64201,cluster_t,291,49,49,6,1.10653,0.266322,332.376,17.2629,23.1,False,0.584782,0.745701,weak_iv;AR_widened_x4,leaveout_state,,
emp_5182_state_total,jobs_per_GW,level,state,2019,IV2SLS,17616,10309.6,cluster_state,1.70869,0.093968,2600,54800,AR,291,49,49,6,1.10653,0.266322,332.376,17.2629,23.1,False,-0.111383,28867,weak_iv;AR_widened_x4;AR_is_reported_inference,leaveout_state,,
emp_5182_state_total,jobs_per_GW,level,state,2019,OLS_FE,7132.11,2051.16,cluster_state,3.47712,0.00108683,3007.98,11256.2,cluster_t,291,49,49,6,1.10653,0.266322,332.376,17.2629,23.1,False,0.0959567,5743.24,weak_iv;AR_widened_x4,leaveout_state,,
emp_5182_state_total,jobs_per_GW,level,state,2019,ReducedForm,19492.6,7843.58,cluster_state,2.48517,0.0164864,3722.05,35263.2,cluster_t,291,49,49,6,1.10653,0.266322,332.376,17.2629,23.1,False,0.342332,21962,weak_iv;AR_widened_x4,leaveout_state,,
emp_5182_state_total,jobs_per_GW,level,state,2019,Wald,17616,10309.6,cluster_state,1.70869,0.093968,-3112.94,38344.9,cluster_t,291,49,49,6,1.10653,0.266322,332.376,17.2629,23.1,False,-0.111383,28867,weak_iv;AR_widened_x4;se_is_2SLS_clustered_not_delta,leaveout_state,,
emp_5182_state_total,jobs_per_GW,level,union,2016,FirstStage,1.2077,0.352891,cluster_state,3.42231,0.00127839,0.498166,1.91724,cluster_t,291,49,49,6,1.2077,0.352891,260.275,11.7122,23.1,False,0.524458,0.988095,weak_iv;AR_widened_x4,share2016,,
emp_5182_state_total,jobs_per_GW,level,union,2019,FirstStage,1.20811,0.345261,cluster_state,3.49913,0.00103251,0.513539,1.90269,cluster_t,285,48,48,6,1.20811,0.345261,284.012,12.2439,23.1,False,0.551466,0.966731,weak_iv;AR_widened_x4;AR_widened_x16,drop_VA,VA,
emp_5182_state_total,jobs_per_GW,level,union,2019,FirstStage,1.05587,0.273372,cluster_state,3.86239,0.000342509,0.505918,1.60583,cluster_t,285,48,48,6,1.05587,0.273372,241.6,14.9181,23.1,False,0.511215,0.765443,weak_iv;AR_widened_x4;AR_widened_x16,drop_TX,TX,
emp_5182_state_total,jobs_per_GW,level,union,2019,FirstStage,0.877033,0.317439,cluster_state,2.76284,0.00827029,0.237678,1.51639,cluster_t,273,46,46,6,0.877033,0.317439,87.4622,7.63327,23.1,False,0.283543,0.88883,weak_iv;AR_widened_x4;AR_widened_x16,drop_top3_share,TX;VA;CA,
emp_5182_state_total,jobs_per_GW,level,union,2019,FirstStage,1.28985,0.236478,cluster_state,5.4544,1.68851e-06,0.814375,1.76532,cluster_t,289,49,49,6,1.28985,0.236478,427.039,29.7505,23.1,True,0.646012,0.662138,AR_widened_x4,drop_partial_years,,
emp_5182_state_total,jobs_per_GW,level,union,2019,FirstStage,1.29396,0.245645,cluster_state,5.26759,3.22205e-06,0.800055,1.78786,cluster_t,291,49,49,6,1.29396,0.245645,398.799,27.7475,23.1,True,0.643433,0.687806,AR_widened_x4,fe_region_year,,region_year
emp_5182_state_total,jobs_per_GW,level,union,2019,FirstStage,1.32417,0.227131,cluster_state,5.82999,4.55428e-07,0.867495,1.78085,cluster_t,291,49,49,6,1.32417,0.227131,320.995,33.9888,23.1,True,0.620886,0.635968,AR_widened_x4,fe_division_year,,division_year
emp_5182_state_total,jobs_per_GW,level,union,2019,FirstStage,1.1309,0.471065,cluster_state,2.40073,0.0202867,0.183762,2.07804,cluster_t,291,49,49,6,1.1309,0.471065,9.09521,5.76352,23.1,False,0.0372609,1.31898,weak_iv;AR_widened_x4;AR_widened_x16,share_linear_trend,,share_x_t
emp_5182_state_total,jobs_per_GW,level,union,2019,FirstStage,1.27058,0.243934,cluster_state,5.20869,3.94637e-06,0.780115,1.76104,cluster_t,291,49,49,6,1.27058,0.243934,374.232,27.1305,23.1,True,0.614268,0.683015,AR_widened_x4,vol_linear_trend,,vol_x_t
emp_5182_state_total,jobs_per_GW,level,union,2019,FirstStage,1.26983,0.246592,cluster_state,5.1495,4.83599e-06,0.774019,1.76563,cluster_t,291,49,49,6,1.26983,0.246592,366.55,26.5174,23.1,True,0.613422,0.690458,AR_widened_x4,vol_year_fe,,vol_x_year
emp_5182_state_total,jobs_per_GW,level,union,2016,IV2SLS,20668.8,12594.2,cluster_state,1.64114,0.107306,4200,79800,AR,291,49,49,6,1.2077,0.352891,260.275,11.7122,23.1,False,-0.249718,35263.8,weak_iv;AR_widened_x4;AR_is_reported_inference,share2016,,
emp_5182_state_total,jobs_per_GW,level,union,2019,IV2SLS,21666,13662.4,cluster_state,1.58582,0.119487,3600,82800,AR,285,48,48,6,1.20811,0.345261,284.012,12.2439,23.1,False,-0.152271,38254.7,weak_iv;AR_widened_x4;AR_widened_x16;AR_is_reported_inference,drop_VA,VA,
emp_5182_state_total,jobs_per_GW,level,union,2019,IV2SLS,21607.7,16689.1,cluster_state,1.29472,0.201741,-1600,88000,AR,285,48,48,6,1.05587,0.273372,241.6,14.9181,23.1,False,-0.252888,46729.5,weak_iv;AR_widened_x4;AR_widened_x16;AR_is_reported_inference,drop_TX,TX,
emp_5182_state_total,jobs_per_GW,level,union,2019,IV2SLS,21243.6,11221.2,cluster_state,1.89317,0.0647765,4800,86000,AR,273,46,46,6,0.877033,0.317439,87.4622,7.63327,23.1,False,-0.469364,31419.3,weak_iv;AR_widened_x4;AR_widened_x16;AR_is_reported_inference,drop_top3_share,TX;VA;CA,
emp_5182_state_total,jobs_per_GW,level,union,2019,IV2SLS,16011.3,8690.81,cluster_state,1.84232,0.0716098,-1462.78,33485.3,cluster_t,289,49,49,6,1.28985,0.236478,427.039,29.7505,23.1,True,-0.051656,24334.3,AR_widened_x4,drop_partial_years,,
emp_5182_state_total,jobs_per_GW,level,union,2019,IV2SLS,15725.2,8302.91,cluster_state,1.89394,0.0642676,-968.897,32419.4,cluster_t,291,49,49,6,1.29396,0.245645,398.799,27.7475,23.1,True,-0.0468267,23248.2,AR_widened_x4,fe_region_year,,region_year
emp_5182_state_total,jobs_per_GW,level,union,2019,IV2SLS,11206.5,4948.69,cluster_state,2.26453,0.0280955,1256.47,21156.5,cluster_t,291,49,49,6,1.32417,0.227131,320.995,33.9888,23.1,True,-0.104091,13856.3,AR_widened_x4,fe_division_year,,division_year
emp_5182_state_total,jobs_per_GW,level,union,2019,IV2SLS,-8990.37,12216.4,cluster_state,-0.735928,0.465356,-86400,16800,AR,291,49,49,6,1.1309,0.471065,9.09521,5.76352,23.1,False,0.0857109,34205.8,weak_iv;AR_widened_x4;AR_widened_x16;AR_is_reported_inference,share_linear_trend,,share_x_t
emp_5182_state_total,jobs_per_GW,level,union,2019,IV2SLS,16209.6,9308.16,cluster_state,1.74144,0.0880118,-2505.66,34925,cluster_t,291,49,49,6,1.27058,0.243934,374.232,27.1305,23.1,True,-0.0934509,26062.9,AR_widened_x4,vol_linear_trend,,vol_x_t
emp_5182_state_total,jobs_per_GW,level,union,2019,IV2SLS,16289.8,9416.77,cluster_state,1.72987,0.0900794,-2643.88,35223.5,cluster_t,291,49,49,6,1.26983,0.246592,366.55,26.5174,23.1,True,-0.0939846,26366.9,AR_widened_x4,vol_year_fe,,vol_x_year
emp_5182_state_total,jobs_per_GW,level,union,2016,OLS_FE,7132.11,2051.16,cluster_state,3.47712,0.00108683,3007.98,11256.2,cluster_t,291,49,49,6,1.2077,0.352891,260.275,11.7122,23.1,False,0.0959567,5743.24,weak_iv;AR_widened_x4,share2016,,
emp_5182_state_total,jobs_per_GW,level,union,2019,OLS_FE,8373.27,2440.71,cluster_state,3.43067,0.00126405,3463.2,13283.3,cluster_t,285,48,48,6,1.20811,0.345261,284.012,12.2439,23.1,False,0.100163,6833.98,weak_iv;AR_widened_x4;AR_widened_x16,drop_VA,VA,
emp_5182_state_total,jobs_per_GW,level,union,2019,OLS_FE,5834.13,3003.55,cluster_state,1.94241,0.058093,-208.242,11876.5,cluster_t,285,48,48,6,1.05587,0.273372,241.6,14.9181,23.1,False,0.0400781,8409.95,weak_iv;AR_widened_x4;AR_widened_x16,drop_TX,TX,
emp_5182_state_total,jobs_per_GW,level,union,2019,OLS_FE,4379.61,3357.54,cluster_state,1.30441,0.198726,-2382.82,11142,cluster_t,273,46,46,6,0.877033,0.317439,87.4622,7.63327,23.1,False,0.0339456,9401.1,weak_iv;AR_widened_x4;AR_widened_x16,drop_top3_share,TX;VA;CA,
emp_5182_state_total,jobs_per_GW,level,union,2019,OLS_FE,7147.12,2050,cluster_state,3.4864,0.00105723,3025.32,11268.9,cluster_t,289,49,49,6,1.28985,0.236478,427.039,29.7505,23.1,True,0.0959801,5740.01,AR_widened_x4,drop_partial_years,,
emp_5182_state_total,jobs_per_GW,level,union,2019,OLS_FE,7093.37,2290.8,cluster_state,3.09647,0.00326644,2487.42,11699.3,cluster_t,291,49,49,6,1.29396,0.245645,398.799,27.7475,23.1,True,0.0973889,6414.23,AR_widened_x4,fe_region_year,,region_year
emp_5182_state_total,jobs_per_GW,level,union,2019,OLS_FE,3867.86,3804.61,cluster_state,1.01663,0.314428,-3781.81,11517.5,cluster_t,291,49,49,6,1.32417,0.227131,320.995,33.9888,23.1,True,0.0400373,10652.9,AR_widened_x4,fe_division_year,,division_year
emp_5182_state_total,jobs_per_GW,level,union,2019,OLS_FE,-9122.74,7352.87,cluster_state,-1.2407,0.220745,-23906.7,5661.2,cluster_t,291,49,49,6,1.1309,0.471065,9.09521,5.76352,23.1,False,0.085729,20588,weak_iv;AR_widened_x4;AR_widened_x16,share_linear_trend,,share_x_t
emp_5182_state_total,jobs_per_GW,level,union,2019,OLS_FE,6485.67,2212.4,cluster_state,2.93151,0.00515377,2037.34,10934,cluster_t,291,49,49,6,1.27058,0.243934,374.232,27.1305,23.1,True,0.0748859,6194.72,AR_widened_x4,vol_linear_trend,,vol_x_t
emp_5182_state_total,jobs_per_GW,level,union,2019,OLS_FE,6526.98,2211.9,cluster_state,2.95084,0.00488888,2079.65,10974.3,cluster_t,291,49,49,6,1.26983,0.246592,366.55,26.5174,23.1,True,0.0759592,6193.33,AR_widened_x4,vol_year_fe,,vol_x_year
emp_5182_state_total,jobs_per_GW,level,union,2016,ReducedForm,24961.8,8742.82,cluster_state,2.85512,0.00633624,7383.18,42540.4,cluster_t,291,49,49,6,1.2077,0.352891,260.275,11.7122,23.1,False,0.422651,24479.9,weak_iv;AR_widened_x4,share2016,,
emp_5182_state_total,jobs_per_GW,level,union,2019,ReducedForm,26175,10227.9,cluster_state,2.55919,0.0137704,5599.2,46750.9,cluster_t,285,48,48,6,1.20811,0.345261,284.012,12.2439,23.1,False,0.369823,28638.1,weak_iv;AR_widened_x4;AR_widened_x16,drop_VA,VA,
emp_5182_state_total,jobs_per_GW,level,union,2019,ReducedForm,22815,12577,cluster_state,1.81403,0.0760594,-2486.58,48116.6,cluster_t,285,48,48,6,1.05587,0.273372,241.6,14.9181,23.1,False,0.281046,35215.5,weak_iv;AR_widened_x4;AR_widened_x16,drop_TX,TX,
emp_5182_state_total,jobs_per_GW,level,union,2019,ReducedForm,18631.4,7193.41,cluster_state,2.59006,0.012885,4143.09,33119.6,cluster_t,273,46,46,6,0.877033,0.317439,87.4622,7.63327,23.1,False,0.226459,20141.5,weak_iv;AR_widened_x4;AR_widened_x16,drop_top3_share,TX;VA;CA,
emp_5182_state_total,jobs_per_GW,level,union,2019,ReducedForm,20652.1,8360.99,cluster_state,2.47005,0.0171154,3841.17,37463,cluster_t,289,49,49,6,1.28985,0.236478,427.039,29.7505,23.1,True,0.311179,23410.8,AR_widened_x4,drop_partial_years,,
emp_5182_state_total,jobs_per_GW,level,union,2019,ReducedForm,20347.8,7891.36,cluster_state,2.57849,0.0130459,4481.14,36214.4,cluster_t,291,49,49,6,1.29396,0.245645,398.799,27.7475,23.1,True,0.307965,22095.8,AR_widened_x4,fe_region_year,,region_year
emp_5182_state_total,jobs_per_GW,level,union,2019,ReducedForm,14839.3,5152.71,cluster_state,2.8799,0.00592744,4479.1,25199.5,cluster_t,291,49,49,6,1.32417,0.227131,320.995,33.9888,23.1,True,0.208676,14427.6,AR_widened_x4,fe_division_year,,division_year
emp_5182_state_total,jobs_per_GW,level,union,2019,ReducedForm,-10167.2,12839.5,cluster_state,-0.791872,0.432332,-35982.7,15648.3,cluster_t,291,49,49,6,1.1309,0.471065,9.09521,5.76352,23.1,False,0.00310231,35950.5,weak_iv;AR_widened_x4;AR_widened_x16,share_linear_trend,,share_x_t
emp_5182_state_total,jobs_per_GW,level,union,2019,ReducedForm,20595.6,8828.5,cluster_state,2.33286,0.0238946,2844.74,38346.5,cluster_t,291,49,49,6,1.27058,0.243934,374.232,27.1305,23.1,True,0.28734,24719.8,AR_widened_x4,vol_linear_trend,,vol_x_t
emp_5182_state_total,jobs_per_GW,level,union,2019,ReducedForm,20685.2,8920.04,cluster_state,2.31896,0.0247007,2750.25,38620.2,cluster_t,291,49,49,6,1.26983,0.246592,366.55,26.5174,23.1,True,0.290232,24976.1,AR_widened_x4,vol_year_fe,,vol_x_year
emp_5182_state_total,jobs_per_GW,level,union,2016,Wald,20668.8,12594.2,cluster_state,1.64114,0.107306,-4653.55,45991.2,cluster_t,291,49,49,6,1.2077,0.352891,260.275,11.7122,23.1,False,-0.249718,35263.8,weak_iv;AR_widened_x4;se_is_2SLS_clustered_not_delta,share2016,,
emp_5182_state_total,jobs_per_GW,level,union,2019,Wald,21666,13662.4,cluster_state,1.58582,0.119487,-5819.15,49151.2,cluster_t,285,48,48,6,1.20811,0.345261,284.012,12.2439,23.1,False,-0.152271,38254.7,weak_iv;AR_widened_x4;AR_widened_x16;se_is_2SLS_clustered_not_delta,drop_VA,VA,
emp_5182_state_total,jobs_per_GW,level,union,2019,Wald,21607.7,16689.1,cluster_state,1.29472,0.201741,-11966.4,55181.9,cluster_t,285,48,48,6,1.05587,0.273372,241.6,14.9181,23.1,False,-0.252888,46729.5,weak_iv;AR_widened_x4;AR_widened_x16;se_is_2SLS_clustered_not_delta,drop_TX,TX,
emp_5182_state_total,jobs_per_GW,level,union,2019,Wald,21243.6,11221.2,cluster_state,1.89317,0.0647765,-1357.01,43844.3,cluster_t,273,46,46,6,0.877033,0.317439,87.4622,7.63327,23.1,False,-0.469364,31419.3,weak_iv;AR_widened_x4;AR_widened_x16;se_is_2SLS_clustered_not_delta,drop_top3_share,TX;VA;CA,
emp_5182_state_total,jobs_per_GW,level,union,2019,Wald,16011.3,8690.81,cluster_state,1.84232,0.0716098,-1462.78,33485.3,cluster_t,289,49,49,6,1.28985,0.236478,427.039,29.7505,23.1,True,-0.051656,24334.3,AR_widened_x4;se_is_2SLS_clustered_not_delta,drop_partial_years,,
emp_5182_state_total,jobs_per_GW,level,union,2019,Wald,15725.2,8302.91,cluster_state,1.89394,0.0642676,-968.897,32419.4,cluster_t,291,49,49,6,1.29396,0.245645,398.799,27.7475,23.1,True,-0.0468267,23248.2,AR_widened_x4;se_is_2SLS_clustered_not_delta,fe_region_year,,region_year
emp_5182_state_total,jobs_per_GW,level,union,2019,Wald,11206.5,4948.69,cluster_state,2.26453,0.0280955,1256.47,21156.5,cluster_t,291,49,49,6,1.32417,0.227131,320.995,33.9888,23.1,True,-0.104091,13856.3,AR_widened_x4;se_is_2SLS_clustered_not_delta,fe_division_year,,division_year
emp_5182_state_total,jobs_per_GW,level,union,2019,Wald,-8990.37,12216.4,cluster_state,-0.735928,0.465356,-33553,15572.3,cluster_t,291,49,49,6,1.1309,0.471065,9.09521,5.76352,23.1,False,0.0857109,34205.8,weak_iv;AR_widened_x4;AR_widened_x16;se_is_2SLS_clustered_not_delta,share_linear_trend,,share_x_t
emp_5182_state_total,jobs_per_GW,level,union,2019,Wald,16209.6,9308.16,cluster_state,1.74144,0.0880118,-2505.66,34925,cluster_t,291,49,49,6,1.27058,0.243934,374.232,27.1305,23.1,True,-0.0934509,26062.9,AR_widened_x4;se_is_2SLS_clustered_not_delta,vol_linear_trend,,vol_x_t
emp_5182_state_total,jobs_per_GW,level,union,2019,Wald,16289.8,9416.77,cluster_state,1.72987,0.0900794,-2643.88,35223.5,cluster_t,291,49,49,6,1.26983,0.246592,366.55,26.5174,23.1,True,-0.0939846,26366.9,AR_widened_x4;se_is_2SLS_clustered_not_delta,vol_year_fe,,vol_x_year
emp_5415,jobs_per_GW,level,contig,2019,FirstStage,1.23464,0.233738,cluster_state,5.28214,3.06443e-06,0.764674,1.7046,cluster_t,291,49,49,6,1.23464,0.233738,412.36,27.901,23.1,True,0.636005,0.654466,,leaveout_contig,,
emp_5415,jobs_per_GW,level,contig,2019,IV2SLS,8771.05,5356.47,cluster_state,1.63747,0.108073,-1998.85,19541,cluster_t,291,49,49,6,1.23464,0.233738,412.36,27.901,23.1,True,0.269178,14998.1,,leaveout_contig,,
emp_5415,jobs_per_GW,level,contig,2019,OLS_FE,7548.41,5521.47,cluster_state,1.3671,0.177962,-3553.25,18650.1,cluster_t,291,49,49,6,1.23464,0.233738,412.36,27.901,23.1,True,0.27643,15460.1,,leaveout_contig,,
emp_5415,jobs_per_GW,level,contig,2019,ReducedForm,10829.1,7913.03,cluster_state,1.36851,0.177524,-5081.16,26739.3,cluster_t,291,49,49,6,1.23464,0.233738,412.36,27.901,23.1,True,0.237377,22156.5,,leaveout_contig,,
emp_5415,jobs_per_GW,level,contig,2019,Wald,8771.05,5356.47,cluster_state,1.63747,0.108073,-1998.85,19541,cluster_t,291,49,49,6,1.23464,0.233738,412.36,27.901,23.1,True,0.269178,14998.1,se_is_2SLS_clustered_not_delta,leaveout_contig,,
emp_5415,jobs_per_GW,level,division,2019,FirstStage,1.2402,0.242347,cluster_state,5.11747,5.3972e-06,0.752932,1.72748,cluster_t,291,49,49,6,1.2402,0.242347,412.447,26.1885,23.1,True,0.636053,0.678572,,leaveout_division,,
emp_5415,jobs_per_GW,level,division,2019,IV2SLS,8744.98,5410.84,cluster_state,1.6162,0.112606,-2134.24,19624.2,cluster_t,291,49,49,6,1.2402,0.242347,412.447,26.1885,23.1,True,0.269484,15150.3,,leaveout_division,,
emp_5415,jobs_per_GW,level,division,2019,OLS_FE,7548.41,5521.47,cluster_state,1.3671,0.177962,-3553.25,18650.1,cluster_t,291,49,49,6,1.2402,0.242347,412.447,26.1885,23.1,True,0.27643,15460.1,,leaveout_division,,
emp_5415,jobs_per_GW,level,division,2019,ReducedForm,10845.6,8018.38,cluster_state,1.35259,0.182525,-5276.47,26967.6,cluster_t,291,49,49,6,1.2402,0.242347,412.447,26.1885,23.1,True,0.235986,22451.5,,leaveout_division,,
emp_5415,jobs_per_GW,level,division,2019,Wald,8744.98,5410.84,cluster_state,1.6162,0.112606,-2134.24,19624.2,cluster_t,291,49,49,6,1.2402,0.242347,412.447,26.1885,23.1,True,0.269484,15150.3,se_is_2SLS_clustered_not_delta,leaveout_division,,
emp_5415,jobs_per_GW,level,state,2019,FirstStage,1.10653,0.266322,cluster_state,4.15487,0.000133068,0.571055,1.64201,cluster_t,291,49,49,6,1.10653,0.266322,332.376,17.2629,23.1,False,0.584782,0.745701,weak_iv,leaveout_state,,
emp_5415,jobs_per_GW,level,state,2019,IV2SLS,8608.44,5373.71,cluster_state,1.60196,0.115727,-7500,18050,AR,291,49,49,6,1.10653,0.266322,332.376,17.2629,23.1,False,0.270979,15046.4,weak_iv;AR_is_reported_inference,leaveout_state,,
emp_5415,jobs_per_GW,level,state,2019,OLS_FE,7548.41,5521.47,cluster_state,1.3671,0.177962,-3553.25,18650.1,cluster_t,291,49,49,6,1.10653,0.266322,332.376,17.2629,23.1,False,0.27643,15460.1,weak_iv,leaveout_state,,
emp_5415,jobs_per_GW,level,state,2019,ReducedForm,9525.51,7344.53,cluster_state,1.29695,0.200847,-5241.66,24292.7,cluster_t,291,49,49,6,1.10653,0.266322,332.376,17.2629,23.1,False,0.210241,20564.7,weak_iv,leaveout_state,,
emp_5415,jobs_per_GW,level,state,2019,Wald,8608.44,5373.71,cluster_state,1.60196,0.115727,-2196.12,19413,cluster_t,291,49,49,6,1.10653,0.266322,332.376,17.2629,23.1,False,0.270979,15046.4,weak_iv;se_is_2SLS_clustered_not_delta,leaveout_state,,
emp_5415,jobs_per_GW,level,union,2016,FirstStage,1.2077,0.352891,cluster_state,3.42231,0.00127839,0.498166,1.91724,cluster_t,291,49,49,6,1.2077,0.352891,260.275,11.7122,23.1,False,0.524458,0.988095,weak_iv,share2016,,
emp_5415,jobs_per_GW,level,union,2019,FirstStage,1.20811,0.345261,cluster_state,3.49913,0.00103251,0.513539,1.90269,cluster_t,285,48,48,6,1.20811,0.345261,284.012,12.2439,23.1,False,0.551466,0.966731,weak_iv,drop_VA,VA,
emp_5415,jobs_per_GW,level,union,2019,FirstStage,1.05587,0.273372,cluster_state,3.86239,0.000342509,0.505918,1.60583,cluster_t,285,48,48,6,1.05587,0.273372,241.6,14.9181,23.1,False,0.511215,0.765443,weak_iv,drop_TX,TX,
emp_5415,jobs_per_GW,level,union,2019,FirstStage,0.877033,0.317439,cluster_state,2.76284,0.00827029,0.237678,1.51639,cluster_t,273,46,46,6,0.877033,0.317439,87.4622,7.63327,23.1,False,0.283543,0.88883,weak_iv;AR_widened_x4,drop_top3_share,TX;VA;CA,
emp_5415,jobs_per_GW,level,union,2019,FirstStage,1.28985,0.236478,cluster_state,5.4544,1.68851e-06,0.814375,1.76532,cluster_t,289,49,49,6,1.28985,0.236478,427.039,29.7505,23.1,True,0.646012,0.662138,,drop_partial_years,,
emp_5415,jobs_per_GW,level,union,2019,FirstStage,1.29396,0.245645,cluster_state,5.26759,3.22205e-06,0.800055,1.78786,cluster_t,291,49,49,6,1.29396,0.245645,398.799,27.7475,23.1,True,0.643433,0.687806,,fe_region_year,,region_year
emp_5415,jobs_per_GW,level,union,2019,FirstStage,1.32417,0.227131,cluster_state,5.82999,4.55428e-07,0.867495,1.78085,cluster_t,291,49,49,6,1.32417,0.227131,320.995,33.9888,23.1,True,0.620886,0.635968,AR_widened_x4,fe_division_year,,division_year
emp_5415,jobs_per_GW,level,union,2019,FirstStage,1.1309,0.471065,cluster_state,2.40073,0.0202867,0.183762,2.07804,cluster_t,291,49,49,6,1.1309,0.471065,9.09521,5.76352,23.1,False,0.0372609,1.31898,weak_iv;AR_widened_x4;AR_widened_x16,share_linear_trend,,share_x_t
emp_5415,jobs_per_GW,level,union,2019,FirstStage,1.27058,0.243934,cluster_state,5.20869,3.94637e-06,0.780115,1.76104,cluster_t,291,49,49,6,1.27058,0.243934,374.232,27.1305,23.1,True,0.614268,0.683015,,vol_linear_trend,,vol_x_t
emp_5415,jobs_per_GW,level,union,2019,FirstStage,1.26983,0.246592,cluster_state,5.1495,4.83599e-06,0.774019,1.76563,cluster_t,291,49,49,6,1.26983,0.246592,366.55,26.5174,23.1,True,0.613422,0.690458,,vol_year_fe,,vol_x_year
emp_5415,jobs_per_GW,level,union,2016,IV2SLS,9399.02,5447.26,cluster_state,1.72546,0.0908787,-9750,18950,AR,291,49,49,6,1.2077,0.352891,260.275,11.7122,23.1,False,0.259815,15252.3,weak_iv;AR_is_reported_inference,share2016,,
emp_5415,jobs_per_GW,level,union,2019,IV2SLS,12747.3,4450.42,cluster_state,2.86429,0.00622871,-5175,19400,AR,285,48,48,6,1.20811,0.345261,284.012,12.2439,23.1,False,0.326081,12461.2,weak_iv;AR_is_reported_inference,drop_VA,VA,
emp_5415,jobs_per_GW,level,union,2019,IV2SLS,1924.8,2117.23,cluster_state,0.909112,0.36793,-2800,7150,AR,285,48,48,6,1.05587,0.273372,241.6,14.9181,23.1,False,-0.0439141,5928.25,weak_iv;AR_is_reported_inference,drop_TX,TX,
emp_5415,jobs_per_GW,level,union,2019,IV2SLS,7312.19,5126.27,cluster_state,1.42641,0.16065,800,41800,AR,273,46,46,6,0.877033,0.317439,87.4622,7.63327,23.1,False,-0.378062,14353.6,weak_iv;AR_widened_x4;AR_is_reported_inference,drop_top3_share,TX;VA;CA,
emp_5415,jobs_per_GW,level,union,2019,IV2SLS,8901.17,5422.79,cluster_state,1.64144,0.107244,-2002.08,19804.4,cluster_t,289,49,49,6,1.28985,0.236478,427.039,29.7505,23.1,True,0.26344,15183.8,,drop_partial_years,,
emp_5415,jobs_per_GW,level,union,2019,IV2SLS,8494.62,5440.94,cluster_state,1.56124,0.125037,-2445.12,19434.4,cluster_t,291,49,49,6,1.29396,0.245645,398.799,27.7475,23.1,True,0.272812,15234.6,,fe_region_year,,region_year
emp_5415,jobs_per_GW,level,union,2019,IV2SLS,9085.29,5713.64,cluster_state,1.5901,0.118377,-2402.76,20573.3,cluster_t,291,49,49,6,1.32417,0.227131,320.995,33.9888,23.1,True,0.2601,15998.2,AR_widened_x4,fe_division_year,,division_year
emp_5415,jobs_per_GW,level,union,2019,IV2SLS,-7254.95,6757.44,cluster_state,-1.07362,0.288359,-80800,800,AR,291,49,49,6,1.1309,0.471065,9.09521,5.76352,23.1,False,-0.28486,18920.8,weak_iv;AR_widened_x4;AR_widened_x16;AR_is_reported_inference,share_linear_trend,,share_x_t
emp_5415,jobs_per_GW,level,union,2019,IV2SLS,8698.67,5712.42,cluster_state,1.52277,0.134379,-2786.91,20184.3,cluster_t,291,49,49,6,1.27058,0.243934,374.232,27.1305,23.1,True,0.234,15994.8,,vol_linear_trend,,vol_x_t
emp_5415,jobs_per_GW,level,union,2019,IV2SLS,8769.7,5777.8,cluster_state,1.51783,0.135617,-2847.34,20386.7,cluster_t,291,49,49,6,1.26983,0.246592,366.55,26.5174,23.1,True,0.238885,16177.8,,vol_year_fe,,vol_x_year
emp_5415,jobs_per_GW,level,union,2016,OLS_FE,7548.41,5521.47,cluster_state,1.3671,0.177962,-3553.25,18650.1,cluster_t,291,49,49,6,1.2077,0.352891,260.275,11.7122,23.1,False,0.27643,15460.1,weak_iv,share2016,,
emp_5415,jobs_per_GW,level,union,2019,OLS_FE,9865.05,5722.22,cluster_state,1.72399,0.0912823,-1646.57,21376.7,cluster_t,285,48,48,6,1.20811,0.345261,284.012,12.2439,23.1,False,0.356514,16022.2,weak_iv,drop_VA,VA,
emp_5415,jobs_per_GW,level,union,2019,OLS_FE,-228.026,1016.01,cluster_state,-0.224431,0.823395,-2271.98,1815.93,cluster_t,285,48,48,6,1.05587,0.273372,241.6,14.9181,23.1,False,0.000498257,2844.84,weak_iv,drop_TX,TX,
emp_5415,jobs_per_GW,level,union,2019,OLS_FE,-707.458,1248.4,cluster_state,-0.56669,0.573741,-3221.87,1806.96,cluster_t,273,46,46,6,0.877033,0.317439,87.4622,7.63327,23.1,False,0.00296515,3495.53,weak_iv;AR_widened_x4,drop_top3_share,TX;VA;CA,
emp_5415,jobs_per_GW,level,union,2019,OLS_FE,7476.23,5554.43,cluster_state,1.346,0.184627,-3691.69,18644.2,cluster_t,289,49,49,6,1.28985,0.236478,427.039,29.7505,23.1,True,0.273371,15552.4,,drop_partial_years,,
emp_5415,jobs_per_GW,level,union,2019,OLS_FE,7386.18,5469.81,cluster_state,1.35036,0.183235,-3611.6,18384,cluster_t,291,49,49,6,1.29396,0.245645,398.799,27.7475,23.1,True,0.279098,15315.5,,fe_region_year,,region_year
emp_5415,jobs_per_GW,level,union,2019,OLS_FE,7302.14,5109.68,cluster_state,1.42908,0.159458,-2971.57,17575.8,cluster_t,291,49,49,6,1.32417,0.227131,320.995,33.9888,23.1,True,0.276593,14307.1,AR_widened_x4,fe_division_year,,division_year
emp_5415,jobs_per_GW,level,union,2019,OLS_FE,4429.92,5735.94,cluster_state,0.772309,0.443718,-7102.96,15962.8,cluster_t,291,49,49,6,1.1309,0.471065,9.09521,5.76352,23.1,False,0.047815,16060.6,weak_iv;AR_widened_x4;AR_widened_x16,share_linear_trend,,share_x_t
emp_5415,jobs_per_GW,level,union,2019,OLS_FE,7232.93,5748.62,cluster_state,1.2582,0.214405,-4325.46,18791.3,cluster_t,291,49,49,6,1.27058,0.243934,374.232,27.1305,23.1,True,0.244021,16096.1,,vol_linear_trend,,vol_x_t
emp_5415,jobs_per_GW,level,union,2019,OLS_FE,7284.59,5778.64,cluster_state,1.26061,0.213544,-4334.14,18903.3,cluster_t,291,49,49,6,1.26983,0.246592,366.55,26.5174,23.1,True,0.249245,16180.2,,vol_year_fe,,vol_x_year
emp_5415,jobs_per_GW,level,union,2016,ReducedForm,11351.2,8695.18,cluster_state,1.30546,0.197959,-6131.63,28834,cluster_t,291,49,49,6,1.2077,0.352891,260.275,11.7122,23.1,False,0.224776,24346.5,weak_iv,share2016,,
emp_5415,jobs_per_GW,level,union,2019,ReducedForm,15400.2,9108.06,cluster_state,1.69083,0.0974915,-2922.87,33723.2,cluster_t,285,48,48,6,1.20811,0.345261,284.012,12.2439,23.1,False,0.328272,25502.6,weak_iv,drop_VA,VA,
emp_5415,jobs_per_GW,level,union,2019,ReducedForm,2032.34,2254.41,cluster_state,0.901495,0.371922,-2502.95,6567.64,cluster_t,285,48,48,6,1.05587,0.273372,241.6,14.9181,23.1,False,0.0181493,6312.36,weak_iv,drop_TX,TX,
emp_5415,jobs_per_GW,level,union,2019,ReducedForm,6413.03,2728.23,cluster_state,2.35062,0.0231847,918.097,11908,cluster_t,273,46,46,6,0.877033,0.317439,87.4622,7.63327,23.1,False,0.089817,7639.04,weak_iv;AR_widened_x4,drop_top3_share,TX;VA;CA,
emp_5415,jobs_per_GW,level,union,2019,ReducedForm,11481.1,8250.03,cluster_state,1.39165,0.170445,-5106.65,28068.9,cluster_t,289,49,49,6,1.28985,0.236478,427.039,29.7505,23.1,True,0.250335,23100.1,,drop_partial_years,,
emp_5415,jobs_per_GW,level,union,2019,ReducedForm,10991.7,8186.07,cluster_state,1.34273,0.185675,-5467.52,27450.9,cluster_t,291,49,49,6,1.29396,0.245645,398.799,27.7475,23.1,True,0.237524,22921,,fe_region_year,,region_year
emp_5415,jobs_per_GW,level,union,2019,ReducedForm,12030.5,8048.09,cluster_state,1.49483,0.141505,-4151.27,28212.3,cluster_t,291,49,49,6,1.32417,0.227131,320.995,33.9888,23.1,True,0.265847,22534.6,AR_widened_x4,fe_division_year,,division_year
emp_5415,jobs_per_GW,level,union,2019,ReducedForm,-8204.64,5020.86,cluster_state,-1.63411,0.108778,-18299.7,1890.47,cluster_t,291,49,49,6,1.1309,0.471065,9.09521,5.76352,23.1,False,0.00477854,14058.4,weak_iv;AR_widened_x4;AR_widened_x16,share_linear_trend,,share_x_t
emp_5415,jobs_per_GW,level,union,2019,ReducedForm,11052.3,8538.25,cluster_state,1.29445,0.201703,-6114.96,28219.6,cluster_t,291,49,49,6,1.27058,0.243934,374.232,27.1305,23.1,True,0.216802,23907.1,,vol_linear_trend,,vol_x_t
emp_5415,jobs_per_GW,level,union,2019,ReducedForm,11136,8646.78,cluster_state,1.28788,0.203963,-6249.53,28521.5,cluster_t,291,49,49,6,1.26983,0.246592,366.55,26.5174,23.1,True,0.221587,24211,,vol_year_fe,,vol_x_year
emp_5415,jobs_per_GW,level,union,2016,Wald,9399.02,5447.26,cluster_state,1.72546,0.0908787,-1553.44,20351.5,cluster_t,291,49,49,6,1.2077,0.352891,260.275,11.7122,23.1,False,0.259815,15252.3,weak_iv;se_is_2SLS_clustered_not_delta,share2016,,
emp_5415,jobs_per_GW,level,union,2019,Wald,12747.3,4450.42,cluster_state,2.86429,0.00622871,3794.2,21700.4,cluster_t,285,48,48,6,1.20811,0.345261,284.012,12.2439,23.1,False,0.326081,12461.2,weak_iv;se_is_2SLS_clustered_not_delta,drop_VA,VA,
emp_5415,jobs_per_GW,level,union,2019,Wald,1924.8,2117.23,cluster_state,0.909112,0.36793,-2334.52,6184.12,cluster_t,285,48,48,6,1.05587,0.273372,241.6,14.9181,23.1,False,-0.0439141,5928.25,weak_iv;se_is_2SLS_clustered_not_delta,drop_TX,TX,
emp_5415,jobs_per_GW,level,union,2019,Wald,7312.19,5126.27,cluster_state,1.42641,0.16065,-3012.65,17637,cluster_t,273,46,46,6,0.877033,0.317439,87.4622,7.63327,23.1,False,-0.378062,14353.6,weak_iv;AR_widened_x4;se_is_2SLS_clustered_not_delta,drop_top3_share,TX;VA;CA,
emp_5415,jobs_per_GW,level,union,2019,Wald,8901.17,5422.79,cluster_state,1.64144,0.107244,-2002.08,19804.4,cluster_t,289,49,49,6,1.28985,0.236478,427.039,29.7505,23.1,True,0.26344,15183.8,se_is_2SLS_clustered_not_delta,drop_partial_years,,
emp_5415,jobs_per_GW,level,union,2019,Wald,8494.62,5440.94,cluster_state,1.56124,0.125037,-2445.12,19434.4,cluster_t,291,49,49,6,1.29396,0.245645,398.799,27.7475,23.1,True,0.272812,15234.6,se_is_2SLS_clustered_not_delta,fe_region_year,,region_year
emp_5415,jobs_per_GW,level,union,2019,Wald,9085.29,5713.64,cluster_state,1.5901,0.118377,-2402.76,20573.3,cluster_t,291,49,49,6,1.32417,0.227131,320.995,33.9888,23.1,True,0.2601,15998.2,AR_widened_x4;se_is_2SLS_clustered_not_delta,fe_division_year,,division_year
emp_5415,jobs_per_GW,level,union,2019,Wald,-7254.95,6757.44,cluster_state,-1.07362,0.288359,-20841.7,6331.79,cluster_t,291,49,49,6,1.1309,0.471065,9.09521,5.76352,23.1,False,-0.28486,18920.8,weak_iv;AR_widened_x4;AR_widened_x16;se_is_2SLS_clustered_not_delta,share_linear_trend,,share_x_t
emp_5415,jobs_per_GW,level,union,2019,Wald,8698.67,5712.42,cluster_state,1.52277,0.134379,-2786.91,20184.3,cluster_t,291,49,49,6,1.27058,0.243934,374.232,27.1305,23.1,True,0.234,15994.8,se_is_2SLS_clustered_not_delta,vol_linear_trend,,vol_x_t
emp_5415,jobs_per_GW,level,union,2019,Wald,8769.7,5777.8,cluster_state,1.51783,0.135617,-2847.34,20386.7,cluster_t,291,49,49,6,1.26983,0.246592,366.55,26.5174,23.1,True,0.238885,16177.8,se_is_2SLS_clustered_not_delta,vol_year_fe,,vol_x_year
log_emp_23,log_points_per_GW,log,union,2019,FirstStage,1.29064,0.236263,cluster_state,5.4627,1.6406e-06,0.815596,1.76568,cluster_t,291,49,49,6,1.29064,0.236263,431.042,29.8411,23.1,True,0.646199,0.661537,,log,,
log_emp_23,log_points_per_GW,log,union,2019,IV2SLS,-0.00995818,0.0103089,cluster_state,-0.965978,0.338897,-0.0306856,0.0107693,cluster_t,291,49,49,6,1.29064,0.236263,431.042,29.8411,23.1,True,-0.0030997,0.028865,,log,,
log_emp_23,log_points_per_GW,log,union,2019,OLS_FE,-0.00388865,0.00600407,cluster_state,-0.647669,0.520285,-0.0159607,0.00818335,cluster_t,291,49,49,6,1.29064,0.236263,431.042,29.8411,23.1,True,0.00215827,0.0168114,,log,,
log_emp_23,log_points_per_GW,log,union,2019,ReducedForm,-0.0128524,0.0121706,cluster_state,-1.05602,0.296246,-0.037323,0.0116182,cluster_t,291,49,49,6,1.29064,0.236263,431.042,29.8411,23.1,True,0.00914608,0.0340777,,log,,
log_emp_23,log_points_per_GW,log,union,2019,Wald,-0.00995818,0.0103089,cluster_state,-0.965978,0.338897,-0.0306856,0.0107693,cluster_t,291,49,49,6,1.29064,0.236263,431.042,29.8411,23.1,True,-0.0030997,0.028865,se_is_2SLS_clustered_not_delta,log,,
log_emp_2362,log_points_per_GW,log,union,2019,FirstStage,1.29064,0.236263,cluster_state,5.4627,1.6406e-06,0.815596,1.76568,cluster_t,291,49,49,6,1.29064,0.236263,431.042,29.8411,23.1,True,0.646199,0.661537,,log,,
log_emp_2362,log_points_per_GW,log,union,2019,IV2SLS,0.014407,0.0130765,cluster_state,1.10175,0.276063,-0.0118849,0.040699,cluster_t,291,49,49,6,1.29064,0.236263,431.042,29.8411,23.1,True,-0.00356659,0.0366141,,log,,
log_emp_2362,log_points_per_GW,log,union,2019,OLS_FE,0.00489442,0.0112388,cluster_state,0.435493,0.665156,-0.0177027,0.0274915,cluster_t,291,49,49,6,1.29064,0.236263,431.042,29.8411,23.1,True,0.00128413,0.0314686,,log,,
log_emp_2362,log_points_per_GW,log,union,2019,ReducedForm,0.0185942,0.0170935,cluster_state,1.0878,0.282116,-0.0157745,0.0529629,cluster_t,291,49,49,6,1.29064,0.236263,431.042,29.8411,23.1,True,0.00718987,0.0478617,,log,,
log_emp_2362,log_points_per_GW,log,union,2019,Wald,0.014407,0.0130765,cluster_state,1.10175,0.276063,-0.0118849,0.040699,cluster_t,291,49,49,6,1.29064,0.236263,431.042,29.8411,23.1,True,-0.00356659,0.0366141,se_is_2SLS_clustered_not_delta,log,,
log_emp_51,log_points_per_GW,log,union,2019,FirstStage,1.29064,0.236263,cluster_state,5.4627,1.6406e-06,0.815596,1.76568,cluster_t,291,49,49,6,1.29064,0.236263,431.042,29.8411,23.1,True,0.646199,0.661537,,log,,
log_emp_51,log_points_per_GW,log,union,2019,IV2SLS,0.0195774,0.011234,cluster_state,1.7427,0.0877906,-0.00301001,0.0421648,cluster_t,291,49,49,6,1.29064,0.236263,431.042,29.8411,23.1,True,0.0106498,0.0314551,,log,,
log_emp_51,log_points_per_GW,log,union,2019,OLS_FE,0.0130893,0.00732536,cluster_state,1.78684,0.0802785,-0.00163934,0.0278179,cluster_t,291,49,49,6,1.29064,0.236263,431.042,29.8411,23.1,True,0.0141188,0.020511,,log,,
log_emp_51,log_points_per_GW,log,union,2019,ReducedForm,0.0252673,0.0146218,cluster_state,1.72806,0.0904073,-0.0041318,0.0546663,cluster_t,291,49,49,6,1.29064,0.236263,431.042,29.8411,23.1,True,0.0204099,0.040941,,log,,
log_emp_51,log_points_per_GW,log,union,2019,Wald,0.0195774,0.011234,cluster_state,1.7427,0.0877906,-0.00301001,0.0421648,cluster_t,291,49,49,6,1.29064,0.236263,431.042,29.8411,23.1,True,0.0106498,0.0314551,se_is_2SLS_clustered_not_delta,log,,
log_emp_517,log_points_per_GW,log,union,2019,FirstStage,1.29064,0.236263,cluster_state,5.4627,1.6406e-06,0.815596,1.76568,cluster_t,291,49,49,6,1.29064,0.236263,431.042,29.8411,23.1,True,0.646199,0.661537,,log,,
log_emp_517,log_points_per_GW,log,union,2019,IV2SLS,-0.0130263,0.0262345,cluster_state,-0.496532,0.621786,-0.0657743,0.0397217,cluster_t,291,49,49,6,1.29064,0.236263,431.042,29.8411,23.1,True,-0.0122313,0.0734566,,log,,
log_emp_517,log_points_per_GW,log,union,2019,OLS_FE,0.00277103,0.0179161,cluster_state,0.154667,0.877733,-0.0332518,0.0387938,cluster_t,291,49,49,6,1.29064,0.236263,431.042,29.8411,23.1,True,0.000388294,0.0501652,,log,,
log_emp_517,log_points_per_GW,log,union,2019,ReducedForm,-0.0168122,0.0316364,cluster_state,-0.531418,0.59758,-0.0804215,0.0467972,cluster_t,291,49,49,6,1.29064,0.236263,431.042,29.8411,23.1,True,0.00554478,0.0885821,,log,,
log_emp_517,log_points_per_GW,log,union,2019,Wald,-0.0130263,0.0262345,cluster_state,-0.496532,0.621786,-0.0657743,0.0397217,cluster_t,291,49,49,6,1.29064,0.236263,431.042,29.8411,23.1,True,-0.0122313,0.0734566,se_is_2SLS_clustered_not_delta,log,,
log_emp_5182,log_points_per_GW,log,union,2019,FirstStage,1.29064,0.236263,cluster_state,5.4627,1.6406e-06,0.815596,1.76568,cluster_t,291,49,49,6,1.29064,0.236263,431.042,29.8411,23.1,True,0.646199,0.661537,,log,,
log_emp_5182,log_points_per_GW,log,union,2019,IV2SLS,-0.00483435,0.0304127,cluster_state,-0.158958,0.874369,-0.0659831,0.0563144,cluster_t,291,49,49,6,1.29064,0.236263,431.042,29.8411,23.1,True,0.00153579,0.0851554,,log,,
log_emp_5182,log_points_per_GW,log,union,2019,OLS_FE,-0.0194258,0.0227215,cluster_state,-0.85495,0.396826,-0.0651105,0.026259,cluster_t,291,49,49,6,1.29064,0.236263,431.042,29.8411,23.1,True,0.00352413,0.0636203,,log,,
log_emp_5182,log_points_per_GW,log,union,2019,ReducedForm,-0.00623938,0.0393837,cluster_state,-0.158426,0.874786,-0.0854255,0.0729468,cluster_t,291,49,49,6,1.29064,0.236263,431.042,29.8411,23.1,True,0.000141038,0.110274,,log,,
log_emp_5182,log_points_per_GW,log,union,2019,Wald,-0.00483435,0.0304127,cluster_state,-0.158958,0.874369,-0.0659831,0.0563144,cluster_t,291,49,49,6,1.29064,0.236263,431.042,29.8411,23.1,True,0.00153579,0.0851554,se_is_2SLS_clustered_not_delta,log,,
log_emp_5182_cleaned,log_points_per_GW,log,union,2019,FirstStage,1.29064,0.236263,cluster_state,5.4627,1.6406e-06,0.815596,1.76568,cluster_t,291,49,49,6,1.29064,0.236263,431.042,29.8411,23.1,True,0.646199,0.661537,,log,,
log_emp_5182_cleaned,log_points_per_GW,log,union,2019,IV2SLS,-0.00483435,0.0304127,cluster_state,-0.158958,0.874369,-0.0659831,0.0563144,cluster_t,291,49,49,6,1.29064,0.236263,431.042,29.8411,23.1,True,0.00153579,0.0851554,,log,,
log_emp_5182_cleaned,log_points_per_GW,log,union,2019,OLS_FE,-0.0194258,0.0227215,cluster_state,-0.85495,0.396826,-0.0651105,0.026259,cluster_t,291,49,49,6,1.29064,0.236263,431.042,29.8411,23.1,True,0.00352413,0.0636203,,log,,
log_emp_5182_cleaned,log_points_per_GW,log,union,2019,ReducedForm,-0.00623938,0.0393837,cluster_state,-0.158426,0.874786,-0.0854255,0.0729468,cluster_t,291,49,49,6,1.29064,0.236263,431.042,29.8411,23.1,True,0.000141038,0.110274,,log,,
log_emp_5182_cleaned,log_points_per_GW,log,union,2019,Wald,-0.00483435,0.0304127,cluster_state,-0.158958,0.874369,-0.0659831,0.0563144,cluster_t,291,49,49,6,1.29064,0.236263,431.042,29.8411,23.1,True,0.00153579,0.0851554,se_is_2SLS_clustered_not_delta,log,,
log_emp_5182_cleaned_mult,log_points_per_GW,log,union,2019,FirstStage,1.29064,0.236263,cluster_state,5.4627,1.6406e-06,0.815596,1.76568,cluster_t,291,49,49,6,1.29064,0.236263,431.042,29.8411,23.1,True,0.646199,0.661537,,log,,
log_emp_5182_cleaned_mult,log_points_per_GW,log,union,2019,IV2SLS,-0.00483435,0.0304127,cluster_state,-0.158958,0.874369,-0.0659831,0.0563144,cluster_t,291,49,49,6,1.29064,0.236263,431.042,29.8411,23.1,True,0.00153579,0.0851554,,log,,
log_emp_5182_cleaned_mult,log_points_per_GW,log,union,2019,OLS_FE,-0.0194258,0.0227215,cluster_state,-0.85495,0.396826,-0.0651105,0.026259,cluster_t,291,49,49,6,1.29064,0.236263,431.042,29.8411,23.1,True,0.00352413,0.0636203,,log,,
log_emp_5182_cleaned_mult,log_points_per_GW,log,union,2019,ReducedForm,-0.00623938,0.0393837,cluster_state,-0.158426,0.874786,-0.0854255,0.0729468,cluster_t,291,49,49,6,1.29064,0.236263,431.042,29.8411,23.1,True,0.000141038,0.110274,,log,,
log_emp_5182_cleaned_mult,log_points_per_GW,log,union,2019,Wald,-0.00483435,0.0304127,cluster_state,-0.158958,0.874369,-0.0659831,0.0563144,cluster_t,291,49,49,6,1.29064,0.236263,431.042,29.8411,23.1,True,0.00153579,0.0851554,se_is_2SLS_clustered_not_delta,log,,
log_emp_5415,log_points_per_GW,log,union,2019,FirstStage,1.29064,0.236263,cluster_state,5.4627,1.6406e-06,0.815596,1.76568,cluster_t,291,49,49,6,1.29064,0.236263,431.042,29.8411,23.1,True,0.646199,0.661537,,log,,
log_emp_5415,log_points_per_GW,log,union,2019,IV2SLS,-0.00651685,0.0318031,cluster_state,-0.204912,0.838507,-0.0704614,0.0574276,cluster_t,291,49,49,6,1.29064,0.236263,431.042,29.8411,23.1,True,0.00312831,0.0890488,,log,,
log_emp_5415,log_points_per_GW,log,union,2019,OLS_FE,-0.00883579,0.0284508,cluster_state,-0.310564,0.757476,-0.0660399,0.0483683,cluster_t,291,49,49,6,1.29064,0.236263,431.042,29.8411,23.1,True,0.00335973,0.0796621,,log,,
log_emp_5415,log_points_per_GW,log,union,2019,ReducedForm,-0.00841088,0.0400755,cluster_state,-0.209876,0.834653,-0.0889881,0.0721664,cluster_t,291,49,49,6,1.29064,0.236263,431.042,29.8411,23.1,True,0.00118102,0.112211,,log,,
log_emp_5415,log_points_per_GW,log,union,2019,Wald,-0.00651685,0.0318031,cluster_state,-0.204912,0.838507,-0.0704614,0.0574276,cluster_t,291,49,49,6,1.29064,0.236263,431.042,29.8411,23.1,True,0.00312831,0.0890488,se_is_2SLS_clustered_not_delta,log,,
